# Honda B16 Engine FWD Low-Poly (From user tinker.obj)
# Vertices: 11071, Faces: 32518
v -25.2861 -7.5758 -56.4456
v -22.5260 -7.5836 -56.0060
v -19.3437 -7.5930 -56.1494
v -15.2002 -7.5760 -56.2917
v -13.7908 -7.5761 -56.5274
v 23.4973 -6.6307 -56.4978
v 25.2078 -6.0257 -56.4934
v -25.2861 -4.7690 -56.4456
v -22.8885 -4.7688 -55.9918
v -19.3437 -4.7688 -56.1494
v -15.2002 -4.7688 -56.2917
v -13.7908 -4.7688 -56.5274
v 6.6877 -2.2513 -55.8935
v 23.0082 -3.5480 -56.7668
v 25.2426 -4.9139 -57.3789
v 27.6558 -3.5839 -56.5791
v 6.2426 -1.6584 -56.1236
v 9.0610 -1.9391 -56.0896
v 19.9656 0.0326 -57.3937
v 21.2943 0.1479 -58.7440
v 25.2053 -2.0077 -57.1297
v 29.3623 0.1793 -58.6340
v 30.6155 -0.0365 -57.0218
v 38.5232 -1.7118 -56.1014
v 20.0718 2.1684 -57.3016
v 21.3188 2.0132 -58.5355
v 29.2908 2.0580 -58.3702
v 30.5958 2.0810 -56.9423
v 21.4791 4.5368 -56.2306
v 28.9469 4.5326 -56.2306
v 26.3778 7.8861 -56.2306
v -18.4844 23.5310 -56.0471
v -21.4434 26.4618 -56.0019
v -20.0139 24.8297 -56.2004
v 6.3152 25.9587 -56.1017
v 38.5231 25.9508 -56.1014
v -15.8125 31.8222 -55.8675
v -21.8674 34.6674 -56.3229
v -18.7366 34.8541 -56.2677
v -16.8487 34.6703 -56.1341
v -21.2574 37.4859 -56.0558
v -19.0955 37.4859 -56.0670
v -25.0100 -7.5803 -54.5540
v -23.3756 -7.5885 -55.0474
v -19.4017 -7.6099 -55.5590
v -15.7786 -7.5853 -54.5947
v -14.2362 -7.5761 -55.2411
v 20.5379 -5.5609 -52.8907
v 22.1602 -5.8097 -53.7247
v 25.3211 -6.0791 -54.2778
v 28.7440 -5.7738 -53.5240
v -25.0634 -4.7691 -54.6137
v -23.6560 -4.7689 -55.1756
v -15.6338 -4.7691 -54.6991
v -14.2362 -4.7688 -55.2411
v 6.2229 -3.1393 -54.1671
v 9.1823 -3.4501 -54.0214
v 20.0108 -3.9879 -53.7514
v 22.7210 -4.5984 -54.8270
v 25.6741 -4.2657 -55.0107
v 28.3699 -4.5754 -54.6085
v 30.5094 -3.7714 -53.7631
v 38.8919 -2.9599 -54.4566
v 40.3022 -2.6594 -53.3873
v 5.8980 -1.1033 -54.2436
v 8.7527 -1.4944 -53.1565
v 11.3854 1.0034 -52.7319
v 37.9744 -1.1179 -54.0725
v 40.4233 -1.7148 -54.0021
v 6.3907 3.2974 -53.0764
v 9.2100 2.1943 -53.1689
v 12.5987 2.1662 -53.1975
v 15.6115 3.1674 -53.0854
v 17.5193 4.0418 -52.7582
v -56.5308 7.2267 -52.9837
v -55.5499 7.2435 -52.8766
v 3.9280 6.0821 -52.9988
v 5.4660 5.6670 -53.3660
v 16.6365 5.5175 -53.3679
v 18.3702 6.3746 -52.9967
v 30.8423 7.5141 -52.7751
v 3.5754 9.2593 -53.1194
v 4.8322 9.3011 -53.4121
v 17.3784 9.3011 -53.4121
v 18.4226 9.2469 -53.2223
v 30.8496 9.3002 -53.2232
v 33.7149 9.3011 -52.8461
v -56.5308 12.1195 -53.4121
v -55.0624 12.1195 -53.1443
v 3.8843 12.4510 -52.9849
v 5.3887 12.8747 -53.3638
v 16.7198 13.0223 -53.3654
v 18.3420 12.2666 -53.0048
v 30.8423 11.0880 -52.7751
v -56.5308 17.0124 -52.9837
v -55.5499 16.9956 -52.8766
v 6.4101 15.2742 -53.0858
v 9.1709 16.3458 -53.1924
v 12.6124 16.3817 -53.2200
v 15.5987 15.4013 -53.0943
v 17.5193 14.5603 -52.7582
v 10.0287 17.5311 -52.7319
v 11.7634 17.5547 -52.7424
v -22.3771 23.5673 -54.9921
v -19.5684 23.3935 -55.5646
v -15.9755 23.3935 -54.3011
v -24.2871 26.9134 -53.1356
v -23.4612 25.4548 -54.1978
v -15.6599 25.7426 -54.8464
v 6.0385 25.6713 -54.3878
v 8.4134 26.4655 -54.0616
v 38.1713 25.6758 -54.2928
v 40.3983 26.2108 -53.8483
v -24.5032 27.4685 -52.7249
v -23.1734 28.9102 -55.1110
v -15.4781 28.8869 -55.1046
v 6.0853 27.6619 -53.6922
v 9.4627 27.8292 -53.7483
v 38.8743 27.7258 -53.4384
v 40.1433 27.3393 -52.9273
v -24.7335 31.8535 -53.4246
v -15.4057 31.8119 -54.9975
v -14.3600 33.0412 -54.5586
v -24.7715 35.4545 -53.5695
v -22.8517 34.8667 -55.0636
v -19.5771 35.4182 -55.5897
v -15.8343 34.6674 -54.5733
v -13.7716 34.6674 -53.9610
v -24.7061 37.7358 -53.2363
v -22.8528 37.7358 -54.8153
v -19.7820 38.0652 -55.5510
v -16.7109 38.2516 -54.8804
v -13.7574 39.6308 -53.3106
v -19.5999 42.0006 -54.5089
v -21.8916 44.7914 -52.8878
v -19.2238 44.7668 -53.4408
v -16.5268 44.6253 -53.0907
v -25.2263 -7.5991 -50.9458
v -14.9251 -7.6099 -51.0824
v -14.3390 -7.5930 -50.8660
v 20.3869 -5.5962 -51.8256
v 21.3187 -5.8558 -51.2330
v 29.2170 -5.8172 -51.3090
v -25.4419 -4.7688 -50.8660
v -14.3390 -4.7688 -50.8660
v 4.4718 -2.3341 -50.1528
v 5.7571 -3.3194 -51.0811
v 9.5696 -3.2778 -51.2901
v 12.0596 -4.0349 -50.6737
v 19.9467 -4.6642 -51.4164
v 21.1459 -4.6673 -49.7333
v 29.8193 -4.8083 -50.2833
v 30.6411 -4.5505 -51.8018
v 38.2738 -3.2926 -50.8058
v 40.8180 -3.0575 -50.8303
v -56.5308 -1.9729 -49.6353
v -55.5499 -1.9165 -49.5451
v 4.6306 -2.0725 -51.4151
v 5.0409 -2.0279 -51.9913
v 9.7652 0.3382 -52.4672
v 11.9387 0.9264 -52.4369
v 39.2890 -1.3662 -51.0415
v 40.9898 -1.2532 -50.6161
v -56.5308 2.4803 -51.7097
v -54.5785 2.6495 -51.2437
v -52.6751 3.0610 -50.1145
v 4.5853 3.9431 -52.4369
v 6.1136 2.5607 -52.4369
v 8.2733 1.3614 -52.4369
v 13.5622 1.2233 -52.4369
v 15.7583 2.3484 -52.4369
v 17.6405 3.9431 -52.4369
v -56.5308 7.6150 -50.1934
v -54.0928 7.3450 -52.2988
v -52.6751 7.5198 -51.3095
v 3.4485 5.9289 -52.4275
v 19.0157 6.4472 -51.6845
v 31.1865 6.7207 -51.0997
v 35.1794 6.9064 -50.7311
v 38.2324 7.3055 -49.5282
v -56.5308 7.7120 -50.2193
v -55.4372 7.7537 -49.9848
v -51.7675 7.6832 -50.3850
v 2.7186 9.0659 -52.4490
v 36.3868 9.3011 -51.7390
v 38.6833 9.3011 -49.9758
v -56.5308 12.0697 -50.5984
v -54.7086 12.1195 -50.7317
v -51.7788 12.1195 -50.7063
v 3.3880 12.5006 -52.4369
v 19.0154 12.1539 -51.6853
v 31.1865 11.8810 -51.1015
v 35.1794 11.6957 -50.7311
v 38.2324 11.2966 -49.5282
v -56.5308 16.4772 -50.2238
v -54.7650 16.6898 -51.1418
v -52.2213 16.6376 -50.8473
v 4.5853 14.6590 -52.4369
v 6.1136 16.0415 -52.4369
v 8.2733 17.2407 -52.4369
v 13.5622 17.3788 -52.4369
v 15.7583 16.2537 -52.4369
v 17.6405 14.6590 -52.4369
v -11.4114 20.1118 -49.5902
v -9.7665 20.1116 -49.5933
v 9.8742 17.6424 -52.4369
v 11.9387 17.6757 -52.4369
v -56.5308 21.7588 -51.7097
v -54.5785 21.5896 -51.2437
v -52.6751 21.1781 -50.1145
v -14.8742 23.3935 -51.1811
v -12.9117 22.2302 -50.8338
v -9.7677 20.9057 -49.7844
v -56.5308 26.2120 -49.6353
v -55.5499 26.1556 -49.5451
v -14.2869 25.0670 -50.3446
v 4.5127 26.5079 -50.4703
v 5.8297 26.6230 -51.4325
v 9.4810 26.8582 -51.4297
v 11.3682 27.0548 -50.1796
v 38.5649 26.1245 -50.9256
v 41.0667 26.1080 -50.7822
v -24.8840 29.3530 -51.1271
v 5.5647 28.1939 -51.1516
v 9.5895 28.4860 -51.1205
v 12.2614 28.5638 -50.8014
v 38.9419 28.4005 -50.8303
v 40.4770 27.7463 -50.6793
v -25.1554 32.5185 -51.2811
v -25.3647 34.7140 -51.2214
v -14.9129 34.6674 -51.1360
v -12.9336 34.6674 -50.9443
v -25.2844 37.5943 -50.8478
v -14.9251 37.4972 -51.0824
v -12.8048 39.0925 -50.9487
v -13.3854 43.5344 -49.8833
v -24.3042 44.0474 -49.9341
v -22.8622 46.0959 -50.3991
v -18.2352 46.1147 -52.4755
v -15.8475 46.0509 -51.5073
v -14.1220 45.4228 -50.1407
v -21.7855 47.5627 -50.2238
v -20.0378 48.7718 -50.2714
v -16.0771 47.5705 -50.9572
v -14.3639 47.2268 -49.6742
v -56.5308 -5.9977 -46.8168
v -55.0624 -5.8258 -46.6139
v -24.8049 -7.5839 -47.2658
v -23.6998 -7.5899 -46.5690
v -15.4901 -7.5876 -47.0068
v -14.4564 -7.5810 -47.0906
v -24.8296 -4.7690 -46.9716
v -23.8291 -4.7688 -46.3673
v -15.3807 -4.7690 -46.7578
v -14.4498 -4.7688 -46.7792
v 4.5190 -2.7689 -47.7459
v 5.5141 -3.9477 -47.8990
v 9.1770 -3.7229 -47.8707
v 12.8582 -3.7295 -48.0026
v 14.8778 -4.7525 -46.6999
v 20.6055 -4.6279 -48.4403
v 21.8231 -4.5090 -49.3969
v 28.6252 -4.5084 -49.4011
v 38.3795 -3.4337 -47.7667
v 40.9752 -3.4620 -47.5806
v -56.5308 -0.6092 -47.1753
v -54.6819 -0.8590 -47.7041
v -51.7788 -0.6200 -47.2922
v 39.7346 -1.9729 -47.8597
v 40.8310 -1.1894 -47.7667
v -56.9066 3.5985 -48.1259
v -54.5381 3.8332 -47.7873
v -50.9088 3.7918 -48.1058
v -57.8109 6.0728 -46.6417
v -55.2586 6.0622 -46.6392
v 19.2835 7.1727 -48.8035
v 31.1666 7.1107 -48.8177
v 35.1170 6.9148 -47.7065
v 38.0557 6.6404 -47.6727
v 39.8953 7.3055 -47.3636
v -57.9140 9.6306 -46.8020
v -55.1148 9.6029 -46.8431
v -51.0873 8.0985 -48.0344
v -49.2816 8.3710 -46.4899
v 19.5070 9.3010 -47.9538
v 31.1183 9.3024 -47.9275
v 34.1407 9.3011 -46.9585
v 40.4432 9.3011 -47.6827
v -57.9584 12.6093 -46.7919
v -55.0820 12.6129 -46.8167
v -51.1841 12.1195 -47.7610
v -49.2816 12.1195 -46.8168
v 19.2835 11.4294 -48.8035
v 31.1667 11.4928 -48.8197
v 35.1170 11.6874 -47.7065
v 38.0557 11.9617 -47.6727
v 39.8953 11.2966 -47.3636
v -57.8933 15.4772 -46.8048
v -55.1361 15.4760 -46.8428
v -51.0873 16.1406 -48.0344
v -49.2816 15.8681 -46.4899
v -57.7801 18.5748 -46.6216
v -55.1543 18.6956 -46.7052
v -50.4795 20.2425 -47.5440
v -11.4797 20.3768 -48.3457
v -9.6958 20.3718 -48.3739
v -56.5308 20.7999 -49.0750
v -55.8036 20.7666 -48.9871
v -51.7675 20.8569 -49.2295
v -15.5193 23.6378 -48.0653
v -11.4972 21.2564 -47.6948
v -9.6839 21.2526 -47.7250
v -56.5308 24.7619 -47.2252
v -54.6819 25.0981 -47.7041
v -51.7788 24.8591 -47.2922
v -16.2444 25.8803 -47.0792
v -14.4747 26.4482 -49.0419
v 4.5303 27.0594 -47.4452
v 6.1871 27.2139 -48.6918
v 12.4293 27.2667 -48.8421
v 38.6695 26.8264 -48.0826
v 41.0466 25.7960 -47.7201
v -56.5308 30.2368 -46.8168
v -55.0624 30.0649 -46.6139
v -15.4990 29.1790 -47.1409
v 5.3993 28.4478 -47.7644
v 9.3481 28.0553 -48.0648
v 12.9127 28.1295 -47.8981
v 14.8572 28.9896 -46.7407
v 38.3263 28.3822 -47.4012
v 40.6161 28.1018 -47.5806
v -24.5336 31.3131 -48.5863
v -23.3343 31.7274 -46.9263
v -16.3175 30.7906 -46.2357
v -24.9925 34.9583 -48.4325
v -23.4167 34.6618 -46.9931
v -15.9691 34.6674 -47.0115
v -13.7869 34.6674 -48.2116
v -24.8365 37.6176 -48.2383
v -23.5686 37.5487 -46.7423
v -15.9065 37.4972 -47.6398
v -13.5470 38.2638 -47.9367
v -24.4705 43.2159 -48.1556
v -23.9773 42.2548 -46.5068
v -13.4642 42.8506 -47.4076
v -23.6602 45.3948 -48.0440
v -13.3040 45.4753 -48.1882
v -19.5742 49.9439 -49.0684
v -12.9833 48.9365 -47.3617
v -22.1706 51.2909 -46.4673
v -19.0349 51.7030 -46.8718
v -15.7398 51.5427 -47.4613
v 19.5683 -38.5287 -43.2073
v 47.7532 -38.5287 -43.2073
v 19.5683 -36.8066 -43.4070
v 47.7532 -36.8066 -43.4070
v 19.6684 -33.1284 -43.4917
v 25.6821 -33.3347 -43.5735
v 36.0009 -33.3350 -43.5734
v 37.9223 -33.9853 -43.2937
v 42.3295 -33.1347 -43.6605
v 43.9316 -33.9914 -43.2447
v 19.3466 -30.1760 -43.5926
v 22.2974 -30.2209 -43.1277
v 25.7792 -30.2678 -43.6085
v 28.5029 -30.2974 -43.1082
v 31.8279 -30.6087 -43.0634
v 35.3348 -30.1686 -43.5561
v 38.7149 -30.2574 -43.1141
v 42.0993 -30.3298 -43.4831
v 44.6042 -30.0933 -43.5988
v 46.8368 -29.6357 -43.4319
v 17.1726 -27.3393 -43.0344
v 19.3990 -27.1732 -43.5185
v 22.1676 -27.1163 -43.3210
v 25.4837 -27.1222 -43.5040
v 28.7111 -27.1234 -43.3148
v 31.8148 -27.3570 -43.3055
v 34.3305 -27.2322 -43.3856
v 38.3965 -27.1361 -43.3195
v 41.6936 -27.1342 -43.4806
v 44.6661 -26.9536 -43.5031
v 46.8417 -25.9188 -43.5985
v 19.3814 -23.8335 -43.4805
v 22.2883 -24.1144 -43.0772
v 25.6223 -23.6538 -43.4519
v 28.4979 -24.0804 -43.0696
v 31.8279 -24.0698 -43.0634
v 35.4105 -23.6773 -43.4425
v 38.4882 -24.0822 -43.0637
v 41.9701 -23.7062 -43.3905
v 44.6751 -24.0046 -43.4227
v 46.8017 -24.1073 -43.3005
v 19.7957 -19.7650 -43.2186
v 25.8463 -20.8057 -43.3437
v 35.8390 -20.8057 -43.3437
v 38.8051 -20.6989 -43.2937
v 42.4306 -20.8642 -43.3723
v 43.9761 -20.6869 -43.2437
v 47.7532 -18.7992 -43.2073
v 19.5683 -17.0772 -43.4070
v 47.7532 -17.0771 -43.4070
v -56.5308 -9.4701 -43.3444
v -55.0624 -9.2672 -43.1725
v -25.3879 -7.5760 -45.0342
v -22.9028 -7.5846 -45.5640
v -19.3675 -7.5999 -45.2806
v -15.8659 -7.5796 -45.3198
v -13.9468 -7.5759 -45.1542
v -56.5308 -4.1927 -44.6674
v -54.4958 -4.0620 -44.5124
v -51.7788 -4.2577 -44.7443
v -44.2929 -2.5592 -43.7278
v -42.3799 -2.5782 -44.1505
v -25.3879 -4.7691 -45.0342
v -23.2033 -4.7689 -45.5471
v -19.3437 -4.7688 -45.0378
v -15.6967 -4.7690 -45.2685
v -13.9468 -4.7689 -45.1542
v -5.4711 -2.6973 -44.0660
v 5.4361 -3.7797 -44.7159
v 9.4393 -3.7284 -44.7435
v 14.8802 -3.7276 -44.7798
v 38.3872 -3.3776 -44.5440
v 41.0640 -3.5269 -44.9566
v -57.8693 0.2172 -43.5922
v -55.1517 0.2173 -43.6497
v -50.0652 0.5750 -45.2216
v -44.7467 -1.7818 -44.1336
v -41.9674 -1.0628 -43.7758
v -5.7423 -1.0297 -43.7803
v -2.3575 -1.0873 -44.3929
v -1.2791 -1.3607 -44.3929
v 9.9787 0.7560 -45.0806
v 11.8284 0.9306 -45.2561
v 38.1637 -1.2169 -44.3929
v 40.6943 -1.2983 -44.5268
v -57.9510 2.8628 -44.7071
v -55.1091 2.8465 -44.6967
v -51.9902 1.4262 -43.7475
v -49.2816 1.3248 -43.9251
v 4.5768 3.9361 -45.1610
v 6.3015 3.0630 -45.2511
v 9.0426 2.0440 -45.1929
v 12.6847 2.0811 -45.1703
v 15.6664 2.8712 -45.2396
v 17.6057 3.9713 -45.3108
v -58.0496 5.9184 -45.4714
v -55.0197 5.9194 -45.4697
v -51.6905 5.0264 -44.7142
v -48.9209 5.0198 -44.7340
v 3.6850 6.0506 -45.2563
v 5.4659 5.6670 -45.0027
v 16.6365 5.5175 -45.0008
v 18.4209 5.9968 -45.2802
v 36.4398 7.3055 -45.3681
v 38.5543 6.5451 -44.4599
v 40.6563 7.0829 -44.7678
v -58.1113 8.4742 -45.8124
v -54.9379 8.4863 -45.8020
v -51.3842 8.6274 -45.0384
v -48.2275 8.8163 -43.9617
v 3.3556 9.2381 -45.2404
v 4.8322 9.3011 -44.9566
v 17.3784 9.3011 -44.9566
v 18.7525 9.2313 -45.3426
v 35.7388 9.3011 -44.9648
v 36.6540 9.3011 -43.6939
v 41.5525 9.3011 -45.0085
v -58.5751 13.0868 -44.9092
v -54.4864 13.0868 -44.9092
v -51.1043 12.1195 -44.6203
v -48.2275 12.1195 -44.2520
v 3.6477 12.4765 -45.2802
v 5.3887 12.8746 -45.0049
v 16.7198 13.0223 -45.0033
v 18.4629 12.5293 -45.3024
v 36.4398 11.2966 -45.3681
v 38.5543 12.0528 -44.4599
v 40.6563 11.5192 -44.7678
v -58.0481 16.3140 -45.8723
v -55.0153 16.3180 -45.8743
v -51.3842 15.6117 -45.0384
v -48.2275 15.4228 -43.9617
v 4.5768 14.6661 -45.1610
v 6.3166 15.5133 -45.2454
v 9.0030 16.5147 -45.1735
v 12.7012 16.4758 -45.1499
v 15.6571 15.7042 -45.2346
v 17.6057 14.6308 -45.3108
v -58.0138 19.4063 -45.2244
v -55.0407 19.4138 -45.2312
v -51.6905 19.2126 -44.7142
v -48.9209 19.2193 -44.7340
v 9.9158 17.6217 -45.2907
v 11.8875 17.6493 -45.2978
v -57.9381 22.3928 -44.2695
v -55.1177 22.3790 -44.2807
v -51.3485 23.0967 -44.2388
v -49.2816 22.9143 -43.9251
v -11.5578 21.8018 -44.2998
v -9.6170 21.7852 -44.3148
v -57.8151 24.7801 -43.5409
v -55.2019 24.7898 -43.5987
v -44.6170 26.2430 -44.0177
v -42.0442 25.5836 -43.8455
v -17.4776 27.1573 -46.1170
v -5.6815 25.6422 -43.8423
v -2.3574 25.3259 -44.3929
v -1.2792 25.5999 -44.3929
v 4.6969 27.2706 -45.8755
v 38.1912 25.5014 -44.3943
v 40.8532 25.7373 -44.5882
v -56.5308 28.3907 -44.6962
v -54.4958 28.3010 -44.5124
v -51.7788 28.4968 -44.7443
v -19.1155 29.0956 -45.6349
v 5.5945 28.0832 -44.5493
v 9.4377 27.8955 -44.6226
v 15.0534 28.0862 -44.6450
v 37.9111 28.0233 -44.6128
v 40.6929 28.1807 -44.9566
v -56.5308 33.7092 -43.3444
v -55.0624 33.5062 -43.1725
v -21.6558 31.2112 -45.8411
v -18.9180 32.9381 -45.2476
v -17.1260 31.9238 -45.7034
v -21.7356 35.0885 -45.8672
v -19.0444 35.1467 -45.4484
v -16.9534 34.7305 -45.7911
v -22.0773 37.5180 -45.7260
v -19.3247 37.9766 -45.2996
v -17.1078 37.9710 -45.4893
v -22.3003 42.1873 -44.7460
v -19.0980 41.4452 -43.5240
v -15.7870 41.1838 -44.6158
v -14.0998 42.1129 -45.8362
v -24.5325 46.1725 -44.0829
v -23.6980 44.0742 -45.0829
v -13.2922 44.1781 -44.6654
v -24.4902 48.4047 -45.4160
v -23.6560 50.0338 -46.1517
v -10.5077 48.7119 -43.6207
v -18.5346 52.4306 -45.5181
v -11.8550 52.3055 -43.9335
v -10.8431 50.6144 -44.0152
v -13.2783 53.5908 -43.4797
v 19.5683 -44.7294 -39.9623
v 25.2053 -44.7294 -39.9623
v 19.5683 -43.2615 -41.5776
v 25.2053 -43.2615 -41.5776
v 19.5683 -38.6310 -41.1588
v 25.2053 -39.8471 -41.2390
v 47.7532 -39.7229 -41.4934
v 50.5717 -38.4717 -40.7912
v 17.1726 -35.0563 -40.2723
v 19.4355 -36.2633 -40.8976
v 22.2326 -35.9016 -39.9720
v 25.4026 -35.9487 -40.1507
v 28.6020 -35.9589 -39.9115
v 31.8279 -36.1004 -39.8469
v 34.7427 -35.9403 -39.9211
v 38.6855 -35.9464 -39.9349
v 41.5702 -36.0002 -39.8959
v 44.8041 -35.5158 -40.1302
v 47.7532 -35.2178 -42.7169
v 50.5717 -36.5700 -41.3628
v 16.9624 -33.0777 -40.8873
v 19.4062 -33.4171 -41.4379
v 22.1674 -33.4615 -41.4324
v 25.4729 -33.4762 -41.5394
v 28.7140 -33.5117 -41.4204
v 31.8128 -33.4897 -41.4562
v 34.8611 -33.4768 -41.5004
v 38.4637 -33.4781 -41.4150
v 41.6149 -33.4620 -41.5212
v 44.8307 -33.4872 -41.3647
v 47.3516 -34.0807 -41.0464
v 16.8944 -29.8292 -41.8305
v 19.2188 -30.1608 -42.0893
v 22.1887 -30.4639 -42.5208
v 25.4509 -30.4702 -42.6208
v 28.7049 -30.5119 -42.5164
v 31.8284 -30.4155 -42.5780
v 34.7819 -30.5025 -42.5824
v 38.5446 -30.4928 -42.5034
v 41.5617 -30.4463 -42.6215
v 44.9357 -30.1947 -42.3361
v 47.0506 -29.3767 -40.9597
v 16.8544 -26.3728 -41.9659
v 19.0210 -26.7741 -41.9196
v 22.3264 -26.9458 -42.7761
v 25.4489 -26.9849 -42.8347
v 28.5471 -27.0097 -42.7714
v 31.8282 -27.0601 -42.8219
v 34.3148 -27.1407 -42.8188
v 38.7340 -26.9608 -42.7699
v 41.5064 -26.9740 -42.8343
v 45.0576 -26.8560 -42.4928
v 46.8940 -26.0989 -40.7749
v 16.9168 -23.4164 -41.5094
v 19.2933 -23.7600 -42.0741
v 22.2299 -23.7174 -42.4256
v 25.4397 -23.8793 -42.5363
v 28.6676 -23.7342 -42.4216
v 31.8583 -23.9404 -42.4923
v 34.6437 -23.8267 -42.4947
v 38.5325 -23.7311 -42.4240
v 41.6057 -23.8881 -42.5326
v 44.8924 -23.7545 -42.2064
v 47.1637 -24.4098 -40.9179
v 17.0326 -20.6285 -40.5664
v 19.4460 -20.5635 -41.3039
v 22.5408 -20.2072 -40.7542
v 25.4891 -20.9783 -41.4365
v 28.3630 -20.2522 -40.7747
v 32.1842 -20.9060 -41.2648
v 34.9399 -20.9829 -41.3670
v 38.7819 -20.4686 -40.9559
v 41.0709 -20.4672 -40.9501
v 44.7916 -20.8018 -41.2695
v 47.3521 -20.4132 -41.2543
v 50.5717 -18.7604 -40.7289
v 19.4701 -17.3633 -40.9525
v 22.4155 -18.3851 -39.8155
v 25.3979 -18.3928 -39.8107
v 28.4102 -18.3856 -39.8142
v 32.0309 -18.3975 -39.8075
v 34.7924 -18.3875 -39.8128
v 38.2571 -18.3928 -39.8107
v 41.1424 -18.3861 -39.8146
v 44.8399 -18.3958 -39.8084
v 47.7532 -15.4884 -42.7169
v 50.5717 -16.8899 -41.3738
v 19.5683 -12.8331 -42.1592
v 25.2053 -13.9879 -41.5516
v 47.7532 -14.7964 -41.1263
v -53.6108 -8.7372 -42.7244
v 19.5683 -10.7834 -41.1695
v 25.2053 -10.7835 -41.1695
v -56.5308 -7.3494 -41.4981
v -54.3650 -6.5185 -40.8664
v -51.3504 -6.9405 -41.2207
v -57.9139 -3.1834 -40.7182
v -55.1361 -3.2027 -40.7038
v -50.0652 -2.7226 -42.9160
v -47.9754 -2.6336 -40.5757
v -45.0041 -3.1770 -41.6785
v -42.0308 -3.3213 -41.3106
v -4.3963 -3.5622 -41.1915
v 6.0919 -3.7300 -41.2211
v -58.0077 -0.9061 -42.0485
v -55.0546 -0.9282 -42.0529
v -51.6905 -1.2100 -41.1122
v -48.3112 -1.4121 -41.0521
v -44.8403 -1.1224 -41.3941
v -41.7049 -1.7963 -41.9189
v -5.3744 -1.5884 -42.5003
v -4.9361 -2.1195 -41.4053
v -58.7512 2.9783 -41.0426
v -54.3718 2.7548 -41.2024
v -50.8177 2.7706 -41.4166
v -48.2680 2.5681 -41.7647
v -58.8395 6.0589 -41.4368
v -54.2945 6.2432 -40.8790
v -50.2963 6.2599 -41.3264
v -47.8605 5.7226 -42.0331
v -37.1092 7.0046 -39.9730
v -31.4722 7.0046 -39.9730
v -25.8352 7.0046 -39.9730
v -3.2873 7.0046 -39.9730
v 2.3496 7.0046 -39.9730
v 7.9866 7.0046 -39.9730
v 13.6236 7.0046 -39.9730
v 38.2684 6.8142 -42.1453
v 40.6963 6.9321 -42.1454
v -58.8668 9.3257 -41.9750
v -54.2817 9.4676 -41.3229
v -50.2963 9.1432 -42.0959
v -47.6332 9.3182 -42.1853
v -42.4384 8.8163 -40.4019
v -35.3925 8.9072 -40.4189
v -30.7809 8.3134 -40.3088
v -29.6349 8.9772 -40.4319
v -24.6546 8.9895 -40.4342
v -23.7280 8.8431 -40.4071
v -18.2388 8.8163 -40.4019
v -16.6492 8.8163 -40.4019
v -12.6019 8.8163 -40.4019
v -11.0122 8.8163 -40.4019
v -6.1701 8.8163 -40.4019
v -2.1878 8.9949 -40.4352
v -1.2203 8.8103 -40.4009
v 3.9628 8.9067 -40.4188
v 4.7772 9.0569 -40.4466
v 9.7032 8.9073 -40.4189
v 14.0024 7.7227 -40.1990
v 15.3301 8.9463 -40.4262
v 25.2053 8.8163 -40.4019
v 36.5375 9.2992 -42.1459
v 36.8336 9.2996 -42.1449
v 41.9274 9.3019 -42.1455
v -58.8750 12.6576 -42.2058
v -54.2817 12.8343 -41.5308
v -50.0483 12.1195 -41.5406
v -48.2514 12.6404 -41.4239
v -42.4384 12.1195 -40.7402
v -17.9006 12.1195 -40.7402
v -16.3110 12.1195 -40.7402
v -12.2636 12.1195 -40.7402
v -10.6740 12.1195 -40.7402
v -5.8319 12.1195 -40.7402
v 25.2053 12.1195 -40.7402
v 38.2661 11.7868 -42.1453
v 40.6945 11.6711 -42.1454
v -58.8500 16.0705 -41.8213
v -54.2853 15.9773 -41.2052
v -50.2963 15.0959 -42.0959
v -47.6238 15.1111 -42.1951
v -42.4384 15.4228 -40.4019
v -35.4243 15.3513 -40.4122
v -30.7881 15.9361 -40.3068
v -29.6852 15.2920 -40.4228
v -24.6613 15.3753 -40.4043
v -23.7170 15.3297 -40.4193
v -18.2388 15.4228 -40.4019
v -16.6492 15.4228 -40.4019
v -12.6019 15.4228 -40.4019
v -11.0122 15.4228 -40.4019
v -6.1701 15.4228 -40.4019
v -2.1633 15.3492 -40.4083
v -1.1945 15.3529 -40.4150
v 3.9671 15.4040 -40.4021
v 4.8205 14.7374 -40.5292
v 9.6715 15.3514 -40.4122
v 14.0013 16.5164 -40.1990
v 15.3130 15.3475 -40.4127
v 25.2053 15.4228 -40.4019
v -58.8278 19.3251 -40.8668
v -54.2982 18.8629 -40.6822
v -50.2963 17.9792 -41.3264
v -47.8450 18.3068 -42.0491
v -58.2071 23.4315 -42.5320
v -54.8615 23.4453 -42.5517
v -50.8177 21.4685 -41.4166
v -48.3079 21.7144 -41.9042
v -11.5877 22.5906 -40.9599
v -9.5961 22.5981 -40.9833
v -57.9769 25.8644 -41.6282
v -55.0733 25.8850 -41.6211
v -51.2842 25.8273 -41.5632
v -48.2004 25.9636 -40.9932
v -44.9238 25.6812 -41.5896
v -41.6454 26.1965 -41.5030
v -5.3719 25.8298 -42.4975
v -4.7056 26.5417 -40.8304
v -57.8792 27.9764 -40.4166
v -55.1278 28.0192 -40.4174
v -50.0652 29.8084 -40.0694
v -46.9141 27.5817 -40.3118
v -44.8665 27.7805 -41.2940
v -42.2724 27.9377 -41.7629
v -4.3860 28.0641 -41.4496
v 6.0338 27.8910 -41.2818
v -56.5308 31.5598 -41.5389
v -54.7086 31.6587 -41.6209
v -51.7788 31.6366 -41.6045
v -21.7563 43.5908 -41.7097
v -18.8427 42.9408 -41.7761
v -16.9368 43.5620 -41.1642
v -24.8961 46.3979 -40.5401
v -23.2304 44.5716 -41.0502
v -19.3871 43.8180 -40.4428
v -15.3171 43.8609 -41.2070
v -13.8608 44.1749 -41.6397
v -10.2691 46.5227 -41.2083
v -25.6740 48.7232 -41.4194
v -8.7937 48.3181 -40.2657
v -25.1610 51.2176 -41.9634
v -24.0224 52.8241 -42.0761
v -19.3285 53.4436 -42.8991
v -8.8930 51.7731 -40.2054
v -22.3510 53.8472 -41.8647
v -19.5242 54.1975 -41.2223
v -16.7039 54.0537 -41.7574
v -14.3944 54.0812 -42.9611
v 19.5683 -44.7857 -39.2731
v 25.2053 -44.7857 -39.2731
v 19.5683 -44.5841 -38.2568
v 25.2007 -44.1417 -37.9470
v 19.3118 -38.5307 -37.4654
v 22.2871 -38.2873 -37.1450
v 25.5946 -38.8535 -37.3209
v 28.5667 -38.2839 -37.1618
v 31.8279 -38.2757 -37.1784
v 35.4380 -38.7390 -37.1320
v 38.5660 -38.3112 -37.1702
v 41.9656 -38.7169 -37.1147
v 44.6042 -38.6869 -37.4369
v 47.3061 -38.8229 -38.2304
v 50.5717 -38.2006 -39.7323
v 16.9500 -36.3787 -37.9146
v 19.3977 -36.7996 -38.3418
v 22.1628 -36.8129 -38.3300
v 25.4612 -36.8971 -38.2535
v 28.7244 -36.8089 -38.3228
v 31.8285 -36.8678 -38.2504
v 34.7974 -36.8419 -38.2558
v 38.3958 -36.8132 -38.3098
v 41.5576 -36.9033 -38.2486
v 44.7287 -36.6887 -38.3247
v 47.5079 -36.5931 -37.9637
v 50.5717 -37.1417 -39.4611
v 16.7611 -34.1163 -39.1209
v 18.3246 -33.5800 -38.5737
v 45.9831 -33.8914 -39.0682
v 46.9888 -32.9294 -38.3314
v 50.7767 -32.5930 -37.2663
v 55.6450 -32.5562 -37.2227
v 56.2087 -32.6869 -37.3805
v 18.1644 -30.8811 -39.4137
v 47.0999 -29.6453 -38.1554
v 50.8023 -30.1959 -38.3486
v 55.6450 -30.1997 -38.2493
v 56.2087 -30.1705 -38.7771
v 47.1067 -26.5956 -38.3696
v 50.7668 -26.8643 -38.7975
v 55.6450 -26.7456 -38.7616
v 56.2087 -26.9264 -39.2591
v 18.1824 -23.0222 -39.2552
v 46.1715 -22.6133 -39.7063
v 47.0101 -23.0325 -38.1530
v 50.7922 -23.4112 -37.9398
v 55.6450 -23.4184 -37.8509
v 56.2087 -23.3923 -38.2498
v 16.8248 -19.6025 -38.6009
v 19.0349 -19.4099 -38.8706
v 22.3804 -18.8558 -39.4360
v 25.4550 -18.7776 -39.4167
v 28.5086 -18.8909 -39.4412
v 32.0443 -18.8167 -39.3819
v 34.8979 -18.8194 -39.3685
v 38.5162 -18.8774 -39.4427
v 41.3085 -18.7836 -39.4074
v 45.0528 -19.1048 -39.1213
v 47.2962 -19.9148 -38.3653
v 50.7596 -21.3584 -36.8450
v 55.6450 -21.3584 -36.8450
v 56.2087 -21.3584 -36.8450
v 17.0326 -17.6370 -37.5750
v 19.4159 -17.1077 -37.8627
v 22.3563 -17.1417 -37.6126
v 25.4881 -16.9368 -37.4675
v 28.5175 -17.1506 -37.5968
v 32.0922 -17.0669 -37.4905
v 35.0301 -16.9536 -37.4129
v 38.2037 -17.0620 -37.5102
v 41.2658 -17.0813 -37.5638
v 44.7942 -17.0518 -37.6225
v 47.3520 -17.0085 -37.8121
v 50.5717 -17.4746 -39.4770
v -56.5308 -12.2886 -39.3196
v -55.5499 -12.1983 -39.2633
v 19.3570 -15.0598 -37.3335
v 25.7348 -14.7991 -37.7007
v 35.8378 -14.8597 -37.3978
v 37.9223 -14.9097 -37.5045
v 42.4297 -14.8310 -37.3390
v 43.9757 -14.9610 -37.5156
v 47.7532 -14.9961 -39.4042
v -56.5308 -9.8785 -37.8695
v -54.6819 -10.3573 -38.2058
v -51.7788 -9.9455 -37.9668
v 19.5683 -9.9936 -38.7650
v 25.2014 -10.4277 -38.2288
v -57.8871 -6.0731 -37.3546
v -55.1429 -6.1175 -37.3643
v -50.0652 -7.8748 -36.7717
v -57.9941 -4.3906 -38.6868
v -55.0589 -4.3923 -38.6553
v -51.0178 -3.2220 -37.9916
v -48.6720 -3.1343 -38.1728
v -44.9953 -3.3348 -38.0761
v -41.9051 -3.5286 -38.0868
v -3.5021 -3.5452 -38.4791
v -58.7684 -0.3922 -37.9204
v -54.3302 -0.1681 -37.7058
v -50.2644 -1.3914 -37.6953
v -47.7271 -1.0133 -38.0720
v -46.0122 -1.9194 -38.9081
v -58.8692 2.3132 -38.9662
v -54.2782 2.7450 -38.3519
v -50.0094 3.1127 -38.5573
v -42.4384 3.0007 -37.6567
v -39.0695 1.9583 -37.5389
v -34.1293 1.8161 -37.5939
v -33.0175 2.0364 -37.4834
v -28.0883 1.8031 -37.4934
v -26.8389 2.7656 -37.7751
v -21.5857 3.9390 -36.9166
v -19.5042 3.9290 -38.1062
v -15.5595 3.8789 -36.8832
v -13.6284 3.9538 -38.3354
v -9.2440 3.9373 -37.4640
v -6.0271 2.2817 -37.8471
v -4.3549 2.5180 -37.5849
v 0.2004 1.8380 -37.5252
v 1.8702 3.7571 -37.7836
v 5.9115 1.9583 -37.5389
v 10.6584 1.5427 -37.4300
v 11.8878 2.1452 -37.5878
v 25.2053 3.0007 -37.6567
v -54.1646 5.1527 -38.9438
v -49.7845 5.5457 -38.9656
v -49.6644 7.2311 -39.2027
v -42.4384 5.7779 -38.6855
v -37.7543 5.7779 -38.6855
v -36.5269 5.7779 -38.6855
v -31.5036 5.7779 -38.6855
v -25.8666 5.7779 -38.6855
v -21.2454 4.8845 -37.3587
v -19.3335 5.1841 -38.4733
v -16.2968 5.3162 -38.2236
v -13.1963 5.2163 -38.6759
v -9.2663 5.0400 -37.8564
v -7.1972 5.3750 -39.1193
v -3.3188 5.7779 -38.6855
v 2.3182 5.7779 -38.6855
v 7.3415 5.7779 -38.6855
v 8.5689 5.7779 -38.6855
v 13.3521 5.7103 -38.9645
v 14.3124 5.9809 -37.8484
v 25.2053 5.7779 -38.6855
v -53.7123 9.6524 -37.6267
v -49.5817 9.3570 -39.4234
v -42.4384 9.0193 -38.6714
v -35.4509 8.9864 -38.9750
v -30.7364 8.4014 -38.8583
v -29.7041 9.0560 -38.9889
v -24.6624 9.1083 -38.9910
v -23.7118 8.8694 -38.9597
v -19.1746 9.0193 -38.6714
v -13.5376 9.0193 -38.6714
v -8.6954 9.0193 -38.6714
v -7.1058 9.0193 -38.6714
v -2.1502 9.0620 -38.9849
v -1.1120 9.0160 -38.6815
v 3.8442 8.9899 -38.7837
v 4.6473 9.4522 -38.9948
v 9.6449 8.9864 -38.9750
v 14.1433 7.9933 -38.4797
v 15.3066 9.0079 -38.9858
v 25.2053 9.0193 -38.6714
v -53.7123 12.7424 -37.8794
v -49.5319 11.9451 -39.4656
v -42.4384 13.1567 -38.9251
v -18.9209 13.1567 -38.9251
v -13.2839 13.1567 -38.9251
v -8.4418 13.1567 -38.9251
v -6.8521 13.1567 -38.9251
v -0.6120 12.3919 -37.8249
v 3.1084 12.3919 -37.8249
v 9.0610 14.1939 -38.8631
v 25.2053 13.1567 -38.9251
v -53.7123 15.7891 -37.3260
v -49.5981 15.2729 -39.3794
v -42.4384 16.2458 -38.4797
v -35.4397 15.2621 -38.9732
v -30.7370 15.8355 -38.8585
v -29.7171 15.2073 -38.9920
v -24.7004 15.1101 -38.9822
v -23.7194 15.4208 -38.9639
v -19.3662 16.2458 -38.4797
v -13.7292 16.2458 -38.4797
v -8.8871 16.2458 -38.4797
v -7.2975 16.2458 -38.4797
v -2.1503 15.1765 -38.9849
v -1.1110 15.2872 -38.7125
v 3.8601 15.2812 -38.8080
v 4.6473 14.9352 -39.0278
v 9.6561 15.2621 -38.9732
v 14.1405 16.2458 -38.4797
v 15.2929 15.2540 -38.9885
v 25.2053 16.2458 -38.4797
v -54.2777 19.9374 -39.2507
v -49.9389 20.0948 -38.9634
v -49.7416 18.1133 -39.0508
v -42.4384 19.0456 -38.1152
v -37.9449 19.2889 -38.1302
v -36.6379 18.6720 -38.9006
v -31.8178 19.0576 -38.4191
v -27.4028 20.2143 -36.9747
v -26.0062 18.8923 -38.6255
v -21.4731 19.9869 -37.0631
v -19.4123 19.7366 -38.2248
v -15.8497 19.7242 -37.5821
v -13.4395 19.6454 -38.4973
v -9.3296 19.9241 -37.6477
v -7.1753 19.3986 -38.9967
v -3.6329 19.0576 -38.4191
v 1.0763 19.6540 -38.1528
v 2.3133 18.8588 -38.5079
v 7.1509 19.2889 -38.1302
v 8.4579 18.6720 -38.9006
v 13.1302 19.1718 -38.5007
v 14.3124 18.2582 -37.8484
v 25.2053 19.0456 -38.1152
v -58.8638 22.4940 -38.7412
v -54.2831 22.3920 -37.9160
v -50.2484 22.7561 -38.4190
v -42.4384 21.7503 -37.9978
v -39.2070 22.4389 -37.5769
v -34.2002 22.4860 -37.5565
v -33.1186 22.4207 -37.5820
v -28.2024 22.4921 -37.5442
v -27.0072 21.9808 -37.8608
v -11.5988 23.2673 -38.3098
v -9.5802 23.2152 -38.2975
v -5.6314 22.5610 -37.5006
v -4.6054 22.0518 -37.8186
v 0.1430 22.5189 -37.5293
v 1.7296 20.7498 -38.5925
v 5.8410 22.4508 -37.5702
v 10.6584 22.6957 -37.4304
v 11.8399 22.3212 -37.6442
v 25.2053 21.7503 -37.9978
v -58.7541 25.2993 -37.6589
v -54.3915 25.9541 -38.0774
v -50.2819 25.9780 -37.4833
v -48.4323 26.0897 -38.3130
v -45.1537 26.5574 -38.2631
v -41.6670 27.1148 -38.1556
v -3.7880 27.0901 -38.5443
v -57.9697 29.0668 -38.3117
v -55.0974 29.0562 -38.3384
v -51.9902 28.5006 -38.9730
v -48.3256 27.7200 -37.8571
v -45.1802 28.4307 -38.1472
v -42.2622 28.7458 -37.9837
v -3.1797 28.6797 -38.5350
v -57.8083 30.9940 -37.0812
v -55.1147 31.2150 -37.1024
v -50.4795 32.6860 -37.1015
v -56.5308 34.8876 -38.4106
v -54.8848 35.5764 -38.7700
v -52.2213 34.6477 -38.2345
v -24.8433 45.8580 -37.2544
v -23.0496 44.9403 -37.2227
v -19.7528 44.6841 -38.2489
v -16.7088 44.6468 -38.5250
v -13.0428 44.8729 -37.8371
v -10.4540 45.6872 -39.2693
v -26.3483 48.5961 -37.6993
v -23.4068 47.1147 -36.8273
v -26.1366 52.0626 -37.6368
v -23.4068 52.6339 -36.8273
v -9.7722 53.4480 -39.6803
v -24.5413 54.1458 -37.1642
v -23.3194 54.7184 -36.8021
v -19.8155 54.3458 -39.2314
v -16.5724 54.4096 -38.7926
v -13.1480 54.7938 -37.5465
v -10.6477 54.2053 -39.1526
v 25.2053 -42.5890 -36.0643
v 17.0956 -38.6865 -34.7218
v 19.4038 -39.2581 -34.3991
v 22.1383 -39.0672 -34.3372
v 25.5049 -39.3415 -34.3759
v 28.7313 -39.0723 -34.3124
v 31.7978 -39.1264 -34.2039
v 35.0382 -39.2957 -34.3867
v 38.4196 -39.0600 -34.3263
v 41.6754 -39.2968 -34.3722
v 44.6099 -39.2183 -34.3170
v 47.1146 -39.2479 -34.1514
v 16.8147 -37.4618 -35.2117
v 18.6071 -36.7976 -35.1346
v 22.3528 -37.9921 -36.0647
v 28.6514 -38.0035 -36.0113
v 34.3722 -37.9875 -36.0427
v 39.2776 -37.9425 -36.1943
v 45.4100 -37.4320 -35.4707
v 46.9059 -36.1342 -35.1182
v 50.7596 -35.1521 -34.0998
v 55.6450 -35.1521 -34.0998
v 56.2087 -35.1521 -34.0998
v 18.1591 -34.8967 -35.9144
v 47.1047 -33.1023 -35.0391
v 50.8090 -33.9609 -35.2880
v 55.6450 -33.8844 -35.2371
v 56.2087 -34.3479 -35.5466
v 47.0457 -30.4269 -35.2125
v 51.9640 -29.4588 -34.5395
v 56.2087 -29.4588 -34.5395
v 47.0457 -27.1081 -35.9023
v 51.9640 -25.2197 -34.5395
v 56.2087 -25.2197 -34.5395
v 47.0457 -23.3651 -34.9541
v 50.8535 -21.9531 -36.2503
v 55.6450 -21.9559 -36.2475
v -56.5195 -18.9201 -33.6094
v -50.7041 -18.8898 -33.5869
v 18.1806 -19.0809 -35.3946
v 46.1715 -19.0033 -36.4341
v 47.0015 -20.3800 -35.3313
v 50.7972 -20.4157 -35.0136
v 55.6450 -20.4904 -34.9686
v 56.2087 -20.1296 -35.1849
v -50.7134 -18.4283 -33.6400
v 16.8913 -16.8827 -35.0781
v 19.2763 -16.2640 -34.6294
v 22.3337 -15.8302 -34.5802
v 25.4504 -15.7407 -34.4452
v 28.5391 -15.8388 -34.5938
v 32.1333 -15.7933 -34.4231
v 34.9262 -15.8128 -34.4952
v 38.1978 -15.7250 -34.3697
v 41.2358 -15.8341 -34.6002
v 44.9263 -16.0897 -34.6360
v 47.1915 -17.2708 -34.4377
v -56.4705 -14.2386 -33.9871
v -54.5109 -14.0388 -34.0284
v -51.3320 -13.9558 -33.7012
v -47.0682 -14.6452 -33.5981
v -46.1031 -13.1618 -33.6658
v 19.2219 -14.7649 -34.4296
v 22.4211 -15.1402 -34.1103
v 25.6441 -14.7610 -34.5141
v 28.4164 -15.1364 -34.1135
v 32.1266 -15.1359 -34.0926
v 35.4959 -14.7871 -34.5322
v 38.2304 -15.1433 -34.1328
v 41.7300 -14.8923 -34.4275
v 44.6703 -14.7373 -34.2725
v 46.7295 -14.8493 -34.2069
v -57.0546 -10.4533 -33.5716
v -54.3915 -10.5995 -33.6309
v -51.5262 -10.4711 -33.7109
v -45.4933 -10.5901 -33.6658
v -57.9617 -7.0449 -34.9842
v -55.0853 -7.0466 -34.9907
v -52.2389 -7.4114 -34.7090
v -49.3854 -7.3016 -34.8813
v -45.0313 -7.9998 -33.6194
v -31.3448 -7.6268 -33.6658
v -5.7980 -7.6268 -33.6658
v 14.8333 -7.6268 -33.6658
v 31.8325 -7.6268 -34.6241
v 35.1391 -7.4619 -34.3845
v 38.4212 -7.0377 -34.6241
v 41.6540 -6.2372 -34.6241
v 43.4635 -5.4735 -34.6241
v -58.7032 -3.5331 -34.6396
v -53.9823 -3.9044 -34.3062
v -50.6174 -3.2220 -34.8254
v -48.1797 -3.4978 -34.9620
v -45.0195 -3.4048 -34.8094
v -42.1887 -3.8555 -34.5981
v -38.7832 -3.0704 -34.5795
v -33.9350 -4.7209 -33.6658
v -32.2872 -3.4068 -33.6658
v -24.9113 -3.3027 -33.6658
v -21.9999 -3.1309 -34.4932
v -13.5947 -3.8655 -33.6658
v -5.6028 -3.1158 -34.5705
v -3.9236 -3.2276 -34.6218
v -0.7260 -4.0137 -34.7771
v 2.1144 -3.7403 -36.5012
v 6.8034 -3.6587 -33.6658
v 8.7656 -3.9481 -34.0277
v 11.9623 -3.0674 -34.5612
v 15.3064 -3.5618 -33.6658
v 25.7442 -4.0507 -33.8467
v 38.4221 -3.5905 -34.6658
v 41.0458 -3.5224 -34.7509
v 44.6716 -4.2952 -34.6241
v -58.8995 -1.3716 -35.4878
v -54.2164 -0.9291 -34.8043
v -50.6728 -1.7085 -35.0897
v -48.5035 -1.2783 -34.8150
v -43.8326 -1.0428 -33.6658
v -42.4384 -0.3879 -34.9115
v -38.7743 -2.0389 -34.5705
v -31.9447 -1.4030 -33.6658
v -29.2790 -1.1974 -34.2689
v -25.4287 -1.5611 -33.6658
v -22.0457 -1.9285 -34.4583
v -13.3369 -0.6336 -34.3005
v -5.3302 -1.9776 -34.6289
v -4.5818 -1.8631 -34.4108
v 7.1512 -1.3846 -33.6658
v 9.1225 -0.9886 -34.3535
v 12.1198 -1.9711 -34.4829
v 15.0824 -1.3840 -33.6658
v 25.8020 -0.6686 -34.3776
v 35.7193 -0.8507 -33.6658
v 39.3612 -0.4439 -33.6658
v 40.8516 -1.2456 -34.5218
v -53.7123 3.6133 -34.6128
v -51.5928 2.2379 -33.6658
v -48.0753 3.2885 -33.6827
v -43.8645 2.2379 -33.6658
v -42.4384 2.1478 -35.8585
v -39.1821 1.7495 -35.5535
v -34.1078 1.8710 -35.6396
v -32.8752 1.6422 -35.3273
v -28.3013 2.0096 -35.0677
v -27.1321 2.6081 -35.1133
v -23.8307 2.1928 -34.7622
v -13.4361 2.1928 -34.7622
v -9.2834 3.2791 -33.6827
v -5.9468 1.8916 -35.2251
v -4.4018 2.0209 -35.4781
v 0.1907 1.7329 -35.5408
v 5.8232 1.7285 -35.4510
v 10.4638 1.9938 -34.9131
v 11.7279 2.1398 -35.1581
v 15.3519 2.2379 -33.6658
v 25.9156 2.1928 -34.7622
v 29.7309 3.3043 -33.6827
v 31.6160 3.1055 -33.6799
v 36.3869 3.9396 -34.9137
v 36.8644 3.9890 -35.0919
v 41.7283 3.9453 -35.0427
v -53.7123 5.6060 -36.0925
v -48.0753 4.9978 -33.6827
v -41.7195 5.8757 -34.5714
v -36.0686 5.8757 -34.5714
v -33.3405 5.8757 -34.5714
v -28.6510 5.0846 -33.6827
v -27.1255 4.6506 -33.6827
v -24.1113 5.6688 -34.4292
v -20.6233 5.8757 -34.5714
v -16.3392 5.8757 -34.5714
v -12.8526 5.6730 -34.4324
v -9.2582 5.0574 -33.6827
v -7.6540 4.9084 -33.6827
v -4.3888 6.4642 -34.2703
v 0.0945 6.6861 -35.6455
v 2.6902 6.6665 -35.4315
v 6.8852 6.4642 -34.2703
v 10.1504 4.9084 -33.6827
v 11.7546 5.0574 -33.6827
v 29.8798 4.9084 -33.6827
v 31.4840 5.0574 -33.6827
v 36.5304 4.6290 -35.0919
v 37.1917 5.2282 -34.7370
v 41.6055 5.0786 -34.9467
v -58.9735 10.5431 -33.5468
v -51.1757 10.4679 -33.5192
v -44.9750 10.4679 -33.5192
v -41.4835 8.8577 -35.9826
v -35.1888 9.0676 -36.0502
v -32.5728 9.1376 -34.5818
v -25.2456 10.4679 -33.5192
v -24.1182 8.8050 -35.3633
v -20.6233 8.8050 -35.3633
v -16.3392 8.8050 -35.3633
v -12.6188 9.1375 -34.9945
v -5.5162 10.4679 -33.5192
v -4.3888 9.2842 -35.9600
v -0.7630 9.1752 -35.3114
v 3.2594 9.1752 -35.3114
v 6.8852 9.2842 -35.9600
v 8.0126 10.4679 -33.5192
v 14.2132 10.4679 -33.5192
v 15.3406 8.2489 -33.6207
v 18.8355 8.2489 -33.6207
v 23.1196 8.2489 -33.6207
v 26.6146 8.2489 -33.6207
v 27.7420 10.4679 -33.5192
v 36.4674 9.3042 -34.8060
v 36.7798 9.3524 -34.8570
v 41.9445 9.3120 -34.8476
v 50.8451 10.4679 -33.5192
v 55.6562 10.4679 -33.5192
v 57.8979 10.4679 -33.5192
v -58.8540 12.1879 -33.6119
v -54.0107 12.0983 -33.5860
v -51.1757 12.5324 -33.6221
v -44.9750 12.5324 -33.6221
v -41.4031 12.1195 -36.4636
v -35.0210 12.1195 -36.4636
v -31.4463 12.5324 -33.6221
v -25.2456 12.5324 -33.6221
v -11.7168 12.5324 -33.6221
v -5.5162 12.5324 -33.6221
v -4.3888 12.5324 -36.4383
v -0.7752 12.7166 -36.3666
v 3.2716 12.7167 -36.3666
v 6.8852 12.5324 -36.4383
v 8.0126 12.5324 -33.6221
v 14.2132 12.5324 -33.6221
v 27.7420 12.5324 -33.6221
v 36.2259 13.8034 -34.9190
v 37.2275 13.3439 -35.0776
v 41.6547 13.5875 -35.1037
v 50.8451 12.5324 -33.6221
v 55.6562 12.5324 -33.6221
v 57.8979 12.5324 -33.6221
v -41.5175 15.8949 -35.7796
v -35.3354 15.5487 -35.9036
v -33.6202 16.9335 -35.4076
v -24.1182 15.9901 -33.6207
v -20.6233 15.9901 -33.6207
v -16.3392 15.9901 -33.6207
v -12.8442 15.9901 -33.6207
v -4.3888 15.7188 -35.6443
v -0.5734 15.8019 -35.2007
v 3.1398 15.7701 -35.1507
v 6.8852 15.7188 -35.6443
v 15.3406 15.8321 -35.3251
v 18.8355 15.8321 -35.3251
v 23.1196 15.8321 -35.3251
v 26.6146 15.8321 -35.3251
v 36.5767 14.3695 -35.0919
v 36.9355 14.9516 -34.7123
v 41.7040 14.7019 -34.9454
v -53.7123 19.1432 -35.7383
v -48.0753 19.6357 -33.6827
v -41.7697 18.8276 -34.2717
v -36.0686 18.8276 -34.2717
v -33.2402 18.8276 -34.2717
v -28.7842 19.5341 -33.6827
v -27.0311 19.9408 -33.6827
v -9.2834 19.6263 -33.6827
v -7.5051 19.6515 -33.6827
v -4.3888 18.0910 -34.0021
v 0.1052 18.0276 -35.5116
v 2.7178 18.0648 -35.2288
v 6.8852 18.0910 -34.0021
v 10.0015 19.6515 -33.6827
v 11.7797 19.6263 -33.6827
v 15.3504 18.9469 -34.1834
v 18.8355 18.8276 -34.2717
v 23.1196 18.8276 -34.2717
v 26.6029 18.9412 -34.1876
v 29.7309 19.6515 -33.6827
v 31.5091 19.6263 -33.6827
v -54.0892 22.7704 -35.6992
v -51.5928 21.9955 -33.6658
v -48.0753 21.3451 -33.6827
v -43.8645 21.9955 -33.6658
v -42.4384 22.9820 -35.1906
v -39.2539 22.5284 -35.5246
v -34.1868 22.4912 -35.5493
v -32.9846 22.5585 -35.3449
v -28.2524 22.4691 -35.1252
v -26.9047 21.9307 -35.4760
v -24.1238 21.9955 -33.6658
v -12.0559 23.3330 -33.8564
v -10.0812 23.0489 -33.6671
v -5.8896 22.4743 -35.2700
v -4.6759 22.2355 -35.4238
v 0.1093 22.5647 -35.4979
v 3.2888 23.1286 -35.0806
v 5.8107 22.5427 -35.4274
v 10.5166 22.4759 -35.0606
v 11.7495 22.2951 -35.2733
v 15.3519 21.9955 -33.6658
v 25.6788 22.6532 -34.6823
v 29.8798 21.2557 -33.6827
v 31.4840 21.4046 -33.6827
v 35.0799 22.9341 -33.6658
v 40.5285 22.8128 -33.6658
v -58.8446 26.0121 -35.1032
v -54.1736 25.5891 -34.6499
v -50.4016 26.4277 -34.9878
v -48.4325 25.7341 -34.7787
v -44.9700 26.7731 -34.9282
v -42.6521 25.8333 -35.6252
v -38.7983 26.5848 -34.5705
v -34.8115 24.9338 -35.7148
v -32.1352 25.9190 -33.6658
v -29.4532 24.9207 -34.4474
v -25.4302 25.7990 -33.6658
v -22.0346 26.5279 -34.5238
v -12.0862 25.0125 -33.6667
v -9.9389 25.2687 -33.6658
v -5.5918 26.4794 -34.6067
v -4.3815 26.4831 -34.4602
v -0.9897 25.2227 -35.4470
v 6.6058 25.7009 -33.9263
v 9.1550 25.4096 -33.6728
v 12.0021 26.5444 -34.5343
v 15.2214 25.9846 -33.6658
v 26.0283 25.5322 -34.1815
v 32.1385 25.4921 -33.6658
v 35.2296 25.3583 -33.6658
v 39.2060 26.3831 -34.4380
v 41.0697 25.8231 -34.6329
v -58.1733 29.8853 -35.9393
v -54.6848 29.6823 -35.5991
v -51.9166 29.2204 -34.8592
v -48.4109 28.0105 -35.1327
v -44.9468 28.5195 -34.6790
v -42.2260 28.1441 -34.5184
v -38.7581 27.7038 -34.5870
v -33.9350 28.9600 -33.6658
v -32.2217 27.7536 -33.6658
v -24.8792 27.6560 -33.6658
v -21.9847 27.7860 -34.4933
v -13.8349 28.6401 -33.8919
v -5.4620 27.6785 -34.5705
v -3.7741 27.8136 -34.6946
v -0.6355 28.1637 -35.0070
v 2.1500 27.9768 -36.5012
v 6.8171 27.9694 -33.6658
v 7.9468 27.6231 -33.6658
v 11.9834 27.7027 -34.5700
v 15.2715 27.9226 -33.6658
v 25.5781 28.6401 -33.8919
v 32.5923 27.8116 -33.6658
v 34.4622 27.9068 -33.6658
v 38.1664 28.1283 -34.8674
v 41.0184 28.4008 -34.7663
v 44.3696 28.7909 -34.6241
v -57.9337 31.5466 -34.7099
v -55.0972 31.5579 -34.7111
v -52.1102 32.0928 -34.4019
v -49.4201 31.7981 -34.5380
v -45.1105 32.5848 -33.6289
v -32.5849 31.8320 -33.6658
v -8.6165 31.8320 -33.6658
v 11.9471 31.8320 -33.6658
v 31.8325 31.8320 -34.6241
v 35.1391 31.6615 -34.3845
v 38.4212 31.2373 -34.6241
v 40.9607 30.6765 -34.6241
v -56.5280 35.9857 -33.8164
v -54.2986 35.4027 -33.6931
v -51.8584 35.4249 -33.7835
v -45.6799 35.8533 -33.6658
v 19.5683 34.6674 -33.6827
v 36.4793 34.6674 -33.6827
v -56.5251 38.9026 -33.9082
v -54.6490 38.3376 -34.0284
v -52.7391 37.2173 -33.6940
v -47.0526 38.8894 -33.5885
v -46.3019 37.9335 -33.6658
v 50.9475 38.8501 -34.2417
v 55.6450 38.9220 -34.1210
v 56.2087 38.7063 -34.4831
v 50.9475 41.9447 -35.5823
v 55.6450 41.9861 -35.4480
v 56.2087 41.8621 -35.8510
v -21.7387 44.8890 -36.3333
v -19.8591 45.2356 -35.9011
v -16.3085 45.1423 -36.0073
v -13.7891 44.9434 -36.0436
v 36.4793 44.8403 -33.5925
v 39.2977 44.8403 -33.5925
v 47.7532 44.8403 -33.5925
v 50.8222 45.1234 -35.3218
v 55.6450 45.2720 -36.0460
v 56.2087 45.2509 -36.4673
v -20.4315 48.7752 -35.9459
v 36.4793 47.5930 -33.5474
v 39.2977 47.5930 -33.5474
v 47.7532 47.5930 -33.5474
v 50.8792 48.4390 -35.4809
v 55.6450 48.5992 -35.7731
v 56.2087 48.6828 -36.1855
v -19.9439 51.6023 -35.9459
v 50.9743 52.0479 -34.6716
v 55.6450 52.0834 -34.4865
v 56.2087 51.9589 -35.1342
v -21.6780 54.8362 -36.3157
v -19.9634 54.5672 -35.8446
v -16.4063 54.5779 -35.9361
v -13.7230 54.7924 -35.9512
v 50.8535 53.7711 -34.1280
v 55.6450 53.7711 -34.1280
v 56.2087 53.7711 -34.1280
v 19.5683 57.2153 -33.6827
v 36.4793 57.2153 -33.6827
v 25.1969 -41.6273 -31.8873
v 16.9697 -38.8944 -32.0022
v 19.4400 -39.6611 -31.2974
v 22.1442 -39.5615 -31.2120
v 25.4855 -39.7876 -31.1920
v 28.7329 -39.5473 -31.1243
v 31.8202 -39.5880 -31.0008
v 34.9842 -39.7193 -31.2177
v 38.3930 -39.5501 -31.1550
v 41.6412 -39.7322 -31.1761
v 44.6285 -39.5791 -31.4543
v 47.2740 -39.3115 -32.5614
v 16.7499 -37.8240 -31.8976
v 18.3268 -37.2616 -31.9314
v 46.0107 -37.7237 -32.2160
v 46.9852 -36.1575 -32.2392
v 50.7831 -35.4741 -31.8824
v 55.6450 -35.4123 -31.8103
v 56.2087 -35.6524 -32.0973
v 47.0633 -33.3896 -31.5497
v 50.8535 -34.7196 -32.7131
v 55.6450 -34.7125 -32.7103
v 47.0458 -30.2310 -32.7131
v 51.9725 -30.1662 -30.8642
v 56.2087 -30.1662 -30.8642
v 18.1591 -27.3393 -30.8642
v 46.3440 -27.3393 -30.8642
v 51.9809 -26.9870 -31.4744
v 56.2087 -26.9870 -31.4744
v 47.0458 -22.3827 -31.1756
v 51.9640 -23.1003 -30.8642
v 56.2087 -23.1003 -30.8642
v -56.5195 -21.0209 -31.9549
v -50.4168 -20.5859 -32.2834
v -48.9596 -19.7950 -31.6578
v 47.0993 -19.9057 -31.9312
v 50.7596 -19.4175 -31.8511
v 55.6450 -19.4419 -32.0353
v 56.2087 -19.0262 -32.0973
v -48.3064 -17.1073 -31.4476
v 16.8632 -16.2220 -32.0790
v 19.1229 -16.1595 -31.6549
v 22.4493 -15.4113 -31.3329
v 25.4314 -15.3726 -31.3364
v 28.4514 -15.4118 -31.3751
v 32.2103 -15.4274 -31.2689
v 34.8077 -15.4199 -31.3425
v 38.2075 -15.3733 -31.2539
v 41.1399 -15.4192 -31.3355
v 45.0561 -15.7179 -31.6382
v 46.9508 -17.4635 -32.4785
v -56.4215 -13.2905 -31.8045
v -54.9878 -13.1546 -31.2835
v -48.3427 -14.9914 -32.4482
v -46.0206 -13.4724 -31.6379
v 17.1726 -15.2000 -31.4617
v 19.3896 -14.6557 -31.2689
v 22.1541 -14.9102 -31.1987
v 25.4966 -14.6894 -31.2793
v 28.7838 -14.9191 -31.1624
v 32.0290 -14.9013 -31.0958
v 35.1871 -14.6911 -31.3107
v 38.2154 -14.9458 -31.0609
v 41.5806 -14.7680 -31.3012
v 44.5905 -14.7368 -31.3601
v 46.9092 -14.7200 -32.4585
v -57.8088 -9.1871 -31.5823
v -55.1746 -9.2843 -31.6041
v -52.7070 -9.6354 -31.8262
v -45.3771 -10.1766 -31.9897
v -58.0505 -8.0092 -31.8271
v -55.0034 -8.0011 -31.8480
v -52.3331 -6.7071 -31.9625
v -45.0111 -6.9693 -31.1704
v -31.1139 -6.4155 -30.8542
v -25.5340 -6.3618 -30.8542
v -11.6978 -6.6282 -30.8755
v -10.6361 -6.2355 -30.8360
v -5.8045 -6.3617 -30.8542
v 7.5898 -6.7784 -30.8755
v 8.4867 -6.3852 -30.8524
v 13.6855 -6.1909 -30.8448
v 14.5375 -6.9221 -30.8755
v 28.0935 -6.3160 -30.8524
v 32.8547 -7.6268 -30.8755
v 35.7831 -7.4155 -30.8755
v 38.4212 -7.0377 -30.8755
v 41.6540 -6.2373 -30.8755
v 43.4635 -5.4735 -30.8755
v -58.8524 -3.8865 -31.4688
v -54.2945 -3.3675 -31.5071
v -30.2409 -4.9656 -30.5869
v -26.4685 -4.9560 -30.6239
v -10.3394 -4.1104 -30.7458
v -6.8973 -4.0556 -30.7643
v 9.2179 -4.9656 -30.5869
v 12.9903 -4.9560 -30.6239
v 29.1194 -4.1104 -30.7458
v 35.0644 -4.7914 -30.8755
v 44.6717 -4.2952 -30.8755
v -54.1363 -1.2774 -32.4583
v -10.0260 -0.7597 -30.8755
v -7.2073 -0.3553 -30.8755
v 29.4212 -1.9729 -30.6872
v 35.0756 -1.9729 -30.8755
v 41.2391 -0.8641 -30.8755
v -53.7123 1.9448 -32.7723
v -51.1757 2.2548 -30.8642
v -43.9803 3.0118 -31.7950
v -40.3527 3.1187 -31.9028
v -36.0686 3.1187 -31.9028
v -32.4428 3.0098 -31.7921
v -25.2456 2.2548 -30.8642
v -23.4729 3.1187 -31.9028
v -20.6233 3.1187 -31.9028
v -16.3392 3.1187 -31.9028
v -13.1394 2.9459 -31.6951
v -5.5162 2.2548 -30.8642
v -4.3888 4.1545 -30.8839
v -0.8939 4.1545 -30.8839
v 3.3902 4.1545 -30.8839
v 6.8852 4.1545 -30.8839
v 8.0126 2.2548 -30.8642
v 14.2132 2.2548 -30.8642
v 15.3406 3.3447 -31.1987
v 18.9966 3.2723 -30.8077
v 22.9586 3.2723 -30.8077
v 26.6146 3.3447 -31.1987
v 27.7420 2.2548 -30.8642
v 33.9426 2.2548 -30.8642
v 37.0732 4.0151 -31.9517
v 41.1867 3.2729 -31.6396
v 50.5717 2.2675 -30.6951
v -58.8957 6.3133 -31.2182
v -53.9819 6.4828 -31.1118
v -51.0504 6.8080 -30.9419
v -44.9750 6.3445 -31.3377
v -31.4463 6.3445 -31.3377
v -25.2456 6.3445 -31.3377
v -11.7168 6.3445 -31.3377
v -5.5162 6.3445 -31.3377
v -4.3888 4.8619 -32.3805
v -0.7530 5.2495 -32.3256
v 3.2493 5.2495 -32.3256
v 6.8852 4.8619 -32.3805
v 8.0126 6.3445 -31.3377
v 14.2132 6.3445 -31.3377
v 15.3406 5.7146 -32.8385
v 19.0046 5.8391 -31.5670
v 22.9505 5.8390 -31.5670
v 26.6146 5.7146 -32.8385
v 27.7420 6.3445 -31.3377
v 35.8925 5.5904 -31.6021
v 36.8529 4.9505 -32.7709
v 41.6502 6.4412 -31.3602
v 44.9347 7.3929 -30.4414
v 50.9196 6.4918 -31.2793
v 55.6563 6.5019 -31.1783
v 57.7097 6.4957 -31.2400
v -58.8402 9.2833 -31.8979
v -53.8331 9.4943 -31.3264
v -51.0378 9.5116 -31.1352
v -44.5992 9.6092 -31.2876
v -31.8220 9.6092 -31.2876
v -25.2456 9.4289 -31.7220
v -24.1182 9.9700 -30.4189
v -12.0926 9.6092 -31.2876
v -5.5162 9.4289 -31.7220
v -4.3888 9.9700 -30.4189
v -0.7447 8.0262 -31.7028
v 3.2410 8.0262 -31.7028
v 6.8852 9.9700 -30.4189
v 8.0126 9.4288 -31.7220
v 14.2132 9.4289 -31.7220
v 15.3406 9.9700 -30.4189
v 20.1416 8.7974 -30.6980
v 21.5349 8.8665 -30.7325
v 26.6146 9.9700 -30.4189
v 27.7420 9.4288 -31.7220
v 35.8786 9.7813 -31.4764
v 42.2481 10.2750 -30.3965
v 44.9347 8.8295 -30.7134
v 47.5914 10.3314 -30.3879
v 50.8841 9.2036 -32.2670
v 55.6563 9.0347 -32.6758
v 57.6007 9.0127 -32.7291
v -58.7856 12.5120 -31.7766
v -53.8576 12.5740 -31.6266
v -51.0265 12.6072 -31.3813
v -44.4113 12.3925 -30.7853
v -32.0099 12.3925 -30.7853
v -25.2456 12.3930 -30.7919
v -24.1182 12.3919 -30.7787
v -12.2805 12.3925 -30.7853
v -5.5162 12.3930 -30.7919
v -4.3888 12.3919 -30.7787
v 6.8852 12.3919 -30.7787
v 8.0126 12.3930 -30.7918
v 14.2132 12.3930 -30.7919
v 15.3406 12.3919 -30.7787
v 26.6146 12.3919 -30.7787
v 27.7420 12.3930 -30.7918
v 36.0300 12.6660 -31.3879
v 42.2259 12.4399 -30.4985
v 44.9516 11.4882 -30.8755
v 47.6248 12.4325 -30.4820
v 50.8147 12.4735 -31.8024
v 55.6562 12.5057 -33.0894
v 57.3332 12.5057 -33.0894
v -58.8634 16.0977 -31.7533
v -53.8392 15.9183 -30.9856
v -51.0226 15.4274 -31.0000
v -44.6931 15.1212 -31.5737
v -31.7281 15.1212 -31.5737
v -25.2456 15.3195 -31.9925
v -24.1182 15.4792 -31.3227
v -19.1099 15.6297 -30.9192
v -17.1191 16.0910 -31.0563
v -12.0926 15.3727 -31.7692
v -5.5162 15.3195 -31.9925
v -4.3888 14.5265 -30.3174
v -0.7447 16.2121 -31.7028
v 3.2410 16.2121 -31.7028
v 6.8852 14.5265 -30.3174
v 8.0126 15.3195 -31.9925
v 14.2132 15.3195 -31.9925
v 15.3406 14.5265 -30.3174
v 26.6146 14.5265 -30.3174
v 27.7420 15.3195 -31.9925
v 36.1221 15.7691 -31.4313
v 36.8920 16.7545 -32.4401
v 42.1925 14.5930 -30.3900
v 44.9347 15.8884 -30.6227
v 47.5701 14.3860 -30.2799
v 50.8997 15.5897 -32.2648
v 55.6563 15.7698 -32.4463
v 57.6412 15.7593 -32.5151
v -58.8984 18.0795 -31.1588
v -54.0214 18.1431 -31.0206
v -51.1757 18.1644 -31.1080
v -44.6891 18.5495 -31.5260
v -40.3527 20.0902 -33.1979
v -36.0686 20.0902 -33.1979
v -31.7333 18.5495 -31.5260
v -25.2456 18.1644 -31.1080
v -24.1182 19.2531 -32.4496
v -20.4542 19.0168 -31.4455
v -16.5083 19.0167 -31.4455
v -12.2805 18.7088 -31.7788
v -5.5162 18.1644 -31.1080
v -4.3888 19.7309 -31.6322
v -0.7999 19.3546 -31.8450
v 3.2963 19.3546 -31.8450
v 6.8852 19.7309 -31.6322
v 8.0126 18.1644 -31.1080
v 14.2132 18.1644 -31.1080
v 15.6433 20.0902 -33.1979
v 18.8355 20.0902 -33.1979
v 23.1196 20.0902 -33.1979
v 26.3062 20.0902 -33.1979
v 27.7420 18.1644 -31.1080
v 33.9426 18.1644 -31.1080
v 37.1687 17.6225 -31.6252
v 40.7183 17.6663 -31.7281
v 50.9134 18.0560 -31.0263
v 55.6562 18.0405 -30.9285
v 57.7241 18.0502 -30.9886
v -53.7123 22.6306 -32.2509
v -51.1757 21.9842 -30.8642
v -44.0673 21.4547 -31.5144
v -40.3527 21.4638 -31.4711
v -36.0686 21.4638 -31.4711
v -32.3550 21.4572 -31.5110
v -25.2456 21.9842 -30.8642
v -24.1182 21.1922 -30.9093
v -20.4542 21.2474 -30.6230
v -16.5083 21.2474 -30.6230
v -12.4685 21.4562 -30.8943
v -9.2263 23.6151 -30.7943
v -6.3617 22.6889 -30.8698
v 8.0126 21.9842 -30.8642
v 14.2132 21.9842 -30.8642
v 16.1025 21.4638 -31.4711
v 18.8355 21.4638 -31.4711
v 23.1196 21.4638 -31.4711
v 25.8470 21.4638 -31.4711
v 27.7420 21.9842 -30.8642
v 33.9426 21.9842 -30.8642
v 42.0948 22.7301 -30.8033
v 50.5717 21.9716 -30.6951
v -58.9176 27.0872 -33.0876
v -54.2780 26.7119 -32.0136
v -9.1085 25.7050 -30.9450
v -7.1884 26.2590 -30.8755
v 29.5990 26.4041 -30.6065
v 30.7227 26.5145 -30.6625
v 36.4905 26.2120 -30.8755
v 41.0360 25.5017 -30.8755
v -58.8187 28.6636 -31.2289
v -54.3388 28.9682 -31.4238
v -52.2918 30.0198 -31.6308
v -30.7769 30.2670 -30.8294
v -30.2400 29.1950 -30.6239
v -26.2276 29.6496 -30.6909
v -10.6342 29.2655 -30.7677
v -6.5992 29.2636 -30.7610
v 9.0435 29.5971 -30.7010
v 12.7579 29.4039 -30.5710
v 28.9173 29.0463 -30.6199
v 32.1685 28.4447 -30.8755
v 35.0644 29.0305 -30.8755
v 42.3473 30.2029 -30.8755
v 44.3696 28.7909 -30.8755
v -57.9802 32.5878 -31.7997
v -55.0855 32.5978 -31.7979
v -52.3865 31.7453 -32.0209
v -45.0264 31.3689 -31.1345
v -31.4847 30.8870 -30.8755
v -28.4587 31.8320 -30.8755
v -25.2648 30.8674 -30.8755
v -11.7553 30.8870 -30.8755
v -8.2558 31.8320 -30.8755
v -5.5354 30.8675 -30.8755
v 7.5968 31.0163 -30.8755
v 8.2810 31.0014 -30.8755
v 13.8564 30.7063 -30.6252
v 14.4180 30.9778 -30.8755
v 27.8292 30.8299 -30.7364
v 32.8547 31.8320 -30.8755
v 35.7831 31.6152 -30.8755
v 38.4212 31.2373 -30.8755
v 40.9607 30.6765 -30.8755
v -57.5758 34.3284 -30.7103
v -54.7869 34.7646 -31.0351
v -52.8019 34.2672 -31.9437
v -45.6097 36.0372 -31.9645
v 12.5221 34.6674 -30.4918
v 29.2898 34.6674 -30.5050
v 30.4717 34.6674 -30.3963
v 50.9099 35.6759 -31.7126
v 55.6450 35.7525 -31.6430
v 56.2087 35.5609 -31.8168
v -56.5195 39.7632 -30.7233
v -46.9606 39.4067 -31.3504
v -46.1926 38.2694 -31.5136
v 36.4793 38.8125 -31.0953
v 39.2977 38.8125 -31.0953
v 47.7532 38.8125 -31.0953
v 50.7126 38.4935 -31.4843
v 55.6450 37.5367 -32.6511
v 36.4793 41.6404 -32.7920
v 39.2977 41.7024 -31.9239
v 47.7532 41.7024 -31.9239
v 50.5717 41.6404 -32.7920
v 57.0880 41.7489 -31.2729
v -20.8416 45.3974 -31.7778
v -16.1208 45.3974 -31.7778
v -11.7539 45.1833 -32.2209
v 39.2977 45.4608 -32.2030
v 47.7532 45.4608 -32.2030
v 57.0880 45.4608 -32.2030
v 36.4793 49.2165 -33.1979
v 39.2977 48.9008 -32.1635
v 47.7532 48.9008 -32.1635
v 50.5717 49.2165 -33.1979
v 57.0880 48.7956 -31.8187
v 36.4793 51.7024 -32.0212
v 39.2977 51.4703 -31.6336
v 47.7532 51.4703 -31.6336
v 50.5717 51.7023 -32.0212
v 57.0880 51.0062 -30.8586
v -20.8999 54.3405 -31.5275
v -16.0626 54.3405 -31.5275
v -11.6699 54.5446 -32.0974
v 36.4793 53.9121 -30.3794
v 39.2977 53.9121 -30.3794
v 47.7532 53.9121 -30.3794
v 50.9240 55.1663 -32.1226
v 55.6450 55.3258 -32.1844
v 56.2087 55.3946 -32.8400
v 50.8535 57.2491 -30.7937
v 55.6450 57.2491 -30.7937
v 56.2087 57.2491 -30.7937
v 16.9915 -38.8203 -28.7193
v 19.4175 -39.3369 -28.0894
v 22.1592 -39.2273 -27.9579
v 25.5354 -39.4628 -28.0067
v 28.7101 -39.2073 -27.9224
v 31.8282 -39.2081 -27.7985
v 35.0730 -39.4244 -27.9849
v 38.4209 -39.2121 -27.9192
v 41.7552 -39.4192 -27.9868
v 44.6242 -39.3666 -28.1359
v 47.2031 -39.3016 -28.5514
v 16.7611 -37.7494 -28.5150
v 18.3569 -37.0692 -28.5596
v 45.9749 -37.6254 -28.5993
v 46.9726 -36.4807 -28.9651
v 50.7730 -35.4102 -29.0072
v 55.6450 -35.3764 -29.0818
v 56.2087 -35.4917 -28.8222
v 47.0740 -33.1871 -28.8539
v 50.8536 -34.4686 -28.3128
v 55.6450 -34.4615 -28.3163
v 47.0458 -30.9258 -27.5558
v 51.9640 -29.4588 -27.1889
v 56.2087 -29.4588 -27.1889
v 51.9753 -26.6327 -28.8255
v 56.2087 -26.6327 -28.8255
v 47.0457 -22.9417 -28.0419
v -48.3762 -19.9357 -27.6981
v 18.1535 -18.7073 -27.6113
v 47.1170 -20.0864 -29.0942
v 50.8023 -19.6112 -28.7547
v 55.6450 -19.7093 -28.7416
v 56.2087 -19.1868 -28.8222
v -47.6325 -16.8964 -27.9833
v 16.8913 -16.3046 -28.5587
v 19.1951 -16.1705 -28.1829
v 22.2804 -15.6236 -27.8746
v 25.4491 -15.5761 -27.7770
v 28.6552 -15.6167 -27.8466
v 32.0946 -15.6402 -27.8143
v 34.9989 -15.6267 -27.8292
v 38.2028 -15.5879 -27.7777
v 41.3143 -15.6257 -27.8400
v 44.9398 -15.8781 -28.1073
v 47.0161 -17.3004 -28.8457
v -56.4133 -14.6383 -29.6042
v -54.1866 -13.2708 -29.4094
v -45.9141 -13.7542 -27.7763
v 17.1726 -15.2311 -29.6692
v 19.2945 -14.7255 -28.2069
v 22.4367 -15.0996 -28.0983
v 25.6456 -14.7716 -28.2886
v 28.3134 -15.1220 -28.0282
v 32.1916 -15.1273 -27.8967
v 35.3943 -14.7605 -28.2921
v 38.2127 -15.1555 -27.8490
v 41.6498 -14.8955 -28.2455
v 44.7016 -14.7242 -28.3120
v 46.9031 -14.6446 -28.3265
v -57.9310 -9.3029 -28.3647
v -55.1065 -9.3269 -28.3652
v -52.6622 -10.1183 -28.3767
v -45.3386 -10.3692 -28.5897
v -58.1511 -8.2294 -29.1927
v -54.9150 -8.2244 -29.1724
v -52.3211 -7.4374 -28.3366
v -45.0314 -7.3420 -28.2835
v -31.2321 -7.0208 -28.0666
v -30.3038 -5.7928 -27.5929
v -25.6740 -6.7374 -27.9572
v -11.8108 -7.2735 -28.1040
v -10.8407 -6.2779 -27.8315
v -5.9446 -6.7374 -27.9572
v 7.5898 -7.3732 -28.1190
v 8.5957 -6.6218 -27.9278
v 13.4804 -6.4686 -27.8872
v 14.4697 -7.3421 -28.1148
v 28.1703 -6.7375 -27.9572
v 36.4793 -7.6099 -28.0457
v 47.7532 -7.6099 -28.0457
v -58.8340 -4.6353 -28.2164
v -54.2817 -3.8488 -28.5518
v -43.5621 -2.9541 -27.3053
v -42.9941 -4.3006 -27.0814
v -33.7698 -4.6594 -26.9473
v -33.1263 -3.5776 -27.2146
v -30.0469 -4.8656 -28.1561
v -26.6291 -4.9397 -28.1553
v -23.5125 -3.6950 -27.1798
v -13.4567 -3.6928 -27.1816
v -10.1538 -3.6487 -28.8188
v -7.0792 -3.6487 -28.8188
v -3.7756 -3.6950 -27.1683
v 6.2808 -3.6902 -27.1934
v 9.4119 -4.8656 -28.1561
v 12.8297 -4.9397 -28.1553
v 15.9618 -3.6954 -27.1736
v 26.0184 -3.6897 -27.1961
v 29.3050 -3.6487 -28.8188
v 36.4736 -4.7914 -28.0288
v -53.7123 0.0208 -28.8969
v -43.8186 -1.2307 -27.3595
v -32.6242 -1.1600 -27.3738
v -23.9137 -1.0140 -27.5012
v -20.6233 1.0598 -27.4256
v -16.3392 1.0598 -27.4256
v -12.9920 -0.7831 -27.6947
v -10.0258 -2.0405 -29.5226
v -7.2073 -2.0405 -29.5226
v -4.3448 -1.2307 -27.3595
v 6.8491 -1.2010 -27.5040
v 15.3934 -1.2307 -27.3595
v 19.8002 -0.5760 -27.9274
v 21.8606 -0.7481 -27.8854
v 26.5866 -1.1600 -27.3738
v 29.4330 -2.0067 -29.6170
v 36.4736 -1.9898 -28.0288
v 42.0655 0.7187 -27.8605
v -59.0110 4.1426 -28.0435
v -51.1757 4.1498 -28.0175
v -44.3308 2.9108 -28.3155
v -40.3527 1.9816 -28.5389
v -36.0686 1.9816 -28.5389
v -32.0905 2.9108 -28.3155
v -25.2456 4.1498 -28.0175
v -22.9370 1.5163 -29.0209
v -20.6233 1.5163 -29.0209
v -16.3392 1.5163 -29.0209
v -12.6426 3.0965 -28.4189
v -5.5162 4.1498 -28.0175
v -4.3888 3.7242 -29.0579
v -0.8939 3.7242 -29.0579
v 3.3902 3.7242 -29.0579
v 6.8852 3.7242 -29.0579
v 8.0126 4.1498 -28.0175
v 14.2132 4.1498 -28.0175
v 15.3406 1.7025 -28.8264
v 18.9712 2.3925 -28.6724
v 22.9840 2.3925 -28.6724
v 26.6146 1.7025 -28.8264
v 27.7420 4.1498 -28.0175
v 33.9426 4.1498 -28.0175
v 42.1275 2.0848 -28.9714
v 49.1737 2.5192 -29.1184
v 50.7904 3.7094 -28.4369
v 55.6562 4.1686 -28.0711
v 57.8979 4.1686 -28.0711
v -58.8346 6.1750 -29.2721
v -53.7778 6.5294 -28.6763
v -51.0377 6.5275 -28.2919
v -44.5522 6.5876 -28.3022
v -31.8690 6.5875 -28.3022
v -25.2456 6.2412 -28.5575
v -24.1182 7.1647 -27.8766
v -12.1396 6.5875 -28.3022
v -5.5162 6.2412 -28.5575
v -4.3888 7.1647 -27.8766
v 0.4540 6.7668 -28.4013
v 2.3402 6.7675 -28.5347
v 6.8852 7.1647 -27.8766
v 8.0126 6.2413 -28.5575
v 14.2132 6.2412 -28.5575
v 15.3406 7.1647 -27.8766
v 18.9764 6.0885 -29.2284
v 22.9787 6.0885 -29.2284
v 26.6146 7.1647 -27.8766
v 27.7420 6.2412 -28.5575
v 35.5758 6.1355 -28.0391
v 42.2316 7.2840 -27.6842
v 44.8299 6.1714 -27.9834
v 47.6355 7.3236 -27.6427
v 50.8699 5.5432 -28.7539
v 55.6562 4.9616 -28.9176
v 57.5752 4.9494 -29.0104
v -58.7856 8.7514 -28.9791
v -53.9236 8.6535 -29.0843
v -51.0699 8.2914 -29.5514
v -44.4113 8.3520 -29.3838
v -32.0099 8.3520 -29.3838
v -25.2456 8.3470 -29.3901
v -24.1182 8.3569 -29.3774
v -12.2805 8.3520 -29.3838
v -5.5162 8.3470 -29.3901
v -4.3888 8.3569 -29.3774
v -0.7373 9.4507 -28.9265
v 3.2337 9.4507 -28.9265
v 6.8852 8.3569 -29.3774
v 8.0126 8.3470 -29.3901
v 14.2132 8.3470 -29.3901
v 15.3406 8.3569 -29.3774
v 19.0167 8.5404 -28.3796
v 22.9385 8.5404 -28.3796
v 26.6146 8.3569 -29.3774
v 27.7420 8.3470 -29.3901
v 36.1622 9.6999 -28.0667
v 42.1926 8.8685 -29.1233
v 45.0024 8.3071 -29.6729
v 47.6482 8.8362 -29.2003
v 50.5717 8.3470 -29.3901
v 57.6095 10.0000 -28.9025
v -58.7856 12.7262 -29.3175
v -54.0107 12.7741 -29.3117
v -20.3414 13.2190 -27.9672
v -16.6210 13.2190 -27.9672
v -0.7530 12.7255 -28.1894
v 3.2493 12.7255 -28.1894
v 19.1174 11.2873 -27.0654
v 22.8378 11.2873 -27.0654
v 36.4793 12.6184 -28.0902
v 42.0970 13.1090 -29.0793
v 47.7027 13.4466 -29.2021
v -58.7856 16.0977 -28.8885
v -53.8348 16.2758 -28.9318
v -51.0746 16.5872 -28.9999
v -44.4113 16.3988 -28.7395
v -32.0099 16.3988 -28.7395
v -25.2456 16.4045 -28.7447
v -24.1182 16.3932 -28.7342
v -20.4575 16.1143 -28.4078
v -16.5049 16.1143 -28.4078
v -12.2805 16.3988 -28.7395
v -5.5162 16.4045 -28.7447
v -4.3888 16.3932 -28.7342
v -0.4346 15.7645 -29.0098
v 3.0362 15.7106 -29.0700
v 6.8852 16.3933 -28.7342
v 8.0126 16.4044 -28.7447
v 14.2132 16.4045 -28.7447
v 15.3406 16.3932 -28.7342
v 26.6146 16.3932 -28.7342
v 27.7420 16.4044 -28.7447
v 35.9483 15.8592 -28.5730
v 36.7471 17.1553 -29.0765
v 42.2094 15.9792 -28.6656
v 44.9347 16.6967 -29.3760
v 47.6446 15.9997 -28.6768
v 50.5717 16.4045 -28.7447
v 57.6095 14.2391 -28.9025
v -58.8881 18.8041 -29.1139
v -53.8375 18.1048 -28.7516
v -51.0201 18.4027 -28.1581
v -44.7871 19.9253 -28.5408
v -40.3527 20.5581 -28.0570
v -36.0686 20.5581 -28.0570
v -31.6341 19.9253 -28.5408
v -25.2456 19.7987 -28.6376
v -20.4824 18.9510 -29.3501
v -16.4801 18.9510 -29.3501
v -11.7168 19.7988 -28.6376
v -5.5162 19.7987 -28.6376
v -4.3888 20.5130 -29.0978
v 0.1052 18.8349 -28.5530
v 2.7178 19.1029 -28.6979
v 6.8852 20.5130 -29.0978
v 8.0126 19.7988 -28.6376
v 14.2132 19.7987 -28.6376
v 27.7420 19.7988 -28.6376
v 35.5036 18.7605 -28.3510
v 37.1045 17.6494 -28.8126
v 41.5677 18.0334 -27.9423
v 44.8124 18.2281 -27.8264
v 47.4995 17.4991 -26.9146
v 50.9362 19.5561 -28.7438
v 55.6563 19.4757 -28.7059
v 57.6720 19.5240 -28.7286
v -53.7123 23.8388 -30.0807
v -43.8476 22.8221 -28.6996
v -40.3527 22.8221 -28.6996
v -36.0686 22.8221 -28.6996
v -32.5737 22.8221 -28.6996
v -24.1182 22.5367 -28.8264
v -20.4767 22.2588 -28.5614
v -16.4857 22.2588 -28.5614
v -12.8442 22.5367 -28.8264
v -9.9176 23.3935 -29.7447
v 16.5745 22.8749 -28.4891
v 18.8355 22.8749 -28.4891
v 23.1196 22.8749 -28.4891
v 25.3750 22.8749 -28.4891
v 42.1219 22.3500 -28.4078
v 49.1737 21.6431 -28.5502
v 50.5717 22.8749 -28.4891
v -53.7123 24.4081 -28.3050
v -43.7418 26.0650 -27.3615
v -32.7034 26.0993 -27.3519
v -24.0097 26.0339 -27.4377
v -18.9838 25.2932 -27.7438
v -17.2751 24.9986 -27.7220
v -12.9393 25.8422 -27.5765
v -9.7690 26.3486 -28.5911
v -7.1979 26.6441 -29.1280
v -4.2669 26.0650 -27.3615
v 6.7734 26.0930 -27.4407
v 15.4700 26.0650 -27.3615
v 26.5074 26.0993 -27.3519
v 29.8289 26.2790 -28.9104
v 30.5741 26.2120 -29.2756
v 36.4736 26.2232 -28.0288
v -58.8138 29.0825 -28.2828
v -54.2890 28.3489 -28.5330
v -43.4600 27.6043 -27.2727
v -43.0151 28.5013 -27.1066
v -33.7774 28.9042 -26.9372
v -33.0709 28.3682 -27.2697
v -30.1833 29.6054 -27.8741
v -26.5097 29.5271 -28.0606
v -23.3731 28.3094 -27.1394
v -13.5897 28.2938 -27.1101
v -10.3452 28.8834 -28.3396
v -6.8308 29.1338 -28.3933
v -3.6356 28.3134 -27.1225
v 6.1468 28.2939 -27.1262
v 9.2118 29.7399 -28.0194
v 12.4062 29.4043 -28.9239
v 16.1026 28.3113 -27.1292
v 25.8838 28.2934 -27.1286
v 28.9507 29.4213 -28.8007
v 36.4736 29.0305 -28.0288
v -58.0324 32.9856 -28.6194
v -55.0193 32.9808 -28.6317
v -52.3594 32.1445 -28.3525
v -45.0689 31.6888 -28.1829
v -31.2991 31.3391 -27.9749
v -25.3928 31.3391 -27.9749
v -11.8108 31.5126 -28.1040
v -11.0874 30.9921 -27.7169
v -5.6634 31.3391 -27.9749
v 7.5898 31.6122 -28.1190
v 8.3226 31.2610 -27.9338
v 13.7554 30.9842 -28.8810
v 14.4697 31.5812 -28.1148
v 28.0965 31.0719 -28.7642
v 50.9099 33.3134 -28.2362
v 55.6450 33.3784 -28.1096
v 56.2087 33.2159 -28.4262
v -57.8191 34.1399 -28.4226
v -55.0641 34.3720 -28.4661
v -52.7450 34.7746 -28.3704
v -45.3771 35.1391 -28.6413
v 12.5129 34.6674 -29.0778
v 19.5683 35.6187 -27.9386
v 22.3868 36.0944 -27.8851
v 25.2053 36.0944 -27.8851
v 29.0594 34.7061 -28.9894
v 30.5741 34.6674 -29.2756
v 36.4793 35.8558 -28.1218
v 39.2977 36.2824 -28.1979
v 47.7532 36.2824 -28.1979
v 50.8535 35.4369 -28.7052
v 55.6450 34.5913 -29.2126
v -56.5195 38.7740 -27.8512
v -54.2393 37.3393 -27.7103
v -47.0419 40.0263 -27.9762
v -46.0206 38.4062 -27.8174
v 22.3868 37.6131 -27.6643
v 25.2053 37.6131 -27.6643
v 28.0238 37.6131 -27.6643
v 36.4793 37.5165 -28.1387
v 39.2977 38.1962 -28.7654
v 47.7532 38.1962 -28.7654
v 50.5717 37.2266 -29.5621
v 57.2643 38.5564 -28.4695
v 59.0271 41.8703 -28.5023
v -21.2644 45.6443 -28.8911
v -15.6981 45.6443 -28.8911
v -10.2970 45.3999 -28.9153
v 59.0271 45.2232 -29.6996
v 59.0271 48.7452 -29.1787
v 39.2977 52.5564 -29.7086
v 47.7532 52.5564 -29.7086
v 57.9191 51.9568 -28.8156
v -21.3073 54.0981 -28.7188
v -15.6551 54.0981 -28.7188
v -10.3939 54.3555 -29.1908
v 19.5683 55.7883 -27.8851
v 22.3868 54.8771 -27.7526
v 25.2053 54.8771 -27.7526
v 28.0238 54.8771 -27.7526
v 36.4793 54.9082 -28.1423
v 39.2977 54.7013 -28.2618
v 47.7532 54.7013 -28.2618
v 50.5717 55.2856 -28.6526
v 57.0880 54.1169 -27.8710
v 19.5683 57.2153 -28.0457
v 36.4793 57.2153 -28.0457
v 50.9743 58.2042 -28.5152
v 55.6450 58.0192 -28.5508
v 56.2087 58.6668 -28.4262
v 17.1726 -38.5794 -26.2081
v 19.4951 -38.8515 -25.3262
v 22.1800 -38.4653 -25.3183
v 25.6185 -39.1498 -25.2827
v 28.6851 -38.4537 -25.3325
v 31.8282 -38.3722 -25.0574
v 35.3452 -39.0388 -25.2571
v 38.6497 -38.4586 -25.3014
v 41.9321 -39.0579 -25.2845
v 44.4506 -38.8673 -25.3395
v 46.7927 -38.6132 -24.6642
v 16.8730 -36.9984 -25.2281
v 19.1992 -37.3153 -24.9620
v 22.1606 -37.7625 -24.7230
v 25.4052 -37.8215 -24.7126
v 28.7985 -37.7549 -24.7216
v 31.8049 -37.7963 -24.7379
v 34.7838 -37.7704 -24.7563
v 38.4047 -37.7653 -24.7309
v 41.5490 -37.8159 -24.7061
v 44.8367 -37.5428 -24.8154
v 47.1930 -36.4806 -24.8689
v 18.1845 -34.2600 -24.4587
v 46.1715 -34.4289 -23.7746
v 47.0453 -33.2490 -25.6560
v 50.7885 -33.3427 -25.4234
v 55.6450 -33.2879 -25.4724
v 56.2087 -33.5173 -25.2648
v 47.0648 -29.8271 -25.2621
v 50.8535 -30.9187 -24.1675
v 55.6450 -30.9149 -24.1750
v 47.0457 -26.6937 -25.3504
v 47.1109 -23.3868 -25.4837
v 50.8183 -22.8332 -24.3996
v 55.6450 -22.9109 -24.4493
v 56.2087 -22.3083 -24.0801
v -56.5196 -19.6445 -25.2271
v -50.3559 -21.5768 -25.2272
v -48.1658 -20.1775 -25.2874
v 16.7649 -18.8218 -24.3197
v 18.3079 -19.5971 -24.7978
v 45.9761 -19.1013 -24.3694
v 46.9490 -20.2957 -25.8582
v 50.7831 -20.7479 -25.9762
v 55.6450 -20.8032 -26.0173
v 56.2087 -20.5876 -25.8571
v -56.5195 -17.8417 -25.2272
v -47.9753 -17.5986 -25.2272
v -46.4124 -15.2987 -25.2272
v 16.9297 -17.2250 -25.5649
v 19.3640 -16.8050 -25.0554
v 22.3910 -16.6272 -24.9646
v 25.5007 -16.5988 -24.8650
v 28.5078 -16.6562 -24.9553
v 32.1663 -16.6712 -24.9099
v 34.9895 -16.6083 -24.8917
v 38.1955 -16.6841 -24.8318
v 41.2351 -16.5982 -24.9484
v 44.8812 -16.7495 -24.9669
v 47.3482 -17.3882 -24.3475
v -53.6495 -12.7910 -25.2233
v -45.7895 -13.5245 -25.2272
v 19.6265 -14.5333 -25.5598
v 25.7817 -14.3927 -25.4530
v 35.8895 -14.3655 -25.5198
v 38.8051 -14.9097 -24.2238
v 42.4236 -14.3566 -25.5303
v 44.0165 -14.5030 -25.3258
v -57.9521 -9.4474 -25.2226
v -55.1099 -9.4498 -25.2393
v -52.6286 -10.1817 -25.2272
v -45.3001 -10.1127 -25.2272
v -58.6108 -7.3799 -25.2272
v -54.4507 -7.3799 -25.2272
v -52.3031 -7.4125 -25.2272
v -45.0689 -7.3983 -25.4403
v -31.2321 -7.2536 -25.2272
v -30.2681 -5.8708 -25.2272
v -25.7352 -6.8585 -25.2272
v -11.8108 -7.5085 -25.2272
v -10.7896 -6.3711 -25.2272
v -6.0058 -6.8585 -25.2272
v 7.5898 -7.6099 -25.2272
v 8.6542 -6.7333 -25.2272
v 13.4252 -6.5704 -25.2272
v 14.4697 -7.5789 -25.2272
v 28.2316 -6.8585 -25.2272
v -58.8868 -4.8163 -25.6364
v -54.2801 -4.1088 -25.6377
v -43.5996 -2.9298 -25.4196
v -42.7795 -4.5327 -26.2035
v -33.8859 -4.7266 -26.2832
v -33.0649 -3.5057 -25.6822
v -29.9761 -4.8253 -25.9437
v -26.7156 -4.8196 -25.9994
v -23.3409 -3.9497 -25.9173
v -13.6013 -3.9127 -25.8840
v -10.1007 -3.6161 -25.5542
v -7.1323 -3.6161 -25.5542
v -3.6035 -3.9498 -25.9193
v 6.1363 -3.9127 -25.8825
v 9.4827 -4.8253 -25.9437
v 12.7432 -4.8196 -25.9994
v 16.1340 -3.9497 -25.9173
v 25.8731 -3.9127 -25.8835
v 29.3581 -3.6161 -25.5542
v -53.7123 -0.5224 -25.2272
v -43.8325 -1.1881 -25.2266
v -32.6131 -1.1881 -25.2266
v -23.7531 -0.6703 -25.2267
v -20.6233 0.8832 -25.2272
v -16.3392 0.8832 -25.2272
v -13.2164 -0.6703 -25.2267
v -4.3587 -1.1881 -25.2266
v 6.8626 -1.1881 -25.2266
v 15.3679 -0.5435 -25.3538
v 18.9832 0.6657 -25.4406
v 22.9720 0.6657 -25.4406
v 26.6028 -0.5435 -25.3538
v 35.7832 -0.8884 -25.0804
v 39.3950 -0.3963 -25.8528
v 41.2094 -0.4037 -25.8724
v -58.8336 3.7871 -25.1526
v -54.0069 3.8926 -25.2508
v -51.1193 3.1378 -25.7267
v -44.7529 3.1378 -25.7267
v -31.6740 3.1378 -25.7267
v -25.2456 3.3627 -25.8529
v -24.1238 2.2379 -25.2216
v -11.9423 3.1378 -25.7267
v -5.5162 3.3627 -25.8529
v -4.3888 2.2379 -25.2216
v 6.8908 2.2379 -25.2216
v 8.0126 3.3627 -25.8529
v 14.2132 3.3627 -25.8529
v 15.3519 2.2379 -25.2216
v 18.9764 1.1644 -26.8591
v 22.9787 1.1644 -26.8591
v 26.6258 2.2379 -25.2216
v 27.7420 3.3627 -25.8529
v 34.6539 2.2366 -25.3589
v 38.6424 3.6641 -25.6631
v 40.8798 2.1038 -26.0241
v 50.9362 3.9023 -25.6312
v 55.6563 3.9910 -25.6267
v 57.6720 3.9379 -25.6294
v -58.7856 5.6354 -25.2271
v -53.8803 5.7346 -25.2532
v -51.0746 5.8475 -25.2605
v -44.3129 6.4790 -25.4448
v -32.1102 6.4773 -25.4448
v -24.9885 6.4932 -25.4316
v -24.1190 6.4613 -25.4599
v -12.3801 6.4780 -25.4448
v -5.3335 6.5447 -25.4616
v -4.4325 6.4196 -25.4302
v 7.1086 6.4476 -25.2231
v 8.0126 6.5631 -26.0544
v 14.2132 6.5631 -26.0544
v 15.1187 6.4462 -25.2231
v 26.6596 6.4209 -25.4302
v 27.5592 6.5447 -25.4616
v 35.9391 5.8345 -25.3454
v 42.2179 6.8622 -25.3464
v 43.5291 5.5634 -26.1362
v 47.6398 6.8882 -25.3552
v 50.5717 6.5540 -25.5006
v -58.7856 7.9890 -25.4302
v -54.0107 7.9972 -25.5018
v -0.6120 9.3011 -24.5226
v 3.1084 9.3011 -24.5226
v 18.9921 9.2680 -25.3884
v 22.9631 9.2680 -25.3884
v 36.4793 9.1888 -25.3712
v 42.1108 9.4235 -25.3151
v 47.7532 9.7400 -25.3192
v 57.6095 7.8749 -25.2272
v -40.0708 12.1195 -23.7639
v -36.3504 12.1195 -23.7639
v -20.3414 12.9234 -24.1370
v -16.6210 12.9234 -24.1370
v 19.1174 12.0869 -24.3653
v 22.8378 12.0869 -24.3653
v 42.1078 14.0192 -25.2272
v 47.7532 14.0192 -25.2272
v -58.7856 16.2494 -25.4302
v -53.9942 16.2494 -25.4302
v -20.4741 15.0456 -25.4756
v -16.4884 15.0455 -25.4756
v -0.6120 14.9380 -24.5226
v 3.1084 14.9380 -24.5226
v 36.4793 15.0501 -25.3712
v 42.1792 16.9218 -25.3757
v 47.6647 17.0759 -25.4231
v 57.6095 16.3585 -25.2272
v -58.8343 19.5918 -25.3531
v -53.9099 18.9376 -25.2482
v -51.0817 18.4905 -25.3087
v -44.4232 18.2177 -25.5470
v -31.9996 18.2191 -25.5470
v -25.0586 18.4984 -25.6023
v -24.1190 17.7778 -25.4599
v -12.2695 18.2186 -25.5470
v -5.3883 18.5376 -25.6404
v -4.4325 17.8195 -25.4302
v 7.1086 17.7916 -25.2231
v 8.0126 18.8885 -26.0559
v 14.2132 18.8885 -26.0559
v 15.1187 17.7930 -25.2231
v 26.6596 17.8182 -25.4302
v 27.6141 18.5376 -25.6404
v 35.6324 18.3946 -25.4490
v 42.2014 17.7356 -25.2545
v 43.5291 18.6755 -26.1362
v 47.6139 17.6112 -25.2745
v 50.8147 19.4525 -25.5877
v 55.6563 20.2481 -25.6267
v 57.6720 20.3013 -25.6294
v -51.0347 21.9899 -25.2300
v -44.4198 21.9899 -25.2300
v -32.0156 21.9899 -25.2300
v -25.2456 21.9842 -25.2385
v -24.1193 23.0639 -25.5564
v -20.4965 23.2901 -25.4220
v -16.4660 23.2901 -25.4220
v -12.6564 22.8839 -25.5034
v -5.5162 21.9842 -25.2385
v -4.3888 21.9955 -25.2216
v 6.8908 21.9955 -25.2216
v 8.0126 21.9842 -25.2385
v 14.2132 21.9842 -25.2385
v 16.3895 23.0158 -25.2258
v 18.8355 23.3559 -25.2272
v 23.1196 23.3559 -25.2272
v 25.5671 23.0158 -25.2258
v 27.7420 21.9842 -25.2385
v 35.0154 23.1133 -25.0211
v 41.3274 22.9841 -25.8907
v 49.1737 22.5310 -25.1145
v 50.5717 23.3653 -25.7796
v -53.7123 24.7614 -25.2272
v -43.7715 25.9543 -25.2268
v -32.6735 25.9543 -25.2268
v -24.0344 25.9543 -25.2268
v -20.3414 25.1251 -26.5115
v -16.6210 25.1251 -26.5115
v -12.9360 25.9543 -25.2268
v -7.2073 26.8677 -25.2272
v -4.2970 25.9543 -25.2268
v 6.8014 25.9543 -25.2268
v 15.4405 25.9543 -25.2268
v 26.5373 25.9544 -25.2268
v 29.4330 26.8677 -25.2272
v 35.9477 25.5474 -25.0920
v 39.3799 24.6373 -25.8807
v 40.9279 25.2882 -25.9805
v -58.8720 29.1751 -25.7223
v -54.2844 28.5034 -25.6963
v -43.4962 27.6118 -25.7402
v -42.8026 28.7564 -26.1642
v -33.8958 28.9651 -26.3230
v -33.2219 28.2125 -25.9350
v -30.0493 29.3215 -25.8064
v -26.6323 29.3631 -25.7390
v -23.1959 28.5417 -26.0834
v -13.8009 28.5668 -26.1201
v -10.2142 28.7569 -25.5872
v -7.0100 28.6854 -25.5905
v -3.4587 28.5418 -26.0855
v 5.9363 28.5668 -26.1176
v 9.4095 29.3214 -25.8063
v 12.8265 29.3631 -25.7390
v 16.2794 28.5416 -26.0834
v 25.6729 28.5667 -26.1191
v 29.2357 28.6854 -25.5905
v -58.0513 33.2393 -25.2385
v -55.0103 33.2392 -25.2159
v -52.3331 32.1402 -25.2272
v -45.0689 31.9334 -25.2796
v -31.2321 31.4927 -25.2272
v -25.4598 31.4926 -25.2272
v -11.8108 31.7474 -25.2272
v -11.0404 31.1105 -25.2272
v -5.7304 31.4926 -25.2272
v 7.5898 31.8489 -25.2272
v 8.3860 31.4037 -25.2272
v 13.6852 31.2759 -25.2272
v 14.4697 31.8179 -25.2272
v 27.9562 31.4926 -25.2272
v 50.9475 32.4396 -25.0944
v 55.6450 32.5771 -25.0666
v 56.2087 32.1646 -25.1502
v -57.8280 34.2992 -25.2410
v -55.1876 34.3529 -25.2506
v -52.7070 34.8534 -25.2272
v -45.3771 35.4171 -25.2272
v 19.5683 35.1860 -25.6707
v 22.3868 35.8587 -25.4668
v 25.2053 35.8587 -25.4668
v 28.0238 35.8587 -25.4668
v 36.4793 35.8587 -25.4668
v 39.5602 36.0839 -25.0187
v 40.2523 35.7043 -25.0410
v 47.0637 35.8770 -25.0360
v 50.5717 35.1860 -25.6707
v 57.0880 36.5314 -25.2629
v -56.5195 38.9008 -25.2272
v -54.0768 37.3694 -25.2272
v -47.0419 40.1616 -25.2272
v -46.0206 38.5344 -25.2272
v 59.0271 39.1713 -25.2126
v -21.6923 45.9583 -25.9564
v -15.2701 45.9583 -25.9564
v -8.9452 45.6482 -25.8507
v -8.0562 45.8557 -23.8332
v 57.6095 43.8219 -26.0840
v 57.6095 48.0609 -26.0840
v 59.0271 52.7114 -25.2126
v -21.7061 53.7993 -25.9586
v -15.2563 53.7993 -25.9586
v -8.9350 54.0839 -25.8693
v 19.5683 56.5445 -26.2024
v 22.3868 55.8287 -25.6387
v 25.2053 55.8287 -25.6387
v 28.0238 55.8287 -25.6387
v 36.4793 55.8287 -25.6387
v 39.5735 55.7429 -25.0348
v 40.1977 55.8274 -25.1016
v 47.1173 55.8148 -25.0712
v 50.5717 56.5445 -26.2024
v 57.0880 55.3514 -25.2629
v 19.5683 57.0011 -24.6072
v 22.3868 57.0011 -24.6072
v 25.2053 57.0011 -24.6072
v 28.0238 57.0011 -24.6072
v 36.4793 57.0011 -24.6072
v 39.2977 57.0011 -24.6072
v 40.3310 57.0029 -24.8847
v 46.7937 57.0027 -24.8648
v 50.9099 59.1989 -25.0457
v 55.6450 59.3057 -25.0666
v 56.2087 59.7181 -25.1502
v 19.5179 -38.9775 -22.1370
v 45.1816 -38.8546 -23.2702
v 47.5480 -39.2241 -22.5647
v 50.5717 -38.4939 -21.3226
v 17.0326 -35.8136 -22.6596
v 19.4355 -36.2183 -22.1509
v 22.1879 -36.0352 -22.2364
v 25.4232 -36.0252 -22.2350
v 28.7159 -36.0480 -22.2527
v 31.8039 -36.0203 -22.2173
v 34.7877 -36.0423 -22.2770
v 38.5715 -36.0381 -22.2439
v 41.5013 -36.0289 -22.2266
v 44.7530 -35.7973 -22.0865
v 47.6475 -35.7117 -23.2652
v 50.5717 -36.6512 -21.8268
v 16.8529 -33.6701 -21.7267
v 19.0693 -33.4235 -21.4824
v 22.2913 -33.6950 -20.7221
v 25.4095 -33.6157 -20.6501
v 28.6147 -33.6732 -20.7250
v 31.8039 -33.5235 -20.6260
v 34.7366 -33.7150 -20.7247
v 38.7007 -33.6845 -20.7212
v 41.4546 -33.6080 -20.6522
v 45.0751 -33.7705 -21.1179
v 47.2037 -33.2684 -22.2093
v 16.7611 -30.6975 -20.7346
v 18.2987 -30.3687 -21.4396
v 36.4793 -29.8816 -22.4989
v 42.1162 -29.8816 -22.4989
v 46.0551 -30.2812 -20.9223
v 46.9634 -29.5069 -21.9223
v 50.7831 -29.9249 -23.0845
v 55.6450 -29.8421 -23.1312
v 56.2087 -30.1705 -22.9513
v 16.7499 -25.2761 -20.4978
v 18.2250 -26.7254 -21.2253
v 46.1387 -26.3310 -20.8005
v 47.0040 -26.6350 -22.5301
v 50.8023 -26.7779 -22.8728
v 55.6450 -26.7455 -22.9668
v 56.2087 -26.9264 -22.4693
v 16.7968 -22.8241 -20.9365
v 18.4278 -23.1557 -21.6603
v 36.4793 -24.7970 -22.4989
v 42.1162 -24.7970 -22.4989
v 45.8497 -22.8360 -21.2254
v 46.9215 -23.4884 -22.3548
v 50.7596 -24.1150 -23.0777
v 55.6450 -24.1149 -23.0777
v 56.2087 -24.1149 -23.0777
v -48.4126 -20.0067 -22.7830
v 16.9147 -20.1442 -22.0964
v 19.3335 -19.8669 -21.7061
v 22.6081 -19.5806 -21.6074
v 25.4184 -19.7068 -21.6120
v 28.3142 -19.5453 -21.6367
v 32.1130 -19.7827 -21.5856
v 34.8704 -19.8065 -21.5746
v 38.7793 -19.6181 -21.6127
v 40.9342 -19.5816 -21.6297
v 44.8465 -19.9818 -21.5961
v 47.5333 -20.1395 -22.1854
v 50.5717 -18.7911 -21.2614
v -47.6325 -16.8964 -22.4711
v -44.4481 -16.0653 -21.5831
v -42.8875 -16.0653 -21.3384
v 17.0571 -18.1284 -23.3078
v 19.4527 -17.4116 -22.2783
v 22.4021 -18.2272 -22.4101
v 25.4010 -18.2801 -22.3491
v 28.5190 -18.2373 -22.4025
v 32.1634 -18.2465 -22.3461
v 34.8691 -18.2280 -22.3773
v 38.2557 -18.3269 -22.2538
v 41.0338 -18.2232 -22.4244
v 44.8761 -17.9168 -22.5574
v 47.3279 -16.3013 -23.4121
v 50.5717 -16.9753 -21.8327
v -53.6604 -12.6157 -22.1270
v -45.1593 -14.1376 -22.0508
v -42.7001 -13.7459 -21.5424
v -35.4026 -13.2468 -21.4906
v -30.8693 -13.2468 -21.2481
v -29.4096 -13.2468 -21.5688
v 19.5683 -14.8090 -21.6675
v 47.7532 -14.8089 -21.6675
v -57.9255 -9.2999 -22.1017
v -55.1047 -9.3460 -22.0955
v -52.6622 -10.1183 -22.0778
v -45.3064 -10.0406 -22.6217
v -35.4274 -11.3698 -21.7109
v -31.1237 -10.4283 -21.4553
v -29.1256 -10.4283 -21.8485
v -25.5274 -10.4283 -22.4087
v -11.7168 -10.4283 -22.4087
v 36.4793 -10.4283 -22.4087
v 47.7532 -10.4283 -22.4087
v -58.2036 -8.1942 -21.4411
v -54.8307 -8.1747 -21.4795
v -52.3211 -7.4374 -22.1179
v -44.9819 -7.2891 -22.7903
v -31.2293 -7.0804 -22.7369
v -30.3428 -5.8749 -22.8304
v -25.6979 -6.7536 -22.7615
v -11.8078 -7.3333 -22.7441
v -10.8730 -6.3485 -22.7741
v -5.9685 -6.7536 -22.7615
v 7.6493 -7.4160 -22.7037
v 8.6415 -6.6978 -22.7509
v 13.5070 -6.5210 -22.7606
v 14.4721 -7.4051 -22.7639
v 28.1922 -6.7631 -22.7615
v 36.4793 -7.6099 -22.4087
v 47.7532 -7.6099 -22.4087
v -58.8668 -4.6268 -22.4240
v -54.2815 -3.8913 -22.2338
v -44.1540 -4.4378 -21.5111
v -43.0137 -4.5389 -21.7414
v -35.2821 -4.3473 -21.4299
v -32.2016 -3.4393 -21.8115
v -29.6643 -3.6722 -21.6567
v -26.5116 -4.7010 -22.8361
v -23.3973 -3.7259 -22.3796
v -13.5728 -3.7260 -22.3796
v -10.1844 -4.0800 -22.6240
v -7.0655 -3.9293 -22.6240
v -3.6603 -3.7259 -22.3796
v 6.1643 -3.7260 -22.3796
v 9.4291 -4.9182 -23.0403
v 12.7888 -4.8869 -23.0131
v 16.0777 -3.7259 -22.3796
v 25.9013 -3.7259 -22.3796
v 29.2744 -4.0801 -22.6240
v 35.0700 -4.7914 -22.4087
v 39.1812 -2.9462 -21.3824
v -53.7123 -0.1690 -22.1494
v -43.8146 -0.9655 -21.8434
v -32.6308 -0.9655 -21.8434
v -23.9163 -0.7123 -21.9916
v -20.6233 1.0598 -23.0288
v -16.3392 1.0598 -23.0288
v -13.0539 -0.7124 -21.9916
v -10.0258 0.8456 -22.4087
v -7.2073 0.8456 -22.4087
v -4.3405 -0.9655 -21.8434
v 6.8449 -0.9655 -21.8434
v 15.3906 -0.7193 -22.0599
v 19.0469 -0.4071 -22.7561
v 22.9083 -0.4071 -22.7561
v 26.5843 -0.7194 -22.0599
v 29.4330 -1.9729 -22.4087
v 35.7878 -0.7590 -21.9558
v 39.3686 -0.1867 -21.5279
v 40.7375 -0.5667 -22.2118
v -59.0271 4.0686 -22.6857
v -48.0753 3.2885 -22.4087
v -43.8476 3.7242 -21.3960
v -40.3527 3.7242 -21.3960
v -36.0686 3.7242 -21.3960
v -32.5737 3.7242 -21.3960
v -28.7842 3.1868 -22.4087
v -27.0311 3.5936 -22.4087
v -22.9370 1.5163 -21.4335
v -20.6233 1.5163 -21.4335
v -16.3392 1.5163 -21.4335
v -14.0311 1.5163 -21.4335
v -9.2834 3.2791 -22.4087
v -7.5051 3.3042 -22.4087
v -4.3888 1.9820 -21.9127
v -0.8939 1.9820 -21.9127
v 3.3902 1.9820 -21.9127
v 6.8852 1.9820 -21.9127
v 10.0015 3.3043 -22.4087
v 11.7797 3.2790 -22.4087
v 15.3406 1.7025 -21.6280
v 18.9764 2.2799 -21.8738
v 22.9787 2.2799 -21.8738
v 26.6146 1.7025 -21.6280
v 29.7309 3.3043 -22.4087
v 31.5091 3.2790 -22.4087
v 35.0756 1.7032 -21.8950
v 37.6622 3.6641 -21.9070
v 41.1397 1.6032 -22.4278
v 50.8841 4.0973 -22.9096
v 55.6562 4.1292 -23.0063
v 57.7952 4.1089 -22.9448
v -58.8369 6.1957 -21.2191
v -53.7819 6.5396 -21.8500
v -51.2124 6.5138 -22.2119
v -48.0753 4.9978 -22.4087
v -44.5307 7.0569 -22.8238
v -38.5594 6.7660 -22.1642
v -36.3504 6.7727 -21.1047
v -31.8906 7.0569 -22.8238
v -28.6510 5.0846 -22.4087
v -25.5298 6.7151 -22.8634
v -24.1182 7.0547 -22.8315
v -12.1612 7.0570 -22.8238
v -9.2582 5.0574 -22.4087
v -6.0028 6.5430 -22.8129
v -4.3888 7.0547 -22.8315
v 7.1834 6.9476 -23.0700
v 8.8137 6.4501 -22.4392
v 12.8783 6.1918 -22.3302
v 14.9385 6.9416 -23.0690
v 18.9764 6.0623 -21.2190
v 22.9787 6.0623 -21.2190
v 26.6146 7.0547 -22.8315
v 28.2847 6.5210 -22.7162
v 31.4840 5.0574 -22.4087
v 36.0758 6.4004 -22.8015
v 42.2283 7.2010 -22.9543
v 47.6374 7.2490 -22.9534
v 50.8451 5.6408 -21.8577
v 55.6562 4.9615 -21.5369
v 57.5752 4.9494 -21.4440
v -58.7856 8.7457 -21.6209
v -53.9236 8.6521 -21.4598
v -50.9966 8.2464 -20.9436
v -44.9455 8.4130 -21.0190
v -40.3527 9.6633 -21.4920
v -40.0709 9.3724 -22.0976
v -36.2524 9.4735 -21.8869
v -32.0001 8.2187 -21.1968
v -30.4271 8.8012 -20.6635
v -26.0944 8.4577 -20.9727
v -24.1182 8.3569 -21.0770
v -12.8442 8.3569 -21.0770
v -10.8680 8.4577 -20.9727
v -6.5082 8.5456 -20.8982
v -4.3888 8.3569 -21.0770
v -0.4425 10.7229 -21.5304
v 2.9529 10.7217 -21.5734
v 6.8852 8.3569 -21.0770
v 8.8614 8.4577 -20.9727
v 13.2537 8.4715 -20.9536
v 15.3406 8.3569 -21.0770
v 19.1015 8.9173 -22.8004
v 22.7433 9.0161 -22.7800
v 26.6146 8.3569 -21.0770
v 28.5908 8.4577 -20.9727
v 36.3214 9.6729 -22.5273
v 42.1915 8.7545 -21.4357
v 47.6511 8.6839 -21.3655
v 50.5717 8.3470 -21.0643
v 57.6095 10.0000 -21.5519
v -58.7856 12.7262 -21.1362
v -54.0107 12.7741 -21.1421
v -40.3527 12.7248 -22.2579
v -40.0708 12.8404 -22.4163
v -36.2178 12.7861 -22.3418
v -19.0882 13.0835 -22.8094
v -17.1661 13.3759 -22.9441
v -0.4566 13.5174 -21.5734
v 2.9388 13.5163 -21.5304
v 20.2944 11.5820 -22.7460
v 21.4330 11.6586 -22.7687
v 36.4793 12.6184 -22.3640
v 42.0850 12.9148 -21.8818
v 47.7255 13.1545 -21.9050
v -58.7856 16.1007 -21.6597
v -53.8596 16.2456 -21.6346
v -51.0076 16.6075 -21.5646
v -44.7802 16.3582 -21.6701
v -40.3527 15.0812 -21.1427
v -39.5541 15.8915 -21.9991
v -36.2721 15.4020 -21.6474
v -31.9211 16.5706 -21.9024
v -30.4271 15.4379 -20.6635
v -25.7762 16.3311 -21.6312
v -24.1182 16.3932 -21.7202
v -20.4824 16.1168 -22.4442
v -16.4801 16.1168 -22.4442
v -12.3860 16.6204 -21.9872
v -10.8680 15.7814 -20.9727
v -6.1387 16.2232 -21.5207
v -4.3888 16.3932 -21.7202
v 6.8852 16.3932 -21.7202
v 8.5432 16.3311 -21.6312
v 13.3872 16.4077 -21.7242
v 15.2125 16.5108 -21.8880
v 26.6146 16.3932 -21.7202
v 28.2726 16.3310 -21.6312
v 36.1929 15.7169 -22.2191
v 36.7471 17.1552 -21.3779
v 42.2112 16.0823 -21.9414
v 47.6434 16.1064 -21.9187
v 50.5717 16.4044 -21.7097
v 57.6095 14.2391 -21.5519
v -58.9030 18.9861 -21.5630
v -53.8062 18.0686 -21.8568
v -51.2810 18.0841 -22.3793
v -48.0753 19.6357 -22.4087
v -44.1459 19.0107 -22.4594
v -40.3527 20.5130 -21.3565
v -38.4173 17.9506 -22.2522
v -36.1390 20.0353 -21.2672
v -32.2754 19.0107 -22.4594
v -28.7842 19.5341 -22.4087
v -26.0221 18.7232 -22.9779
v -24.1182 17.5141 -23.5925
v -20.4824 18.9778 -21.1024
v -16.4801 18.9778 -21.1024
v -12.2477 17.5085 -23.5622
v -9.2834 19.6263 -22.4087
v -6.6165 18.7931 -22.8641
v -4.3888 19.0360 -22.9922
v -0.8939 20.5581 -22.3918
v 3.3902 20.5581 -22.3918
v 7.3326 18.2709 -23.2696
v 10.0015 19.6515 -22.4087
v 11.7797 19.6263 -22.4087
v 14.7440 17.5085 -23.5622
v 26.6146 17.5141 -23.5925
v 28.8423 18.7931 -22.8641
v 31.5091 19.6263 -22.4087
v 36.3372 17.9927 -22.5440
v 37.1045 17.6494 -21.6419
v 41.7406 18.0210 -23.0028
v 47.7106 17.4909 -23.5512
v 50.9134 19.5568 -22.1843
v 55.6563 19.6104 -22.1246
v 57.6720 19.6596 -22.1043
v -48.0753 21.3451 -22.4087
v -28.6510 21.4319 -22.4087
v -27.1255 20.9978 -22.4087
v -24.1182 22.6753 -22.0175
v -20.4876 22.2658 -22.0477
v -16.4748 22.2658 -22.0477
v -12.8442 22.6753 -22.0175
v -9.4501 21.9018 -22.4087
v -7.5051 21.9683 -22.4087
v -4.3888 22.8216 -21.7530
v -0.8939 22.8216 -21.7530
v 3.3902 22.8216 -21.7530
v 6.8852 22.8216 -21.7530
v 10.1504 21.2557 -22.4087
v 11.7546 21.4046 -22.4087
v 16.5745 22.8749 -21.9653
v 18.8355 22.8749 -21.9653
v 23.1196 22.8749 -21.9653
v 25.3750 22.8749 -21.9653
v 29.8798 21.2557 -22.4087
v 31.4840 21.4046 -22.4087
v 35.1095 22.8862 -21.8461
v 39.7600 23.7345 -21.0700
v 41.3865 22.8705 -22.0705
v -53.7123 24.4081 -22.1494
v -43.7313 25.7882 -21.7308
v -32.7136 25.7882 -21.7308
v -23.9942 25.7881 -21.7308
v -20.3414 25.1163 -22.4830
v -16.6210 25.1163 -22.4830
v -12.9765 25.7882 -21.7308
v -9.1060 26.0105 -22.4087
v -7.2073 26.6443 -22.4087
v -4.2566 25.7881 -21.7308
v 6.7611 25.7881 -21.7308
v 15.4805 25.7881 -21.7308
v 26.4972 25.7881 -21.7308
v 29.4325 26.5134 -22.4087
v 30.9234 26.7565 -22.4087
v 36.0071 25.2257 -21.9715
v 39.3042 24.3405 -22.2557
v 41.1366 24.9491 -21.8470
v -58.8464 29.0695 -22.5394
v -54.2867 28.3280 -22.3700
v -43.4474 27.6155 -22.9273
v -42.9134 28.4488 -22.5876
v -33.8842 28.8162 -22.7512
v -33.2570 28.1004 -22.5904
v -30.0108 29.4847 -22.8963
v -26.5318 29.5559 -22.9528
v -23.2588 28.3206 -22.6399
v -13.7110 28.3207 -22.6399
v -9.6603 28.7470 -22.6006
v -6.8951 29.0291 -22.7071
v -3.5220 28.3206 -22.6399
v 6.0258 28.3206 -22.6399
v 9.3093 29.5225 -22.9370
v 12.9270 29.5559 -22.9528
v 16.2170 28.3205 -22.6399
v 25.7625 28.3206 -22.6399
v 29.1171 29.0652 -22.7284
v 32.1685 28.4447 -22.4087
v 35.0700 29.0305 -22.4087
v -58.0588 33.0015 -21.9185
v -55.0180 33.0039 -21.9210
v -52.3594 32.1445 -22.1019
v -45.0452 31.9185 -22.8063
v -31.2319 31.3197 -22.7369
v -25.4625 31.3196 -22.7369
v -11.8131 31.5740 -22.7441
v -11.0883 30.9804 -22.7272
v -5.7331 31.3195 -22.7369
v 7.6413 31.6565 -22.7037
v 8.3867 31.2276 -22.7459
v 13.7347 31.1396 -22.7219
v 14.4672 31.6432 -22.7639
v 27.9563 31.3195 -22.7369
v 50.9475 32.1636 -21.7323
v 55.6450 32.3041 -21.7393
v 56.2087 31.8827 -21.7182
v -57.8123 34.1441 -22.0610
v -55.1145 34.3098 -22.0753
v -52.7450 34.7746 -22.0840
v -45.4112 35.5241 -22.5872
v -32.5449 34.6674 -22.4087
v -7.2073 34.6674 -22.4087
v 11.1129 34.6674 -22.4087
v 19.5683 34.7051 -22.4087
v 22.3868 35.5291 -22.1341
v 25.2053 35.5291 -22.1341
v 28.0238 35.5291 -22.1341
v 36.4793 35.4214 -22.1685
v 39.5927 35.8812 -22.3436
v 40.2621 35.5109 -22.4177
v 47.0260 35.6420 -22.3655
v 50.5717 34.7051 -22.4087
v 57.0880 36.1471 -21.9282
v -56.5195 38.7740 -22.6032
v -54.2393 37.3393 -22.7441
v -47.0419 40.0263 -22.4783
v -46.0981 38.5554 -22.2048
v 59.0271 38.5964 -22.0480
v 57.6095 41.6967 -22.4087
v -22.2298 46.4769 -22.2520
v -14.7909 46.4130 -22.6498
v -14.5579 46.6685 -21.0587
v -7.4160 46.0181 -22.3789
v 57.6095 50.1804 -22.4087
v -22.2401 53.2836 -22.2537
v -14.8907 53.4667 -23.4149
v -14.5537 53.1004 -21.0925
v 59.0271 53.2849 -22.0480
v -7.5207 53.7501 -22.6506
v 22.3868 55.7356 -21.9282
v 25.2053 55.7356 -21.9282
v 28.0238 55.7356 -21.9282
v 36.4793 55.7356 -21.9282
v 39.6138 55.9175 -22.2955
v 40.2301 56.0790 -22.3956
v 47.0849 56.0094 -22.3863
v 57.0880 55.7356 -21.9282
v 19.5683 57.1777 -22.4087
v 22.3868 57.1777 -22.4087
v 25.2053 57.1777 -22.4087
v 28.0238 57.1777 -22.4087
v 36.4793 57.1777 -22.4087
v 39.2977 57.1777 -22.4087
v 40.3310 57.0029 -22.4087
v 46.8268 57.0210 -22.4087
v 50.8222 58.8720 -21.9578
v 55.6450 59.5786 -21.7393
v 56.2087 60.0000 -21.7182
v 19.5683 -38.9935 -19.5857
v 47.7532 -39.2795 -19.2956
v 50.5717 -38.3646 -20.2241
v 19.5747 -36.3615 -19.3729
v 44.6692 -35.0467 -19.1924
v 47.7532 -36.4400 -18.4806
v 50.5717 -36.9138 -19.8412
v 17.0956 -32.2905 -19.9491
v 19.4348 -33.3041 -19.7279
v 22.1092 -33.2861 -20.0155
v 25.5467 -33.3912 -19.6636
v 28.7518 -33.3690 -20.0588
v 31.8068 -33.4303 -20.0866
v 35.1304 -33.3775 -19.7065
v 38.3631 -33.3250 -20.0165
v 41.7644 -33.3430 -19.7376
v 44.6883 -33.3973 -19.8789
v 47.1105 -34.2098 -20.0340
v 16.9477 -29.4819 -19.5632
v 19.3546 -30.1800 -19.0377
v 22.2342 -30.3918 -19.0237
v 25.5491 -30.4695 -18.8038
v 28.6402 -30.4593 -19.0580
v 31.8283 -30.4377 -19.0115
v 34.9698 -30.4548 -18.8533
v 38.5829 -30.4348 -19.0396
v 41.7311 -30.4380 -18.8616
v 44.7630 -30.2251 -18.9809
v 47.2653 -29.6760 -19.0676
v 16.9014 -26.6020 -19.5621
v 19.3406 -27.0025 -18.8039
v 22.2459 -27.0269 -18.6274
v 25.4667 -27.0991 -18.5882
v 28.6306 -27.0579 -18.6584
v 31.8283 -27.1921 -18.6185
v 34.2837 -27.2352 -18.5407
v 38.5016 -27.0433 -18.6359
v 41.6056 -27.1081 -18.5955
v 44.8317 -26.9549 -18.7651
v 47.3397 -25.8611 -19.1077
v 17.0196 -23.9240 -19.6039
v 19.3904 -23.8329 -19.0397
v 22.2241 -23.7873 -19.1601
v 25.5316 -23.7844 -18.8524
v 28.6262 -23.8029 -19.1792
v 31.8509 -23.9539 -19.0964
v 34.9322 -23.7781 -18.9207
v 38.5635 -23.8125 -19.1578
v 41.7277 -23.8070 -18.8888
v 44.7848 -23.8506 -19.0484
v 47.2274 -24.3014 -19.1014
v 17.1726 -21.6008 -20.1314
v 19.4571 -20.6459 -19.7466
v 22.2175 -21.1269 -20.1146
v 25.5629 -21.1151 -19.6966
v 28.6825 -21.1485 -20.1123
v 32.1425 -21.1270 -20.1168
v 35.2696 -21.0972 -19.7019
v 38.5358 -21.1420 -20.0984
v 41.7550 -21.1266 -19.8307
v 44.6201 -20.9395 -19.8013
v 47.2455 -20.1533 -19.7242
v 50.5717 -18.6763 -20.2794
v -47.8209 -15.4957 -19.6603
v -44.1760 -16.0653 -20.0424
v -42.9720 -16.0653 -20.1239
v 19.5644 -17.1219 -19.3683
v 47.7532 -16.7106 -18.4806
v 50.5717 -17.2457 -19.8489
v -53.5742 -12.2519 -20.3803
v -46.6527 -15.0799 -19.7368
v -45.0693 -13.9833 -19.4546
v -42.8380 -13.7909 -19.9899
v -35.3921 -13.2468 -20.0647
v -30.8713 -13.2468 -20.1709
v -29.5789 -13.2468 -20.0479
v 19.5683 -14.8962 -19.9307
v 47.7532 -14.8962 -19.9307
v -57.8106 -9.2273 -19.0533
v -55.1488 -9.3646 -18.9840
v -52.7070 -9.6354 -18.6282
v -45.3825 -10.3634 -19.2526
v -35.3921 -11.3584 -19.9177
v -31.1104 -10.4283 -20.0879
v -29.4027 -10.4283 -19.8377
v -24.8985 -10.4283 -18.3872
v -23.3792 -10.4283 -18.3715
v -18.8635 -10.4283 -18.3928
v -17.4059 -10.4283 -18.2974
v -12.5624 -10.4283 -19.5902
v 36.4793 -10.4283 -19.5902
v -58.0517 -8.0190 -18.7984
v -55.0201 -8.0324 -18.8373
v -52.3211 -6.5929 -18.7515
v -45.0445 -6.5868 -19.0066
v -31.3121 -6.3466 -19.1728
v -25.0330 -6.2935 -18.5682
v -23.4321 -6.4444 -18.5029
v -18.8505 -6.4088 -18.4584
v -17.3977 -6.3193 -18.2760
v -11.8336 -6.5239 -19.1755
v -11.0763 -5.9371 -19.2486
v -5.6850 -6.3142 -19.1482
v -0.1611 -6.1104 -17.6793
v 7.5937 -6.6072 -19.0900
v 8.3979 -6.3613 -19.2227
v 13.7621 -6.1488 -19.2351
v 14.4478 -6.5501 -19.0241
v 25.2053 -6.1555 -17.8059
v 27.8679 -6.3119 -19.0247
v 35.0700 -8.5496 -19.5902
v -58.8395 -4.0873 -19.1585
v -54.2948 -3.4398 -19.0275
v -43.9312 -4.6386 -20.1735
v -42.9246 -3.5945 -19.2704
v -35.0979 -3.9621 -20.0369
v -33.0584 -3.2600 -18.8568
v -29.8506 -3.8501 -19.9403
v -26.3043 -4.9295 -18.6961
v -23.1543 -3.2270 -19.0079
v -13.8155 -3.2270 -19.0079
v -10.3279 -3.7657 -19.1506
v -6.9027 -3.7733 -19.0956
v -3.4175 -3.2270 -19.0079
v 5.9212 -3.2270 -19.0079
v 9.0963 -4.9773 -18.9917
v 13.1545 -4.9295 -18.6961
v 16.3215 -3.2270 -19.0079
v 25.6589 -3.2270 -19.0079
v 29.1309 -3.7657 -19.1506
v 36.4793 -4.8083 -18.0914
v 38.8118 -3.9278 -18.7009
v -54.0892 -1.1285 -18.3438
v -43.7444 -0.3967 -18.8995
v -43.2782 -2.0969 -17.6286
v -32.7335 -0.5181 -18.8087
v -23.9744 -0.5181 -18.8087
v -12.9960 -0.5181 -18.8087
v -10.0314 -0.9614 -18.9769
v -7.2025 -1.0646 -19.0792
v -4.2370 -0.5181 -18.8087
v 6.7414 -0.5181 -18.8087
v 15.5005 -0.5181 -18.8087
v 20.4001 0.5834 -19.4882
v 21.3626 0.4978 -19.4629
v 26.4772 -0.5181 -18.8087
v 29.4012 -1.9729 -18.8311
v 35.9922 -0.0415 -18.9474
v 38.4746 0.0981 -19.0763
v 40.9587 -0.0879 -19.4670
v -53.7123 1.5728 -18.1810
v -43.8532 3.2921 -19.1055
v -40.3527 4.1545 -19.5705
v -36.0686 4.1545 -19.5705
v -32.5774 3.2921 -19.1055
v -23.5496 2.4733 -18.7813
v -20.6233 2.7753 -18.9833
v -16.3392 2.7753 -18.9833
v -13.4185 2.4733 -18.7813
v -4.3833 2.6475 -18.6562
v -0.8939 2.7753 -18.9833
v 3.3902 2.7753 -18.9833
v 6.8796 2.6449 -18.6596
v 15.3434 2.9003 -18.9857
v 19.5731 2.4254 -19.5087
v 22.0309 2.2047 -19.5746
v 26.6174 2.9003 -18.9857
v 35.2359 2.5505 -18.6704
v 37.7765 3.5003 -18.5166
v 41.4259 2.9675 -18.6569
v -58.8858 6.3507 -19.2001
v -53.9659 6.4918 -19.4196
v -51.3886 7.3380 -20.1342
v -43.8476 4.8619 -18.0739
v -40.3527 4.8619 -18.0739
v -40.0708 5.6371 -18.1782
v -36.2095 5.2495 -18.1260
v -32.5737 4.8619 -18.0739
v 15.3406 5.3345 -17.7808
v 18.8355 5.3345 -17.7808
v 23.1196 5.3345 -17.7808
v 26.6146 5.3345 -17.7808
v 36.4497 5.2953 -18.7007
v 36.7678 4.9225 -17.9072
v 41.3149 4.5305 -17.5666
v 50.9196 6.4917 -19.1752
v 55.6563 6.5019 -19.2762
v 57.7097 6.4956 -19.2145
v -58.8220 9.2107 -18.6757
v -53.8140 9.4452 -19.1800
v -51.2625 9.4027 -19.3867
v -45.4419 9.9923 -20.0192
v -40.3527 8.0426 -18.7863
v -40.0708 8.0115 -18.7197
v -36.2178 8.0263 -18.7510
v -32.5737 9.9700 -20.0356
v -30.0228 10.0057 -20.0093
v -26.6924 9.9145 -20.0484
v -24.1182 9.9700 -20.0356
v -12.8442 9.9700 -20.0356
v -9.9538 10.0846 -19.9780
v -6.9397 10.0057 -20.0093
v -4.3888 9.9700 -20.0356
v 6.8852 9.9700 -20.0356
v 9.4360 10.0057 -20.0093
v 12.7664 9.9145 -20.0484
v 15.3406 9.9700 -20.0356
v 19.1174 9.9747 -18.5959
v 22.8378 9.9747 -18.5959
v 26.6146 9.9700 -20.0356
v 29.1654 10.0057 -20.0093
v 36.2948 9.9026 -19.1877
v 42.2438 10.2740 -20.1434
v 47.6248 10.2773 -20.1471
v 50.8907 9.1263 -18.3623
v 55.6563 8.9444 -17.8702
v 57.5450 8.8899 -17.8354
v -58.7856 12.5339 -18.7615
v -53.8468 12.5818 -18.8922
v -51.1295 12.6351 -19.0000
v -46.6376 12.1196 -19.6339
v -44.5158 12.7354 -19.7126
v -32.5737 12.3919 -19.6757
v -29.8108 12.4853 -19.6760
v -26.8821 12.4853 -19.6760
v -24.1182 12.3919 -19.6757
v -12.8442 12.3919 -19.6757
v -9.7495 12.4188 -19.6625
v -7.1527 12.4853 -19.6760
v -4.3888 12.3919 -19.6757
v 6.8852 12.3919 -19.6757
v 9.6479 12.4854 -19.6760
v 12.5768 12.6127 -19.6905
v 15.3406 12.3919 -19.6757
v 26.6146 12.3919 -19.6757
v 29.3773 12.4853 -19.6760
v 36.2329 12.6660 -19.0660
v 42.2174 12.5163 -19.9972
v 47.6434 12.5381 -19.9965
v 50.7904 12.4380 -18.7430
v 55.6562 12.5057 -17.3651
v 57.3332 12.5057 -17.3651
v -58.8483 16.2396 -18.9341
v -53.8147 15.8966 -19.5389
v -51.2114 15.5422 -19.7099
v -45.3294 14.5377 -20.1348
v -40.3527 16.1965 -18.7863
v -40.0708 16.2263 -18.7197
v -36.2178 16.2121 -18.7510
v -32.5737 14.5265 -20.1370
v -30.1041 14.5454 -20.1333
v -26.5879 14.5454 -20.1333
v -24.1182 14.5265 -20.1370
v -20.3414 14.2644 -18.5959
v -16.6210 14.2644 -18.5959
v -12.8442 14.5265 -20.1370
v -9.8449 14.4786 -20.1018
v -6.8585 14.5454 -20.1333
v -4.3888 14.5265 -20.1370
v 6.8852 14.5265 -20.1370
v 9.3547 14.5454 -20.1333
v 12.7795 14.6040 -20.1610
v 15.3406 14.5265 -20.1370
v 26.6146 14.5265 -20.1370
v 29.0841 14.5454 -20.1333
v 36.4405 15.7941 -19.2765
v 37.7492 16.5043 -18.5606
v 41.8608 14.8730 -19.8933
v 47.6127 14.4449 -20.2238
v 50.9082 15.7464 -18.3514
v 55.6563 15.9196 -18.1169
v 57.6007 15.9468 -18.0659
v -58.8923 18.1677 -19.3981
v -54.0117 18.1697 -19.4940
v -43.8476 19.7309 -18.8222
v -40.3527 19.7309 -18.8222
v -40.0708 18.6020 -18.1782
v -36.1625 19.3546 -18.6075
v -32.5737 19.7309 -18.8222
v -24.1182 19.2531 -18.0049
v -20.6233 19.2531 -18.0049
v -16.3392 19.2531 -18.0049
v -12.8442 19.2531 -18.0049
v 35.0672 20.1522 -17.9457
v 37.1687 17.6225 -18.8293
v 40.9413 19.1759 -18.3398
v 50.9134 18.0560 -19.4282
v 55.6562 18.0406 -19.5260
v 57.7241 18.0502 -19.4658
v -53.7123 23.2695 -19.2671
v -43.8448 23.4527 -18.6620
v -32.6018 23.4527 -18.6620
v -24.1097 22.8876 -18.8828
v -19.0307 22.7836 -19.6344
v -17.1624 22.3381 -19.6094
v -12.8576 22.8876 -18.8828
v -10.0258 23.3935 -19.5902
v -7.2073 23.3935 -19.5902
v -4.3753 22.6001 -18.7078
v -0.8939 21.4638 -18.9833
v 3.3902 21.4638 -18.9833
v 6.8751 22.6015 -18.7095
v 15.6134 22.7897 -18.7691
v 18.8355 21.4638 -18.9833
v 23.1196 21.4638 -18.9833
v 26.3549 22.7897 -18.7691
v 35.6341 22.8365 -18.6294
v 39.3635 23.0368 -18.7177
v 41.0762 22.8625 -18.6723
v -54.2780 26.7274 -18.4655
v -43.6578 25.4259 -19.0134
v -43.0426 26.7700 -17.7549
v -33.7743 27.0011 -17.2735
v -32.9474 25.8217 -18.6632
v -23.7015 25.9060 -18.5639
v -13.2694 25.9059 -18.5639
v -9.4917 26.2338 -19.2669
v -7.1687 26.3045 -18.9848
v -3.9636 25.9060 -18.5639
v 6.4684 25.9060 -18.5639
v 15.7735 25.9060 -18.5639
v 26.2051 25.9060 -18.5639
v 29.3838 26.4294 -18.7373
v 30.9234 26.7565 -19.5902
v 36.1571 24.7073 -19.3760
v 39.3090 24.5756 -18.6080
v 40.7862 24.5047 -19.3485
v -58.8111 28.5345 -19.2226
v -54.3331 28.8864 -19.1844
v -52.2918 30.0198 -18.8236
v -45.0314 30.2057 -17.8046
v -42.7766 27.8657 -19.5917
v -33.8843 28.0102 -19.5395
v -31.7708 29.3749 -18.9238
v -30.3574 29.1301 -18.7781
v -25.9701 29.7112 -18.8330
v -23.0387 27.8657 -19.5917
v -12.7601 28.9886 -18.6279
v -9.8406 29.2234 -19.3766
v -6.4228 29.2649 -18.9775
v -3.3023 27.8657 -19.5917
v 6.0039 28.1417 -19.3792
v 8.8221 29.6050 -18.7487
v 13.3486 29.6240 -18.9962
v 16.0436 28.3569 -19.2114
v 25.5435 27.8657 -19.5917
v 28.6386 29.2652 -18.9453
v 32.1685 28.4447 -19.5902
v 33.6608 29.0305 -19.5902
v -57.9728 32.6030 -18.8476
v -55.0834 32.5918 -18.8354
v -52.3848 31.8024 -18.7433
v -45.0514 31.5170 -19.4957
v -31.4610 30.8769 -19.5696
v -25.2251 30.8741 -19.5733
v -19.8905 31.0203 -19.5902
v -11.8147 30.8912 -19.5716
v -5.4655 30.8893 -19.5716
v 7.5898 31.0090 -19.5452
v 8.1144 30.8390 -19.5766
v 13.9622 30.7510 -19.5846
v 14.4650 30.9815 -19.5630
v 27.7272 30.8768 -19.5696
v 35.0700 32.7886 -19.5902
v 50.9743 32.7243 -18.8115
v 55.6450 32.8986 -18.7413
v 56.2087 32.2886 -18.9871
v -57.5817 34.2971 -19.7553
v -54.6373 34.9840 -19.4908
v -52.8019 34.2672 -18.5108
v -45.5247 35.6302 -18.9696
v -32.5449 34.6674 -19.5902
v -25.5274 34.6674 -19.5902
v -22.7089 34.6674 -19.5902
v -19.8905 34.6674 -19.5902
v -12.5624 34.6674 -19.5902
v 15.3519 34.6674 -19.5902
v 19.5683 35.1860 -19.1468
v 22.3868 35.7768 -19.1235
v 25.2053 35.7768 -19.1235
v 28.0238 35.7768 -19.1235
v 30.8423 34.6674 -19.5902
v 36.4793 35.5919 -19.2013
v 39.5764 36.0836 -19.7464
v 40.2323 35.7495 -19.7723
v 47.0405 35.8342 -19.7656
v 50.5717 35.1860 -19.1468
v 57.0880 36.6629 -19.0886
v -56.5195 39.7632 -19.7312
v -47.4033 39.5929 -19.6779
v -46.1568 38.1895 -19.0308
v 22.3868 37.2435 -17.7582
v 25.2053 37.2435 -17.7582
v 28.0238 37.2435 -17.7582
v 36.4793 37.2435 -17.7582
v 39.2977 37.2435 -17.7582
v 47.7532 37.2435 -17.7582
v 58.4731 38.8396 -18.6126
v -5.9505 46.4694 -19.0499
v 57.6095 43.8219 -18.7334
v -22.7942 47.2269 -18.3734
v -14.1682 47.2269 -18.3734
v 57.6095 48.0609 -18.7334
v -22.7931 52.5482 -18.4316
v -14.1694 52.5482 -18.4316
v -5.9642 53.2767 -19.1065
v 59.0271 52.4047 -18.9544
v 19.5683 56.5445 -18.6151
v 22.3868 55.6336 -18.6331
v 25.2053 55.6336 -18.6331
v 28.0238 55.6336 -18.6331
v 36.4793 55.6336 -18.6331
v 39.5728 55.7220 -19.6515
v 40.2222 55.8631 -19.7167
v 47.1151 55.7785 -19.6904
v 50.5717 56.5445 -18.6151
v 57.0880 55.0263 -18.6451
v 19.5683 57.0011 -20.2103
v 22.3868 57.0011 -20.2103
v 25.2053 57.0011 -20.2103
v 28.0238 57.0011 -20.2103
v 36.4793 57.0011 -20.2103
v 39.2977 57.0011 -20.2103
v 40.3310 57.0029 -19.9328
v 46.7937 57.0027 -19.9526
v 50.9240 58.8888 -18.9864
v 55.6450 58.9842 -18.7413
v 56.2087 59.5941 -18.9871
v 25.1991 -32.3306 -16.1656
v 19.4274 -29.3742 -17.1275
v 25.7656 -28.7287 -16.8503
v 36.1780 -29.0482 -16.1882
v 42.2416 -29.1212 -16.0324
v 44.6255 -29.2572 -16.3558
v 47.7532 -30.1577 -16.7718
v 19.3570 -26.7412 -17.0153
v 25.7190 -26.0663 -16.8347
v 36.2568 -26.3700 -16.6086
v 42.2195 -26.4384 -16.5713
v 44.7056 -26.2924 -16.6859
v 19.5214 -24.7269 -17.1757
v 25.1987 -22.9043 -16.3900
v 36.4793 -24.7228 -14.8900
v 42.1162 -24.7228 -14.8900
v 44.7825 -24.6830 -15.6312
v -56.5195 -19.9212 -14.8661
v -50.4701 -21.6079 -14.8260
v -48.3067 -20.0741 -15.7290
v -56.5195 -17.8561 -14.7967
v -48.0772 -17.4116 -14.9390
v -56.4098 -14.5646 -14.7891
v -54.5508 -13.6484 -14.8129
v -47.3864 -14.3529 -15.6400
v -46.1400 -12.6343 -14.9754
v 44.9347 -13.2468 -16.7718
v 47.7532 -13.2468 -16.7718
v -57.7678 -8.7931 -17.1274
v -54.4721 -9.7923 -16.0672
v -52.8019 -9.2615 -16.3715
v -45.5030 -10.3400 -15.9243
v -24.7073 -10.4283 -16.9395
v -23.5946 -10.4283 -16.9208
v -18.6725 -10.4283 -16.8942
v -17.5887 -10.4283 -17.0949
v -57.9649 -7.1016 -15.5670
v -55.0967 -7.1061 -15.5721
v -52.5341 -7.3055 -15.5252
v -45.2884 -7.6606 -15.6184
v -24.7802 -5.7595 -16.9772
v -23.5946 -5.7519 -16.9208
v -18.6725 -5.7393 -16.8942
v -17.5887 -5.8342 -17.0949
v 0.5994 -7.3476 -15.6103
v 2.0557 -7.3744 -15.5501
v 17.1213 -7.4315 -15.4556
v 18.5102 -7.3345 -15.6281
v 25.2053 -6.2006 -15.8247
v 28.0238 -6.2006 -15.8247
v 36.4793 -5.8028 -15.1193
v 41.9095 -5.6475 -16.3376
v 49.1737 -5.5484 -16.7830
v -58.7699 -3.2553 -16.1797
v -54.3662 -3.7916 -15.6909
v -52.3017 -4.7914 -15.6235
v -44.7483 -4.9041 -15.5423
v -42.9192 -4.0575 -14.9882
v -35.8656 -4.1243 -15.8154
v -31.8616 -4.6963 -15.4954
v -25.4596 -4.8725 -15.9113
v -23.2688 -4.2643 -14.9210
v -20.2507 -4.7829 -15.0976
v -12.1598 -4.4266 -15.4479
v -10.7304 -3.6302 -15.8949
v -6.0705 -4.0567 -15.5959
v -2.9795 -2.8071 -17.2509
v 0.5194 -4.8676 -15.2502
v 2.1191 -4.8744 -15.2585
v 6.5759 -4.4695 -15.1314
v 8.3497 -4.8641 -16.0019
v 13.7628 -4.8207 -16.1284
v 16.6263 -4.7803 -15.2311
v 18.5784 -4.8674 -15.2507
v 25.2091 -4.1243 -15.8154
v 28.5116 -3.9312 -15.7372
v 36.4793 -4.5917 -15.4645
v 38.8646 -3.8584 -14.9999
v 41.6142 -4.7550 -15.8252
v 49.1737 -4.1707 -16.7830
v 50.9186 -2.9698 -14.9502
v 55.6450 -2.8875 -14.8679
v 56.2087 -3.1014 -15.0818
v -58.8868 -1.4202 -15.0343
v -54.2800 -0.8725 -15.5232
v -43.5634 0.1095 -15.9117
v -42.8769 -1.2130 -15.3388
v -33.8843 -1.4374 -15.1723
v -33.1013 -0.4319 -15.6986
v -23.4225 -0.6684 -15.5747
v -13.5479 -0.6685 -15.5747
v -10.0912 -0.1584 -15.5033
v -7.1434 -0.0821 -15.4012
v -3.6852 -0.6684 -15.5747
v 6.1895 -0.6684 -15.5747
v 16.0525 -0.6684 -15.5747
v 25.9265 -0.6685 -15.5747
v 29.1926 -1.9851 -15.7196
v 36.4793 0.8456 -16.7797
v 37.9707 0.7333 -16.2023
v 41.7273 0.0542 -14.3973
v 50.9574 -0.5095 -16.1971
v 54.9938 -0.4476 -14.8822
v 56.2087 -0.6373 -15.5681
v -53.7123 3.1811 -16.2889
v -43.7994 2.5059 -15.6131
v -32.6459 2.5059 -15.6131
v -24.0419 2.6428 -15.7501
v -20.6233 4.1489 -17.2565
v -16.3392 4.1489 -17.2565
v -12.9280 2.6428 -15.7501
v -4.3055 2.6428 -15.7501
v -0.8939 4.1489 -17.2565
v 3.3902 4.1489 -17.2565
v 6.8085 2.6428 -15.7501
v 15.4129 2.5059 -15.6131
v 26.5648 2.5059 -15.6131
v 35.9416 2.6586 -15.7680
v 38.6459 2.6908 -15.9055
v 41.0405 2.9197 -16.0126
v 50.9663 2.7679 -15.9637
v 55.0190 2.3944 -14.8431
v 56.2087 2.6582 -15.5139
v -53.7123 5.0733 -14.6804
v -43.8526 5.9104 -15.2249
v -40.3527 6.4642 -16.1841
v -40.0708 6.7727 -15.2573
v -36.1894 6.5965 -15.7869
v -32.5809 5.9188 -15.3948
v -24.1150 5.5103 -15.1463
v -20.6233 5.8757 -15.8830
v -16.3392 5.8757 -15.8830
v -12.8514 5.4681 -15.3013
v -4.0601 5.5749 -14.9604
v -0.8939 5.8757 -15.8830
v 3.3902 5.8757 -15.8830
v 6.5023 5.5362 -15.1111
v 15.3538 5.6462 -14.8403
v 19.2469 6.7052 -14.8304
v 22.7236 6.6965 -14.8349
v 26.6188 5.6123 -15.0340
v 35.4567 5.4300 -15.2895
v 37.5986 5.2382 -16.5322
v 41.3326 5.1347 -16.0119
v 50.8849 4.9462 -14.8170
v 55.6450 4.9065 -14.7526
v 56.2087 4.9958 -14.8975
v -59.0110 10.1906 -16.9930
v -43.8476 9.2842 -14.4944
v -40.3527 9.2747 -15.1092
v -40.0709 9.0344 -15.2109
v -36.1994 9.1630 -15.1565
v -32.5737 9.2842 -14.4944
v -24.1182 8.8050 -15.0897
v -20.6233 8.8050 -15.0897
v -16.3392 8.8050 -15.0897
v -12.8442 8.8050 -15.0897
v -3.1567 8.8576 -14.4719
v -0.8939 8.8576 -14.4719
v 3.3902 8.8576 -14.4719
v 5.6475 8.8576 -14.4719
v 15.3406 8.2882 -16.8319
v 19.2553 9.4038 -15.4232
v 22.6878 9.4103 -15.3886
v 26.6146 8.2882 -16.8319
v 35.0820 8.7825 -14.7206
v 37.6770 9.5647 -16.7718
v 40.6337 10.1838 -14.2859
v 50.8451 10.0677 -17.0367
v 55.6562 10.0677 -17.0367
v 57.8979 10.0677 -17.0367
v -58.8420 12.4052 -16.8541
v -54.0022 12.1171 -16.9110
v -43.8476 13.7712 -14.1167
v -40.3527 13.7430 -14.2450
v -40.0708 13.7374 -14.2746
v -36.1894 13.7406 -14.2577
v -32.5737 13.7712 -14.1167
v 35.0660 12.4142 -14.4735
v 37.7626 12.5706 -16.7718
v 40.7098 11.5291 -14.8721
v 50.7399 12.8361 -15.8731
v 55.6562 12.5324 -16.8324
v 57.8979 12.5324 -16.8324
v -58.9735 14.6901 -17.1618
v -43.8476 15.7188 -14.8101
v -40.3527 15.5266 -15.4198
v -40.0709 15.8539 -15.4440
v -36.2095 15.6903 -15.4319
v -32.5737 15.7188 -14.8101
v -24.1182 16.3088 -16.9042
v -20.1686 15.3749 -15.2523
v -16.7828 15.3453 -15.2886
v -12.8442 16.3088 -16.9042
v -3.2246 15.8948 -14.6748
v -0.8939 15.8949 -14.6748
v 3.3902 15.8948 -14.6748
v 5.7153 15.8948 -14.6748
v 15.3406 15.8321 -15.1281
v 18.8355 15.8321 -15.1281
v 23.1196 15.8321 -15.1281
v 26.6146 15.8321 -15.1281
v 35.0813 15.9940 -14.9134
v 37.7653 16.1336 -16.9885
v 40.3791 16.8357 -17.1054
v 50.8451 14.5716 -17.1382
v 55.6562 14.5716 -17.1382
v 57.8979 14.5716 -17.1382
v -53.7123 19.6646 -15.0525
v -43.8525 19.0196 -15.3352
v -40.3527 18.0910 -16.4523
v -40.0708 18.6020 -15.3625
v -36.1390 18.2188 -16.1799
v -32.5854 18.9578 -15.1945
v -24.1171 19.5788 -14.6662
v -20.2945 17.6300 -14.8717
v -16.6779 17.6351 -14.8724
v -12.8505 19.3877 -14.5645
v -4.1820 19.4556 -15.3696
v -0.8939 19.2484 -16.5406
v 3.3902 19.2484 -16.5406
v 6.7028 19.3402 -15.2228
v 15.3875 19.4267 -15.4900
v 18.8355 19.2484 -16.5406
v 23.1196 19.2484 -16.5406
v 26.5832 19.3220 -15.3437
v 35.5109 19.3405 -15.3706
v 39.3551 19.7136 -14.9785
v 40.8728 19.2533 -15.5059
v 50.5717 19.2596 -14.3274
v -53.9007 22.2615 -15.8745
v -43.7363 22.3986 -15.5932
v -32.7085 22.3986 -15.5932
v -23.9993 22.3986 -15.5932
v -12.9715 22.3986 -15.5932
v -10.0438 23.4231 -15.0105
v -7.1945 23.4266 -15.1773
v -4.2615 22.3986 -15.5932
v 6.7663 22.3986 -15.5932
v 15.4755 22.3986 -15.5932
v 26.5023 22.3986 -15.5932
v 36.0635 21.9479 -15.8180
v 39.2819 21.7430 -16.2387
v 40.8200 21.8882 -15.7596
v -58.8702 26.1937 -15.6806
v -54.2858 25.4588 -15.5771
v -43.5488 24.6055 -16.4237
v -42.8381 25.5971 -15.5127
v -33.9062 25.9504 -15.5880
v -33.1734 25.0237 -15.8394
v -23.2907 25.3326 -15.7556
v -13.6793 25.3326 -15.7556
v -10.3309 26.1899 -15.5865
v -7.0563 25.5124 -15.8605
v -3.5538 25.3326 -15.7556
v 6.0576 25.3326 -15.7556
v 16.1847 25.3326 -15.7556
v 25.7946 25.3326 -15.7556
v 29.1608 26.3596 -15.7233
v -58.1891 29.8882 -14.5680
v -54.8771 29.8934 -14.5561
v -52.3048 29.1242 -15.5980
v -44.7573 29.1659 -15.5936
v -43.0366 28.6091 -14.4226
v -33.9829 28.5231 -14.2689
v -31.8051 29.0063 -15.5485
v -25.4211 29.1241 -15.8642
v -23.4544 28.7430 -14.6414
v -19.8454 29.0220 -15.0976
v -12.2711 29.3723 -15.7801
v -5.9446 28.4971 -15.4883
v 6.6948 28.8933 -14.8945
v 8.3728 29.0911 -16.0390
v 13.7692 29.0671 -16.1044
v 15.3056 28.9577 -15.0225
v 28.1703 28.4971 -15.4883
v -57.9331 31.6348 -15.8711
v -55.1286 31.6377 -15.8727
v -52.5881 32.0261 -15.6299
v -45.3001 32.1928 -15.7327
v 50.8535 33.2159 -16.3913
v 55.6450 33.2159 -16.3913
v 56.2087 33.2159 -16.3913
v -56.5195 35.5694 -15.5147
v -53.7676 35.1443 -15.6895
v -52.9119 33.8501 -16.2250
v -45.7895 35.8118 -15.4147
v 19.5683 36.2824 -16.6196
v 22.3868 36.2824 -16.6196
v 25.2053 36.2824 -16.6196
v 28.0238 36.2824 -16.6196
v 36.4793 36.2824 -16.6196
v 39.2977 36.2824 -16.6196
v 47.7532 36.2824 -16.6196
v 50.8535 35.0320 -15.6012
v 55.6450 34.4682 -15.2629
v 56.2087 34.2221 -14.5790
v -56.5195 38.6246 -15.7458
v -47.0419 38.4893 -15.7919
v -46.4124 37.4521 -14.7368
v 19.5683 37.5987 -14.8467
v 22.3868 38.6012 -15.3309
v 25.2053 38.6012 -15.3309
v 28.0238 38.6012 -15.3309
v 30.8423 40.3044 -14.3236
v 36.4793 38.3174 -15.4987
v 39.2977 38.3174 -15.4987
v 47.7532 38.3174 -15.4987
v 50.5717 37.5987 -14.8467
v 57.0880 38.6768 -15.8247
v 30.8423 40.4622 -14.2069
v 36.4793 40.4622 -14.2069
v 39.2977 40.4622 -14.2069
v 47.7532 40.4622 -14.2069
v 58.4731 41.4680 -15.7128
v 59.0271 45.2232 -15.1167
v -23.1687 47.9830 -15.7937
v -13.7937 47.9830 -15.7937
v -4.2518 47.1671 -15.1957
v 59.0271 48.7452 -15.6387
v -23.1712 51.7786 -15.8080
v -13.7913 51.7786 -15.8080
v -4.2818 52.5906 -15.2828
v 22.3868 52.2303 -14.8471
v 25.2053 52.2303 -14.8471
v 28.0238 52.2303 -14.8471
v 30.8423 51.4994 -14.2653
v 36.4793 52.1777 -14.8082
v 39.2977 52.1777 -14.8082
v 47.7532 52.1777 -14.8082
v 57.5728 51.8595 -15.3393
v 19.5683 54.9422 -15.7332
v 22.3868 54.5800 -16.0023
v 25.2053 54.5800 -16.0023
v 28.0238 54.5800 -16.0023
v 36.4793 54.5800 -16.0023
v 39.2977 54.5800 -16.0023
v 47.7532 54.5800 -16.0023
v 50.5717 54.9422 -15.7332
v 57.0880 53.8557 -16.5406
v 50.9240 58.0714 -15.7416
v 55.6450 57.9154 -15.7143
v 56.2087 58.3314 -15.7872
v 19.5683 -29.1590 -11.8742
v 25.2053 -29.0733 -11.9786
v 36.4793 -29.5706 -12.4990
v 42.1162 -29.9155 -12.9664
v 44.9347 -29.5731 -12.3934
v 47.7532 -30.1577 -11.1348
v 19.5683 -26.5752 -11.4344
v 25.2035 -26.7076 -11.8442
v 36.4793 -26.5753 -11.4344
v 44.9347 -26.5753 -11.4344
v 19.5683 -25.0298 -12.3366
v 25.2053 -25.0298 -12.3366
v 36.4793 -24.7631 -12.9665
v 42.1162 -24.7630 -12.9665
v 44.9347 -24.6939 -13.1504
v -56.5196 -20.0494 -12.5395
v -50.9649 -18.5588 -11.1541
v -48.0753 -20.0896 -12.5769
v -12.0051 -20.5000 -11.3675
v -8.6165 -20.8245 -11.9888
v -5.2279 -20.5000 -11.3675
v -56.5195 -17.7146 -12.7980
v -50.5315 -17.2332 -11.1768
v -48.4938 -16.6738 -12.6410
v -12.6828 -15.4037 -11.0594
v -10.1017 -15.5280 -12.1541
v -6.7399 -15.5381 -12.0495
v -4.5489 -15.4055 -11.0581
v -56.4302 -13.2030 -12.8438
v -55.3335 -13.2052 -13.1840
v -47.9072 -12.9552 -12.2702
v -46.4124 -12.0574 -12.3016
v -12.3486 -14.8440 -11.4056
v -9.6419 -14.8559 -12.3514
v -6.1967 -14.7992 -11.9914
v -4.5436 -14.9082 -11.1769
v 36.4793 -13.2468 -11.1348
v 44.9347 -13.2468 -11.1348
v -56.4124 -9.5537 -12.0782
v -54.3346 -9.8699 -12.9539
v -45.7642 -10.1780 -12.7481
v -21.8675 -10.4283 -12.5328
v -20.4249 -10.4283 -12.5440
v 36.4793 -10.4283 -11.1348
v 47.7532 -10.4283 -11.1348
v -57.8787 -6.0743 -13.1007
v -55.1399 -6.1125 -13.0868
v -52.7070 -6.7850 -12.5966
v -45.3470 -6.8037 -12.5835
v -14.8764 -7.6099 -11.1714
v -12.5279 -6.6390 -11.6657
v -9.9170 -6.3117 -12.2020
v -6.2165 -6.3625 -12.3160
v -3.7288 -7.1301 -11.6527
v 1.1106 -7.6099 -13.9736
v 1.5920 -7.6099 -13.9984
v 18.1591 -7.6099 -13.9807
v 25.2053 -5.9498 -13.6907
v 28.0238 -5.9497 -13.6907
v 36.4793 -6.9255 -12.4186
v 39.1258 -8.1640 -11.2455
v 41.6661 -7.2546 -12.1687
v 43.2436 -6.5024 -12.2783
v -58.0172 -4.4815 -11.9482
v -55.0523 -4.5021 -11.9323
v -52.4456 -4.8393 -12.3220
v -45.2726 -4.8853 -11.6846
v -42.6161 -3.1454 -12.7719
v -33.8438 -2.9819 -12.5617
v -33.6503 -3.7993 -13.6128
v -25.4034 -3.3991 -13.3524
v -21.9770 -3.1074 -12.7464
v -20.3913 -3.0863 -12.7103
v -17.0720 -3.1341 -12.7131
v -12.2519 -4.4816 -11.8115
v -9.9792 -4.8058 -12.0240
v -6.3404 -4.5191 -12.2619
v -4.4254 -4.7914 -11.1489
v 1.0291 -4.1532 -13.9491
v 2.1576 -4.0406 -13.9397
v 6.9994 -3.5538 -12.6877
v 8.2535 -3.7373 -12.8900
v 14.0554 -3.3991 -12.5485
v 15.1584 -3.5408 -12.6760
v 18.1591 -4.1609 -13.9772
v 25.2053 -4.5549 -13.8975
v 28.1455 -3.3261 -13.3143
v 35.5856 -3.5901 -12.9313
v 38.1286 -2.6522 -13.7282
v 41.9117 -3.0812 -13.1150
v 43.2437 -3.5082 -12.5505
v 50.9574 -4.2166 -12.4900
v 55.0032 -2.9725 -12.3315
v 56.2087 -3.6906 -12.5094
v -58.7688 -0.3179 -12.5488
v -54.3342 -0.2372 -12.6631
v -42.3941 -0.7491 -12.2023
v -39.2963 -1.9034 -11.3544
v -34.7773 -1.3477 -11.6035
v -33.3591 0.4998 -13.6075
v -22.1514 -1.2969 -11.7043
v -20.3406 -1.8815 -11.3332
v -15.5720 -1.7672 -11.2011
v -13.8296 0.3675 -13.4753
v -10.1632 -0.3574 -13.8111
v -6.9828 -0.4179 -13.8055
v -2.7235 -0.9996 -12.0181
v 0.0466 -1.8771 -11.2713
v 3.2506 -1.8132 -11.2635
v 5.6373 -0.9721 -12.0497
v 16.5949 -0.9721 -12.0497
v 18.6611 -1.8576 -11.3104
v 22.1791 -1.8771 -11.2713
v 25.3923 -0.8445 -12.2145
v 28.4639 -1.9947 -12.2849
v 31.4962 -1.9729 -11.1348
v 35.1784 -1.7972 -11.9756
v 37.6907 -1.2433 -12.3067
v 42.0488 -1.3047 -12.2856
v 54.5565 -1.5970 -13.2479
v 57.6179 -1.2683 -12.3552
v -58.9378 2.0964 -11.6331
v -54.2782 2.6976 -12.1536
v -43.6125 3.2775 -13.1391
v -42.8769 2.2312 -11.8947
v -33.8843 2.0646 -11.6703
v -33.0749 2.8458 -12.6338
v -23.4427 2.6620 -12.4071
v -13.5277 2.6619 -12.4071
v -3.6099 2.7534 -12.4930
v 0.0151 3.8064 -13.9533
v 3.2902 3.9671 -13.9533
v 6.2097 2.6620 -12.4071
v 16.0323 2.6620 -12.4071
v 25.9467 2.6620 -12.4071
v 36.4644 3.9613 -13.2678
v 38.0593 3.8958 -12.9197
v 41.6895 4.2729 -12.7332
v 54.6563 3.7336 -12.9199
v 56.9133 3.6049 -13.0063
v -54.0515 5.4853 -12.1030
v -43.6620 5.5301 -12.1693
v -43.2782 4.5209 -11.0108
v -38.2106 6.7643 -13.9533
v -32.7911 5.4501 -12.1732
v -23.9079 5.4638 -12.1405
v -13.0549 5.4540 -12.1696
v -5.6613 7.3066 -13.3087
v -3.9990 5.9243 -12.8094
v 6.5310 5.9866 -12.9420
v 8.2775 7.5198 -13.2323
v 15.5695 5.4605 -12.1115
v 19.3781 6.9022 -13.8682
v 22.5593 6.9160 -13.8621
v 26.4182 5.4622 -12.1608
v 36.1645 5.8193 -12.7451
v 38.7521 5.7334 -12.7974
v 41.0110 5.1039 -12.1408
v 50.9574 5.9079 -12.4900
v 55.1668 4.9968 -12.1290
v 56.2087 5.5699 -12.3181
v -53.7123 9.6524 -12.8278
v -5.7868 9.8450 -12.7160
v -4.4001 8.9375 -12.9048
v -0.4566 10.7217 -11.9701
v 2.9388 10.7229 -12.0131
v 6.8922 8.9375 -12.9048
v 8.2775 9.8450 -12.7160
v 35.8518 9.5589 -12.0801
v 40.7810 9.1590 -12.8892
v 47.7532 10.8907 -10.9544
v -53.7123 12.7424 -12.5750
v -43.8476 12.1195 -13.9826
v -40.3527 12.1195 -13.9948
v -40.0708 12.1195 -13.9792
v -36.1860 12.1195 -13.9883
v -32.5737 12.1195 -13.9826
v -5.7868 12.8806 -12.5666
v -3.5598 12.4239 -13.4211
v -0.4620 13.4555 -12.0991
v 2.9704 13.4613 -12.0509
v 6.0505 12.4239 -13.4211
v 8.2775 12.8806 -12.5666
v 35.9131 12.6054 -11.8313
v 42.1162 12.2951 -11.0792
v 47.7532 12.3243 -11.0709
v 50.7112 13.2093 -12.6088
v -53.7123 15.7891 -13.1284
v -38.2106 16.8436 -13.9533
v -20.0288 17.2927 -13.8484
v -16.9341 17.2927 -13.8484
v -5.7853 16.3477 -13.1385
v -4.1929 16.6029 -13.2181
v -0.6120 14.9380 -11.1348
v 3.1084 14.9155 -11.1348
v 6.6881 16.6029 -13.2181
v 8.2775 16.1951 -13.0968
v 35.8219 15.7978 -12.3990
v 37.4583 16.6678 -11.8960
v 50.7323 14.3617 -11.4774
v -54.1835 19.6221 -11.6688
v -43.6797 18.9666 -12.3793
v -43.2782 19.7182 -11.0108
v -38.2106 17.8692 -13.9533
v -32.7945 18.9858 -12.2512
v -23.9265 19.0285 -12.3535
v -20.2879 17.5201 -13.9510
v -16.6567 17.5281 -13.9540
v -13.0583 18.9820 -12.2498
v -5.2907 17.4859 -13.5068
v -3.9307 18.8027 -12.8508
v 0.0151 20.4326 -13.9533
v 3.2902 20.2720 -13.9533
v 6.5427 18.7177 -12.7984
v 15.5510 19.0164 -12.3178
v 26.4157 18.9742 -12.2455
v 36.3653 19.2048 -12.8621
v 38.6937 18.4529 -12.8182
v 40.7563 19.2178 -12.5320
v 50.7155 19.0814 -12.3779
v -58.8508 22.5143 -11.7616
v -54.2826 22.3854 -12.5768
v -43.5488 21.5107 -13.1768
v -42.9253 22.4075 -12.2899
v -33.8843 22.1745 -11.6703
v -33.2163 22.2032 -12.7535
v -23.3350 22.1965 -12.4986
v -13.6351 22.1965 -12.4986
v -10.3440 23.6281 -12.4768
v -6.8841 23.6356 -12.4616
v -3.5980 22.1965 -12.4986
v 6.1020 22.1964 -12.4986
v 16.1404 22.1964 -12.4986
v 25.8390 22.1964 -12.4986
v -58.7526 25.3444 -12.6932
v -54.3915 25.9541 -12.3770
v -42.3091 25.7171 -11.8432
v -39.2963 26.1425 -11.3544
v -34.5659 25.7882 -11.7473
v -22.5778 25.7171 -11.8432
v -19.5669 26.1425 -11.3544
v -16.4788 26.0523 -11.2635
v -12.7992 25.5605 -12.0446
v -10.8430 26.2374 -13.2168
v -6.1952 25.8287 -12.5141
v -3.0077 24.5810 -12.4685
v -0.2538 26.0922 -11.3054
v 3.2506 26.0523 -11.2635
v 5.5130 25.6891 -11.9288
v 16.7170 25.6891 -11.9288
v 18.7563 26.0569 -11.2666
v 22.4794 26.0922 -11.3055
v 25.6737 25.5930 -11.6105
v 28.2697 26.3403 -12.6114
v 36.3102 27.1590 -11.1461
v 39.3090 25.6595 -12.7639
v -57.9733 29.1818 -12.2829
v -55.0880 29.1783 -12.2934
v -52.4366 29.1878 -12.5925
v -45.2701 29.1882 -11.9412
v -42.6745 27.6832 -13.1325
v -33.7949 27.5057 -12.8924
v -33.6503 28.0383 -13.6128
v -22.9451 27.6832 -13.1325
v -11.9792 27.8011 -13.4008
v -11.2789 27.3242 -13.3883
v -5.2597 27.3478 -12.7301
v 5.7121 27.6832 -13.1325
v 16.5137 27.6832 -13.1325
v 27.4855 27.3478 -12.7301
v 35.0287 28.4936 -13.1479
v -57.7692 31.0617 -13.3052
v -55.0027 31.3015 -13.1233
v -52.8019 31.3642 -12.3693
v -45.4564 32.2401 -12.3569
v -56.5195 35.7413 -12.6032
v -53.9195 34.2658 -13.3910
v -47.0419 36.8508 -12.0085
v -46.0206 35.4144 -12.7766
v 50.9240 36.0393 -12.7364
v 55.6450 36.0587 -12.8935
v 56.2087 36.0072 -12.4745
v 19.5683 39.7689 -12.6304
v 22.3868 39.5904 -13.1290
v 25.2053 39.5904 -13.1290
v 28.0238 40.0536 -11.8826
v 30.8423 40.3044 -11.1348
v 36.4793 39.2334 -13.3642
v 39.2977 39.2334 -13.3642
v 47.7532 39.2334 -13.3642
v 50.8535 38.6457 -12.5722
v 55.6450 38.0581 -11.7802
v 23.2160 43.3083 -11.1348
v 24.8173 41.9920 -11.1090
v 29.5458 40.5280 -11.1348
v 30.7825 42.0236 -12.0976
v 36.4793 41.9091 -12.6746
v 39.2977 41.9091 -12.6746
v 47.7532 41.9091 -12.6746
v 50.5717 41.6404 -12.0254
v 57.0880 42.1778 -13.3238
v 22.8003 45.0643 -11.1348
v 25.3785 45.6968 -11.1214
v 28.7228 46.0713 -11.1348
v 30.7783 44.9756 -11.8724
v 36.4793 45.1949 -12.0190
v 39.2977 45.1949 -12.0190
v 47.7532 45.1949 -12.0190
v 50.5717 44.8403 -11.2250
v 57.0880 45.4608 -12.6145
v -23.5181 49.4603 -13.4033
v -13.4443 49.4603 -13.4033
v -2.9894 47.9604 -12.3283
v 25.3952 48.5638 -11.1348
v 30.2053 46.9729 -11.1348
v 30.7160 48.7066 -11.4843
v 36.4793 48.4648 -12.1927
v 39.2977 48.4648 -12.1927
v 47.7532 48.4648 -12.1927
v 50.5717 48.1342 -11.3866
v 57.0880 48.7955 -12.9987
v -23.4965 50.6186 -13.5644
v -13.4659 50.6187 -13.5644
v -2.9917 51.7820 -12.3452
v 19.5683 52.1138 -12.6304
v 22.3868 52.2924 -13.1290
v 25.9725 51.2790 -11.6787
v 28.5135 51.4772 -11.1842
v 30.6845 50.8324 -11.9935
v 36.4793 51.4802 -12.9792
v 39.2977 51.4802 -12.9792
v 47.7532 51.4803 -12.9792
v 50.6844 52.0226 -12.5159
v 55.6450 53.3033 -11.3941
v 57.0880 50.5919 -13.7109
v 29.4330 54.3968 -11.0411
v 50.9743 55.3455 -12.4458
v 55.6450 55.3259 -12.6331
v 56.2087 55.3946 -11.9775
v 50.8535 56.8376 -13.4685
v 55.6450 56.8376 -13.4685
v 56.2087 56.8376 -13.4685
v -14.6875 -19.9154 -9.0021
v -13.2824 -21.3589 -9.1091
v -9.9384 -21.7023 -10.4274
v -5.7712 -21.6121 -10.4259
v -3.0892 -20.9043 -8.6889
v -14.9576 -15.4754 -8.1369
v -13.5527 -15.5482 -10.1988
v -3.4027 -15.5339 -9.8169
v -48.5759 -12.0146 -10.7340
v -14.8381 -14.8087 -8.7084
v -14.0986 -14.8850 -9.8118
v -2.7586 -14.8386 -9.2528
v -56.5195 -10.4373 -8.3854
v -50.4885 -10.6073 -8.6150
v -48.5216 -11.2117 -9.5217
v -46.2081 -9.8872 -9.7157
v -9.4887 -9.4112 -8.1285
v -7.4445 -9.4161 -8.0814
v 38.5968 -9.7088 -8.9896
v 41.0882 -9.7253 -9.0295
v -56.5195 -7.4971 -9.1280
v -53.7675 -7.1454 -9.4166
v -52.8019 -5.7722 -10.5457
v -45.7033 -7.3438 -9.2532
v -15.1951 -6.7466 -8.7925
v -13.5136 -6.0632 -9.6315
v -9.5295 -6.8984 -8.1643
v -7.3716 -6.9863 -8.1399
v -3.0587 -6.2779 -9.4004
v -1.0300 -6.9035 -9.2188
v 25.2053 -5.9498 -8.5788
v 28.0238 -5.9498 -8.5788
v 36.4793 -6.7410 -9.4049
v 38.0192 -7.0142 -8.8995
v 41.8619 -6.9474 -9.0767
v 43.2436 -6.3683 -9.7053
v -57.9126 -3.2508 -9.8667
v -55.0747 -3.3043 -9.7921
v -52.7852 -4.7914 -9.5492
v -45.3946 -4.8412 -9.0436
v -14.8752 -5.0870 -8.4065
v -13.5298 -4.9032 -9.5943
v -9.5206 -4.9496 -8.1563
v -6.9366 -4.5977 -8.5900
v -3.0128 -4.9437 -8.8878
v -0.8643 -3.4851 -8.8891
v 6.4403 -3.3499 -9.3102
v 7.9844 -3.3859 -9.7340
v 14.0554 -3.3991 -9.7210
v 15.6528 -3.3730 -9.3076
v 25.2053 -3.5786 -8.8665
v 28.0238 -3.5786 -8.8665
v 35.6650 -3.7282 -8.9919
v 39.5181 -4.4927 -8.0903
v 41.8754 -3.8323 -8.8086
v 43.2436 -3.6783 -9.4692
v 50.9663 -3.9834 -9.2126
v 55.0323 -2.9384 -9.6690
v 56.2087 -3.6397 -9.4133
v -58.0190 -1.0857 -8.5502
v -55.0360 -1.0811 -8.5763
v -42.4384 -1.3162 -10.8084
v -33.9829 -1.3162 -10.8084
v -22.7089 -1.3162 -10.8084
v -16.1171 -1.7578 -9.2826
v -8.7264 0.8569 -7.7329
v -7.9570 0.8569 -7.6681
v -1.8713 -2.0292 -10.5824
v -1.2636 -1.8608 -9.5605
v 5.9761 -1.8513 -10.4402
v 16.7350 -1.8141 -10.5694
v 25.2053 -1.8141 -10.5694
v 28.0238 -2.0330 -9.7387
v 35.7746 -1.7552 -10.1208
v 38.4523 -1.7004 -9.8849
v 41.3994 -1.7038 -9.8986
v 54.6670 -1.1367 -8.3660
v 56.6784 -1.5200 -8.2280
v -58.7701 3.1348 -9.8145
v -54.3568 2.7684 -9.4493
v -42.0365 4.1940 -10.3915
v -38.6235 3.7106 -10.5605
v -35.0737 4.0954 -10.3422
v -33.4558 4.2983 -10.5936
v -22.5294 4.2240 -10.3937
v -19.7157 3.7910 -10.5122
v -16.2818 3.9911 -10.3958
v -13.9308 4.2264 -10.4584
v -3.0404 4.2402 -10.4124
v -0.3030 3.8614 -10.4699
v 3.4476 3.9911 -10.3958
v 5.8057 4.2264 -10.4584
v 16.4370 4.2264 -10.4584
v 18.7781 3.9911 -10.3958
v 22.5288 3.8614 -10.4699
v 25.2786 4.2402 -10.4124
v 40.7239 1.1860 -10.5936
v 51.1354 4.2334 -7.7470
v 54.7136 3.3230 -8.7334
v 56.4905 3.6268 -8.3817
v -58.8312 6.1838 -9.0232
v -54.2936 6.2338 -9.6194
v -42.8234 5.0347 -10.1739
v -33.9663 4.8022 -10.0105
v -33.3845 5.1719 -10.3396
v -23.0871 5.0303 -10.1770
v -13.8412 5.0538 -10.2259
v -5.7868 7.4335 -8.3050
v -3.3518 5.0262 -10.1795
v 5.8937 5.0578 -10.2228
v 8.2775 7.4240 -8.3050
v 16.3862 5.0207 -10.1830
v 25.6295 5.0618 -10.2193
v 50.9574 5.7503 -9.2897
v 55.1996 4.9742 -9.8401
v 56.2087 5.5275 -9.5590
v -58.8668 9.4388 -8.4568
v -54.2815 9.4727 -9.1430
v -39.9874 10.7336 -7.9634
v -36.4207 10.7291 -7.9549
v -5.7964 10.2705 -8.8816
v -4.4057 10.1458 -9.0225
v -0.4182 10.2293 -8.7926
v 2.9122 10.2117 -8.8014
v 6.8965 10.1458 -9.0225
v 8.2908 10.2705 -8.8816
v 36.4793 9.0059 -9.4621
v 42.1162 9.0059 -9.4621
v 47.0142 9.6095 -9.0627
v -58.8750 12.7806 -8.2486
v -54.2817 12.7084 -8.9248
v -39.9986 13.4713 -7.8880
v -36.4366 13.4593 -7.8839
v -5.7954 12.6769 -9.6475
v -4.4057 12.7049 -10.2455
v -0.3245 12.7917 -9.6535
v 2.8172 12.7916 -9.6535
v 6.8965 12.7049 -10.2455
v 8.2905 12.6769 -9.6475
v 36.4793 13.0229 -9.5474
v 42.1162 13.9262 -10.7233
v 46.9320 12.6359 -10.0271
v 50.8019 13.1479 -9.7387
v -58.8558 16.1015 -8.6226
v -54.2857 16.0790 -9.2481
v -40.0708 14.9380 -10.4302
v -36.3504 14.9380 -10.4302
v -5.7972 14.4637 -8.4112
v -4.4057 14.3292 -8.4248
v -0.6120 14.4891 -8.3199
v 3.1084 14.4891 -8.3199
v 6.8964 14.3292 -8.4248
v 8.2910 14.4642 -8.4112
v 36.4793 15.5236 -9.1819
v 42.1162 15.5237 -9.1819
v 47.0450 15.0098 -8.7210
v 50.8218 14.7308 -10.2265
v -58.8312 19.4524 -9.6209
v -54.2968 18.8798 -9.8376
v -43.3538 18.8349 -10.8073
v -42.5140 19.5337 -10.2536
v -38.6235 20.5271 -10.5597
v -34.6323 19.8619 -10.2099
v -33.4269 19.2807 -10.3505
v -22.9277 19.4592 -10.2798
v -19.7157 20.4468 -10.5113
v -16.2818 20.2480 -10.3958
v -13.8945 19.4261 -10.2538
v -3.2885 19.4245 -10.2807
v -0.3030 20.3767 -10.4692
v 3.4476 20.2480 -10.3958
v 5.8411 19.4231 -10.2520
v 16.3683 19.3959 -10.2870
v 18.7781 20.2480 -10.3958
v 22.5288 20.3766 -10.4692
v 25.4929 19.4527 -10.2484
v 36.5414 20.5750 -8.3197
v 36.9945 20.5750 -8.0230
v 50.8174 19.1810 -9.8534
v -58.3947 23.2256 -8.2444
v -54.6685 23.2234 -8.2430
v -10.6662 23.8260 -10.5577
v -6.5624 23.8287 -10.5505
v -57.9838 25.9169 -8.9058
v -55.0810 25.9088 -8.8937
v -42.4384 25.5553 -10.8084
v -33.9829 25.5553 -10.8084
v -22.7089 25.5553 -10.8084
v -11.8887 24.5785 -10.0709
v -11.1045 24.1568 -10.4261
v -5.6269 24.4314 -10.1370
v -4.1464 25.1409 -10.4330
v 5.4759 25.5553 -10.8084
v 16.7499 25.5553 -10.8084
v 19.5965 26.1443 -10.3174
v 25.5565 25.4307 -10.6951
v 36.3772 25.7489 -9.0309
v 39.2977 26.1894 -9.8496
v -57.8842 27.9520 -10.1639
v -55.0517 28.0336 -10.0351
v -52.7857 29.2266 -9.7786
v -45.3988 29.1870 -9.0401
v -56.5195 31.7362 -9.1280
v -53.7675 31.3845 -9.4166
v -45.9079 32.4878 -9.0632
v -56.5195 35.0826 -8.9336
v -47.3003 35.2288 -9.3112
v -46.2715 34.6759 -10.1568
v 50.9099 38.9042 -10.4121
v 55.6450 39.0361 -10.4640
v 56.2087 38.7063 -10.3343
v 24.6739 43.4442 -10.5290
v 33.0200 40.7384 -8.1594
v 34.1734 42.4531 -8.5700
v 50.9475 41.9447 -9.2351
v 55.6450 41.9861 -9.3695
v 56.2087 41.8621 -8.9664
v 25.1252 44.2390 -10.4156
v 32.4428 45.5581 -8.1910
v 33.8069 44.4852 -8.7536
v 50.9475 45.2650 -8.6310
v 55.6450 45.2720 -8.7715
v 56.2087 45.2509 -8.3501
v -1.9499 49.2275 -9.9728
v -1.7465 49.8703 -9.5088
v 50.9475 48.6271 -8.9069
v 55.6450 48.5992 -9.0444
v 56.2087 48.6828 -8.6320
v -1.9990 50.6848 -10.0894
v 26.7550 51.2701 -9.7351
v 28.7096 51.3453 -9.2518
v 50.9475 51.8386 -9.9379
v 55.6450 51.7785 -10.0652
v 56.2087 51.9589 -9.6833
v 28.7868 54.6646 -9.2073
v 30.5554 53.9316 -9.7255
v 50.8535 53.7711 -10.6895
v 55.6450 53.7711 -10.6895
v 56.2087 53.7711 -10.6895
v -15.3069 -20.6214 -5.4978
v -14.1746 -21.6590 -5.4978
v -2.4715 -21.2752 -5.4978
v -1.6060 -19.9154 -5.4978
v -15.3347 -15.5208 -6.2392
v -1.9349 -15.5725 -6.6642
v -1.7362 -15.3616 -5.6684
v 17.4150 -15.3325 -4.4550
v 17.7976 -15.4854 -4.6044
v 24.2001 -15.4685 -4.5878
v -15.5451 -14.8558 -5.9989
v -1.8789 -14.9168 -7.3637
v -1.6402 -14.8408 -5.6810
v 17.2097 -14.4790 -4.7246
v 17.7686 -14.4808 -5.2880
v 24.3494 -14.4711 -5.1259
v -56.5195 -10.3213 -5.6106
v -47.4553 -9.7316 -7.0548
v -11.4807 -9.4159 -5.5772
v -10.9694 -9.6842 -6.4206
v -6.0662 -9.7654 -5.9234
v 25.2053 -10.4411 -4.9553
v 36.4793 -10.7447 -5.0717
v 38.8413 -9.1301 -6.9787
v 41.3603 -9.9962 -6.3417
v -56.5195 -5.8286 -7.2791
v -54.0768 -5.7365 -7.3712
v -47.1726 -7.5751 -5.2873
v -46.1477 -6.4472 -5.9651
v -34.7601 -5.8837 -5.2374
v -32.6962 -5.6162 -5.3719
v -19.2567 -5.7239 -5.2585
v -16.0018 -6.1103 -5.8379
v -11.4832 -7.0668 -5.5907
v -11.0649 -7.0404 -6.5531
v -5.9480 -7.1010 -6.0613
v -2.3091 -6.0178 -6.4952
v -1.3366 -6.5173 -5.8555
v 25.2053 -7.2575 -5.4464
v 28.0238 -6.0794 -5.3527
v 36.4793 -6.6988 -5.4668
v 38.3876 -7.4529 -5.8482
v 41.0875 -8.0699 -6.0390
v -56.5195 -3.9797 -5.6106
v -53.6574 -3.9160 -6.2103
v -45.1193 -4.8080 -5.8782
v -42.8072 -3.6841 -5.4978
v -33.8514 -2.9312 -5.4978
v -32.9140 -4.5578 -5.4914
v -29.0286 -5.1409 -5.4837
v -27.2022 -4.9041 -5.4978
v -23.2269 -3.9258 -5.4978
v -19.2133 -5.1290 -5.4652
v -15.5647 -5.0080 -5.8511
v -11.5425 -5.0818 -5.6035
v -11.0639 -5.0327 -6.5157
v -5.9917 -4.9126 -6.0777
v -2.2142 -4.8939 -6.2630
v -1.6457 -5.1557 -5.7554
v 17.2212 -3.5121 -4.7096
v 17.7744 -3.4042 -5.1799
v 24.3323 -3.4234 -5.0474
v 28.0238 -4.3855 -4.8289
v 35.9156 -4.7211 -5.2655
v 37.8716 -5.0263 -5.5853
v 42.1162 -4.3855 -4.8289
v 50.8849 -2.8366 -7.0342
v 55.6450 -2.7722 -7.0739
v 56.2087 -2.9171 -6.9846
v -57.8790 0.1540 -7.0073
v -55.1309 0.0823 -6.9323
v -42.1182 -1.5463 -5.4978
v -38.9011 -1.9391 -5.4978
v -34.7242 -1.6060 -5.4978
v -22.3888 -1.5461 -5.4978
v -19.1624 -1.9257 -5.4798
v -17.0975 -1.8999 -5.8635
v -10.4870 0.8568 -6.1671
v -6.7463 0.8568 -6.1671
v -0.2039 -1.8949 -5.8281
v 25.2053 -1.3297 -5.4978
v 35.0700 -0.5636 -5.4978
v 50.9574 -0.5097 -6.0725
v 55.1648 -0.2033 -7.0162
v 56.2087 -0.4279 -6.5021
v -57.9628 2.7923 -5.8307
v -55.0989 2.8034 -5.8270
v -21.7168 4.3067 -6.9071
v -19.7143 3.8064 -6.9071
v -16.4392 3.9671 -6.9071
v -1.9874 4.3067 -4.9398
v 0.1293 4.0088 -4.9398
v 2.8285 4.0624 -4.9390
v 18.9356 3.9671 -6.9071
v 22.2107 3.8064 -6.9071
v 24.2132 4.3067 -6.9071
v 36.5497 3.6641 -5.4950
v 37.5208 3.6641 -5.1067
v 50.9574 2.6908 -6.2300
v 55.1953 2.1858 -7.0426
v 56.2087 2.4864 -6.5491
v -58.0574 5.9921 -5.0366
v -54.9954 5.9927 -5.0361
v -25.0880 6.9248 -6.4001
v -23.4048 6.4809 -6.5322
v -13.1375 6.5710 -6.5071
v -5.5996 7.1801 -5.4358
v -3.4159 6.7506 -6.0377
v -1.0489 4.5492 -4.9398
v 3.9117 4.6787 -4.9398
v 5.9948 6.7963 -6.0378
v 8.3019 7.4646 -5.7665
v 13.9445 7.4910 -6.1964
v 15.8322 6.4594 -6.5448
v 26.0359 6.4410 -6.5501
v 27.8434 7.2643 -6.2776
v 50.8535 4.8178 -7.1626
v 55.6450 4.8178 -7.1626
v 56.2087 4.8178 -7.1626
v -58.2195 8.3378 -4.9126
v -54.8537 8.3375 -4.9126
v -39.8274 10.6725 -7.0431
v -36.5939 10.6732 -7.0508
v -25.5162 9.8450 -5.6697
v -24.1295 8.9375 -5.8586
v -20.3414 10.6590 -4.4984
v -16.6210 10.2125 -4.9161
v -12.3754 9.2399 -5.7956
v -6.1286 9.6867 -5.9600
v -3.6724 8.4419 -6.0984
v -0.5196 10.2951 -6.8405
v 3.0149 10.2951 -6.8405
v 6.2226 8.4143 -6.0585
v 8.6508 9.7904 -6.0392
v 13.9426 9.8450 -5.6697
v 15.3293 8.9375 -5.8586
v 19.2728 9.4972 -5.3626
v 22.6682 9.4859 -5.4042
v 26.6216 8.9375 -5.8586
v 28.0069 9.8450 -5.6697
v 36.4969 8.3086 -6.2976
v 37.4076 8.3442 -5.0431
v 42.1162 8.1215 -5.9051
v 46.9448 9.0747 -5.9338
v -58.5914 13.1747 -5.6541
v -54.4702 13.1748 -5.6541
v -39.8275 13.5659 -7.0508
v -36.5939 13.5665 -7.0431
v -25.5162 12.8806 -5.5204
v -24.1351 12.8806 -5.5204
v -20.1998 12.0870 -6.0082
v -16.7743 12.1010 -6.0330
v -12.1424 12.8806 -5.5204
v -6.0605 12.5611 -6.3104
v -4.1751 12.8353 -6.4387
v -0.4329 12.5701 -6.4031
v 2.9269 12.5701 -6.4031
v 6.6709 12.8353 -6.4387
v 8.5568 12.5611 -6.3104
v 13.9426 12.8806 -5.5204
v 15.3237 12.8806 -5.5204
v 19.2687 12.1601 -6.0293
v 22.6978 12.1720 -6.0051
v 26.6258 12.8806 -5.5204
v 28.0069 12.8806 -5.5204
v 36.4793 12.5424 -6.1748
v 46.9718 13.4789 -5.1182
v -58.0695 16.6702 -4.7051
v -54.9892 16.6831 -4.7066
v -25.5148 16.3477 -6.0922
v -23.9223 16.6029 -6.1719
v -20.1718 14.7531 -5.4042
v -16.7765 14.7419 -5.3626
v -12.6440 16.5009 -6.1416
v -6.1808 15.3991 -5.4715
v -3.5251 16.6500 -6.0772
v -0.6120 14.5199 -7.0752
v 3.1084 14.5199 -7.0752
v 6.0591 16.6454 -6.0544
v 8.7452 15.3099 -5.5140
v 13.9441 16.3477 -6.0922
v 15.5365 16.6029 -6.1719
v 26.4175 16.6029 -6.1719
v 28.0069 16.1951 -6.0506
v 36.4994 16.2333 -6.2105
v 37.4065 16.0557 -5.0498
v 42.1162 16.1175 -5.9051
v 46.9607 15.2621 -6.0153
v -58.0487 19.3759 -5.3438
v -55.0239 19.3738 -5.3422
v -24.6618 17.8805 -6.6038
v -22.9406 18.5199 -6.7426
v -19.7143 20.4326 -6.9071
v -16.4392 20.2720 -6.9071
v -13.4412 18.2171 -6.6898
v -5.2907 17.4859 -4.9398
v -3.1717 18.3383 -5.7430
v 0.0546 20.1659 -4.9398
v 3.2250 20.0107 -4.9398
v 5.9525 18.1238 -5.7916
v 15.9376 18.2171 -6.6898
v 18.9356 20.2720 -6.9071
v 22.2107 20.4326 -6.9071
v 25.7173 18.4395 -6.7304
v 27.5165 17.4859 -6.4606
v 36.5619 18.7057 -5.4944
v 37.5474 19.9374 -5.5436
v -57.9377 22.4857 -6.2996
v -55.1182 22.4992 -6.3003
v 36.4736 23.6133 -5.8276
v -57.8216 24.8831 -7.0408
v -55.1116 24.9966 -6.8496
v -42.2354 26.1142 -5.4978
v -38.9011 26.1782 -5.4978
v -34.5163 26.1180 -5.4978
v 17.0999 25.6563 -4.8055
v 18.4036 25.9498 -4.9837
v 29.2502 26.2120 -4.9553
v 30.5822 26.2120 -4.8576
v 36.4191 24.4819 -7.1307
v 39.2837 26.1838 -6.8250
v -56.5195 29.1432 -6.4448
v -53.6950 28.5520 -6.5162
v -45.3444 29.3224 -5.9867
v -42.9186 28.3179 -5.4978
v -33.8758 28.8300 -5.4978
v -33.2717 28.6621 -5.4978
v -26.3329 29.0305 -5.4978
v 17.1213 29.0305 -4.8174
v 18.6675 29.0921 -4.9321
v 22.0369 29.4102 -5.1424
v 29.2502 29.0305 -4.9553
v 32.3463 29.2780 -5.1333
v 34.8280 29.4791 -4.9737
v 37.2444 30.1334 -5.1481
v -47.1322 32.0836 -5.5909
v -46.2347 31.0468 -5.9679
v 20.4120 31.3661 -4.6579
v 22.0368 31.4679 -5.1447
v 33.2283 31.4833 -5.2615
v 35.1430 31.4973 -5.0861
v 37.5362 30.6398 -5.4837
v -56.5195 34.5603 -5.6106
v -47.8404 34.1244 -6.7680
v 39.6795 36.1202 -5.0939
v 41.1928 35.0431 -5.3120
v 44.1917 35.7820 -5.4978
v 32.0091 40.3315 -7.1495
v 39.4349 38.1103 -5.4364
v 41.3518 40.0048 -5.4978
v 44.3875 38.7539 -5.4610
v 29.8570 42.6176 -5.5324
v 31.6186 40.9919 -6.1658
v 33.8930 41.0654 -7.2374
v 26.5806 46.5707 -6.1839
v 28.5909 46.2226 -6.0582
v 31.0923 45.4755 -6.5377
v 25.7230 48.5231 -5.9823
v 29.9543 48.2480 -5.6504
v 30.5409 48.6839 -6.1762
v 26.4198 50.7543 -6.1146
v 28.6480 51.0491 -6.0217
v 30.3248 50.2976 -6.4832
v -14.6875 -19.9154 -1.9935
v -13.9399 -21.2753 -2.4243
v -3.0892 -20.9043 -2.3068
v -15.1805 -15.5803 -3.6540
v -14.1781 -15.4037 -1.4315
v -2.2743 -15.5268 -3.0863
v 17.2318 -15.4854 -3.5432
v 17.7391 -15.8892 -3.5432
v 24.3852 -15.7547 -3.5432
v -15.0186 -14.7998 -2.7721
v -14.4414 -14.9781 -1.6384
v -2.3887 -14.8624 -2.3868
v -1.7169 -14.6363 -4.1252
v 16.8919 -14.5615 -3.5432
v 25.0917 -14.3555 -3.4275
v 36.4793 -12.7823 -3.7321
v 42.1235 -13.3309 -2.8995
v 49.1737 -12.5930 -1.9493
v 50.5717 -13.8598 -2.6686
v -11.4575 -9.4166 -4.3216
v -9.9264 -9.6543 -3.1872
v -6.9827 -9.7487 -3.3184
v 42.2442 -9.7733 -1.8761
v 47.6279 -9.7874 -1.8687
v -48.0753 -7.6099 -2.6793
v -35.1145 -5.9297 -2.9398
v -32.6962 -5.6162 -2.8052
v -19.2567 -5.7239 -2.9186
v -15.9516 -6.1205 -3.0494
v -12.8003 -6.5195 -3.0952
v -9.9701 -7.1873 -3.1405
v -6.9235 -7.1845 -3.3133
v -2.6955 -6.2055 -2.5276
v -1.2018 -6.9271 -3.3945
v 25.2053 -7.5221 -1.2418
v 42.2434 -6.9089 -2.2416
v 47.6241 -6.8887 -2.2539
v -48.0753 -4.7914 -2.6793
v -44.0712 -4.7782 -2.6793
v -42.8072 -3.6841 -2.6793
v -33.8514 -2.9312 -2.6793
v -32.9140 -4.5578 -2.6858
v -29.0286 -5.1409 -2.6934
v -27.2022 -4.9041 -2.6793
v -23.2269 -3.9258 -2.6793
v -19.2407 -5.1273 -2.7113
v -15.7104 -5.0675 -3.2091
v -13.8159 -4.8893 -2.2944
v -9.9655 -5.1911 -3.1539
v -7.1484 -5.2634 -3.1491
v -2.7391 -4.9317 -2.7565
v -1.7150 -5.1559 -4.1243
v 16.9890 -3.2128 -3.5432
v 17.6306 -2.2541 -3.7814
v 24.8236 -2.9998 -3.5961
v 28.0238 -2.5789 -3.8265
v 35.0700 -2.5789 -3.8265
v 42.2426 -4.7568 -1.5937
v 43.6946 -4.7011 -1.5181
v 47.6250 -4.8004 -1.5882
v -56.5195 -0.9103 -3.4826
v -53.8805 -0.4904 -3.5322
v -42.1182 -1.5463 -2.6793
v -38.9011 -1.9391 -2.6793
v -34.7242 -1.6060 -2.6793
v -22.3888 -1.5461 -2.6793
v -19.1624 -1.9257 -2.6973
v -16.7423 -1.8473 -2.4900
v -9.4278 0.8568 -3.5392
v -7.2982 0.8569 -3.7208
v -0.7036 -1.8206 -2.6667
v 17.8476 -2.0441 -3.3050
v 24.1075 -2.0441 -3.3050
v 28.0238 -1.9729 -3.3355
v 35.7746 -1.3133 -2.6263
v 42.1162 -1.0935 -2.3900
v -57.6617 3.8752 -4.0819
v -54.7999 3.4835 -3.5011
v -1.9874 4.3067 -3.6425
v 0.1193 3.9913 -3.7053
v 2.8687 4.0540 -3.7057
v 36.5497 3.6641 -2.6821
v 37.5205 3.6641 -3.3929
v -57.8116 5.9175 -3.8987
v -55.1340 5.8351 -3.7159
v -25.5162 7.4335 -1.2588
v -11.4519 7.4240 -1.2588
v -5.5359 7.0885 -3.6425
v -3.4100 5.8487 -3.6157
v -1.0617 6.3083 -3.1288
v 3.8318 6.1344 -3.2187
v 6.3170 5.9367 -3.6564
v 8.2775 7.4240 -3.6425
v 13.9426 7.4335 -1.2588
v 28.0069 7.4240 -1.2588
v -57.9308 9.4631 -3.7554
v -55.1324 9.4611 -3.7720
v -25.5233 10.3127 -2.1461
v -24.1351 10.2127 -2.2894
v -20.2028 10.2374 -2.3775
v -16.7614 10.2374 -2.3775
v -11.7974 10.2872 -2.1828
v -6.3167 9.2015 -3.7255
v -3.2655 8.9412 -2.9307
v 0.1531 9.2343 -2.8215
v 3.1017 8.9281 -2.9520
v 6.3091 8.8428 -2.9704
v 8.9269 9.3718 -3.7165
v 13.9356 10.3127 -2.1461
v 15.3237 10.2127 -2.2894
v 19.2659 10.1171 -2.5376
v 22.6875 10.0812 -2.5148
v 26.6258 10.2127 -2.2894
v 28.0175 10.3127 -2.1461
v 37.6859 9.6507 -3.5688
v 42.1162 9.8148 -3.4588
v 47.1338 10.1963 -3.9035
v -57.9628 12.6164 -3.6718
v -55.1004 12.6065 -3.6669
v -25.5246 12.6280 -2.7644
v -24.1351 12.7049 -3.1993
v -20.0053 12.7443 -2.9279
v -16.9613 12.7444 -2.9279
v -11.7248 12.6438 -2.8535
v -6.8982 12.5200 -3.7165
v 9.3943 12.5200 -3.7165
v 13.9342 12.6280 -2.7644
v 15.3237 12.7049 -3.1993
v 19.3814 13.0771 -2.7414
v 22.5704 13.0771 -2.7414
v 26.6259 12.7049 -3.1993
v 28.0194 12.6281 -2.7644
v 36.5732 12.1195 -2.6831
v 37.0749 12.6779 -2.8516
v 42.1162 12.7248 -2.8301
v 46.9793 12.5408 -3.6515
v -57.9113 15.4920 -3.7981
v -55.1489 15.5107 -3.7858
v -25.5208 14.5299 -1.6323
v -24.1351 14.3236 -1.7086
v -20.3415 14.6398 -2.4372
v -16.6210 14.6255 -2.3945
v -11.8531 14.4698 -1.6547
v -6.1240 15.6058 -3.7165
v -3.3772 15.5711 -2.9262
v -0.0019 15.2272 -2.8035
v 3.2245 15.5136 -2.8406
v 6.3443 15.7285 -3.0496
v 8.7239 15.4876 -3.7053
v 13.9380 14.5299 -1.6323
v 15.3237 14.3236 -1.7086
v 19.1174 14.6395 -2.2379
v 22.8378 14.6395 -2.2379
v 26.6258 14.3236 -1.7086
v 28.0140 14.5307 -1.6323
v 36.5497 16.3501 -2.6821
v 37.6040 15.8267 -3.4721
v 42.1162 14.9423 -3.7926
v 47.2797 14.6038 -4.1231
v 50.5717 15.2453 -2.6793
v -57.8035 18.9124 -4.0240
v -55.1393 18.9078 -3.8318
v -5.2907 17.4860 -3.6425
v -3.2665 18.8766 -3.7165
v 0.0515 20.1865 -3.7165
v 3.2300 20.0309 -3.7165
v 6.3057 18.5301 -3.7078
v 36.5609 19.5874 -2.6826
v 37.5228 19.8840 -3.0921
v 50.5717 19.9172 -3.1754
v -56.5195 21.8321 -1.7774
v -53.8256 22.6872 -2.5032
v 50.5717 21.8472 -2.1833
v -56.5195 25.1494 -3.4826
v -53.9504 25.5183 -3.9500
v -42.2354 26.1142 -2.6793
v -38.9011 26.1782 -2.6793
v -34.5163 26.1179 -2.6793
v 17.0463 25.6434 -3.7161
v 18.5690 25.9780 -3.3730
v 29.0657 26.2120 -3.4044
v 30.5637 26.2120 -3.7394
v 39.2442 26.6939 -3.9637
v -48.0753 29.0305 -2.6793
v -43.4784 29.0107 -2.6793
v -42.9186 28.3179 -2.6793
v -35.2850 29.0127 -2.6793
v -33.2717 28.6621 -2.6793
v -26.3329 29.0305 -2.6793
v 17.1014 29.0305 -3.7573
v 18.9987 29.1417 -3.4894
v 21.8634 29.1056 -3.7942
v 29.0657 29.0305 -3.4044
v 31.0117 29.0348 -3.7847
v 35.4779 29.1815 -3.8046
v 37.3539 29.6817 -3.6853
v -48.0753 31.8489 -2.6793
v 20.0029 31.4692 -3.7319
v 21.8634 31.7738 -3.7942
v 33.0971 31.8249 -3.7630
v 35.0671 31.8010 -3.8019
v 39.7133 36.0161 -3.9536
v 42.2502 34.6729 -3.9706
v 39.5379 38.5547 -3.3603
v 40.0277 39.3771 -1.7154
v 44.5546 38.7897 -2.8903
v 23.2160 43.3084 -2.6793
v 24.4406 43.3289 -2.6793
v 22.8003 45.0643 -2.6793
v 24.8371 45.0244 -2.6793
v -11.8623 -20.8245 0.1245
v -8.8368 -20.9708 0.7334
v -5.4254 -20.9043 0.0295
v 20.0597 -21.7023 1.1424
v 21.6373 -21.7023 0.9522
v -13.1673 -15.5309 -0.4504
v -10.4008 -15.5561 1.0792
v -7.1313 -15.5278 1.1585
v -4.0018 -15.5358 -0.4761
v 14.1475 -15.3607 1.5672
v 15.2357 -15.6598 0.9869
v 19.2480 -16.0411 1.0668
v 21.8308 -16.0653 0.7751
v 24.8579 -15.5609 1.3400
v 42.1219 -15.6745 0.5112
v 50.5717 -15.6745 0.5112
v -12.6745 -14.8436 0.1311
v -9.6233 -14.8559 1.3558
v -6.2448 -14.7955 1.0133
v -4.1202 -14.8838 -0.1956
v 14.0371 -14.9853 1.4413
v 15.3289 -14.9408 0.3080
v 25.1061 -14.8709 1.3135
v 42.2452 -12.5391 0.8958
v 45.8592 -12.0857 0.0490
v 47.6373 -12.5344 0.9094
v 50.5717 -15.0676 -1.0277
v -56.3989 -10.4398 1.2307
v -55.9871 -10.6232 1.1024
v -48.0753 -9.7311 0.3625
v -42.7163 -10.3165 1.1440
v 14.0047 -8.8782 1.4413
v 15.0932 -8.8140 0.3300
v 20.2556 -10.4233 1.3109
v 21.4699 -10.4230 1.1225
v 25.2053 -10.5107 0.1417
v 42.2210 -11.3782 -0.5729
v 47.7033 -11.2882 -0.4613
v -48.0753 -7.0679 0.2736
v -42.7043 -7.0884 0.4814
v -31.0855 -6.0441 1.5146
v -29.0124 -6.1137 0.6992
v -26.2467 -6.0877 1.1800
v -15.1329 -7.6099 -0.1502
v -12.7609 -6.3993 0.0625
v -9.9260 -6.1386 0.9924
v -6.4098 -6.2063 0.7305
v -3.8430 -6.5135 -0.0775
v -1.5872 -7.6099 -0.8022
v 7.5954 -5.9188 2.0163
v 9.4385 -6.0990 0.9969
v 12.9870 -6.8051 1.0791
v 15.2220 -8.0971 0.8652
v 25.2053 -6.3979 -1.0044
v 42.1162 -6.5952 -0.7872
v 48.3169 -7.0657 0.6297
v -48.0753 -4.8731 0.8534
v -44.0712 -4.7782 0.9103
v -42.7338 -4.4500 1.3608
v -31.0855 -4.1062 1.5146
v -29.0124 -3.7239 0.6992
v -26.2467 -3.8664 1.1800
v -12.6852 -4.9816 -0.2863
v -9.8992 -4.9582 0.9075
v -6.5729 -4.9451 0.6603
v -4.1266 -5.0185 -0.4914
v 7.5954 -4.7914 2.0163
v 9.4385 -3.8045 0.9969
v 12.5422 -3.7635 0.9175
v 14.5063 -4.7914 1.8500
v 25.2000 -4.2447 0.5453
v 27.4071 -3.3026 0.1504
v 34.2769 -3.3027 0.1504
v 42.2313 -3.1823 0.2830
v 45.8592 -3.1341 0.0490
v 47.6427 -3.1902 0.2633
v -48.0755 0.0257 0.1279
v -30.8093 -0.4449 1.6444
v -28.9413 -0.2464 0.5887
v -26.7934 0.0602 0.8439
v -15.2823 -1.5893 -0.3483
v -13.4745 -1.0279 1.3744
v -9.3684 -0.0705 0.1279
v -7.4891 0.1700 0.1279
v -3.3580 -1.1590 1.0320
v -1.5449 -1.6916 -0.8724
v 9.9123 -0.1411 0.7254
v 12.2477 -0.1748 0.7132
v 29.1848 -0.2756 0.1341
v 31.6711 -0.1824 0.1298
v 35.4823 -0.5948 0.1367
v 42.2945 -1.6727 1.4249
v 47.5307 -2.1356 1.7301
v -48.0753 1.8349 0.1279
v -41.0545 4.1686 0.1392
v -38.6235 3.7247 0.1392
v -35.7642 4.0549 0.1392
v -28.7380 1.9404 0.1279
v -27.1138 1.5036 0.1279
v -9.2573 1.9141 0.1279
v -7.5680 1.7056 0.1279
v 10.2299 1.8197 0.1279
v 11.9370 1.8493 0.1279
v 29.7436 1.6601 0.1279
v 31.4205 1.9270 0.1279
v 36.4793 3.6641 0.1392
v -56.5195 5.9612 -0.6359
v -53.9509 6.4701 -0.7274
v -44.1760 6.8910 0.6277
v -42.6421 6.1001 0.4161
v -34.1558 5.8720 0.3706
v -32.6253 6.7021 0.5707
v -25.5838 7.5457 -0.3738
v -23.1062 7.0866 0.6706
v -13.8187 7.0935 0.6548
v 13.8750 7.5457 -0.3738
v 16.3526 7.0866 0.6706
v 25.6026 7.0866 0.6706
v 28.0802 7.5457 -0.3738
v 30.8254 7.2848 1.4346
v 36.4793 6.8337 0.9142
v 39.2977 7.0460 1.1591
v -56.5195 9.6337 0.0321
v -53.8490 9.3896 -0.2808
v -44.3211 9.2399 1.2506
v -39.8122 10.6678 1.5661
v -36.6093 10.6664 1.5536
v -32.1048 9.2399 1.2506
v -25.6594 10.0933 -0.0493
v -23.4392 8.5160 0.8574
v -20.1468 10.4651 -0.6045
v -16.8180 10.4651 -0.6045
v -12.9382 9.0194 0.5036
v -11.0433 9.6250 0.6921
v 13.7995 10.0933 -0.0493
v 16.0196 8.5160 0.8574
v 19.2782 10.2824 -0.4852
v 22.6751 10.2825 -0.4852
v 25.9319 8.5133 0.8574
v 28.1554 10.0933 -0.0493
v 30.8254 8.3196 1.2609
v 36.4793 8.7988 0.8040
v 39.2977 8.5594 1.0325
v -56.5195 12.1195 0.1561
v -53.8685 11.9849 -0.1152
v -44.5550 12.8806 1.5259
v -39.8122 13.5726 1.5536
v -36.6093 13.5713 1.5661
v -31.8718 12.8806 1.5259
v -25.6237 12.6334 0.3209
v -23.9045 12.8353 0.6075
v -20.1409 12.6198 0.0049
v -16.8241 12.6197 0.0049
v -11.9841 12.6840 0.3332
v -11.0839 12.7049 0.6594
v 13.8351 12.6334 0.3209
v 15.5543 12.8353 0.6075
v 19.3217 12.6094 -0.0371
v 22.6308 12.6093 -0.0371
v 26.4003 12.8353 0.6075
v 28.1201 12.6335 0.3209
v 30.8254 13.3694 1.2949
v 36.4793 12.8427 0.7123
v 39.2977 13.1342 1.0348
v -56.5195 15.8371 -0.1512
v -53.8945 15.7568 -0.3929
v -44.2231 16.4475 0.9238
v -43.1655 17.4465 0.5997
v -32.3733 16.5010 0.9047
v -25.7484 14.8930 -0.0216
v -23.2540 16.5699 0.8916
v -20.3414 14.6218 -0.7683
v -16.6210 14.6218 -0.7683
v -13.4964 16.3812 0.7498
v -10.8183 15.6179 1.2430
v 13.7104 14.8930 -0.0216
v 16.2048 16.5699 0.8916
v 19.1174 14.3441 -0.9142
v 22.8378 14.3441 -0.9142
v 25.7518 16.5682 0.8916
v 28.2443 14.8930 -0.0217
v 30.8254 14.2316 1.5484
v 36.4793 14.7540 1.1095
v 39.2977 14.5972 1.2412
v -56.5195 19.4871 -0.9375
v -54.2393 19.4757 -0.9770
v -44.0856 18.1733 0.3211
v -42.1798 18.7077 0.3242
v -38.6235 20.5144 0.1392
v -34.9600 19.2747 0.2553
v -32.8012 18.1616 0.3508
v -22.7901 17.6434 0.2323
v -14.1723 17.6434 0.2323
v 16.6687 17.6434 0.2323
v 25.2865 17.6434 0.2323
v 36.5721 20.5750 -0.9822
v 36.8443 20.5750 -1.0920
v -48.0755 22.7537 0.1278
v -28.9515 22.5772 0.1279
v -27.0420 23.1342 0.1279
v -9.3352 22.4245 0.1279
v -7.5113 22.6551 0.1279
v 10.0782 22.7733 0.1279
v 12.0980 22.7350 0.1279
v 29.6349 22.9615 0.1279
v 31.6148 22.6207 0.1279
v -48.0753 24.5336 0.1279
v -28.5853 24.5962 0.1279
v -27.2087 24.2362 0.1279
v 10.3596 24.5209 0.1279
v 11.8034 24.5453 0.1279
v 17.0784 25.6519 1.3076
v 18.6225 25.9869 0.8802
v 26.3327 26.2120 0.1392
v 29.1488 26.0235 0.8690
v 30.8868 25.4753 0.7569
v 39.2583 26.7080 -0.6664
v 17.1124 29.0305 1.3026
v 18.6192 29.0305 0.9105
v 29.0677 29.0305 0.9540
v 30.5604 29.0305 1.2867
v 38.9821 28.0553 0.4125
v -56.5195 34.2334 -0.1371
v -48.0753 34.2334 -0.1371
v 57.6179 36.0477 1.1369
v 41.5925 40.1189 -0.2319
v 43.5565 39.8901 -0.6895
v 57.6179 39.0354 0.6019
v 44.9347 40.4622 0.4548
v 57.6179 42.4420 0.6672
v 57.6179 44.9538 1.3421
v 20.1951 -21.7023 2.4112
v 21.3949 -21.7023 2.4913
v 20.0678 -16.0653 2.5518
v 21.7047 -16.0653 2.7547
v 25.2053 -16.0047 3.3705
v 42.1219 -16.0047 3.3705
v 50.5717 -16.0047 3.3705
v -56.3965 -12.5528 3.8074
v -55.9896 -12.8206 3.9112
v -42.7374 -12.6538 3.8712
v 42.2467 -12.8304 3.6800
v 45.1376 -12.9368 2.6814
v 47.6319 -12.8255 3.6872
v -56.4457 -11.6955 2.4227
v -55.9896 -11.9489 2.2164
v -42.6157 -11.7239 2.3999
v 20.4226 -10.4232 2.1880
v 21.2096 -10.4230 2.3010
v 25.2053 -11.6968 3.5797
v 42.1162 -11.6939 3.5636
v 48.3169 -9.9619 3.5618
v -31.9544 -6.1199 3.5817
v -29.1689 -6.4825 3.8934
v -24.9806 -6.1692 3.5527
v -24.1332 -5.9188 4.3669
v -11.8521 -7.6099 2.3150
v -9.8496 -7.6099 2.8153
v -6.5745 -7.6099 2.6547
v 7.3497 -6.0980 3.9221
v 8.5234 -6.2711 2.8421
v 13.1478 -6.3215 2.9158
v 14.8319 -6.1065 3.8149
v 48.3169 -6.7572 4.3468
v -42.5040 -3.0380 3.3524
v -31.9113 -3.5464 3.5825
v -29.1689 -5.1161 3.8934
v -24.9499 -3.5310 3.5624
v -24.1332 -4.7914 4.3669
v 7.4038 -3.6204 3.9331
v 8.3764 -3.6236 2.7371
v 13.2613 -3.9675 2.8220
v 14.7669 -3.5848 3.7830
v 25.1751 -3.5258 3.5726
v 27.7431 -3.3889 2.9576
v 33.9415 -3.3889 2.9576
v 42.2145 -2.5283 3.8028
v 47.6883 -2.6413 3.8086
v -31.7461 -0.6051 3.4158
v -24.9463 -0.6051 3.4158
v -11.8465 -0.3128 2.3170
v -9.5275 -0.0278 2.8718
v -7.1550 0.1270 2.7903
v 7.5375 -0.6202 3.9391
v 8.0883 -0.5726 2.2945
v 14.0509 -0.6199 2.1600
v 14.6560 -0.6761 3.6921
v 36.4793 0.7850 3.3705
v 38.5931 0.8456 2.9576
v 42.3084 -1.9841 3.1318
v 47.5560 -2.0700 3.1136
v -21.7168 4.3067 3.1155
v -19.4076 3.9917 3.0417
v -16.7107 4.0697 3.0673
v 19.3657 4.0558 3.0527
v 22.1034 3.9953 3.0529
v 24.2132 4.3067 3.1155
v -24.9061 6.8468 3.0797
v -22.7737 5.7201 3.2264
v -20.6805 5.6970 3.5005
v -15.5608 5.9366 3.5428
v -13.0003 6.0719 3.0573
v 13.9482 7.4240 3.1155
v 15.8881 5.9193 3.1014
v 18.3450 5.9292 3.5901
v 23.2430 6.1109 3.7044
v 25.5198 5.6823 3.1602
v 27.5561 7.0919 3.0674
v 30.8254 7.5141 2.1553
v 36.4793 7.0497 2.6171
v 39.2977 7.1413 2.4938
v -44.8696 10.4096 4.5255
v -39.9580 10.6888 2.9055
v -36.4764 10.6666 2.9727
v -31.5547 10.4096 4.5255
v -26.0454 9.1999 3.0205
v -22.6558 9.0649 4.1356
v -19.0316 9.1438 4.2283
v -16.1537 8.9347 4.0622
v -12.8608 8.6553 3.7995
v -10.7110 9.4994 3.0366
v 13.2991 9.3708 3.0276
v 15.9397 8.6834 3.9286
v 18.9213 9.0454 4.1561
v 21.9701 9.0961 4.1622
v 25.4425 9.0900 4.2038
v 28.5417 9.1996 3.0205
v 30.8254 8.0045 2.2243
v 36.4793 8.5614 2.6649
v 39.2977 8.3294 2.4813
v -44.9429 12.6038 4.0600
v -39.8928 13.0463 3.2433
v -36.5168 13.0819 3.1925
v -31.4809 12.6038 4.0600
v -26.6069 12.5191 3.1007
v -10.3559 12.5190 3.1007
v 12.8519 12.5191 3.1007
v 24.9573 13.3822 4.3669
v 29.1029 12.5190 3.1007
v 30.8254 13.5284 2.2084
v 36.4793 13.1133 2.7096
v 39.2977 13.2873 2.4994
v -44.7890 14.2493 5.0142
v -40.0708 14.4815 4.3274
v -36.3504 14.4739 4.3274
v -31.6360 14.2493 5.0142
v -25.7402 15.7306 3.0087
v -22.5569 15.3706 4.2260
v -19.1447 15.2173 4.2388
v -15.9954 15.6019 4.1991
v -12.6008 15.9514 3.5982
v -10.8023 15.1031 3.0138
v 13.4833 15.4479 3.0215
v 15.7320 15.7709 3.8648
v 18.8007 15.5472 4.2033
v 22.0401 15.2398 4.2391
v 25.2839 15.3860 4.2279
v 28.2366 15.7306 3.0087
v 36.4793 14.5974 2.4262
v 39.2977 14.5974 2.4262
v 50.8657 16.7916 4.3289
v -24.7410 17.7932 3.1155
v -22.8192 18.9641 3.0332
v -19.6771 20.1816 3.0419
v -16.3166 19.9284 3.0332
v -13.2758 18.4628 3.0611
v 15.9255 18.5287 3.0505
v 18.9970 20.0259 3.0419
v 22.1735 20.1816 3.0419
v 25.4896 18.8725 3.0419
v 27.5165 17.4860 3.1155
v 50.5717 17.5389 4.8990
v 50.8389 22.4965 4.3807
v 17.0648 25.6480 2.3911
v 18.3448 25.9402 2.4804
v 29.2657 26.2120 2.4764
v 30.5492 26.2120 2.3770
v 39.1906 27.1985 2.1335
v 17.0905 29.0305 2.4262
v 19.0779 29.1984 3.1967
v 21.7974 29.1698 4.4623
v 29.2656 29.0305 2.4764
v 31.8231 29.0609 3.3659
v 35.4620 29.2802 4.3994
v 37.4110 29.6782 4.3454
v -56.5195 33.6979 5.2293
v -48.0753 33.6979 5.2293
v 20.0906 31.4471 4.2086
v 21.7975 31.7096 4.4623
v 33.0971 31.7879 4.3547
v 35.1078 31.6780 4.5654
v 57.6179 32.2609 3.9354
v 39.7288 35.9904 4.5517
v 42.2315 34.6725 4.3883
v 51.6258 35.9837 4.2034
v 57.1482 34.9916 2.9069
v 51.1740 39.3349 3.9667
v 56.2087 39.0713 3.1000
v 51.2744 41.9748 3.8896
v 56.2087 42.3464 3.2606
v -37.3204 46.2944 2.8546
v -35.2029 45.1002 3.4824
v -32.0564 45.2598 4.4132
v -30.3692 46.3812 4.9155
v -21.7061 46.0239 3.2479
v -19.3390 44.9668 3.2456
v -16.0764 45.5402 3.2473
v -14.5579 46.6685 3.2395
v -6.0760 45.9446 4.7612
v -3.3249 44.9201 3.9461
v -0.3196 45.7904 3.0548
v 13.7764 44.8506 5.0292
v 15.3972 45.6538 4.0621
v 51.6258 44.9868 4.4045
v 57.2927 45.9778 2.9221
v -38.4673 48.5035 2.5162
v -33.8871 49.8760 3.8652
v -29.6388 47.4297 5.1306
v -23.2550 48.5164 3.2473
v -13.7082 48.5137 3.2473
v -7.3236 47.4297 5.1306
v -3.0754 49.8760 3.8652
v 1.1778 47.4282 2.6123
v 1.7094 49.1756 2.4562
v 17.1230 47.9380 3.0247
v 17.4853 49.7392 2.8073
v 57.6179 48.4905 3.9937
v -38.1037 52.1446 2.6232
v -29.9643 52.7864 5.0347
v -22.8747 52.1567 3.2467
v -14.8951 53.4696 3.2508
v -13.8663 51.7964 3.2456
v -6.9982 52.7864 5.0347
v 0.8527 52.7854 2.7089
v 1.6607 50.9910 2.4691
v 16.8668 52.2697 3.1789
v 17.4657 50.3607 2.8111
v -36.9761 53.7937 2.9520
v -35.2047 54.6474 3.4819
v -32.0575 54.4882 4.4129
v -21.2579 54.1157 3.2479
v -19.3367 54.8034 3.2456
v -16.4274 54.4552 3.2463
v -5.6608 54.1528 4.6373
v -3.3230 54.8279 3.9455
v -0.7553 54.2933 3.1829
v 13.7764 54.8732 5.0292
v 15.0026 54.3885 4.2990
v -53.2701 -21.7023 7.9541
v -51.9256 -21.7023 7.7493
v -47.3204 -21.7023 7.7942
v -45.9391 -21.7023 7.8209
v 20.1382 -21.7023 7.8836
v 21.5052 -21.7023 7.7586
v -53.3005 -15.6668 6.4893
v -52.2205 -15.9058 6.9059
v -47.5194 -16.0653 7.5215
v -45.7634 -15.6882 6.4566
v 19.9920 -16.0653 7.7011
v 21.6733 -16.0653 7.5534
v 25.2053 -15.5608 5.8015
v 36.4793 -15.5188 5.9630
v 42.1237 -15.5794 5.7627
v 50.5717 -15.6589 5.5236
v -56.4040 -12.7634 6.8011
v -54.2071 -14.0465 6.4752
v -52.8874 -14.7688 5.7799
v -48.0753 -12.7510 7.2026
v -45.6175 -14.5523 6.1421
v -42.6893 -12.8080 6.9010
v 19.5683 -12.7510 7.2026
v 25.2053 -14.6185 7.6401
v 36.4793 -14.6279 7.6476
v 42.2489 -12.3672 5.7607
v 47.6370 -12.2868 5.7195
v -53.0697 -10.4171 8.2320
v -52.0940 -10.4173 7.9443
v -47.5659 -10.3642 7.0771
v -46.0980 -10.4172 8.0266
v 19.9071 -10.3521 6.9221
v 21.3465 -10.4172 7.9523
v 25.2053 -10.0375 6.3004
v 42.2352 -10.4048 7.2896
v 43.6946 -11.1330 6.7457
v 47.6384 -10.4011 7.2901
v -48.0753 -8.0217 7.3083
v -31.4548 -6.0980 6.5330
v -29.1335 -6.1749 7.8149
v -25.7483 -6.1066 6.9645
v 7.4869 -6.0597 5.8839
v 9.0830 -6.1325 7.4046
v 12.8069 -6.1519 7.4952
v 14.6355 -6.0725 6.0288
v 19.5683 -8.0217 7.3083
v 25.2053 -6.9211 7.0278
v 42.2258 -6.7578 8.0663
v 43.6946 -7.3337 8.2846
v 47.6661 -6.7422 8.0217
v -42.4798 -2.6071 6.9335
v -31.4944 -3.7073 6.4043
v -29.1335 -3.5446 7.8149
v -25.6412 -3.6968 6.8057
v 7.5324 -3.8194 5.8032
v 8.9800 -3.5986 7.2989
v 12.8485 -3.6248 7.4643
v 14.5860 -3.7525 5.9589
v 25.2053 -4.5930 5.8670
v 42.2390 -3.9229 6.6418
v 44.7769 -3.9909 6.5766
v 47.6305 -3.9238 6.6568
v -31.3279 -0.5934 6.3984
v -28.9879 -0.3208 7.8776
v -26.1712 -0.2687 7.0979
v 7.6721 -0.7712 5.6503
v 9.5180 -0.2875 7.5051
v 12.5532 -0.3061 7.5979
v 14.4967 -0.6806 5.7797
v 36.4793 -0.2242 6.9046
v 42.1162 -0.2242 6.9046
v 50.5717 0.8982 6.4920
v 56.8757 0.9483 6.4920
v 50.5717 2.1414 5.9466
v 57.6356 2.4237 6.0947
v -43.8017 7.3797 7.1294
v -42.6909 7.0001 7.7880
v -34.0445 6.9310 7.8753
v -33.1454 7.1758 7.5029
v 30.8254 7.3209 7.1854
v 36.4793 6.8461 7.0304
v 39.2977 7.0464 7.0958
v -44.6635 9.7462 6.7796
v -43.0492 7.9246 8.3169
v -39.9208 10.1853 6.6317
v -36.5022 10.1853 6.6317
v -31.9677 9.5104 6.9785
v 30.8254 8.2181 7.2086
v 36.4793 8.8294 6.9010
v 39.2977 8.5136 7.0599
v -44.9160 12.7175 7.3069
v -39.8212 12.8267 7.2773
v -36.6031 12.8267 7.2773
v -31.5054 12.7177 7.3069
v -44.3147 15.5814 6.8020
v -42.8295 16.8934 8.0743
v -40.0709 14.5329 6.3718
v -35.1936 15.8020 7.2970
v -32.5825 16.0389 7.2496
v 50.8940 16.3671 5.8422
v 57.6431 16.1561 6.0879
v -42.5195 17.6434 7.2786
v -34.0562 17.6629 7.3550
v -33.5928 17.6043 7.1256
v 50.6844 17.7951 6.8342
v 56.9102 17.6223 6.4807
v 50.7210 22.7319 6.7432
v 22.1568 29.4672 5.5774
v 33.2502 29.4344 5.6329
v 34.3387 29.4787 5.5489
v 37.3322 30.1126 5.6182
v 57.6179 29.9790 7.2941
v -11.5736 33.6272 8.0498
v -10.2721 33.4122 8.0685
v 22.1568 31.4139 5.5744
v 33.2502 31.4384 5.6441
v 35.1702 31.4814 5.5478
v 37.5362 30.6398 5.7620
v 51.6258 33.0947 7.0924
v 57.0542 31.9199 6.7446
v -11.7216 34.6081 7.8414
v -9.9890 34.9802 7.7441
v 39.5189 36.1365 6.9757
v 40.7749 35.1895 5.8992
v 44.5981 36.2401 7.5623
v 50.6675 35.7246 7.2110
v 56.2087 34.3236 5.4323
v 39.3049 37.2590 6.6755
v 44.9315 38.3991 6.2335
v 50.5717 38.4549 5.9576
v 57.6095 38.1849 7.7378
v -36.6154 43.5908 8.4424
v -19.1379 43.5287 8.3579
v -17.1678 43.6020 8.4030
v -0.3471 43.5908 8.4424
v 44.9347 42.1769 6.1801
v 47.9506 43.2675 6.5395
v 50.5717 42.3595 5.9778
v 57.6095 42.4239 7.7378
v -38.2332 45.3337 6.8190
v -35.2709 44.5406 6.2214
v -31.8873 45.6327 7.5278
v -21.9856 45.9808 6.2722
v -19.1379 44.5518 5.8889
v -16.0028 45.2198 6.0674
v -14.0900 46.9165 6.5258
v -6.0066 46.3979 8.0168
v -3.5376 44.7313 6.8208
v 0.3026 44.9140 6.4906
v 2.0430 45.8173 7.0952
v 10.3773 46.0014 7.0789
v 12.3903 44.9260 6.1509
v 15.6281 44.7200 7.0670
v 18.1816 46.3867 6.0580
v 39.2977 44.3026 7.5041
v 45.7465 44.3195 7.4297
v 48.0002 44.7479 6.8947
v 50.1939 44.7123 7.3872
v 56.2087 46.5643 5.7395
v -39.7411 48.7232 6.0664
v -29.1072 49.1772 5.2894
v -23.4671 48.7345 7.0106
v -13.4953 48.7345 7.0106
v -7.8553 49.1772 5.2894
v 2.7786 48.7232 6.0664
v 9.0487 48.4937 7.8765
v 13.1366 49.8647 5.4154
v 19.3570 48.7119 6.0749
v 51.6258 47.7377 7.4409
v 57.1482 48.8939 6.8221
v -39.3061 51.7531 7.0407
v -29.1571 50.9922 5.2734
v -22.7728 51.7643 7.8223
v -14.8961 52.8354 8.1098
v -13.8364 51.2289 7.6786
v -7.8053 50.9921 5.2734
v 2.3436 51.7531 7.0407
v 9.3738 52.1343 7.6807
v 19.1813 51.7418 7.1290
v 57.6179 50.6298 7.2941
v -37.7597 53.6020 8.0140
v -21.0179 53.6133 8.3184
v -15.9446 53.6133 8.3184
v 0.7972 53.6020 8.0140
v 10.7613 54.0935 6.8486
v 12.2912 54.7685 5.9274
v -53.3152 -21.7023 9.0604
v -51.8477 -21.7023 9.3503
v -47.3801 -21.7023 9.2669
v -45.8674 -21.7023 9.2474
v 20.0755 -21.7023 9.1533
v 21.5726 -21.7023 9.3293
v -53.3005 -15.6667 10.6999
v -52.1103 -15.9191 10.1426
v -47.6066 -16.0653 9.4983
v -45.7634 -15.6882 10.7327
v 14.1475 -15.3607 9.9851
v 15.0176 -15.6675 10.5166
v 19.9624 -16.0596 9.3888
v 22.6082 -15.9338 9.9624
v 24.3428 -15.7129 10.0355
v -56.3518 -12.1279 8.7947
v -53.5979 -14.7728 10.7286
v -52.9073 -15.0664 11.4086
v -48.0753 -12.7959 9.8601
v -45.6265 -15.0105 10.9228
v -42.7984 -12.2012 8.8455
v 14.0371 -14.9853 10.1110
v 15.0543 -14.9856 11.2141
v 19.5683 -12.7959 9.8601
v 23.6727 -14.8568 11.3767
v 24.4359 -14.5379 10.9779
v 36.4793 -12.9651 9.4815
v 37.8716 -13.1901 9.2732
v 42.1190 -13.1844 9.2675
v -56.4087 -10.5929 10.0780
v -54.8628 -10.4876 10.1676
v -52.0505 -10.4173 9.2014
v -47.5498 -10.3729 9.9020
v -45.7130 -10.2918 9.8307
v -42.6949 -10.6157 10.1414
v -38.5432 -10.4171 11.4638
v -36.8239 -10.4171 11.5484
v -18.8138 -10.4171 11.4638
v -17.0945 -10.4171 11.5484
v 0.5699 -10.4171 11.4695
v 2.2938 -10.4171 11.4976
v 14.0047 -8.8782 10.1110
v 15.0060 -8.8106 11.2122
v 19.8554 -10.3152 10.1608
v 21.4133 -10.4173 9.4716
v 24.9761 -9.1780 10.5066
v 36.4793 -10.4452 10.8846
v 37.8716 -10.4452 10.8846
v 42.2634 -9.5515 9.5316
v 47.4916 -8.8399 8.4605
v -56.4051 -8.5659 11.0807
v -54.2055 -7.2865 11.3735
v -52.8962 -5.8832 11.4053
v -48.0753 -7.5895 10.0258
v -45.7206 -5.9852 11.2955
v -42.5913 -7.0739 11.1150
v -34.6209 -6.9719 11.4244
v -28.3459 -5.9188 8.5540
v -22.0709 -6.9719 11.4244
v -15.2142 -7.3513 11.4244
v -14.3268 -6.3077 11.4244
v -2.5461 -6.8326 11.4244
v -1.4209 -7.5986 11.4244
v 4.1738 -7.5366 11.4244
v 5.2174 -6.6492 11.4244
v 10.4928 -5.9188 8.5439
v 13.5319 -7.9617 9.7518
v 15.4474 -8.0121 10.6891
v 18.6369 -7.9980 10.5903
v 23.6467 -7.5986 11.4244
v 24.9788 -7.9693 10.6854
v 28.0238 -6.2006 11.6377
v 36.4793 -7.1508 11.3885
v 37.8716 -7.1970 11.3666
v 42.3154 -7.5470 8.6204
v 47.5446 -7.6044 8.5210
v -53.4116 -3.5268 11.4407
v -52.7596 -4.7238 11.4407
v -48.0753 -4.9729 11.1831
v -45.4478 -5.0454 11.0779
v -42.7217 -3.9907 10.2694
v -33.8514 -2.9312 11.4504
v -32.4436 -3.8006 11.4552
v -28.3459 -4.7914 8.5540
v -24.9113 -3.3026 11.4591
v -23.2269 -3.9258 11.4504
v 6.5659 -3.6830 11.4536
v 8.4404 -3.6415 10.9291
v 12.7908 -4.0953 10.0100
v 16.1861 -3.5173 10.8046
v 17.7530 -3.2278 10.8904
v 24.5088 -3.2964 10.4683
v 27.4457 -3.3087 11.4905
v 34.7214 -3.5610 11.3496
v 37.8716 -4.9803 11.0019
v 42.1162 -3.6629 10.3432
v -54.6136 -1.1295 11.4440
v -48.0923 -0.0913 11.4507
v -44.8322 -0.2705 11.5209
v -42.0566 -1.5559 11.4554
v -38.9011 -1.9391 11.4582
v -34.8386 -1.6232 11.4559
v -31.7433 -1.2462 11.4838
v -29.0084 -0.0751 11.4577
v -26.5362 -0.0373 11.4680
v -22.5750 -1.4512 11.4659
v -19.1717 -1.9391 11.4582
v -16.4153 -1.8039 11.4582
v -13.2791 -0.9273 11.4606
v -10.1940 0.7696 11.4667
v -6.7108 0.5536 11.4667
v -3.3787 -1.1743 11.4582
v -0.1291 -1.8602 11.4582
v 3.3141 -1.8039 11.4582
v 6.1183 -1.5060 11.4658
v 9.8084 -0.0402 11.4632
v 12.2753 -0.0520 11.4601
v 15.8708 -1.3463 11.4731
v 18.4387 -1.9106 10.4636
v 22.3549 -1.8602 11.4582
v 25.3629 -1.6214 10.9663
v 29.1181 -0.1546 11.4777
v 31.6521 -0.1395 11.4618
v 35.3854 -1.0095 11.3983
v 39.2977 0.8456 11.4131
v 42.1162 -1.6290 8.9385
v 50.5717 0.8982 10.6972
v 56.8757 0.9483 10.6972
v -48.0802 2.1721 11.4574
v -44.1186 4.0652 10.8099
v -41.3918 3.5397 10.6359
v -38.5511 3.5912 10.3885
v -35.6313 3.6676 10.5418
v -32.6963 3.8642 10.7592
v -28.7024 2.2633 11.4585
v -26.8751 2.0481 11.3817
v -22.5445 3.4430 10.8212
v -19.5278 2.8983 11.0003
v -16.2120 3.0586 10.9565
v -13.1904 3.8703 10.7592
v -9.2344 2.2274 11.4611
v -7.4162 2.1831 11.4091
v -3.1814 3.6356 10.8396
v -0.1221 2.8791 10.9565
v 3.1931 3.0457 11.0003
v 6.0928 3.6552 10.7592
v 10.2572 2.1349 11.4594
v 11.9170 2.1607 11.4619
v 16.1330 3.6551 10.7592
v 19.0327 3.0457 11.0003
v 22.1901 2.9276 10.9762
v 25.2160 3.4756 10.8292
v 29.5734 2.1557 11.4092
v 31.3873 2.2407 11.4587
v 35.0700 3.6641 11.4159
v 39.2977 3.6641 11.4131
v 50.5717 2.1414 11.2426
v 54.6158 3.8918 11.4131
v 57.5834 2.4733 11.1037
v -47.8973 5.8606 11.3149
v -44.5885 6.3208 10.5292
v -41.8710 5.5330 10.6174
v -38.9716 5.6390 11.5505
v -34.9966 5.5704 10.7310
v -32.2614 6.1420 10.4875
v -29.1695 6.2102 11.1496
v -25.9268 5.8806 11.0874
v -22.5540 5.2235 11.4865
v -20.1371 5.3234 11.5169
v -15.9896 5.2423 11.4835
v -12.8677 5.7462 11.3363
v -10.0084 6.0078 11.0957
v -6.6563 6.0709 11.0839
v -3.4488 5.3123 11.4041
v -0.5821 5.2644 11.4925
v 3.4706 5.2422 11.4834
v 6.3462 5.5103 11.4084
v 9.3568 6.0506 11.0803
v 12.7193 6.0928 11.1060
v 15.7177 5.5118 11.3382
v 18.7551 5.2422 11.4834
v 22.8078 5.2644 11.4925
v 25.6745 5.3123 11.4041
v 28.8553 6.0650 11.0776
v 31.6149 5.7742 11.4171
v 36.4793 7.4821 8.5288
v 39.2977 7.4821 8.5288
v 54.2302 5.8616 11.4131
v 56.1008 5.2456 11.4131
v -47.5059 9.3001 10.7592
v -45.5124 9.2033 10.4646
v -41.8813 8.6470 10.3854
v -38.4158 9.0680 11.2805
v -35.1018 8.6425 10.4318
v -31.7698 8.7552 10.5163
v -29.4535 9.4729 10.5553
v -26.5731 8.9017 11.2308
v -9.6805 9.1191 10.9950
v -7.1979 9.0393 11.0736
v 9.8220 9.0525 11.0422
v 12.2864 9.1142 11.0165
v 29.3104 9.1176 11.1222
v 30.6694 9.1789 10.7592
v 36.4793 8.2687 8.9683
v 39.2977 8.0966 8.5598
v 53.3902 10.1353 11.4131
v 56.4905 10.1353 11.4131
v -55.8374 13.3371 11.4131
v -47.3750 12.4923 10.8226
v -46.1874 12.8509 10.1896
v -40.0708 12.1195 8.5399
v -36.3504 12.1195 8.5399
v -29.5480 12.5370 10.5104
v -26.8901 12.5324 11.4667
v -9.6467 12.5536 11.1129
v -7.5870 12.5536 11.1129
v 10.0827 12.5536 11.1129
v 12.1424 12.5536 11.1129
v 29.5334 12.8140 11.3252
v 30.7271 12.4030 10.7592
v 54.2268 12.7473 11.4131
v 56.1088 13.3726 11.4131
v -54.9017 14.7849 11.4140
v -51.4502 16.8997 11.3736
v -47.8573 15.3849 10.9781
v -45.2946 15.6470 10.4635
v -41.7460 15.7890 10.5263
v -38.4409 15.1944 11.2826
v -35.0647 15.8038 10.5797
v -31.7150 15.8128 10.4789
v -29.3321 15.4667 10.6027
v -26.3440 16.0542 11.1635
v -11.4406 16.8265 11.4667
v -9.7421 15.6617 10.9361
v -6.9835 16.0123 11.0422
v 9.6155 15.9264 11.0165
v 12.4855 15.8082 10.9951
v 29.0811 16.0128 11.0736
v 30.5993 15.6896 10.8275
v 36.5497 16.3501 11.4131
v 37.3727 16.7709 11.4131
v 50.5717 16.3150 11.2843
v 54.6626 14.7300 11.4131
v 57.5958 16.1006 11.1105
v -56.5308 17.7565 11.4300
v -53.7123 17.7565 11.4300
v -47.9977 19.0969 11.3839
v -44.3460 18.5387 10.5990
v -41.8193 19.4093 10.5291
v -38.6696 20.1341 10.4380
v -35.2366 19.6294 10.5544
v -32.4425 18.5949 10.5501
v -28.9861 19.0197 11.3228
v -25.9264 18.7642 11.0839
v -22.7100 19.5292 11.2438
v -19.8714 19.6812 11.4997
v -16.0167 19.5721 11.4090
v -13.0488 19.1832 11.1372
v -9.7504 18.9478 11.2269
v -6.6837 18.8199 11.1292
v -3.3648 19.4333 11.2102
v -0.3267 19.6056 11.4883
v 3.4018 19.4960 11.4831
v 6.3266 19.3218 11.1634
v 9.6012 18.8954 11.1601
v 12.4193 18.9211 11.2034
v 15.7927 19.2791 11.1351
v 18.8239 19.4960 11.4831
v 22.5525 19.6056 11.4883
v 25.5906 19.4333 11.2102
v 28.8558 18.8275 11.1121
v 31.4819 19.1657 11.4188
v 35.5632 20.1043 11.4150
v 37.7075 18.6756 11.4131
v 50.5717 17.6481 10.7606
v 56.9102 17.6223 10.7085
v -53.7123 23.3935 11.5209
v -48.0341 22.7785 11.4652
v -46.0404 23.8388 11.5209
v -41.4744 21.5131 10.7592
v -38.4707 21.7523 10.7592
v -35.5410 21.5503 10.7592
v -33.4192 21.0823 10.7592
v -29.0389 22.6587 11.4687
v -26.9828 23.2047 11.4707
v -22.0649 21.3698 10.7592
v -19.4338 21.7860 10.7592
v -16.3013 21.6268 10.7592
v -13.6898 21.0823 10.7592
v -9.4275 22.5327 11.4666
v -7.4273 22.7831 11.4666
v -3.0923 21.2937 10.7592
v -0.1730 21.7011 10.7592
v 3.1431 21.6470 10.7592
v 5.5887 21.2936 10.7592
v 10.0074 22.8619 11.4694
v 12.1710 22.8240 11.4693
v 16.6371 21.2936 10.7592
v 19.0826 21.6470 10.7592
v 22.1807 21.6807 10.7592
v 24.8539 21.4768 10.7592
v 29.5721 23.0440 11.4700
v 31.8399 22.8164 11.4762
v 34.9588 23.5629 11.5035
v 39.2977 23.3935 11.4131
v 50.6043 22.5249 8.7640
v -53.6644 26.4246 11.4389
v -48.0754 24.5336 11.4504
v -44.2281 24.8450 11.5209
v -42.1868 26.1098 11.4540
v -38.9011 26.1781 11.4582
v -34.6161 26.1148 11.4546
v -31.7433 25.4852 11.4838
v -28.6596 24.6248 11.4507
v -26.2079 24.9416 11.4622
v -22.6294 25.9923 11.4621
v -19.1717 26.1781 11.4582
v -16.4153 26.0429 11.4582
v -13.2791 25.1665 11.4606
v -5.3922 24.5491 11.4666
v -3.3786 25.4135 11.4582
v -0.1291 26.0993 11.4582
v 3.3141 26.0429 11.4582
v 5.9884 26.0252 11.4622
v 9.9087 24.6894 11.4567
v 12.0908 24.7079 11.4518
v 16.0369 25.8696 11.4684
v 18.9116 26.0429 11.4582
v 22.3549 26.0993 11.4582
v 25.8179 25.7570 11.4580
v 29.5754 24.4016 11.4593
v 31.5667 25.3125 11.4698
v 35.5452 25.3864 11.4668
v -56.5308 29.0305 11.4300
v -53.3064 28.1807 11.4389
v -52.7596 28.9628 11.4389
v -48.0753 29.0305 11.4018
v -43.4784 29.0107 11.4504
v -42.5218 28.3443 11.4412
v -34.3936 28.1914 11.4313
v -32.4498 28.0394 11.4552
v -24.9000 27.5412 11.4591
v -22.9886 28.4811 11.4431
v -15.2142 28.7719 11.4244
v -14.3268 27.7283 11.4244
v -2.5461 28.2531 11.4244
v -1.4209 29.0192 11.4244
v 4.1738 28.9572 11.4244
v 6.5401 28.0814 11.4504
v 7.9468 27.6231 11.4591
v 14.1681 27.6324 11.4591
v 15.5236 28.0256 11.4517
v 17.9314 28.9076 11.4244
v 23.6467 29.0192 11.4244
v 24.7719 28.2531 11.4244
v 32.3592 28.1598 11.4638
v 34.7454 28.2002 11.4638
v 38.7707 28.5372 9.7775
v 57.6179 29.4006 10.3396
v -56.5195 32.8624 10.9199
v -48.0753 32.8624 10.9199
v -11.6162 33.5435 10.0313
v -10.4312 33.4229 10.0853
v 51.6258 31.9913 10.1800
v 56.2087 31.9913 10.1800
v -11.8101 35.3498 11.0263
v -10.0024 35.8458 11.0873
v 39.2977 34.9126 10.0630
v 41.5364 34.8741 10.2131
v 43.6417 35.1445 9.2095
v 50.5717 34.5634 10.1197
v 57.6095 36.0598 11.4131
v -40.6458 43.6246 11.2214
v -38.4587 42.3807 10.5713
v -35.0145 42.7043 9.9757
v -21.5421 42.6071 11.1792
v -19.1379 41.9025 10.4774
v -16.0028 42.3919 10.9659
v -2.5624 42.7706 10.2124
v -0.8037 42.4088 9.9888
v 2.6387 42.9387 10.8156
v 16.0452 43.1031 10.2491
v 19.2452 42.3694 10.7592
v 21.5244 43.6133 10.8381
v -40.5612 46.7024 9.1414
v -39.9017 45.6426 8.7017
v -32.1904 44.8008 10.4774
v -22.3341 45.2875 9.3725
v -15.4203 44.3912 8.8567
v -13.8364 46.1838 9.8883
v -5.4880 45.6426 11.1933
v -4.4170 44.3800 10.1194
v 3.2690 46.1725 8.9216
v 12.2093 45.4735 10.2040
v 19.1606 44.7895 8.6303
v 21.6625 45.5834 10.0828
v 39.2977 45.6962 10.0630
v 45.1272 45.7617 10.3243
v 50.4463 45.8598 10.2807
v 57.6095 44.5434 11.4131
v -40.8243 48.9477 10.4191
v -30.1779 48.7232 8.8990
v -23.4671 48.4160 11.1792
v -13.4953 48.4160 11.1792
v -6.7845 48.7232 8.8990
v 3.8618 48.9477 10.4191
v 10.8057 48.7119 11.2130
v 21.4943 48.9365 10.0208
v 42.6178 48.2979 11.1040
v 43.3484 49.4158 10.1884
v 51.6258 48.6175 10.1800
v 56.2087 48.6175 10.1800
v -31.4040 52.3168 9.5388
v -30.4034 50.6257 9.3612
v -5.8920 51.7531 9.4796
v 11.8175 51.7418 11.5521
v 21.0565 50.9301 11.6273
v 39.4601 53.0830 11.1131
v 40.9779 53.0351 9.9361
v 43.3374 51.2439 9.8668
v 57.6179 51.2081 10.3396
v -35.3715 54.1469 8.8746
v -32.9006 53.6020 9.4571
v -19.1379 54.1854 8.4706
v -17.1678 54.1037 8.4481
v -3.4587 53.8472 9.3443
v -0.9587 54.1741 8.6961
v 13.5819 53.5908 11.0749
v 15.8292 54.1357 9.8930
v 17.9280 53.5908 8.4593
v 39.7239 53.5648 11.3161
v 40.5094 53.6475 10.9399
v -41.7375 -18.4027 14.3462
v -37.8301 -16.5064 14.6320
v -22.6498 -18.3651 14.4824
v -18.8042 -17.2260 14.4545
v -17.7080 -15.6291 14.7468
v -2.9204 -18.3651 14.4824
v -0.3386 -18.4554 14.1555
v 1.8908 -16.1212 14.7109
v 16.8090 -18.3651 14.4824
v 19.3908 -18.4554 14.1555
v 21.6202 -16.1211 14.7110
v -44.3642 -13.2458 14.0681
v -41.5212 -13.0072 13.6008
v -39.0649 -13.9810 13.7696
v -25.0302 -13.2459 13.9744
v -22.7881 -13.0565 13.8722
v -19.7900 -13.6869 13.6362
v -5.5771 -13.2468 14.0081
v -3.6535 -13.1465 13.9545
v -0.4920 -13.3734 13.5322
v 1.5461 -15.0359 14.3123
v 14.0258 -13.2468 14.2316
v 15.5955 -13.2427 13.9635
v 18.8712 -13.1491 13.4845
v 21.1038 -14.8886 14.2173
v 28.8694 -13.2468 14.0001
v -50.3019 -10.4171 13.5887
v -46.8269 -10.4172 14.1484
v -45.1713 -10.4568 14.0073
v -42.2811 -10.8081 13.8033
v -34.8851 -10.4219 13.5400
v -33.0886 -10.4199 13.8910
v -24.7176 -10.5146 13.9836
v -22.8797 -10.8197 13.9031
v -20.5162 -10.4171 11.7119
v -15.1488 -10.4202 13.7641
v -13.2484 -10.4187 13.3655
v -10.2921 -10.4172 13.7801
v -5.7868 -10.4171 12.5405
v -3.3113 -10.8279 13.9896
v -1.3378 -10.4213 13.0225
v 4.1440 -10.4219 13.2580
v 5.9522 -10.4191 13.6320
v 9.1141 -10.4172 13.5258
v 13.9426 -10.4171 12.5405
v 16.3543 -10.8713 13.9936
v 18.1043 -10.4219 13.2580
v 23.5861 -10.4213 13.0225
v 25.9207 -10.4984 13.8750
v 28.1399 -10.4173 13.7135
v 30.8423 -10.4171 13.2392
v -50.3019 -7.6155 13.5887
v -47.0279 -7.6169 14.0425
v -44.5966 -7.6202 13.9264
v -42.0133 -7.4543 13.8910
v -34.6424 -7.4052 13.9126
v -32.8627 -7.6155 14.3064
v -27.3764 -7.6099 14.8235
v -25.2430 -7.6198 13.8145
v -23.2983 -7.5552 14.0676
v -19.9074 -7.4690 12.8223
v -15.1318 -7.5315 13.8501
v -13.4919 -7.4754 13.8071
v -10.2283 -7.6032 13.7003
v -5.7313 -7.6195 13.9191
v -3.8994 -7.5644 13.9450
v -1.2277 -7.6101 13.8527
v 4.2612 -7.5841 13.8141
v 5.7537 -7.4637 13.9055
v 9.2253 -7.6056 13.5258
v 13.8711 -7.6215 14.0856
v 15.4896 -7.5763 13.8798
v 17.9316 -7.5667 13.7921
v 23.4509 -7.6101 13.8527
v 25.5758 -7.5116 13.9135
v 28.7302 -7.6209 13.8990
v 31.6125 -7.6170 13.7757
v 50.6043 -6.4784 12.5669
v -46.8735 -4.7914 14.3252
v -44.8320 -4.7885 13.0503
v -42.8668 -3.8373 13.3047
v -33.8688 -2.8217 13.6249
v -32.9672 -4.5399 14.0557
v -27.3764 -4.7914 14.8235
v -26.0207 -4.7914 13.4078
v -23.3335 -4.0892 13.2099
v 6.2512 -4.0817 13.9408
v 12.9905 -4.7914 13.6702
v 15.9006 -4.2061 13.1466
v 50.7448 -3.9343 12.2961
v -44.4296 0.8567 13.9994
v -41.6396 -0.8280 14.1949
v -39.1584 -0.1693 14.5330
v -35.4563 -0.5596 14.3052
v -33.3910 -0.5636 14.7333
v -25.1332 0.8567 13.8900
v -23.4234 0.2183 14.1758
v -20.0496 -0.3021 14.4334
v -16.2678 -0.3562 14.4017
v -13.4561 -0.8278 14.2194
v -6.2338 0.5380 13.8921
v -3.9959 0.1538 13.8130
v -0.6802 -0.3022 14.4335
v 3.1932 -0.3562 14.3945
v 5.4881 -0.9338 14.2014
v 14.0247 0.8568 14.1946
v 15.5098 0.4744 13.9243
v 18.9180 -0.3283 14.4155
v 22.8894 -0.3354 14.4085
v 25.7671 -1.4133 14.0091
v 28.8908 0.1042 13.8167
v 31.0769 -1.9729 14.0033
v 50.8700 -1.2480 12.2840
v -43.8679 6.8682 12.1577
v -41.0941 6.9624 13.5423
v -38.2106 6.6097 12.0503
v -35.4219 6.9811 13.5550
v -32.7549 6.6328 12.0601
v -25.0051 6.7643 12.1153
v -21.8747 6.9284 13.3093
v -20.1057 6.9315 13.4119
v -15.7116 6.9685 13.5492
v -13.0255 6.6328 12.0601
v -5.5444 7.0800 12.2462
v -2.4153 6.9247 13.4661
v -0.8186 6.9473 13.3067
v 3.6642 6.9220 13.4049
v 5.1972 6.9264 13.4512
v 8.2888 7.4126 12.3843
v 13.9370 7.4126 12.3843
v 16.8618 6.8968 13.2829
v 18.3572 6.9509 13.4450
v 22.9280 6.9404 13.3284
v 24.5847 6.9343 13.4221
v 27.7701 7.0800 12.2462
v -44.3446 8.8091 12.9591
v -41.2002 8.4899 13.1740
v -38.3346 9.3428 13.2121
v -35.3959 8.5107 13.1919
v -32.8343 8.8726 12.9890
v -30.0849 9.8240 13.3664
v -26.4756 9.4850 13.2294
v -21.8016 8.4590 13.1665
v -19.0933 9.1742 13.1339
v -15.7972 8.5112 13.1912
v -13.4069 9.1584 13.1055
v -10.4869 9.4850 13.2294
v -6.7462 9.4850 13.2294
v -2.6893 8.7670 13.0910
v -0.5913 8.6006 13.1965
v 3.6582 8.5778 13.2075
v 5.7724 8.9682 13.0207
v 9.2425 9.4850 13.2294
v 12.9832 9.4850 13.2294
v 16.2742 9.1256 13.0850
v 18.4479 8.5707 13.2181
v 22.6150 8.6884 13.1510
v 24.7327 8.6397 13.1462
v 28.9719 9.4850 13.2294
v -46.6529 12.1195 13.5777
v -46.4970 13.8611 13.5777
v -41.4509 13.8372 13.5587
v -38.2269 12.2618 14.3273
v -35.8494 13.3016 13.5662
v -33.5939 14.1432 13.4976
v -29.8318 12.8162 13.5777
v -26.8611 12.8162 13.5777
v -21.9974 13.8426 13.5593
v -18.5215 12.2689 14.3337
v -16.6033 13.0031 13.5668
v -14.1049 13.9782 13.5547
v -10.1024 12.8162 13.5777
v -7.1317 12.8162 13.5777
v -2.5457 13.8777 13.5545
v 0.8790 12.2691 14.3223
v 1.8160 12.3619 14.2548
v 5.3212 13.9353 13.5479
v 9.6270 12.8162 13.5777
v 12.5977 12.8162 13.5777
v 16.9046 13.9352 13.5479
v 20.3226 12.4011 14.2249
v 21.2698 12.2655 14.3256
v 24.7714 13.8777 13.5545
v 29.3564 12.8162 13.5777
v -44.0474 16.0602 12.7015
v -41.0935 16.6451 13.2627
v -38.2363 15.7826 12.8740
v -35.4080 16.6707 13.2494
v -32.7023 15.8791 12.7764
v -30.2456 14.9690 13.1552
v -26.0911 15.7188 12.8440
v -21.7962 16.5253 13.1146
v -19.7583 16.4633 13.2754
v -15.7172 16.6573 13.2600
v -13.1261 15.7644 12.8237
v -10.6815 15.3495 12.9973
v -6.3617 15.7188 12.8440
v -2.4910 16.5506 13.2365
v -0.7760 16.5284 13.1366
v 3.7448 16.5400 13.1806
v 5.3538 16.5289 13.3117
v 8.8581 15.7187 12.8440
v 13.3677 15.7188 12.8440
v 16.6883 16.4962 13.2508
v 18.3227 16.5835 13.2063
v 22.8366 16.5054 13.1394
v 24.5986 16.5376 13.2300
v 28.5875 15.7188 12.8440
v -44.3440 20.1989 13.7383
v -41.1642 17.8867 13.9505
v -38.2106 18.0467 11.8771
v -35.4135 17.8590 14.0874
v -32.9466 18.0054 11.8944
v -25.1091 20.3858 13.7707
v -22.4227 18.4991 13.8154
v -19.9142 17.8565 13.3004
v -15.7455 17.8790 14.0011
v -13.2172 18.0054 11.8944
v -5.5764 20.4355 13.9284
v -3.1083 18.7409 13.7238
v -0.7672 17.9072 13.6649
v 3.5281 17.9275 13.7587
v 5.4357 17.8114 13.3075
v 14.0247 20.5581 14.1946
v 15.7554 19.3784 13.4730
v 18.4356 17.9250 13.8663
v 22.8307 17.8896 13.5797
v 24.7384 17.8944 13.5941
v 28.8233 20.4944 13.9600
v 50.8700 19.8510 12.2841
v -10.1002 23.6536 13.3860
v -6.9379 23.7263 13.3495
v 29.5620 23.0561 14.1718
v 50.7143 22.5117 12.2505
v -41.7073 25.2389 14.0926
v -39.5177 24.4084 14.5330
v -35.2723 25.0501 14.1729
v -33.3910 24.8027 14.7333
v -22.4953 25.4515 14.0061
v -20.1916 24.5412 14.4335
v -16.2678 24.5952 14.4017
v -13.5507 24.9422 13.9779
v -9.1137 24.5934 13.3860
v -6.8769 24.4247 13.2034
v -3.5607 25.0634 13.5309
v -0.6288 24.5674 14.4138
v 3.3177 24.5744 14.4102
v 5.5076 25.6137 13.9462
v 16.7181 25.6137 13.9462
v 19.0309 24.5888 14.3993
v 22.9169 24.5491 14.4276
v 25.4854 25.4204 13.8318
v 29.1621 25.1630 13.6462
v 30.8016 26.6010 13.3732
v 50.5983 24.9815 12.5227
v -47.2212 29.0304 14.0149
v -44.4993 29.3061 13.8929
v -42.3884 28.8882 13.7614
v -38.3662 29.0305 14.2372
v -34.5640 28.7676 13.9848
v -33.3175 28.8295 13.8713
v -27.8296 29.0305 13.9103
v -25.3227 29.2787 13.7962
v -23.3392 29.1200 13.9393
v -15.2352 28.9352 13.9358
v -14.0585 28.7240 14.1629
v -9.5258 29.0305 12.8223
v -5.8375 29.2534 13.8681
v -3.9016 29.2055 13.8864
v -1.5280 29.0267 13.9450
v 4.2414 29.0060 13.9507
v 5.5672 28.6973 13.9577
v 14.0178 29.3315 14.1652
v 15.4632 29.2008 13.8610
v 17.9924 28.9865 13.8096
v 23.7463 29.0267 13.9450
v 24.9394 28.7892 14.1151
v 28.8350 29.3144 13.9430
v 32.2781 28.6913 13.4453
v 33.6608 29.0305 13.3860
v 38.2352 28.9910 12.3686
v 57.6179 29.5585 13.5508
v -47.2137 31.8489 14.0149
v -44.1421 31.6311 14.0533
v -42.1760 32.0789 13.9343
v -38.4320 32.6321 13.4358
v -35.3458 32.4835 13.9624
v -33.1755 31.8506 14.5444
v -28.0804 31.8489 14.1048
v -25.4367 31.8489 13.6962
v -23.3613 31.7127 14.1397
v -19.2007 32.7276 13.4792
v -16.1794 32.5139 13.8297
v -13.7465 31.8520 14.4236
v -10.5894 33.8181 11.7269
v -6.0034 31.8489 13.8073
v -3.8240 31.6804 14.0997
v 0.0186 32.6995 13.5643
v 2.9579 32.5471 13.6503
v 5.6923 31.9564 14.3553
v 9.9855 31.8489 12.5405
v 14.0247 31.8489 14.1946
v 15.6639 31.8855 14.0409
v 19.1211 32.5255 13.6870
v 22.1746 32.6890 13.5646
v 25.2121 32.0845 14.2407
v 28.8510 31.8489 13.9994
v 33.0802 31.8489 13.5887
v 51.6258 32.1520 13.4551
v 56.2087 32.1520 13.4551
v -44.4113 34.6674 14.0001
v -41.1841 34.6674 14.3974
v -38.7268 34.6674 13.4812
v -35.9426 34.6674 13.9932
v -25.0976 34.6674 13.8904
v -23.2877 34.6692 14.2816
v -19.3365 34.6716 13.5397
v -16.1721 34.6721 14.0524
v -11.6405 35.0615 11.8267
v -10.0936 34.7629 11.8910
v -5.5771 34.6674 14.0081
v -4.2172 34.6674 14.0436
v -0.1706 34.6674 13.7036
v 3.0054 34.6674 13.7881
v 4.7560 34.6674 14.7975
v 14.0258 34.6674 14.2316
v 15.2294 34.6674 13.9101
v 18.9436 34.6653 13.8935
v 22.2439 34.6648 13.6646
v 24.4663 34.6647 14.7841
v 28.8694 34.6674 14.0001
v 39.2977 35.0714 13.2855
v 41.1998 35.0248 13.1427
v 43.7658 35.2474 13.8134
v 50.5717 34.7182 13.2631
v -41.0516 37.8016 13.9948
v -38.4854 38.6669 12.6053
v -35.3715 38.6133 13.3936
v -21.3674 38.4085 13.5984
v -19.1379 38.5499 12.6152
v -16.2242 38.4780 13.2372
v -2.3915 39.1131 13.6679
v -0.1261 38.2965 12.8945
v 3.1323 38.2821 13.3240
v 16.5187 39.0586 14.3819
v 18.8525 38.8331 12.9182
v 21.9734 37.6757 13.3071
v 24.2583 38.2469 14.4063
v -41.1400 41.0278 13.2263
v -32.9866 42.3224 13.2395
v -22.6037 41.7099 13.2489
v -14.8961 40.4848 13.3128
v -14.0900 42.3224 13.2169
v -3.9759 42.3224 13.2395
v 3.7425 40.7356 12.8280
v 5.0475 41.6122 14.0230
v 14.9949 42.3694 13.3128
v 22.5015 41.0166 12.6626
v 24.2752 42.2548 14.1019
v -41.6980 45.4171 12.7772
v -31.5731 45.5947 13.3071
v -23.4671 44.9634 13.5382
v -13.4953 44.9634 13.5382
v -5.3893 45.5947 13.3071
v 4.4162 44.4870 11.9035
v 4.8953 45.8822 13.2141
v 12.7401 45.6802 13.0873
v 23.1957 45.8709 12.4700
v 39.2977 45.5374 13.2855
v 45.3512 45.6047 13.1313
v 47.8059 44.9749 14.5573
v 50.2802 45.6860 13.1750
v -41.6661 47.2097 14.6600
v -31.6398 48.9477 13.1380
v -22.8724 50.0451 12.1177
v -14.0900 50.0451 12.1177
v -5.6007 48.4047 12.8928
v -4.7665 50.0338 13.6284
v 4.7036 47.2097 14.6600
v 12.7082 47.8241 14.5529
v 23.3733 47.1984 13.9159
v 38.8349 49.3273 12.5841
v 40.9633 48.2440 12.6568
v 45.1658 49.5857 14.0900
v 48.8460 48.4301 13.8981
v 49.8788 49.4053 13.8486
v 56.2087 48.4569 13.4551
v -39.0355 51.5539 12.5179
v -35.4992 51.9842 13.8238
v -33.1204 50.9414 13.9046
v -21.5421 51.3022 12.8449
v -19.1379 52.1674 13.3438
v -16.0028 51.5652 12.9971
v -3.2811 51.2909 13.9469
v -0.2099 52.1307 13.5401
v 2.5898 51.2909 12.2079
v 17.1952 52.0687 14.7164
v 19.3917 51.9730 13.3297
v 38.8130 51.8701 12.7880
v 39.9812 53.3019 12.8280
v 46.0072 50.5679 13.6059
v 48.6355 51.5754 13.8384
v 49.6544 51.0782 14.0552
v 57.6179 51.0504 13.5508
v 39.6660 53.5362 11.9261
v 40.2166 53.6424 12.0509
v -44.0393 -22.6268 17.3883
v -41.7375 -23.2281 16.3454
v -38.5291 -23.1566 16.4695
v -36.8690 -22.6268 17.3883
v -24.3099 -22.6268 17.3883
v -22.6498 -23.1566 16.4695
v -19.4414 -23.2280 16.3454
v -17.1396 -22.6268 17.3883
v -3.4737 -22.9800 16.7757
v -0.3386 -23.3257 16.1735
v 2.0655 -22.8297 17.0388
v 16.2557 -22.9800 16.7757
v 19.3908 -23.3257 16.1735
v 21.7949 -22.8297 17.0388
v -44.7457 -17.8034 16.5766
v -37.1354 -15.9230 15.0174
v -36.1288 -16.9523 16.4713
v -25.0163 -17.8034 16.5766
v -16.4884 -16.7976 16.2920
v -5.6402 -17.6606 17.1121
v -4.5804 -18.0890 15.5055
v 3.1957 -16.8148 16.2763
v 13.8356 -17.5028 17.7040
v 14.7459 -17.9537 16.0129
v 22.9422 -16.8322 16.3021
v -44.7698 -13.2406 15.8248
v -25.0661 -13.2406 15.8511
v -24.1452 -13.2468 14.8855
v -5.5363 -13.2390 16.1174
v -4.7019 -13.2456 15.0336
v 4.6044 -14.1262 15.1143
v 13.8405 -13.2356 17.1800
v 14.6436 -13.2424 15.3144
v 28.8694 -13.2468 15.0031
v -47.8808 -10.4172 17.0214
v -44.9571 -10.4284 16.0035
v -31.7062 -10.4220 16.4021
v -29.5815 -10.4172 16.1436
v -25.1337 -10.4323 16.4233
v -23.7710 -10.4238 15.0224
v -12.0297 -10.4220 16.3881
v -9.5056 -10.4172 16.1521
v -5.5210 -10.4227 16.6095
v -4.5616 -10.4597 15.2823
v 7.2464 -10.4234 15.5862
v 9.0900 -10.4195 16.7740
v 13.9676 -10.4203 17.1984
v 14.7767 -10.4378 15.6414
v 26.6743 -10.5208 15.0782
v 28.1720 -10.4212 16.3112
v -47.2792 -7.6227 16.4388
v -44.7682 -7.6214 15.7300
v -31.8135 -7.6216 16.3406
v -28.9823 -7.6183 16.1546
v -24.9917 -7.6221 15.7117
v -23.9349 -7.6221 15.0038
v -12.1302 -7.6217 16.3397
v -9.3524 -7.6177 16.2718
v -5.8038 -7.6236 16.0100
v -4.5705 -7.6214 15.1261
v 7.1651 -7.6225 15.6533
v 8.9910 -7.6186 16.7783
v 13.1140 -7.6259 16.7845
v 14.8605 -7.6213 15.2466
v 26.5787 -7.6204 15.1335
v 28.5516 -7.6201 15.7201
v 31.1110 -7.6230 17.0707
v 50.5942 -6.3301 16.4949
v -47.0381 -4.7914 16.2987
v -46.1895 -4.7914 17.8343
v -31.3222 -4.7914 15.4407
v -27.4778 -4.7914 15.3646
v 8.1366 -4.7914 15.4407
v 11.9810 -4.7914 15.3646
v 50.7009 -3.9300 16.7979
v -44.4571 0.2886 15.5610
v -38.1424 0.6147 15.1213
v -31.8955 -0.5636 16.3776
v -24.8364 0.3403 15.6357
v -23.9303 -0.0901 15.0132
v -18.6664 0.6898 15.1777
v -17.5263 0.3518 14.9241
v -12.0529 -0.4824 16.1375
v -9.4276 -0.0555 15.6408
v -6.1615 0.0295 15.8141
v -4.5814 0.3834 15.1311
v 0.4751 0.5846 15.0987
v 1.9895 0.6389 15.1395
v 7.1679 -0.5636 15.6652
v 8.1563 -0.5636 17.4461
v 14.0667 -0.2085 16.9585
v 14.8577 0.3834 15.2948
v 20.2045 0.5846 15.0987
v 21.7189 0.6389 15.1395
v 26.4811 -0.5636 15.2068
v 28.5914 0.4525 15.5234
v 31.3015 -1.9729 16.6485
v 50.8158 -1.2740 16.8017
v -38.2180 2.4788 16.3646
v -18.4886 2.4788 16.3646
v 1.1912 2.6580 16.4732
v 1.5388 1.4039 15.7134
v 20.5968 1.2027 15.5625
v 21.0095 2.6132 16.4491
v -43.6469 6.2716 16.6112
v -41.6828 5.2601 15.8322
v -38.4094 5.9083 16.4478
v -35.3797 5.2200 15.7766
v -32.9712 6.0650 16.4517
v -22.8546 5.6260 16.1202
v -19.0538 5.8499 16.3869
v -16.2024 5.2503 15.8202
v -13.4560 5.9158 16.3276
v -3.3267 5.6861 16.1727
v 0.3501 5.7829 16.3164
v 2.9491 5.3826 15.9566
v 6.0496 5.7982 16.2327
v 16.1784 5.7764 16.2519
v 19.2186 5.3739 15.9145
v 21.8065 5.7862 16.3433
v 25.5215 5.6921 16.1458
v -43.6787 8.6679 15.8851
v -41.8045 10.3654 16.0129
v -38.2286 10.4558 16.8043
v -35.3925 10.5059 15.9440
v -32.8620 8.8766 15.9433
v -23.2780 9.3747 15.9429
v -18.5314 10.4653 16.8021
v -16.3144 10.3935 16.0129
v -13.2582 9.0390 15.9455
v -3.7468 9.2463 15.9391
v 0.8751 10.3568 16.7405
v 1.8792 10.6332 16.7864
v 6.3094 9.1947 15.9488
v 15.9109 9.1868 15.9487
v 20.1992 10.6164 16.7479
v 21.2444 10.4060 16.7617
v 25.9674 9.2537 15.9392
v 35.6180 9.8191 17.0660
v 38.3174 9.8192 17.0660
v -41.4756 13.7081 15.9398
v -38.4071 12.3298 16.4388
v -36.7381 12.2205 16.9021
v -33.5939 14.1432 15.7028
v -22.0651 13.7266 15.9293
v -18.9713 12.3989 16.3548
v -17.2959 12.1255 16.8395
v -14.1757 13.9681 15.9199
v -2.6468 13.7928 15.9088
v 0.4569 12.3401 16.4608
v 2.1784 12.2851 16.5509
v 5.2501 13.8346 15.9463
v 16.9632 13.8392 15.9463
v 19.9903 12.2491 16.5627
v 21.6985 12.3629 16.4592
v 24.8620 13.7888 15.9088
v 35.4686 12.6339 16.4032
v 38.3918 12.6340 16.4032
v -43.7045 15.9730 15.9443
v -43.0655 14.5085 16.2928
v -38.2113 15.8120 15.9751
v -32.7949 15.7871 15.9863
v -23.8984 15.7972 15.9861
v -18.5240 15.8788 15.9529
v -17.6576 14.5026 16.4108
v -13.0655 15.7871 15.9863
v -4.1690 15.7972 15.9861
v 1.1299 16.0153 15.9633
v 1.7355 14.9694 16.0240
v 6.6639 15.7871 15.9863
v 15.5604 15.7972 15.9861
v 20.4417 14.7975 16.0810
v 21.0839 15.9969 15.9323
v 26.3933 15.7871 15.9863
v 35.6708 14.8700 17.3754
v 38.2911 14.8700 17.3754
v -56.5308 17.8794 16.6205
v -53.7123 17.8794 16.6205
v -43.9234 19.3543 16.1164
v -41.6827 18.9791 15.8321
v -38.4500 18.7565 16.5613
v -35.3795 19.0190 15.7764
v -33.0801 18.5555 16.5685
v -24.7210 20.5580 15.0252
v -22.6997 18.8601 16.1081
v -19.1664 18.8142 16.4850
v -16.2022 18.9887 15.8201
v -13.5884 18.6394 16.3831
v -5.2754 20.5581 15.0111
v -3.3127 18.9746 16.0693
v 0.1741 18.9107 16.3997
v 2.9673 18.8737 15.9595
v 5.8991 18.7178 16.2584
v 14.2301 20.5581 14.8967
v 16.0465 19.0807 16.0467
v 19.2187 18.8652 15.9146
v 21.9771 18.9128 16.4374
v 25.3579 18.7894 16.1529
v 28.8694 20.5580 15.0166
v 50.8269 19.8357 16.8139
v -38.1923 22.7338 15.7537
v -18.5443 22.6336 15.8258
v -17.5263 23.8873 14.9241
v 1.0058 22.4611 15.9415
v 1.8205 23.3134 15.3547
v 20.3353 23.4484 15.2533
v 21.2046 22.5081 15.9117
v 29.4236 23.3935 14.8900
v 50.6961 22.4654 16.9269
v -44.5257 24.8027 16.3776
v -31.8955 24.8027 16.3776
v -25.0384 24.8027 16.7041
v -23.8279 24.8027 15.0715
v -12.1661 24.8027 16.3776
v -5.5087 24.8027 17.0623
v -4.4043 24.8027 15.3505
v 7.1679 24.8027 15.6653
v 8.1563 24.8027 17.4461
v 14.0122 24.8027 17.6457
v 14.9412 24.8027 15.8341
v 26.4811 24.8027 15.2068
v 27.6405 24.8027 16.8793
v 50.5958 24.9110 16.6377
v -56.5308 28.9075 16.6205
v -53.0071 28.7768 17.6419
v -52.7574 28.9684 16.2279
v -47.0569 29.0305 16.1846
v -44.6908 29.2036 15.7547
v -31.9012 29.0305 16.3674
v -27.4605 29.0305 15.8455
v -25.2474 29.1938 15.9491
v -23.9520 29.1475 14.9956
v -12.1718 29.0305 16.3674
v -6.2283 29.1311 16.1935
v -4.5861 29.2514 15.1108
v 7.1623 29.0305 15.6540
v 8.1506 29.0304 17.4376
v 12.8890 29.0466 16.6948
v 14.8532 29.2499 15.2148
v 26.4755 29.0305 15.1941
v 28.5305 29.2518 15.5186
v 30.9224 29.0304 17.4261
v 57.6179 30.1240 16.2271
v -47.0494 31.8489 16.1846
v -44.6670 31.6850 15.8195
v -42.8103 33.4826 16.5376
v -34.1794 33.4421 15.3877
v -32.1946 32.3307 16.6471
v -27.4529 31.8489 15.8455
v -25.0987 31.6899 15.9786
v -23.3927 32.9351 16.0134
v -12.6404 32.4287 16.5360
v -5.8539 31.6760 16.1964
v -4.2611 32.2709 15.5279
v 6.4973 32.7431 16.1305
v 8.1740 31.8526 17.2792
v 13.0279 31.8498 16.7991
v 15.2882 32.3535 15.7700
v 25.8277 33.0763 16.2038
v 28.2310 31.8513 16.0064
v 30.9300 31.8489 17.4261
v 51.6258 33.2957 16.0955
v 57.3361 31.6611 16.8622
v -44.4113 34.6674 15.0031
v -42.7972 34.6674 16.4556
v -34.1951 34.6674 15.4173
v -33.4215 34.6674 16.9252
v -24.7202 34.6674 15.0115
v -23.1829 34.6712 16.4081
v -14.8933 34.6787 14.8765
v -12.0493 36.0044 16.4560
v -9.5703 36.3534 16.3119
v -5.2699 34.6674 14.9978
v -3.6096 34.6674 15.9169
v 5.8293 34.6674 16.4471
v 15.9153 34.6658 15.7518
v 25.5389 34.6652 16.4164
v 28.8694 34.6674 15.0031
v 39.5057 36.3332 15.4076
v 40.4533 35.2452 16.4864
v 44.6820 36.3852 15.4299
v 50.7825 35.7576 16.0771
v 56.2087 34.6308 17.6730
v -42.8179 38.5964 16.5540
v -33.3966 37.8016 16.2609
v -23.2689 38.2750 16.7025
v -13.6936 38.2751 16.7025
v -3.5658 37.8016 16.2609
v 5.8555 38.5964 16.5540
v 16.1016 37.5507 16.2891
v 25.4552 38.9158 16.6123
v 39.3057 37.2491 16.1973
v 45.2739 38.6251 16.7115
v 47.8651 37.6486 16.3778
v 50.3533 38.8313 16.9564
v 57.6095 38.1849 15.0884
v -42.5379 42.9068 16.2120
v -32.7240 41.6254 16.8002
v -23.4380 42.2774 16.4225
v -13.5244 42.2774 16.4225
v -4.2385 41.6254 16.8002
v 5.5755 42.9068 16.2120
v 13.9934 43.6133 15.3646
v 15.1405 40.7244 16.4976
v 24.7712 43.2159 15.7479
v 45.2879 41.8863 16.7643
v 47.8651 42.9602 16.3778
v 50.3344 41.9055 16.9177
v 57.6095 42.4239 15.0884
v -32.2974 45.8822 16.0495
v -23.3797 46.3585 14.9306
v -13.5827 46.3585 14.9306
v -4.6650 45.8822 16.0495
v 14.0047 44.4757 16.3680
v 14.6473 45.8709 17.6053
v 24.6022 44.0474 17.5292
v 39.2977 44.6099 15.0442
v 44.9347 44.2421 15.4234
v 46.5807 44.6618 14.9869
v 50.8592 45.0323 16.1410
v 56.2087 46.2665 17.3751
v -40.6796 48.2384 16.0241
v -38.5742 48.9459 17.3798
v -35.4316 48.4536 17.8017
v -33.2444 47.2097 17.1515
v -21.9855 47.9068 16.4826
v -19.1379 48.9572 17.5292
v -16.0028 48.4649 17.0388
v -14.0900 47.2210 15.7987
v -3.2276 47.5817 17.3939
v -0.2851 48.8050 17.7979
v 3.2192 48.4536 16.3943
v 13.5734 49.4927 15.1560
v 20.5323 48.9966 17.7152
v 22.3699 48.4423 15.9640
v 45.7239 48.8782 16.2917
v 47.6096 48.3118 16.7422
v 50.1427 48.6249 15.8503
v 57.4166 49.0981 16.8681
v 15.4618 51.2796 15.2265
v 45.8855 50.4829 15.6042
v 47.9164 51.9095 16.7729
v 49.6182 50.8761 15.1126
v 57.6179 50.4848 16.2271
v -44.3839 -26.1918 20.6911
v -41.8233 -27.3537 19.5295
v -38.5422 -27.2412 19.6426
v -36.4331 -26.1206 20.7617
v -24.7434 -26.1216 20.7608
v -22.6357 -27.2416 19.6424
v -19.3543 -27.3534 19.5297
v -16.7929 -26.1909 20.6919
v -5.3636 -25.7946 21.0877
v -3.5097 -26.9931 19.8907
v -0.1386 -27.4562 19.4267
v 2.6114 -26.4035 20.4793
v 15.6940 -26.6815 20.2018
v 19.1444 -27.5079 19.3746
v 22.1348 -26.5199 20.3634
v -44.8453 -22.1025 18.2958
v -36.0573 -22.1025 18.2958
v -25.1159 -22.1025 18.2958
v -16.3279 -22.1025 18.2958
v -5.3865 -22.1025 18.2958
v 3.4015 -22.1025 18.2958
v 14.3429 -22.1025 18.2958
v 23.1309 -22.1025 18.2958
v -45.4400 -21.1611 19.9249
v -35.4682 -21.1611 19.9249
v -25.7106 -21.1611 19.9249
v -15.7388 -21.1611 19.9249
v -5.9812 -21.1611 19.9249
v 3.9906 -21.1611 19.9249
v 13.7482 -21.1611 19.9249
v 23.7200 -21.1611 19.9249
v -45.4400 -16.9926 19.6064
v -35.3761 -16.3670 20.0505
v -25.5690 -16.0067 20.1566
v -15.7659 -16.8082 19.6355
v -5.9812 -16.9926 19.6064
v 4.0146 -16.4399 20.0685
v 4.8013 -15.6267 19.7703
v 13.7077 -15.9726 20.0782
v 14.2730 -16.0541 21.1966
v 23.6664 -16.8432 19.6420
v 24.5452 -15.9768 18.8088
v -45.2255 -13.2357 19.8136
v -34.1678 -14.8477 19.8686
v -33.5466 -13.9086 19.8686
v -25.6905 -13.4335 19.2918
v -5.7667 -13.2357 19.8136
v 5.4921 -14.5439 19.8686
v 13.7719 -13.4082 19.3159
v -45.1282 -10.4221 19.8326
v -38.2635 -9.1117 20.9909
v -36.8101 -9.5694 21.1597
v -31.4340 -10.5052 19.6348
v -25.3744 -10.4240 19.4625
v -18.7567 -9.1388 20.9726
v -17.4442 -9.0892 21.0897
v -11.7005 -10.4492 19.7343
v -5.6566 -10.4226 19.6280
v -4.8398 -10.4256 21.1481
v 0.7270 -9.1378 20.9811
v 2.0120 -9.1317 21.0172
v 7.5954 -10.4255 20.8062
v 8.2183 -10.4228 19.2889
v 13.9060 -10.4235 19.0195
v 14.5528 -10.4255 20.6253
v 20.1270 -9.1093 21.0364
v 21.4160 -9.1335 20.9782
v 27.9492 -10.4206 19.7122
v -45.2913 -7.6232 19.9298
v -38.2019 -8.1828 21.0817
v -31.4913 -7.6222 19.8967
v -25.2162 -7.6176 19.9171
v -18.6991 -8.1850 21.0489
v -17.5455 -8.1737 21.2161
v -11.7619 -7.6222 19.8967
v -5.5626 -7.6221 19.7239
v -4.8538 -7.6226 21.1496
v 0.6909 -8.1580 21.0506
v 1.9099 -8.2112 21.1177
v 7.5813 -7.6225 20.8090
v 8.1881 -7.6218 19.3755
v 14.0094 -7.6228 19.3007
v 14.5829 -7.6211 20.7056
v 20.2389 -8.1677 21.1337
v 21.4347 -8.1919 21.0505
v 28.1573 -7.6202 19.7212
v 50.6265 -6.7060 19.1874
v -45.7907 -4.7914 19.9032
v -31.1757 -4.7914 21.2778
v -25.5162 -4.7914 21.2778
v 8.2831 -4.7914 21.2778
v 13.9426 -4.7914 21.2778
v 50.9475 -4.3113 19.3255
v -44.9236 -0.5636 19.8594
v -31.4984 -0.5636 19.8594
v -25.1942 -0.5636 19.8594
v -11.7331 -0.5093 20.0170
v -9.4276 -0.0555 21.2778
v -6.7854 -0.0600 20.7898
v -4.8510 -0.5636 21.1538
v 7.5841 -0.5636 20.8137
v 8.1862 -0.5636 19.2868
v 13.9878 -0.5636 19.0864
v 14.5416 -0.5636 20.6324
v 28.4911 -1.4092 19.4878
v 51.1119 -1.3322 19.3255
v -38.2219 2.6984 20.4353
v -18.4925 2.6983 20.4353
v 1.2240 2.7634 20.3970
v 1.4567 1.5925 21.0861
v 20.9663 2.6983 20.4353
v 54.6805 3.8653 20.5732
v 55.9296 4.2334 20.5732
v -43.7034 5.5139 19.0768
v -41.7952 5.4471 20.9262
v -38.3097 5.4548 19.3452
v -35.3827 5.3781 21.0640
v -32.8549 5.5406 19.3300
v -23.2211 5.4863 19.9249
v -18.7642 5.4333 19.3792
v -16.3051 5.4471 20.9543
v -13.2668 5.5224 19.5260
v -3.7065 5.4936 19.7818
v 0.7283 5.4308 19.4389
v 2.6839 5.4516 20.5985
v 6.2848 5.5099 19.7071
v 15.9100 5.5185 19.6805
v 19.4142 5.4612 20.6679
v 21.4812 5.4235 19.4463
v 25.9361 5.4936 19.7745
v 54.2321 5.8384 20.5732
v 56.1085 5.2026 20.5732
v -43.4812 8.0835 18.6453
v -40.7260 10.0846 18.9699
v -38.4197 10.1534 18.6791
v -36.1363 9.9807 18.9120
v -33.1655 8.2892 18.8483
v -22.0902 9.0800 19.2572
v -19.0454 10.2362 18.6918
v -16.7259 9.9163 18.8770
v -13.9232 8.5502 19.1098
v -2.9365 8.6880 19.2471
v 0.2852 10.1750 18.7357
v 2.4206 10.1280 18.7518
v 5.4308 8.6880 19.2471
v 16.7928 8.6880 19.2471
v 19.6257 10.1075 18.7856
v 21.7900 10.1820 18.7173
v 25.1602 8.6880 19.2471
v 35.4686 8.6201 19.6966
v 38.4047 8.7584 19.7081
v -40.7371 12.5526 18.8004
v -38.4890 12.4480 18.4929
v -36.2429 12.4083 18.6479
v -21.1398 12.1514 18.8059
v -19.2987 12.6189 18.5111
v -16.8757 12.3022 18.5966
v -0.0648 12.4744 18.5586
v 2.6727 12.4259 18.5844
v 19.5031 12.3784 18.5678
v 22.2281 12.5128 18.5735
v 38.5847 12.4036 19.8686
v 54.2321 12.7637 20.5732
v 56.1085 13.3995 20.5732
v -43.6221 16.7969 18.7172
v -41.6230 15.4804 19.4434
v -38.5252 14.8684 18.8246
v -36.1929 14.7829 19.0402
v -32.9964 16.6122 18.9572
v -22.6909 15.8633 19.2432
v -19.1086 14.8963 18.8369
v -17.0069 14.7503 18.9510
v -13.5940 16.2465 19.0662
v -3.3079 16.0151 19.1686
v 0.3106 14.8886 18.8643
v 2.3438 14.7921 18.8935
v 5.8029 16.0151 19.1686
v 16.4215 16.0151 19.1686
v 19.7569 14.7810 18.9065
v 21.7919 14.8876 18.8580
v 25.5323 16.0151 19.1686
v 35.4686 15.6187 19.6966
v 38.3918 15.6187 19.6966
v 54.6804 14.7368 20.5732
v 55.9296 14.3687 20.5732
v -56.5308 18.8238 19.3612
v -53.7123 18.8238 19.3612
v -43.7076 18.9395 19.1187
v -41.7511 18.8652 20.9655
v -38.3133 19.0512 19.4019
v -35.3827 18.8610 21.0640
v -32.8473 18.9325 19.3724
v -23.1736 18.9068 20.0026
v -18.7611 19.0490 19.4424
v -16.2569 18.8652 20.9947
v -13.2764 18.9193 19.5847
v -3.6738 18.9170 19.8551
v 0.7369 19.0414 19.5053
v 2.7359 18.9062 20.6626
v 6.2586 18.9077 19.7766
v 15.9336 18.9027 19.7491
v 19.3523 18.8997 20.7385
v 21.4688 19.0611 19.5199
v 25.9036 18.9170 19.8472
v 51.1119 19.9343 19.3255
v -38.2262 22.0380 20.6969
v -18.4968 22.0380 20.6969
v 1.2140 21.9873 20.6645
v 1.4567 22.6465 21.0861
v 20.9620 22.0380 20.6969
v 50.9475 22.9134 19.3255
v -53.6644 26.4248 19.8686
v -44.9236 24.8027 19.8594
v -31.4984 24.8027 19.8594
v -25.1942 24.8027 19.8594
v -11.7690 24.8027 19.8594
v -5.5524 24.8027 19.6745
v -4.8510 24.8027 21.1538
v 7.5841 24.8027 20.8137
v 8.1862 24.8027 19.2868
v 13.9878 24.8027 19.0864
v 14.5416 24.8027 20.6324
v 27.6898 24.8027 19.8594
v 50.6196 25.2982 19.0563
v -56.5308 27.9632 19.3612
v -53.3511 28.0502 19.2352
v -45.2972 29.0308 19.6611
v -31.3299 29.0305 20.0789
v -25.5678 29.0305 19.6611
v -11.7471 29.0305 19.9761
v -11.0303 29.0305 20.4788
v -5.9072 29.0307 19.5566
v -4.8567 29.0305 21.1496
v 7.5785 29.0305 20.8095
v 8.3353 29.0304 19.8050
v 13.6760 29.0305 19.5747
v 14.5796 29.0305 20.7061
v 27.8583 29.0305 20.0790
v -45.4738 31.4845 19.7150
v -43.0128 33.4964 19.8453
v -33.9942 33.4583 21.2778
v -31.7851 32.0992 20.1312
v -25.7463 31.4912 19.6876
v -23.2835 33.4964 19.8453
v -12.4376 32.4559 19.9871
v -11.2150 31.2496 20.6286
v -6.0370 31.4775 19.6880
v -3.6621 33.3602 19.9539
v 6.6056 32.9171 20.2134
v 8.3382 31.5766 20.1208
v 13.5603 31.3434 19.7758
v 15.4758 32.8052 20.2162
v 25.7799 33.4965 19.8453
v 27.9247 31.6321 20.2742
v 57.6179 32.5958 19.3020
v -43.0198 34.6674 19.6938
v -33.9087 34.6674 21.1393
v -33.2671 34.6674 19.2941
v -23.2549 34.6726 19.8275
v -12.3657 35.9556 19.8851
v -9.6063 36.7136 19.9183
v -3.5441 34.6674 19.7403
v 6.0639 34.6674 19.6640
v 16.2079 34.6650 19.8254
v 25.7802 34.6649 19.6929
v 51.6258 36.3322 18.8464
v 57.2927 35.1990 20.2441
v -42.7315 39.3884 19.6656
v -33.3102 38.5964 19.3725
v -23.1261 39.1037 19.8009
v -11.7144 37.9135 20.0393
v -10.3208 38.3980 20.9085
v -3.6522 38.5964 19.3725
v 5.7690 39.3884 19.6656
v 15.9682 38.2526 19.4195
v 25.3209 39.6195 19.7445
v 44.9347 40.3044 18.8088
v 51.6258 39.0713 19.7262
v 56.2087 39.0713 19.7262
v -34.0449 43.5344 19.8573
v -33.2557 42.9199 18.9892
v -22.8724 43.5456 18.6171
v -14.0900 43.5456 18.6171
v -3.3121 43.2271 19.4232
v 16.0819 42.5719 19.6656
v 51.6258 42.3464 19.5656
v 56.2087 42.3464 19.5656
v -41.5505 44.2615 18.9497
v -38.8532 44.7463 20.6220
v -35.6796 44.2615 20.6887
v -21.5421 44.2728 19.8798
v -19.1379 44.7717 20.7395
v -16.0028 44.4250 20.1410
v -1.8860 44.0586 20.5055
v -0.0314 44.5913 20.9086
v 3.0802 44.6618 20.1185
v 4.9911 44.0586 18.4650
v 19.0836 44.2503 21.2524
v 22.1388 44.7351 20.3928
v 24.0610 44.4532 18.6679
v 51.6258 44.6449 18.6566
v 57.4166 45.7593 20.2068
v 16.3778 47.5705 18.5523
v 18.7256 48.6922 18.4480
v 57.6179 48.1688 19.2775
v -45.1385 -25.3494 21.5315
v -35.7698 -25.3494 21.5315
v -25.4091 -25.3494 21.5315
v -16.0404 -25.3494 21.5315
v -5.6797 -25.3494 21.5315
v 3.6890 -25.3494 21.5315
v 14.0497 -25.3494 21.5315
v 23.4184 -25.3494 21.5315
v -45.4196 -23.9589 22.9231
v -40.5656 -23.9143 22.9723
v -35.4887 -23.9580 22.9239
v -25.6902 -23.9589 22.9231
v -21.0630 -24.0236 22.8629
v -20.7247 -23.9797 22.9069
v -15.7593 -23.9580 22.9239
v -5.9608 -23.9589 22.9231
v -0.9953 -23.9797 22.9069
v 3.9701 -23.9581 22.9239
v 13.7686 -23.9589 22.9231
v 18.7341 -23.9797 22.9069
v 23.6995 -23.9581 22.9239
v -44.7457 -19.5940 22.6382
v -42.9908 -18.6357 24.2992
v -37.9175 -18.6357 24.2992
v -36.1606 -19.5940 22.6382
v -25.0163 -19.5940 22.6382
v -23.2614 -18.6357 24.2992
v -15.9879 -21.2725 22.9517
v -9.1577 -21.2175 22.6870
v -5.7286 -21.2720 22.9581
v 2.8590 -19.3545 23.0534
v 13.8356 -20.1747 21.6273
v 15.2297 -19.0811 23.5288
v 22.5883 -19.3545 23.0534
v -44.4423 -16.3697 21.9317
v -41.7375 -15.9244 23.5984
v -38.5291 -15.9611 23.4621
v -35.9155 -15.6457 22.3935
v -24.4911 -16.1190 22.1790
v -23.6844 -15.7459 22.8067
v -19.0196 -16.2812 23.6246
v -17.0152 -16.1068 22.2302
v -5.2222 -17.4774 22.0557
v -4.1374 -16.3911 22.9265
v -0.3386 -15.8737 23.7891
v 3.5298 -15.6478 22.4068
v 15.3459 -15.9094 22.4673
v 19.3908 -15.8737 23.7891
v 22.7254 -15.7784 21.8331
v -44.0162 -13.2356 22.0317
v -41.1713 -12.8219 23.4567
v -38.7235 -13.6068 23.3928
v -36.0682 -13.8306 22.9698
v -22.3112 -13.1239 23.1804
v -19.6365 -13.3095 23.5062
v -16.9316 -13.2947 23.4526
v -3.2842 -13.0856 22.8283
v -0.2451 -13.1674 23.5380
v 2.8996 -14.0007 23.0144
v 5.2254 -12.4019 22.6870
v 16.4816 -13.4798 22.9672
v 19.1356 -13.0379 23.5464
v 21.9514 -13.5360 23.4031
v -44.0699 -10.4895 22.0473
v -41.2271 -10.3734 23.0822
v -38.5402 -9.6358 22.1857
v -36.3998 -9.5770 22.6545
v -32.9785 -10.5507 22.3761
v -24.2873 -10.4256 21.4582
v -22.2611 -10.6427 22.9791
v -19.2351 -9.6663 22.2142
v -17.0031 -9.5660 22.5007
v -13.1719 -10.4214 22.2834
v -5.2896 -10.4205 21.4483
v -3.7369 -10.7325 22.4928
v 0.1638 -9.6708 22.3081
v 2.4994 -9.6257 22.3917
v 6.1081 -10.4947 22.5870
v 8.3057 -10.4171 22.6870
v 13.6608 -10.4171 22.6870
v 16.2326 -10.7819 22.7078
v 19.6531 -9.6075 22.4296
v 21.9849 -9.6865 22.2848
v 25.7528 -10.4214 22.6289
v 27.4212 -10.4171 21.7365
v -44.0391 -7.6225 22.1074
v -41.1965 -7.6702 23.0441
v -38.5674 -7.7115 22.8813
v -36.5118 -8.0170 22.5758
v -32.7967 -7.6188 22.0339
v -24.5474 -7.6172 21.7062
v -22.1114 -7.6687 22.6892
v -19.2186 -7.7066 22.9027
v -17.1042 -7.8997 22.6876
v -13.3737 -7.6198 22.1708
v -5.3245 -7.6099 21.8612
v -3.3684 -7.6203 22.3517
v 0.2431 -7.7497 22.8560
v 2.4247 -7.8110 22.7868
v 6.1053 -7.6201 22.2723
v 7.9900 -7.6099 21.6780
v 14.2358 -7.6099 21.6780
v 16.1159 -7.6201 22.2723
v 19.7462 -7.8393 22.7491
v 21.9187 -7.7321 22.8816
v 25.7463 -7.6216 22.5237
v 27.5475 -7.6225 21.8612
v 50.5967 -6.3923 22.7424
v -44.0054 -4.7810 22.5015
v -42.0324 -4.0249 23.0501
v -38.3175 -3.7824 23.1628
v -35.5090 -3.6793 22.9184
v -32.8423 -4.5609 22.7643
v -24.8754 -4.7914 22.0350
v -23.2969 -3.9726 23.0955
v -18.8665 -3.8758 23.1289
v -17.0754 -4.0295 22.8749
v 0.5129 -3.8815 23.0781
v 2.1337 -3.9395 23.0762
v 6.2512 -4.0817 22.9779
v 7.9900 -4.7914 21.6780
v 14.2358 -4.7914 21.6780
v 15.9746 -4.0817 22.9779
v 19.8782 -4.1202 23.0548
v 21.5526 -3.7892 23.0897
v 50.7174 -3.9552 22.7392
v -56.5308 0.9433 24.1527
v -55.9671 0.9433 24.1527
v -49.9879 0.4655 22.6758
v -48.1344 -0.2854 22.6757
v -45.6044 0.0743 22.4395
v -41.5351 0.3422 23.7121
v -38.6708 0.7000 23.8048
v -35.3450 0.3290 23.6685
v -33.3662 0.6636 23.8702
v -29.0381 -0.2906 22.6757
v -26.7259 0.1660 22.6231
v -22.0922 0.3533 23.7145
v -19.7049 0.5770 23.7204
v -16.1519 0.3960 23.7054
v -13.8906 0.4267 23.6959
v -10.3556 0.8110 22.6758
v -6.4195 0.4695 22.4241
v -2.7186 0.3960 23.7114
v -0.4529 0.4586 23.7000
v 3.2138 0.4356 23.7087
v 5.4177 0.4360 23.7554
v 9.9417 -0.1153 22.6757
v 12.2186 -0.1568 22.6757
v 16.7571 0.4554 23.7708
v 18.9685 0.4222 23.6988
v 22.5919 0.4754 23.7245
v 24.8818 0.3215 23.6781
v 29.3296 -0.0852 22.6196
v 31.7091 -0.2570 22.6757
v 50.8380 -1.2782 22.7792
v -56.5308 2.8839 23.8265
v -55.9671 1.8063 23.0100
v -49.9355 1.5108 22.6758
v -48.1045 2.6245 23.4786
v -44.3269 2.4676 24.1160
v -41.6197 2.6554 23.6342
v -38.2566 2.0621 24.0708
v -35.3704 2.7627 23.4973
v -33.1355 2.1173 24.1227
v -28.8941 2.1438 22.6757
v -26.9071 1.7345 22.6758
v -22.5356 2.4658 23.7462
v -19.2671 2.3573 23.9502
v -15.9986 2.7012 23.5598
v -13.4773 2.0446 24.0773
v -9.4223 2.1079 22.6757
v -7.3904 1.9138 22.6758
v -3.0478 2.4510 23.8011
v -0.2141 2.4453 23.7957
v 2.9542 2.4896 23.7486
v 5.7896 2.3633 23.8711
v 10.0552 2.0125 22.6757
v 12.1001 2.0482 22.6757
v 16.3627 2.3206 23.8657
v 19.0589 2.5398 23.7132
v 22.2574 2.4202 23.8254
v 25.2546 2.4350 23.8145
v 29.5528 1.8624 22.6758
v 31.5742 2.1265 22.6757
v 54.7994 4.1342 22.6870
v -41.0190 4.7412 21.3483
v -35.3629 4.7433 21.3504
v -21.5422 4.7903 21.3459
v -20.7170 4.6303 21.3536
v -15.6381 4.7413 21.3482
v -2.0600 4.7181 21.3485
v -1.2156 4.7572 21.3481
v 3.9272 4.7875 21.3458
v 4.7311 4.5609 21.3577
v 17.4145 4.4446 21.3674
v 18.2013 4.7540 21.3474
v 23.4063 4.7563 21.3478
v 24.2523 4.7257 21.3487
v 54.6746 5.4533 22.6870
v 55.8468 5.0733 22.6870
v -56.5308 9.9111 23.9800
v -55.9671 10.5609 22.7011
v -48.0753 10.7103 24.4909
v -45.2456 9.8648 24.0713
v -40.4293 10.5462 21.7852
v -38.5648 9.9276 22.0201
v -36.3787 10.3428 21.9012
v -28.6995 10.3410 22.6758
v -27.0198 10.6568 22.6758
v -20.9663 10.7909 21.8439
v -19.3164 10.0063 21.9905
v -16.9220 10.2080 21.9363
v 0.1044 10.0659 21.9741
v 2.5267 10.1030 21.9657
v 10.2060 10.4228 22.6758
v 11.9291 10.3935 22.6758
v 19.5886 10.1499 21.9605
v 22.0122 10.0346 21.9773
v 35.6085 9.7045 22.5329
v 38.3221 9.7045 22.5329
v -56.5308 11.6319 23.5157
v -55.9671 11.6319 23.5157
v -40.6111 12.4174 21.9283
v -39.0380 13.3138 22.2498
v -36.0103 12.5551 21.9964
v -29.3972 13.0721 22.6757
v -26.6147 12.4638 22.6758
v -21.1343 12.1636 21.7438
v -20.1442 12.9601 22.1587
v -16.3749 12.6386 22.0253
v -0.7669 12.7018 22.0361
v 3.3020 12.6783 22.0327
v 9.6450 12.8137 22.6758
v 12.5167 12.8698 22.6758
v 18.9106 12.6708 22.0302
v 22.9770 12.7088 22.0386
v 35.4686 12.6340 23.3341
v 38.3918 12.6340 23.3341
v 54.6746 13.1487 22.6870
v 55.8468 13.5288 22.6870
v -38.4306 14.5847 21.8984
v -36.6958 14.4109 21.7375
v -18.9239 14.5824 21.9142
v -17.2612 14.5077 21.7782
v 0.5070 14.5731 21.8899
v 2.1359 14.5504 21.8632
v 19.9549 14.5231 21.8504
v 21.5924 14.5862 21.8940
v 35.6469 14.9658 22.2049
v 38.3030 14.9659 22.2049
v 54.7994 14.4675 22.6870
v -41.0462 19.9395 21.8594
v -38.2474 20.5694 23.8020
v -35.3884 19.9463 21.8805
v -21.6818 19.9190 21.9642
v -19.7019 20.2977 22.7118
v -15.8784 20.0028 22.0936
v -2.1809 19.9927 21.8281
v -0.5201 20.1231 22.5113
v 3.3985 20.0508 22.3881
v 4.8301 20.0447 21.4262
v 17.3379 20.2276 21.4585
v 18.7294 20.0095 22.3612
v 22.6494 20.1394 22.4402
v 24.3476 19.9694 21.9617
v 50.8491 19.8433 22.8045
v -49.9907 23.2049 22.6758
v -48.1285 22.4167 22.6757
v -44.0092 22.2142 24.0214
v -41.6890 22.3766 23.7503
v -38.4299 22.6727 23.9433
v -35.3582 22.4975 23.6527
v -33.1868 22.3593 24.1158
v -29.1223 22.4060 22.6757
v -26.8223 22.9482 22.6757
v -22.4817 22.4514 23.8094
v -19.5821 22.4745 23.8785
v -16.2090 22.4470 23.7287
v -13.6289 22.5901 24.0288
v -9.6999 22.5894 22.7894
v -7.1913 22.8521 22.8253
v -3.0132 22.4559 23.8995
v -0.3375 22.5127 23.7652
v 3.0640 22.4792 23.7533
v 5.7403 22.4599 23.9489
v 9.8887 22.6121 22.6757
v 12.2771 22.5670 22.6757
v 16.4128 22.5389 23.9979
v 19.0494 22.4635 23.7213
v 22.4376 22.4810 23.8371
v 25.1855 22.4504 23.8531
v 29.4295 22.7949 22.6757
v 31.7839 22.4517 22.6757
v 50.7124 22.4942 22.8488
v -49.8707 24.2418 22.6758
v -48.1512 24.7885 22.6757
v -45.2383 24.5781 22.2707
v -41.2133 24.4703 23.8549
v -39.5374 24.2124 23.4186
v -35.3147 24.4342 23.8502
v -32.8781 24.8027 21.8485
v -28.7539 24.8076 22.6757
v -26.7507 24.5129 22.5748
v -21.8310 24.4636 23.8141
v -20.4058 24.4095 23.7065
v -15.8266 24.3457 23.8219
v -13.9099 24.5046 23.4214
v -9.3520 24.8595 23.1493
v -7.3641 24.6922 23.2146
v -2.4467 24.3565 23.7166
v -0.9501 24.3874 23.7681
v 3.6733 24.3672 23.7930
v 5.2291 24.5893 23.7164
v 10.1698 24.7185 22.6758
v 11.9805 24.7485 22.6758
v 16.8986 24.6727 23.6500
v 18.5256 24.3573 23.8119
v 23.1236 24.4122 23.7445
v 24.6824 24.4733 23.7730
v 29.6451 24.5906 22.6758
v 31.3709 25.0695 22.8677
v 50.5967 24.9945 22.9448
v -43.9639 29.0291 22.2100
v -41.6270 28.9797 23.2781
v -38.2315 29.3392 23.7504
v -35.1509 28.9996 23.2534
v -32.6533 28.9707 22.4003
v -24.7048 29.0305 21.8580
v -22.4357 28.9837 22.9922
v -18.8753 29.3259 23.6766
v -16.8409 29.2015 23.8010
v -13.0981 29.0305 22.1491
v -5.3320 29.0305 21.8612
v -3.4009 29.0306 22.5383
v 0.2414 29.2703 23.6909
v 2.4282 29.2613 23.7233
v 6.3206 28.9539 22.5092
v 7.9825 29.0305 21.6780
v 14.2282 29.0305 21.6780
v 16.0355 28.9659 22.6443
v 19.6820 29.2422 23.8049
v 21.5593 29.3088 23.6448
v 25.8089 29.0305 22.2890
v 27.5428 29.0305 21.8612
v 32.1670 28.4935 24.0963
v 33.6608 29.0305 24.0963
v -44.1641 31.2612 22.1803
v -41.6898 31.7460 23.1652
v -38.2622 32.0554 23.5962
v -35.3456 32.3320 23.0791
v -32.2760 31.4113 22.0810
v -24.7819 31.1903 21.9519
v -22.4036 31.6355 23.0207
v -18.9763 32.0931 23.5479
v -16.5145 32.1834 23.4232
v -12.8355 31.5735 22.1145
v -5.5363 31.1159 21.6100
v -3.2028 31.4921 22.8364
v 0.0735 32.1358 23.5369
v 2.6690 32.0941 23.4993
v 6.2611 31.8433 22.3500
v 8.0803 31.0263 21.5557
v 14.1455 31.0243 21.5557
v 16.1393 31.5304 22.6670
v 19.0646 31.9743 23.5114
v 21.8344 32.3350 23.4928
v 25.7594 31.9275 22.3956
v 27.7622 31.1177 21.6100
v 50.5717 32.1054 22.6870
v -56.5308 36.1171 23.5057
v -50.8938 36.1171 23.5057
v -41.3825 34.6674 22.3575
v -38.2798 34.6674 23.6503
v -35.3159 34.6674 22.5359
v -21.7053 34.6731 22.3228
v -18.8967 34.6684 23.5809
v -16.8089 34.6702 23.3968
v -11.6002 36.8897 21.8272
v -10.3132 36.6958 21.8625
v -2.2733 34.6674 22.0980
v 0.4355 34.6674 23.5147
v 2.4705 34.6674 23.4816
v 4.9523 34.6674 21.9192
v 17.3050 34.6656 21.9366
v 19.4220 34.6661 23.3290
v 21.8492 34.6661 23.4654
v 24.6098 34.6652 21.9888
v 57.6179 36.0034 21.7964
v -56.5308 38.2048 23.6000
v -50.8938 38.2048 23.6000
v -41.1841 39.7999 21.7203
v -38.8025 39.8872 22.7688
v -35.6627 39.5040 22.2060
v -21.5421 39.6421 21.7964
v -19.1379 39.8985 22.7603
v -16.0028 39.7200 22.0895
v -11.6853 38.1724 22.0749
v -9.8652 38.3794 21.9981
v -2.4159 39.2503 21.5596
v -0.0991 39.7087 22.6438
v 3.0999 39.8872 22.3967
v 4.7375 39.7351 21.3116
v 17.1614 38.9233 21.6273
v 18.8158 39.3771 22.6053
v 21.9941 39.8253 22.6419
v 24.2752 39.8534 21.3962
v 45.3476 39.1437 22.6044
v 47.8838 37.6484 22.6870
v 50.2013 39.1461 22.6870
v 57.6179 39.0355 22.2242
v 45.3852 41.6988 22.6870
v 47.8838 42.9604 22.6870
v 50.1602 41.5915 22.6870
v 57.6179 42.4421 22.1590
v 57.6179 45.1184 21.5935
v -46.7315 -37.3633 27.6011
v -45.6520 -37.5340 27.4304
v -35.1072 -37.5077 27.4567
v -26.0576 -37.5126 27.4517
v -15.5150 -37.5312 27.4331
v -14.4175 -37.3426 27.6216
v -6.3282 -37.5126 27.4517
v 4.0854 -37.5269 27.4374
v 5.1501 -37.4499 27.5144
v 13.2565 -37.4443 27.5200
v 14.4147 -37.9906 26.9737
v 23.3538 -37.7959 27.1683
v 24.3234 -37.4115 27.5528
v -44.8232 -22.1605 24.7218
v -36.0835 -22.1590 24.7233
v -25.0938 -22.1605 24.7218
v -16.5112 -22.2842 25.1356
v -5.3644 -22.1605 24.7218
v 3.3753 -22.1590 24.7233
v 14.3650 -22.1605 24.7218
v 23.1047 -22.1590 24.7233
v -44.0342 -21.4465 25.4378
v -42.0480 -20.6452 26.2363
v -38.3221 -20.7699 26.1119
v -36.7856 -21.5052 25.3770
v -24.3951 -21.5065 25.3771
v -22.6554 -20.7149 26.1669
v -18.8220 -21.1161 25.4946
v -16.9950 -21.5297 25.3065
v -5.2265 -21.6910 24.5811
v -4.0601 -21.2087 25.4706
v -0.1399 -20.4987 26.3832
v 1.9337 -21.0857 25.7960
v 16.1318 -20.9607 25.9218
v 18.8196 -20.4489 26.4324
v 21.5676 -21.0424 25.8396
v -41.1108 -18.3399 24.8122
v -38.4106 -16.7791 27.4076
v -36.7295 -16.5553 27.6171
v -22.0382 -18.3821 24.7389
v -18.9428 -16.5587 26.0313
v -17.2592 -16.6094 27.5074
v -3.9225 -16.3978 25.3802
v 0.5207 -16.8271 27.3435
v 2.0970 -16.7068 27.4654
v 17.4207 -18.3821 24.7389
v 19.8829 -16.7656 27.2513
v 21.4999 -16.7803 27.4747
v -40.3644 -12.8755 26.8118
v -38.6205 -14.2632 25.4242
v -36.1912 -13.1499 26.5374
v -19.7919 -13.6553 26.0320
v -16.5927 -13.3029 26.3844
v -0.3192 -13.5461 26.1413
v 2.9210 -13.4748 26.2125
v 19.2346 -13.4364 26.2510
v 22.4667 -13.5766 26.1107
v -40.8745 -10.2500 25.3535
v -39.9609 -9.3524 25.7676
v -35.7429 -9.9653 25.2103
v -21.2807 -10.4971 25.1832
v -20.4425 -9.4695 25.7957
v -16.0198 -9.9653 25.2148
v -5.7868 -10.4171 25.5055
v -2.0863 -10.4171 24.9193
v -1.1095 -10.0042 25.4798
v 3.6840 -9.9561 25.2224
v 4.7301 -10.4171 24.5811
v 8.3057 -10.4171 25.5055
v 18.5430 -10.0593 25.4320
v 23.3930 -9.9456 25.2349
v 24.6617 -10.4171 24.9193
v -41.6631 -7.6202 25.4595
v -38.3134 -7.7661 25.0472
v -36.3627 -7.9414 25.2490
v -31.1644 -7.7959 25.5055
v -25.7980 -7.6155 25.5055
v -21.4936 -7.6155 25.7789
v -18.7135 -7.7587 25.0473
v -17.0854 -7.9056 25.1838
v -11.4350 -7.7959 25.5055
v -5.8206 -7.4690 25.5055
v -1.9869 -7.6155 25.5055
v 0.6839 -7.7901 25.0942
v 2.1015 -7.7712 25.0533
v 8.2944 -7.7959 25.5055
v 13.7848 -7.5423 25.5055
v 20.0971 -7.7940 25.0545
v 21.4890 -7.7754 25.0718
v 24.8060 -7.6291 25.5055
v 50.5983 -6.3793 27.2144
v -56.3072 -4.7914 27.2492
v -54.3504 -4.4250 25.9447
v -52.7597 -4.7237 25.4999
v -43.5601 -3.8514 26.5836
v -42.8072 -3.6841 25.4999
v -38.2106 -4.5433 25.5055
v -33.8514 -2.9312 25.4999
v -31.9862 -4.6158 26.8420
v -29.7552 -4.7914 25.5055
v -25.4087 -4.9639 27.3331
v -23.3516 -3.7450 25.8940
v -18.4812 -4.5433 25.5055
v -12.0500 -4.5980 27.3184
v -11.1280 -4.8827 27.4998
v -5.7884 -4.9516 27.2025
v -4.1830 -2.9312 27.6673
v 1.2482 -4.5433 25.5055
v 6.4492 -4.0139 26.1661
v 8.4692 -4.9385 27.2147
v 13.7814 -4.9175 27.4186
v 15.5987 -4.1490 26.3009
v 20.9776 -4.5433 25.5055
v 26.4088 -2.9312 27.6673
v 39.2977 -5.0000 26.6466
v 42.3664 -3.2703 27.2366
v 47.5021 -3.2664 27.2358
v 50.7699 -4.3073 27.3692
v -56.3631 0.8456 26.6372
v -55.4023 -0.8708 25.8098
v -48.0975 -1.2688 25.5027
v -44.5308 0.0620 26.5390
v -41.8574 -0.0265 26.2061
v -38.4670 0.1835 26.0285
v -35.4909 -0.1465 26.2196
v -32.8925 0.1070 26.4976
v -29.1815 -0.5759 25.5027
v -25.8698 -0.1858 26.1556
v -22.5604 0.0347 26.2738
v -19.2347 0.1610 26.0396
v -16.2757 -0.1162 26.2228
v -13.4955 0.0816 26.4516
v -9.7036 -0.5114 25.5055
v -6.5604 -0.1919 26.0109
v -3.1075 0.1042 26.3652
v -0.1265 -0.0065 26.1060
v 2.9267 0.0083 26.1135
v 5.9320 -0.0145 26.4293
v 9.6737 -0.3909 25.5027
v 12.3832 -0.4089 25.5282
v 16.2756 0.1004 26.4452
v 19.0600 -0.1067 26.0908
v 22.2364 0.1194 26.0884
v 25.2566 -0.0821 26.3288
v 28.7095 -0.2260 25.9738
v 31.8451 -0.5071 25.5027
v 36.0544 -0.9117 25.4999
v 39.2977 0.8456 25.5055
v 42.3477 -0.6882 26.5767
v 43.5255 0.8287 27.7321
v 47.5162 -0.6665 26.5828
v 51.0255 -1.3021 27.2375
v -56.5308 3.0750 25.1701
v -48.0920 2.9600 25.1191
v -43.9512 2.7418 25.8190
v -42.1296 3.1963 25.8200
v -38.2929 3.0272 25.6676
v -35.4564 2.9507 26.1019
v -32.8591 3.0271 25.9313
v -24.5570 2.9032 27.3242
v -23.1107 2.9961 25.7037
v -18.8469 2.9509 25.6986
v -16.5068 3.1411 25.9049
v -13.2631 3.0081 26.0111
v -5.1282 2.9070 27.5725
v -3.6270 2.9749 25.8093
v 0.4752 2.9254 25.7347
v 2.6130 3.1378 25.7309
v 6.3712 3.0118 26.0392
v 15.9150 2.9615 25.8557
v 19.3563 3.2650 25.9493
v 21.6880 2.8896 25.6314
v 25.8701 3.0234 25.9239
v 27.2534 2.8973 27.4808
v 36.4793 3.6641 25.5055
v 39.2977 3.6641 25.5055
v 42.3388 2.7150 26.6811
v 47.5312 2.7209 26.6774
v -56.5308 7.2492 27.4672
v -41.4710 4.8433 25.6944
v -39.1761 4.6404 25.5134
v -35.3680 4.8416 25.6723
v -33.5635 4.4891 25.4825
v -22.0128 4.8282 25.6806
v -20.1668 4.7673 25.6128
v -15.9952 4.8429 25.6841
v -14.1438 4.6270 25.5127
v -2.5382 4.7914 25.6482
v -0.7001 4.8137 25.6575
v 3.4564 4.8409 25.6684
v 5.2942 4.7238 25.6163
v 16.9001 4.6964 25.5996
v 18.7330 4.8439 25.6715
v 22.9756 4.8130 25.6878
v 24.8197 4.7924 25.6131
v 42.3969 5.2564 27.2853
v 47.4731 5.2577 27.2851
v -56.5308 9.8394 25.1701
v -48.0753 10.7179 24.7164
v -45.0737 9.9305 25.5189
v -41.3682 9.5022 26.9035
v -38.5028 10.1920 24.8838
v -36.3603 10.4022 25.2324
v -32.2645 10.7103 27.2088
v -24.6847 10.7103 27.3530
v -22.3629 9.9938 26.9073
v -19.1186 10.1703 24.9016
v -17.0377 10.3030 25.0669
v -12.8157 10.7103 27.1652
v -5.1892 10.7103 27.5828
v -3.3299 10.3759 26.9561
v 0.2898 10.1940 24.9445
v 2.3366 10.2221 24.9585
v 6.3290 10.5367 27.0867
v 15.7231 10.6220 27.1071
v 19.7741 10.2399 24.9946
v 21.8318 10.1874 24.9182
v 25.2099 10.2005 26.9223
v 27.3023 10.7103 27.4578
v -56.3631 12.1195 26.6372
v -55.8122 13.1164 25.9436
v -44.1567 13.5288 27.2088
v -40.3651 12.1836 24.8310
v -39.0019 13.3782 24.8383
v -36.3100 12.4658 24.8368
v -32.2645 13.5288 27.2088
v -24.6847 13.5288 27.3530
v -22.9766 13.6877 26.9103
v -19.9005 12.9298 24.8153
v -16.7352 12.6996 24.8223
v -12.8157 13.5288 27.1652
v -5.1892 13.5288 27.5828
v -3.6684 13.6423 26.9711
v -0.3317 12.8304 24.8099
v 2.8598 12.8096 24.8089
v 6.5027 13.6171 27.1071
v 15.7231 13.6171 27.1071
v 19.3246 12.7666 24.8061
v 22.5089 12.8694 24.8124
v 25.6970 13.6612 26.9317
v 27.3023 13.5288 27.4578
v -54.9631 14.7188 25.6777
v -41.0112 15.2086 26.9035
v -38.2223 14.6927 25.1317
v -35.5790 15.3253 26.9035
v -21.5956 14.9422 26.9035
v -18.6877 14.6327 25.1031
v -16.3476 15.3918 26.6724
v -2.1453 14.6365 26.9035
v 0.5548 14.7764 25.3563
v 2.2511 14.8277 25.5154
v 4.7657 14.4702 26.9035
v 19.6523 14.9361 25.7896
v 21.4697 14.6998 25.2137
v 24.2358 14.7934 26.9035
v -43.6515 20.5804 25.8901
v -41.8077 19.7083 25.6806
v -38.5217 20.1196 25.4183
v -35.3707 19.5708 25.7582
v -33.2415 20.2119 25.5210
v -24.6109 20.6134 27.2902
v -22.4011 19.8017 25.6411
v -19.3773 20.0191 25.4916
v -16.2124 19.6541 25.7037
v -13.7644 20.0438 25.5681
v -5.1892 20.5863 27.5828
v -2.9551 19.8539 25.6420
v -0.2761 19.8503 25.5808
v 3.0206 19.8189 25.6006
v 5.7181 19.9091 25.6385
v 16.4857 19.9685 25.6123
v 19.0934 19.7463 25.6363
v 22.4452 19.9035 25.5728
v 25.2115 19.8361 25.6245
v 27.3023 20.5863 27.4578
v 36.4793 20.5750 25.5055
v 39.2977 20.5750 25.5055
v 42.3654 19.2825 27.2370
v 47.5031 19.2863 27.2361
v 51.0255 19.9043 27.2375
v -53.7123 23.3935 25.5027
v -50.0300 23.6837 25.5027
v -43.8714 21.9241 26.0637
v -41.9506 22.4542 26.0388
v -38.3128 22.1834 25.8433
v -35.5167 22.3958 26.1976
v -32.7439 21.9498 26.1381
v -30.3050 23.8417 25.5027
v -24.8528 21.9562 27.0571
v -23.1472 22.2237 25.9098
v -18.8352 22.1492 25.8345
v -16.3589 22.4439 26.1072
v -13.1909 22.0107 26.2116
v -10.5756 23.8416 25.5055
v -5.4309 22.1213 27.1554
v -3.6300 22.1700 26.0084
v 0.5695 22.1357 25.8618
v 2.6704 22.4006 25.9489
v 6.3886 22.0339 26.2249
v 9.1538 23.8417 25.5027
v 13.0719 23.8416 25.5027
v 15.8792 22.1279 26.0846
v 19.1395 22.3907 26.1901
v 21.6251 22.1754 25.7783
v 25.8690 22.0973 26.1163
v 27.6881 22.2824 26.9398
v 32.9971 23.4580 25.5027
v 34.7149 23.5724 25.5023
v 39.2977 23.3935 25.5055
v 42.3462 22.3464 26.5356
v 43.5255 23.3765 27.7321
v 47.5159 22.3553 26.5404
v 50.8096 22.8954 27.3118
v -56.3072 25.2629 27.2492
v -54.4348 26.5222 25.8823
v -49.8707 24.2418 25.5027
v -48.2429 25.0971 25.5027
v -44.6903 25.0472 26.5754
v -41.7313 24.7808 26.2823
v -38.6674 24.8697 26.3155
v -35.4365 24.8741 26.1254
v -32.7849 24.8995 26.8158
v -28.9318 25.0310 25.5027
v -25.8938 24.7765 26.1820
v -22.3860 24.8541 26.3417
v -19.6715 24.8881 26.2470
v -16.2309 24.8302 26.2490
v -13.4741 24.8530 26.6342
v -9.4711 24.9925 25.5055
v -6.7285 24.7476 25.9428
v -3.0015 24.7893 26.4949
v -0.4572 24.9206 26.2187
v 3.1985 24.8164 26.2466
v 5.9040 24.9547 26.4948
v 9.8337 24.8725 25.5027
v 12.1440 24.9363 25.5027
v 16.2805 24.8910 26.5312
v 18.8956 24.8664 26.2205
v 22.6179 24.8477 26.1688
v 25.1656 24.9144 26.4152
v 28.8184 24.7806 25.9556
v 30.7845 25.7952 25.5032
v 36.1300 25.1912 25.5033
v 42.3473 25.8698 26.7779
v 47.5266 25.8654 26.7722
v 50.6043 25.0805 27.1702
v -56.5308 27.4521 26.3426
v -54.3385 28.5181 25.7078
v -51.6934 29.1541 26.0183
v -43.4784 29.0107 25.4999
v -41.7156 28.6346 25.1366
v -38.3333 29.2062 25.0109
v -36.2248 28.9699 25.0627
v -31.9111 29.0323 26.7542
v -25.5292 29.1907 27.2038
v -23.3491 28.5158 25.4999
v -18.7101 29.2066 24.9934
v -16.8809 29.0396 25.1291
v -11.8218 29.2538 27.2256
v -11.1247 29.1218 27.5050
v -5.7998 29.1907 27.2038
v 0.7083 29.1778 25.0269
v 2.1454 29.1824 24.9992
v 6.5697 28.7328 25.9976
v 8.3399 29.1922 27.3853
v 13.6351 29.1425 27.2064
v 15.4222 28.8331 26.2079
v 20.0599 29.1689 24.9284
v 21.3419 29.2353 24.9854
v 32.1685 28.4447 25.5055
v 35.0287 28.4936 25.5055
v 39.2977 29.2390 26.6466
v 42.3884 28.0283 27.4174
v 47.4816 28.0258 27.4152
v -40.2061 31.8489 24.6825
v -38.3292 31.8489 25.0491
v -36.2835 31.8489 25.0658
v -18.7429 31.8489 25.0260
v -16.8908 31.8489 25.1595
v 0.6715 31.8489 25.0545
v 2.2215 31.8489 25.0512
v 20.0367 31.8489 24.9528
v 21.3446 31.8489 24.9902
v -56.5308 35.5212 26.3878
v -50.8938 35.5212 26.3878
v -38.2106 34.6674 24.8002
v -18.4812 34.6674 24.8002
v -11.6132 36.5728 26.3698
v -9.6814 36.6241 26.1948
v 0.9460 34.6674 24.8258
v 1.7392 34.6674 24.7584
v 20.4177 34.6674 24.7141
v 21.2016 34.6674 24.8346
v -56.5308 38.7551 26.2414
v -50.8938 38.7551 26.2414
v -11.6508 38.5247 24.9842
v -9.5451 38.5236 24.9894
v 41.7188 40.1640 26.8193
v 43.4409 39.9643 27.3520
v -11.6167 41.1512 26.2421
v -9.5620 41.1512 26.2421
v -47.0672 -39.5029 30.4704
v -45.7237 -39.5864 30.3899
v -41.1040 -39.1231 30.8510
v -39.5279 -39.1220 30.8558
v -35.1308 -39.5933 30.3828
v -33.6221 -39.2599 30.7151
v -27.5608 -39.2356 30.7377
v -26.0609 -39.5974 30.3788
v -21.8480 -39.1112 30.8630
v -20.1047 -39.1348 30.8415
v -15.4717 -39.5837 30.3925
v -14.1150 -39.5230 30.4511
v -6.4155 -39.5772 30.3989
v -2.1439 -39.0957 30.8821
v -0.6290 -39.1395 30.8369
v 3.9314 -39.6557 30.3202
v 5.1023 -39.4596 30.5163
v 13.2808 -39.5505 30.4256
v 15.1419 -40.1522 29.8257
v 18.8636 -39.1227 30.8523
v 23.4227 -39.5512 30.4249
v 24.5818 -39.5939 30.3818
v -47.2745 -36.6706 28.2938
v -45.6591 -36.9310 28.6207
v -41.6154 -36.4514 28.5128
v -38.6795 -36.3037 28.6605
v -35.2157 -36.9550 28.5968
v -33.5338 -36.5048 28.4595
v -27.6342 -36.5213 28.4431
v -25.9643 -36.9422 28.6051
v -22.5077 -36.2963 28.6680
v -19.1818 -36.3551 28.6092
v -15.5216 -36.9441 28.6121
v -13.8900 -36.6529 28.3115
v -6.3507 -36.9688 28.5702
v -3.6284 -35.9499 29.0143
v -0.2124 -36.4893 28.4750
v 3.8726 -36.9008 28.6481
v 5.0378 -36.9581 28.5046
v 13.3520 -37.0116 28.5403
v 15.5529 -35.6840 29.2802
v 18.8120 -36.5506 28.4136
v 23.2904 -36.7960 28.6700
v 24.5504 -36.9937 28.5497
v -45.0968 -34.4356 30.5286
v -35.7717 -34.3752 30.5891
v -25.3674 -34.4356 30.5286
v -16.0423 -34.3752 30.5891
v -5.6380 -34.4356 30.5286
v 3.6871 -34.3752 30.5891
v 14.0504 -34.3683 30.5960
v 14.2555 -34.7051 30.2592
v 23.4165 -34.3752 30.5891
v -47.3504 -20.3338 28.7157
v -45.1428 -20.2756 28.5631
v -40.3574 -18.6392 30.0174
v -38.4941 -19.0171 29.6395
v -36.5346 -18.7702 29.8865
v -19.1498 -19.0078 29.6488
v -17.0721 -18.8320 29.8245
v -8.2558 -20.0450 28.6115
v 0.3974 -18.9625 29.6939
v 2.5772 -18.9304 29.7262
v 6.8777 -21.2666 29.2362
v 19.8235 -18.9158 29.7407
v 21.8469 -18.9584 29.6983
v 26.8331 -20.5519 28.7075
v 28.4498 -20.2800 28.5867
v 30.5462 -20.3401 28.7851
v -40.5402 -16.4072 29.0968
v -38.2840 -17.2749 30.1759
v -36.1853 -16.3966 28.9042
v -25.5725 -18.3032 30.3533
v -21.1348 -16.6805 29.4590
v -18.9413 -17.3006 30.0757
v -17.2146 -16.8683 29.9569
v 0.4461 -17.2083 30.0414
v 2.2157 -17.1212 30.0267
v 19.9268 -17.0598 30.0232
v 21.6918 -17.2476 30.0408
v -40.4819 -14.6725 29.6514
v -38.5678 -14.2495 30.2426
v -36.2535 -14.5325 29.8693
v -21.1520 -14.7868 29.8843
v -19.3889 -14.3002 30.1452
v -16.7683 -14.4940 29.9272
v -0.0424 -14.3747 30.0726
v 2.6755 -14.3996 30.0393
v 19.4434 -14.4337 29.9963
v 22.1633 -14.3506 30.1030
v -38.5510 -11.4521 28.2352
v -36.5766 -11.7785 27.9086
v -19.0687 -11.4497 28.2376
v -17.0933 -11.6445 28.0427
v 0.3304 -11.4904 28.1969
v 2.3082 -11.5255 28.1618
v 19.8155 -11.5542 28.1332
v 21.7883 -11.4726 28.2148
v -53.7123 -7.4576 29.2541
v -44.1023 -6.2687 30.2770
v -31.6177 -6.9392 29.7045
v -30.0980 -6.2437 29.9300
v -25.6363 -6.7889 29.7214
v -23.9124 -6.4543 30.1645
v -12.1832 -6.8670 29.7632
v -10.6515 -6.6240 29.7641
v -6.0464 -6.8440 29.6550
v -4.4522 -6.3874 30.2251
v 7.2598 -6.5858 30.0042
v 8.7832 -6.8522 29.6299
v 13.2929 -6.7513 29.6913
v 14.8264 -6.7639 29.8510
v 26.5450 -6.4280 30.1880
v 27.2583 -6.0777 30.3838
v 39.2977 -7.4576 29.2541
v 42.3548 -6.7155 29.7416
v 43.5255 -5.5580 30.3759
v 47.5116 -6.7143 29.7503
v -56.4300 -4.7914 28.7271
v -55.4670 -4.7914 30.4620
v -48.0754 -3.6637 28.3127
v -44.6238 -3.9207 29.2195
v -41.2327 -2.6531 30.6186
v -39.7763 -2.3714 30.4195
v -35.3236 -2.6072 30.5864
v -31.7699 -3.9492 29.1869
v -29.3505 -4.1753 28.6355
v -25.9638 -3.9779 29.0240
v -22.0639 -2.7624 30.4354
v -20.4707 -2.5993 30.5918
v -15.7671 -2.6442 30.6035
v -12.6942 -3.4749 29.5672
v -9.8545 -4.2368 28.6581
v -6.5549 -3.9485 29.0200
v -2.7457 -2.9279 30.2121
v -0.8819 -2.6072 30.5820
v 3.5552 -2.6125 30.5584
v 5.6326 -3.0482 30.0683
v 9.3165 -4.0419 29.0132
v 12.8017 -3.9910 28.9647
v 16.0542 -3.2782 29.7333
v 18.4889 -2.6378 30.5954
v 23.0878 -2.6100 30.6001
v 24.8010 -2.8272 30.3269
v 28.4954 -3.6254 28.9701
v 31.6666 -3.8230 28.3127
v 35.5226 -3.7246 28.3127
v 37.5507 -3.5955 28.3127
v 42.2935 -4.7104 28.2436
v 43.5255 -3.7079 29.0079
v 47.5464 -4.6783 28.2604
v 50.5830 -3.1569 27.7582
v -56.4300 0.8456 28.7271
v -55.4670 0.8456 30.4620
v -48.0753 -2.0262 28.3127
v -44.2571 -0.3644 29.4662
v -41.7346 -0.6585 29.4086
v -38.6394 -0.4516 29.6590
v -35.1434 -0.5361 29.3718
v -32.8129 -0.5136 29.5729
v -28.3459 -2.0262 28.3127
v -25.3690 -0.6251 28.7348
v -22.6102 -0.5603 29.4832
v -19.4166 -0.4769 29.6483
v -16.1449 -0.6565 29.3643
v -13.4506 -0.4108 29.5510
v -8.7518 -2.0105 28.3127
v -5.8150 -0.7342 28.7036
v -3.1033 -0.4720 29.5275
v -0.0171 -0.5234 29.5775
v 2.9812 -0.6294 29.4235
v 5.8182 -0.4728 29.5937
v 8.6564 -0.7837 28.7533
v 13.3519 -0.8889 28.8492
v 16.3278 -0.4402 29.5319
v 19.2229 -0.6460 29.4164
v 22.0118 -0.4024 29.6550
v 25.3048 -0.5536 29.5388
v 27.9529 -0.6829 28.7186
v 30.9094 -2.0162 28.3127
v 36.2071 -2.0131 28.3127
v 36.9556 -2.0490 28.3127
v 42.1162 -0.9264 27.9351
v 43.5255 -0.6773 28.8291
v 46.4849 -0.7021 28.7397
v 50.6130 -1.3306 27.7998
v -44.7208 2.8807 29.0514
v -41.7668 2.4927 29.4336
v -38.6557 2.1893 29.3374
v -35.5084 2.5753 29.5329
v -32.2909 2.5959 29.1633
v -25.3179 3.2098 29.1294
v -22.4905 2.3292 29.2914
v -19.6260 2.3622 29.4663
v -16.2644 2.5884 29.5225
v -13.0086 2.4735 29.2017
v -5.5885 3.2098 29.1294
v -2.9343 2.2534 29.2611
v -0.3291 2.4753 29.5170
v 3.0606 2.5381 29.4674
v 5.7270 2.2201 29.3565
v 8.1295 3.1398 29.0531
v 14.0125 3.0824 29.1363
v 16.2724 2.3207 29.1812
v 18.9754 2.5726 29.5686
v 22.4949 2.4785 29.3894
v 25.1547 2.1820 29.4185
v 27.8085 3.2028 29.1097
v 35.9052 3.8590 28.3127
v 37.2446 3.9271 28.3127
v 42.1162 3.0144 28.0563
v 43.5255 2.6937 28.9258
v 46.5383 2.7380 28.8058
v -56.5308 5.9188 30.6777
v -53.7123 5.9188 30.6906
v -48.0755 5.8285 30.6481
v -45.0466 5.9752 30.4781
v -40.4145 6.0545 30.3052
v -39.8378 5.9677 30.5068
v -36.4509 5.9828 30.4643
v -31.3750 5.9752 30.4781
v -28.9738 5.9558 30.6426
v -25.4502 5.9416 30.4885
v -20.2394 5.9863 30.4646
v -16.7231 5.9810 30.4649
v -11.6456 5.9752 30.4781
v -9.4618 5.9102 30.6502
v -5.7749 5.9499 30.4947
v -0.5116 5.9860 30.4643
v 3.0046 5.9820 30.4653
v 7.6856 6.0184 30.2441
v 8.3951 5.9469 30.5346
v 13.7189 5.9186 30.5767
v 14.4371 6.0661 30.2812
v 19.2178 5.9860 30.4643
v 22.7340 5.9821 30.4653
v 27.9809 5.9462 30.4935
v 31.6769 5.9509 30.6450
v 35.6505 5.7922 29.8584
v 37.9459 5.7441 29.8621
v 42.3190 6.5328 28.3321
v 43.5255 6.1962 29.5537
v 47.5267 6.5325 28.3569
v -45.0023 9.8382 29.4345
v -40.4281 10.3289 29.6873
v -38.4067 10.2900 29.7837
v -36.5042 10.3393 29.4557
v -31.4197 9.8382 29.4345
v -25.2730 9.8382 29.4345
v -20.9643 10.7920 30.2716
v -19.0459 10.2697 29.7722
v -17.1515 10.3610 29.6333
v -11.6903 9.8382 29.4345
v -5.5436 9.8382 29.4345
v 0.3979 10.2930 29.7625
v 2.2861 10.3061 29.6947
v 7.6856 7.6579 30.8409
v 8.1805 10.7103 28.8719
v 13.9920 10.7103 29.0737
v 14.4443 8.6753 29.9155
v 19.8590 10.3336 29.6972
v 21.7497 10.2750 29.7560
v 27.7685 9.8382 29.4345
v 42.3433 8.5234 29.8774
v 47.5257 8.5232 29.8739
v -56.4300 12.1195 28.7271
v -55.4670 12.1195 30.4620
v -45.1441 13.5288 28.8719
v -40.5410 12.3608 29.2057
v -38.8425 12.8802 30.1353
v -36.3628 12.3463 29.7584
v -31.2782 13.5288 28.8719
v -25.4147 13.5288 28.8719
v -21.1249 12.1644 29.6244
v -19.5304 12.8004 29.9958
v -16.8109 12.5021 29.8417
v -11.5489 13.5288 28.8719
v -5.6853 13.5288 28.8719
v -0.1143 12.6868 29.9389
v 2.7480 12.6186 29.8966
v 8.1805 13.5288 28.8719
v 13.9920 13.5288 29.0737
v 14.2527 13.5288 28.0647
v 19.4374 12.5938 29.8863
v 22.2940 12.7061 29.9464
v 27.9099 13.5288 28.8719
v -54.6255 17.3652 30.8629
v -44.9559 17.0731 30.6215
v -40.4308 16.9860 30.5341
v -38.9533 15.5450 29.7811
v -36.4731 16.6930 30.4912
v -31.4655 17.0731 30.6215
v -25.2265 17.0731 30.6215
v -19.6074 15.8505 29.9392
v -16.8554 16.3912 30.3200
v -11.7361 17.0731 30.6215
v -5.4971 17.0731 30.6215
v -0.0975 16.0258 30.0633
v 2.6882 16.1211 30.1289
v 7.6856 16.9974 30.4863
v 8.0905 17.0969 30.6641
v 14.0498 17.1442 30.7129
v 14.4465 16.9894 30.5141
v 19.4480 16.2307 30.2052
v 22.2253 15.9422 30.0051
v 27.7227 17.0731 30.6215
v 36.4793 17.3805 30.8640
v 39.2977 17.3732 30.8494
v 42.3471 16.0910 29.5156
v 43.5255 16.9899 30.3759
v 47.5187 16.0797 29.5340
v -56.4913 18.6746 30.3810
v -54.4441 18.1876 30.5765
v -48.0859 18.3974 30.6490
v -45.0597 18.7538 30.4080
v -40.6176 19.2650 30.0029
v -39.8356 18.6518 30.4744
v -36.3939 18.8079 30.3576
v -31.3600 18.7747 30.3977
v -28.9603 18.2668 30.6441
v -25.4811 18.7502 30.4297
v -21.7894 20.5698 29.0081
v -20.2439 18.7206 30.4213
v -16.6814 18.7949 30.3660
v -11.6597 18.7946 30.3849
v -9.4619 18.3287 30.6502
v -5.8130 18.7272 30.4348
v -2.3712 20.5968 28.9534
v -0.5304 18.7516 30.3988
v 3.0311 18.7744 30.3788
v 7.1644 19.2421 30.0533
v 8.4333 18.7055 30.4520
v 13.6797 18.6363 30.5072
v 14.6108 19.0476 30.1411
v 19.1716 18.7815 30.3749
v 22.7584 18.7749 30.3797
v 24.6354 20.5913 29.1682
v 28.0165 18.7545 30.4235
v 31.6417 18.3190 30.6480
v 35.7013 18.7137 29.6418
v 37.8315 18.7559 29.6392
v 42.2806 18.2310 28.0680
v 43.5255 18.8400 29.0079
v 47.5430 18.2546 28.1064
v 50.6213 19.7635 27.7980
v -56.5037 22.6677 28.3240
v -44.5209 22.1190 28.8441
v -41.9412 22.2277 29.4868
v -38.5875 22.6714 29.3387
v -35.3310 22.3073 29.5442
v -32.5839 22.4598 29.0945
v -25.3524 21.6368 28.6377
v -22.6549 22.3365 29.4015
v -19.4185 22.6231 29.4214
v -16.3497 22.2061 29.5098
v -13.3040 22.5697 29.2071
v -5.6230 21.6369 28.6376
v -3.0483 22.3967 29.3803
v -0.0378 22.5615 29.4632
v 2.9171 22.2507 29.4253
v 5.8004 22.6847 29.4247
v 8.1709 21.7423 28.6959
v 14.0197 21.6550 28.8873
v 16.3525 22.4237 29.2330
v 19.1830 22.3661 29.5137
v 22.2261 22.4370 29.3828
v 25.3478 22.6077 29.4891
v 27.8470 21.6686 28.6269
v 42.1162 21.6215 27.9351
v 43.5255 21.9403 28.8016
v 46.4803 21.9094 28.7178
v 50.5830 21.6349 27.7638
v -48.0753 26.5789 28.3127
v -44.4101 25.3658 29.3574
v -41.4969 25.7430 29.7631
v -38.7550 25.2604 29.7769
v -35.2299 25.7122 29.7457
v -32.7128 25.3303 29.5914
v -28.6900 26.4871 28.3127
v -25.5907 25.9805 28.7120
v -22.3255 25.6088 29.7503
v -19.6754 25.4223 29.8301
v -15.9327 25.7440 29.7378
v -13.4165 25.3423 29.6315
v -9.2127 26.5058 28.3127
v -6.1348 25.9666 28.7162
v -2.8572 25.5742 29.7573
v -0.3142 25.5019 29.7905
v 3.2373 25.6476 29.7122
v 5.6290 25.4995 29.7772
v 8.9425 25.9493 28.7820
v 13.0991 26.0070 28.8339
v 16.4406 25.4603 29.6528
v 18.9353 25.6740 29.7276
v 22.3575 25.4623 29.8704
v 25.0457 25.5361 29.7509
v 28.2751 25.9866 28.7054
v 31.2262 26.4361 28.3127
v 35.9117 26.4761 28.3127
v 37.3812 26.6257 28.3127
v 42.1162 25.5623 28.0563
v 43.5255 25.3007 28.9619
v 46.5453 25.3381 28.8325
v -50.8938 30.5468 28.0647
v -48.0755 28.3817 28.3127
v -44.4852 28.8220 29.4432
v -41.0855 27.3760 30.9255
v -35.3358 27.3760 30.9255
v -31.8239 29.0197 29.2642
v -29.4415 28.9185 28.7878
v -25.9713 28.9513 29.1654
v -23.2618 28.6147 29.5778
v -20.7515 27.3760 30.9255
v -15.6064 27.3760 30.9255
v -12.1771 28.9485 29.3432
v -9.9490 28.9927 28.7914
v -6.5137 28.9241 29.1295
v -4.0080 28.8196 29.3663
v -1.0221 27.3760 30.9255
v 3.5185 27.3760 30.9255
v 6.8677 28.8983 29.3223
v 9.2764 28.8985 29.0735
v 12.8246 28.8975 29.0505
v 14.8902 29.1209 29.1188
v 18.1027 27.3760 30.9255
v 23.2479 27.3760 30.9255
v 26.0230 28.7539 29.4306
v 28.3317 28.4722 29.1945
v 31.6067 28.4303 28.3127
v 35.5545 28.3555 28.3127
v 37.6286 28.4473 28.2990
v 42.3180 29.4151 28.5266
v 43.5255 28.7441 29.5537
v 47.5337 29.3989 28.5347
v -53.7123 32.6902 30.4122
v -50.8938 32.0284 29.5809
v -44.0370 30.8929 30.6262
v -31.5201 31.6663 29.9906
v -30.1509 30.9978 30.2733
v -25.5789 31.5771 30.0058
v -23.9124 31.0203 30.5224
v -12.1123 31.6278 30.0219
v -10.7591 31.4113 30.0792
v -5.9569 31.6436 29.9456
v -4.4522 30.9499 30.5802
v 7.2677 31.3381 30.2603
v 8.6572 31.6241 29.9468
v 13.4111 31.5321 30.0058
v 14.7795 31.5334 30.0997
v 26.5450 30.9921 30.5450
v 27.1924 30.7441 30.7479
v 39.2977 32.0800 29.6506
v 42.3536 31.3274 30.1663
v 47.5156 31.3185 30.1543
v -11.5889 36.7144 28.2925
v -9.5901 36.7144 28.2925
v 20.0495 35.8640 29.1332
v 22.4666 35.5683 28.6263
v 24.0197 35.5848 28.5789
v 38.6823 35.7729 28.5440
v 40.5296 35.0494 28.8458
v -56.5308 38.1680 27.9839
v -50.8938 38.1680 27.9839
v -11.6302 38.7324 29.1587
v -9.5483 38.7322 29.1587
v 20.3479 37.2008 29.2283
v 22.3389 37.3012 28.8919
v 24.0779 37.4005 28.9642
v 38.8009 37.3779 28.8789
v 40.1283 39.4739 28.6598
v 44.2752 39.2582 29.2351
v -11.6014 40.9407 28.4156
v -9.5775 40.9409 28.4156
v -42.2448 -46.3511 32.8275
v -38.4273 -46.4610 32.9373
v -22.6754 -46.4214 32.8978
v -18.8496 -46.3848 32.8611
v -3.0882 -46.5034 32.9797
v 0.2861 -46.1058 32.5822
v 1.5645 -46.7504 33.2267
v 16.4698 -46.6454 33.1217
v 19.1941 -45.7476 32.2239
v 21.1463 -46.7504 33.2268
v -47.0452 -42.0387 32.9431
v -45.6715 -42.2923 33.2912
v -41.2602 -43.1547 33.5091
v -38.9829 -42.8667 33.4492
v -35.1489 -42.3050 33.2853
v -33.6278 -41.7736 33.2082
v -27.5455 -41.7736 33.2082
v -26.0131 -42.3043 33.2790
v -22.0997 -42.9254 33.4815
v -19.6899 -43.0289 33.4551
v -15.4650 -42.2975 33.2997
v -14.1281 -42.0387 32.9431
v -6.3170 -42.2928 33.2775
v -2.7616 -42.7505 33.4406
v -0.4306 -43.1654 33.5031
v 3.8574 -42.3607 33.2176
v 4.9920 -42.1565 33.3849
v 13.4004 -42.2849 33.2918
v 15.7938 -42.1530 32.8288
v 18.8205 -43.2742 33.5913
v 23.3077 -42.2492 33.3162
v 24.5264 -42.3024 33.2495
v -47.4834 -39.4999 32.1459
v -45.5174 -39.4481 31.8643
v -42.2428 -39.0690 31.3486
v -38.1937 -38.8888 31.4254
v -35.2451 -39.5064 31.8593
v -33.4321 -39.4167 31.9890
v -27.7540 -39.4999 32.1459
v -25.9239 -39.5210 31.8775
v -23.0104 -38.8780 31.4363
v -18.7845 -38.9997 31.3593
v -15.6002 -39.4616 31.8556
v -13.7027 -39.4167 31.9890
v -6.4080 -39.5261 31.8597
v -3.6018 -38.9455 31.6743
v 0.3340 -39.1956 31.3021
v 3.7537 -39.4129 31.9145
v 5.1683 -39.3872 31.6761
v 13.3063 -39.5036 31.8309
v 15.9868 -39.0268 31.7787
v 19.1544 -39.3936 31.2858
v 22.8375 -39.3029 31.7974
v 24.5202 -39.4753 31.8352
v -44.9910 -37.0940 32.9746
v -35.8673 -37.0615 33.0102
v -25.2636 -37.0903 32.9815
v -16.1372 -37.0269 33.0481
v -5.7011 -36.9015 33.1933
v -4.7828 -37.9405 32.0284
v 3.5886 -37.0326 33.0390
v 13.8495 -36.5990 33.4653
v 14.5921 -37.6585 32.4153
v 23.2561 -37.1149 32.9621
v 23.9708 -36.0755 33.9156
v -45.3811 -32.6481 32.3162
v -35.5201 -32.6916 32.2728
v -25.6517 -32.6481 32.3162
v -15.7907 -32.6916 32.2728
v -5.9223 -32.6481 32.3162
v 3.9387 -32.6916 32.2728
v 13.8071 -32.6481 32.3162
v 23.6681 -32.6915 32.2728
v -44.8549 -31.2556 33.7087
v -36.0180 -31.2934 33.6710
v -25.1039 -31.2288 33.7355
v -23.5432 -28.5569 33.4503
v -17.9062 -28.5569 33.4503
v -16.3119 -31.2634 33.7009
v -5.3961 -31.2556 33.7087
v 3.4408 -31.2934 33.6710
v 14.1343 -31.5149 33.4494
v 14.4431 -31.1144 33.8499
v 23.1469 -31.2634 33.7009
v -47.1931 -25.9188 34.1216
v -45.2944 -26.0417 34.0666
v 26.8964 -26.0615 34.0474
v 28.6439 -26.0172 34.0790
v 30.4139 -25.8567 34.1583
v 6.8852 -23.3314 31.3032
v 26.6146 -23.3314 31.3032
v -40.3727 -19.3542 33.3040
v -38.4870 -20.0943 32.5613
v -36.2278 -19.7043 32.9537
v -18.9053 -19.5663 33.0882
v -16.6110 -19.8262 32.8320
v 0.5336 -19.6121 33.0429
v 2.3945 -19.7493 32.9073
v 19.2389 -19.9340 32.7242
v 21.6700 -19.6248 33.0304
v 25.2053 -19.6252 33.8652
v 31.4060 -19.6845 33.8247
v 34.9819 -19.6568 33.8437
v -40.5806 -16.7656 31.8910
v -38.2317 -16.6111 31.5182
v -36.1174 -16.4748 32.1817
v -21.1944 -16.9577 31.6988
v -18.8536 -16.5324 31.5977
v -17.4125 -16.8129 31.4023
v 0.5744 -16.5803 31.5708
v 2.0721 -16.6459 31.5175
v 20.0718 -16.6961 31.4762
v 21.5669 -16.5534 31.5930
v -47.5712 -14.1061 34.0762
v -45.0936 -14.5949 34.0654
v -38.4740 -13.4708 31.1999
v -36.7619 -13.6526 31.0185
v -25.5725 -13.9543 33.9835
v -19.0550 -13.5302 31.3502
v -17.2834 -13.5696 31.1016
v -8.2558 -14.6618 33.9948
v -7.2073 -13.2468 33.9723
v 0.4453 -13.4892 31.1812
v 2.1849 -13.5099 31.1613
v 6.4993 -14.6131 34.0575
v 9.0610 -13.2468 33.9723
v 19.9088 -13.5365 31.1346
v 21.6455 -13.4751 31.1953
v 26.8760 -14.6275 34.0360
v 28.1410 -14.6425 34.0769
v 31.8598 -14.0360 34.0653
v 35.0306 -13.0129 33.9723
v 36.6653 -12.4182 33.9723
v -53.7123 -9.5377 32.4785
v -51.6528 -10.7467 33.9723
v -48.0753 -9.7237 33.9610
v -31.2513 -9.5767 33.1468
v -30.2966 -9.0093 33.7516
v -25.6751 -9.4403 33.3100
v -11.8069 -9.6681 33.0265
v -10.8548 -9.2486 33.5167
v -5.9456 -9.4404 33.3100
v 7.6278 -9.7430 33.0760
v 8.5908 -9.3847 33.3303
v 13.5021 -9.3361 33.4447
v 14.4722 -9.6953 32.9808
v 36.0725 -9.7237 33.9610
v 38.8534 -10.1586 33.4917
v 42.3692 -8.9375 33.0522
v 47.4836 -8.9373 33.0423
v -48.0753 -8.0796 33.9610
v -44.5619 -7.1407 32.6511
v -31.8310 -7.1753 32.6294
v -29.9236 -7.4983 32.7579
v -25.8456 -7.2188 32.7120
v -23.9124 -8.0179 32.5863
v -12.1302 -7.1407 32.6511
v -10.2186 -7.5372 32.7220
v -6.3155 -7.1279 32.7187
v -4.4522 -7.9365 32.6254
v 7.2182 -7.7269 32.6264
v 9.0114 -7.0722 32.7092
v 13.1027 -7.1196 32.7812
v 14.9034 -7.5863 32.5747
v 26.5451 -7.9862 32.6020
v 27.6420 -6.8027 32.6707
v 35.8691 -7.9622 33.9610
v 37.6997 -8.3145 33.9610
v 42.2944 -8.1739 32.0192
v 43.5255 -7.0585 32.5472
v 47.5279 -8.1714 32.0071
v -56.5308 -2.4239 34.0963
v -54.0415 -4.3179 31.6949
v -48.0753 -3.6170 33.9610
v -45.2544 -4.7462 31.6345
v -41.3978 -2.9161 31.7639
v -40.0162 -2.6864 32.0049
v -35.3286 -2.8628 31.8199
v -31.1701 -4.7462 31.6345
v -28.7309 -4.3715 33.9677
v -25.9863 -4.4779 32.3336
v -22.1146 -2.8880 31.8260
v -20.4562 -2.8330 31.8129
v -15.7667 -2.9014 31.7825
v -14.1751 -2.8311 32.0218
v -9.0015 -4.3715 33.9677
v -6.2569 -4.4779 32.3336
v -2.4858 -2.8604 31.8273
v -0.8086 -2.8648 31.8131
v 3.3854 -2.8907 31.8204
v 5.0262 -2.8288 31.8193
v 9.1174 -4.5307 32.6067
v 12.7078 -4.4900 32.8783
v 17.1476 -2.8017 31.8714
v 18.6900 -2.8990 31.7890
v 23.0015 -2.8616 31.8191
v 24.6810 -2.8635 31.8208
v 28.3745 -4.4431 32.1515
v 31.4525 -3.7344 33.9610
v 35.8691 -3.7344 33.9610
v 38.2323 -3.0244 33.9647
v 41.4116 -2.3980 34.0625
v 43.5255 -2.4351 34.0850
v 47.0486 -2.4351 34.0850
v -56.5308 -0.1780 33.4702
v -53.8389 -0.2393 32.4121
v -49.9822 0.4143 34.0041
v -48.0753 -1.9729 33.9610
v -44.3810 0.0757 33.0542
v -41.3676 -0.2559 32.7541
v -38.6604 -0.1175 32.6656
v -35.6150 -0.1567 32.9306
v -32.3286 -0.0540 32.7645
v -30.0998 0.2349 33.9368
v -24.8722 0.0988 33.4218
v -22.3813 -0.2857 32.5092
v -19.7271 -0.1148 32.6717
v -16.2738 -0.1570 32.9542
v -12.8035 -0.0969 32.7211
v -10.3500 0.1973 34.0001
v -5.4985 0.1830 33.5004
v -3.2837 -0.2338 32.5423
v -0.2942 -0.1044 32.8381
v 2.9625 -0.1383 32.9445
v 6.0782 -0.1803 32.5827
v 8.2437 0.2720 33.5122
v 13.8488 0.2817 33.5793
v 15.9415 -0.1828 32.6308
v 19.0750 -0.1337 32.9705
v 22.4163 -0.1168 32.7570
v 25.3677 -0.2260 32.5281
v 27.6205 0.1565 33.4773
v 32.5753 0.1973 34.0001
v 34.6003 -0.0939 33.9572
v 39.2977 -0.4365 33.1718
v 42.1162 -0.4050 33.1216
v 43.5255 -0.2114 32.4542
v 46.9993 -0.0971 33.3670
v -56.5308 3.1192 32.9689
v -53.7123 4.2816 32.2699
v -49.9498 1.4616 34.0251
v -48.0754 4.1159 32.5618
v -44.8302 3.2662 32.7622
v -41.3663 2.8802 32.6297
v -39.1091 3.0910 32.5966
v -35.7760 3.1653 32.6304
v -31.8473 3.1123 32.6337
v -29.7079 3.2624 33.0533
v -25.1626 3.3029 32.7614
v -22.0279 2.6875 32.5625
v -20.0213 3.1855 32.5947
v -16.4622 3.1908 32.7170
v -12.5195 2.9845 32.5250
v -9.9785 3.2624 33.0533
v -5.5733 3.3413 32.6189
v -3.1405 2.6382 32.5286
v -0.4949 3.2002 32.6819
v 3.0910 3.2212 32.7414
v 6.2757 2.6652 32.4214
v 8.2395 3.4610 32.6434
v 13.8967 3.4845 32.6610
v 15.7137 2.8052 32.5166
v 19.1448 3.1796 32.6983
v 22.6824 3.2405 32.7022
v 25.0742 2.5782 32.4753
v 27.7466 3.3115 32.6563
v 32.2042 3.2624 33.0533
v 35.6613 4.1350 32.4399
v 38.6621 3.7343 32.6361
v 41.9937 2.7015 33.3490
v 43.5255 2.4233 32.5293
v 47.0291 2.1052 33.4150
v -56.5308 6.2445 32.7911
v -53.7123 6.2615 32.7474
v -48.0754 5.3678 33.2867
v -45.1816 6.2627 33.0831
v -40.4149 6.3424 33.9409
v -39.8992 6.2816 33.0573
v -36.4761 6.2796 33.1158
v -31.2407 6.2582 33.0801
v -29.1697 5.5453 33.4033
v -25.6279 6.1277 33.0824
v -21.0179 7.2379 33.3522
v -20.2103 6.2783 33.1131
v -16.7479 6.2822 33.1134
v -11.5113 6.2582 33.0801
v -9.6034 5.4596 33.3438
v -5.9435 6.1272 33.0949
v -4.8961 6.5408 33.3710
v -0.4832 6.2773 33.1152
v 2.9802 6.2850 33.1117
v 7.6180 6.3073 33.8808
v 8.4839 6.1270 33.0736
v 13.6868 6.1333 33.0373
v 14.4497 6.1288 33.9192
v 19.2462 6.2773 33.1152
v 22.7082 6.2875 33.1110
v 28.1464 6.1292 33.0926
v 31.8069 5.4818 33.3666
v 35.7755 5.7681 33.1082
v 38.4565 5.7767 33.0343
v 40.7070 5.9189 33.9741
v -56.5308 9.8648 34.0270
v -44.9731 8.1276 32.4878
v -40.4248 7.9770 32.3125
v -39.8015 7.8819 32.2881
v -36.4334 7.9102 32.2954
v -31.4856 7.9104 32.2954
v -25.2062 7.9104 32.2954
v -20.2584 7.9103 32.2954
v -16.7040 7.9102 32.2954
v -11.7562 7.9104 32.2954
v -5.4769 7.9104 32.2954
v -0.5290 7.9103 32.2954
v 3.0253 7.9102 32.2954
v 7.6856 7.9960 32.3720
v 8.0691 7.8818 32.2699
v 14.0744 7.8365 32.2699
v 14.4438 7.9899 32.3228
v 19.2004 7.9103 32.2954
v 22.7548 7.9102 32.2954
v 27.7027 7.9104 32.2954
v 42.3406 10.1112 32.3529
v 43.5255 8.7215 32.5472
v 47.5124 10.0924 32.3584
v -56.5308 12.1195 31.1425
v -54.1238 12.1195 31.0946
v -38.2105 12.1198 32.6055
v -18.6822 12.1200 32.6159
v -17.6370 12.1181 32.5600
v 0.7721 12.1192 32.6068
v 1.8994 12.1205 32.6031
v 20.2786 12.1185 32.6029
v 21.3964 12.1203 32.6067
v 39.2977 12.4865 33.9723
v 42.3452 13.7884 32.8489
v 47.5245 13.7893 32.8441
v -53.7872 16.9016 32.2273
v -45.0695 16.6376 32.5272
v -40.4241 16.3982 32.6618
v -39.8493 16.6684 32.5240
v -36.4533 16.6185 32.5494
v -31.3522 16.6376 32.5272
v -25.3401 16.6376 32.5272
v -21.0179 17.0011 33.3522
v -20.2325 16.6185 32.5499
v -16.7282 16.6186 32.5476
v -11.6228 16.6376 32.5272
v -5.6135 16.6376 32.5282
v -4.8961 16.6179 32.2699
v -0.5047 16.6192 32.5516
v 3.0010 16.6186 32.5476
v 7.6773 16.3656 32.6490
v 8.1749 16.6807 32.5078
v 13.9974 16.7331 32.4812
v 14.4458 16.3798 32.6510
v 19.2217 16.6190 32.5508
v 22.7320 16.6186 32.5475
v 27.8360 16.6376 32.5272
v 36.4793 16.8891 32.3402
v 39.2977 16.8769 32.3409
v 42.3345 14.5482 31.6514
v 43.5255 15.4894 32.5472
v 47.4969 14.5757 31.6791
v -56.5308 19.7029 32.5808
v -53.7123 18.9819 33.1150
v -48.0755 19.1169 33.0970
v -45.0164 19.7017 32.9849
v -40.8583 20.3782 32.9235
v -39.6522 19.7045 32.9657
v -36.2794 19.8030 32.8998
v -31.4245 19.7070 32.9836
v -29.2308 18.9640 33.2172
v -25.5058 19.6607 32.9756
v -21.6499 20.4576 33.0818
v -20.1951 19.7616 32.9068
v -16.6311 19.8289 32.9335
v -11.7627 19.7273 32.9792
v -9.6244 19.0366 33.1628
v -5.8882 19.5871 32.9399
v -3.4481 20.3808 33.1680
v -0.5324 19.8078 32.9347
v 3.0560 19.8124 32.9446
v 6.8695 20.3460 33.0576
v 8.4999 19.4729 32.9417
v 13.6199 19.3799 32.9523
v 15.0854 20.3011 33.0322
v 19.1771 19.8182 32.9412
v 22.7452 19.7896 32.9296
v 25.0693 20.4489 33.1406
v 28.0699 19.6150 32.9568
v 31.8254 19.0215 33.1746
v 35.6363 19.1324 33.0518
v 38.2713 19.2156 33.0390
v 41.4757 19.7968 33.8862
v 43.5255 20.4003 33.7862
v 47.0486 20.4002 33.7862
v -56.5308 23.1692 33.9957
v -49.9889 23.2135 33.9990
v -44.6917 22.3091 32.9546
v -41.4728 22.4013 32.5632
v -38.8198 22.4516 32.6553
v -35.5453 22.3211 32.7034
v -32.0905 22.3779 32.7220
v -30.2595 23.2135 33.9990
v -25.0440 22.2236 33.0508
v -22.1916 22.4082 32.4581
v -19.8255 22.5017 32.6501
v -16.3217 22.3651 32.8018
v -12.7475 22.3084 32.5767
v -10.5302 23.2135 33.9990
v -5.5285 22.1127 32.9341
v -3.1609 22.5346 32.4642
v -0.3946 22.3908 32.7509
v 3.0578 22.3336 32.8471
v 6.1180 22.4981 32.3908
v 8.2155 22.1316 33.0932
v 13.9444 22.1626 33.1749
v 15.8992 22.4141 32.4871
v 19.1138 22.3519 32.7757
v 22.5511 22.4116 32.7553
v 25.1815 22.5191 32.4137
v 27.6794 22.1225 32.9200
v 32.7599 23.2387 33.9483
v 33.6608 23.3014 33.9572
v 39.2977 22.6397 33.1021
v 42.1162 22.6853 33.0598
v 43.5255 22.6082 32.3814
v 47.0036 22.7184 33.3814
v -56.5308 25.4176 33.7662
v -53.7123 26.0999 33.5716
v -49.8748 24.2334 34.0769
v -48.0753 26.6817 33.9610
v -44.2885 24.4677 32.9685
v -41.4419 25.5624 32.4058
v -38.8338 25.0427 32.4663
v -35.5010 25.5486 32.5016
v -32.4077 24.6873 32.6402
v -29.6697 25.1658 34.0305
v -24.8001 24.4139 33.4374
v -22.3639 25.5921 32.2249
v -19.8563 25.1697 32.4458
v -16.1855 25.3871 32.5895
v -13.2287 25.0683 32.5150
v -9.9403 25.1658 34.0305
v -5.4194 24.3764 33.4901
v -3.0651 25.4698 32.2673
v -0.3920 25.2010 32.5805
v 3.0241 25.2403 32.6481
v 5.8033 25.3893 32.3227
v 8.1942 24.3328 33.5311
v 13.7578 24.4166 33.6159
v 16.2368 25.3418 32.3593
v 19.0154 25.2757 32.6622
v 22.5266 25.1684 32.5312
v 25.1689 25.5282 32.2494
v 27.5251 24.4178 33.4392
v 32.1419 25.6058 33.9870
v 35.0740 25.6054 33.9767
v 39.1202 25.6562 33.3096
v 41.9679 25.5535 33.3650
v 43.5255 25.1611 32.5279
v 47.0480 24.9028 33.4056
v -48.0753 28.3258 33.9610
v -45.1789 29.6644 31.9764
v -41.2387 27.7163 32.0689
v -40.0813 27.4885 32.4619
v -35.3238 27.6884 32.1169
v -31.2443 29.6644 31.9764
v -28.9197 29.1507 33.3625
v -25.7948 29.6490 32.0985
v -22.0053 27.7175 32.1378
v -20.5630 27.6521 32.0905
v -15.6201 27.6942 32.0951
v -12.0864 29.2423 32.1778
v -9.1903 29.1507 33.3625
v -6.0654 29.6490 32.0985
v -2.3878 27.6700 32.1075
v -0.9234 27.7063 32.1259
v 3.5158 27.7329 32.1427
v 4.9734 27.6688 32.0690
v 8.8014 29.5597 32.3103
v 13.1125 29.4129 32.5549
v 17.1186 27.6743 32.1100
v 18.5123 27.7418 32.1023
v 23.1130 27.6877 32.1121
v 24.5816 27.6894 32.1215
v 28.0371 29.5901 32.0867
v 32.2870 27.9434 33.9737
v 34.7598 27.9932 33.9745
v 37.6997 28.3258 33.9610
v 41.4116 30.1184 32.5038
v 43.5255 30.3608 31.0354
v 47.0486 30.3608 31.0354
v -53.7123 33.5739 31.9655
v -48.0753 32.5536 33.9610
v -44.3856 31.7672 32.7871
v -31.7616 32.2557 32.6958
v -30.0089 32.1942 33.1158
v -25.8535 32.2373 32.8909
v -23.9124 32.2569 32.5863
v -12.2280 32.0441 32.6612
v -10.4003 32.4061 33.0751
v -6.3081 32.2563 32.9206
v -4.4522 32.1756 32.6254
v 7.2247 32.1471 32.6391
v 9.0457 32.2710 32.9907
v 13.0814 32.3040 33.0378
v 14.8836 32.1435 32.5943
v 26.5450 32.2252 32.6020
v 27.5171 31.4927 32.8981
v 36.0725 32.5536 33.9610
v 38.7651 33.2338 32.6307
v 42.3247 32.6616 32.3694
v 43.5255 31.4966 32.9252
v 47.5149 32.6524 32.3655
v -53.7123 34.1827 33.5044
v -51.6528 34.9858 33.9723
v -48.4473 35.2728 33.9655
v -31.3417 34.1221 33.8285
v -25.3180 34.1363 33.8154
v -11.7668 34.1878 33.8226
v -11.1486 33.9248 33.8464
v -5.5886 34.1363 33.8154
v 7.6377 34.2561 33.8163
v 8.2770 34.0774 33.8326
v 13.8706 34.0539 33.8389
v 14.4650 34.2351 33.7874
v 20.0495 35.8638 33.1518
v 22.4666 35.5684 33.6587
v 24.0165 35.5051 33.6989
v 35.7775 35.2480 33.9647
v 38.6889 35.7429 33.7618
v 40.7167 35.0271 33.5351
v 44.1917 35.7820 33.9610
v -47.2918 37.3901 33.9723
v -46.1024 37.4859 33.9723
v -29.7552 37.4859 33.9723
v -9.8031 37.4859 33.9723
v 9.7036 37.4859 33.9723
v 20.3479 37.2008 33.0567
v 22.3389 37.3011 33.3930
v 24.0779 37.3725 33.3853
v 33.3056 37.4859 33.9723
v 34.4669 37.3901 33.9723
v 38.8740 37.4920 33.4130
v 41.3518 40.0048 33.9610
v 44.4568 38.6785 33.5576
v -41.6218 -46.3874 35.6151
v -38.9650 -46.2058 35.6715
v -22.1086 -46.2761 35.6498
v -19.4447 -46.3366 35.6308
v -2.6304 -46.1262 35.6665
v -0.0932 -46.5216 35.6053
v 1.4906 -44.9235 35.8897
v 16.7489 -45.7431 35.7776
v 19.0460 -46.7394 35.5208
v 21.0518 -45.1319 35.9996
v -47.2168 -42.4434 36.9342
v -45.4151 -42.4616 35.5138
v -41.0754 -44.2096 35.6913
v -39.2276 -44.0054 35.5810
v -35.0975 -42.4161 35.9308
v -33.5748 -42.7418 37.2381
v -27.6057 -42.3682 36.9533
v -26.5136 -42.4755 36.1159
v -21.8461 -44.1666 35.7308
v -19.9963 -44.1262 35.6221
v -15.6637 -42.3457 35.7495
v -14.1149 -42.8778 37.1022
v -7.4400 -42.3963 36.5754
v -3.3209 -44.0672 35.6996
v -0.7814 -44.1655 35.6943
v 3.2377 -42.7221 35.6323
v 5.2859 -42.7836 36.6621
v 12.2894 -42.3963 36.5754
v 16.3114 -44.0492 35.6832
v 18.8254 -44.1840 35.7303
v 22.1411 -43.0821 35.5229
v 24.6911 -42.6001 36.2803
v -47.2339 -40.3258 34.6559
v -45.3620 -40.6516 34.3302
v -34.5108 -40.0175 35.0724
v -33.5219 -39.8666 35.1150
v -27.6279 -40.2592 34.7225
v -26.5582 -40.5626 34.4190
v -15.0549 -40.0304 35.1184
v -13.9874 -39.9174 35.0641
v -7.4871 -40.3760 34.6058
v 4.2848 -40.4554 34.9347
v 5.5008 -39.8626 35.1190
v 12.2423 -40.3760 34.6058
v 23.5142 -41.0402 35.7792
v 25.0800 -39.9222 35.0594
v -45.5397 -35.6133 34.7031
v -40.4541 -35.9356 34.8629
v -35.2934 -35.7564 34.8680
v -25.8103 -35.6133 34.7031
v -20.7247 -35.9356 34.8629
v -15.6414 -35.5822 34.7072
v -14.5579 -38.0225 36.9587
v -6.0809 -35.6133 34.7031
v -0.9953 -35.9356 34.8629
v 4.0880 -35.5822 34.7072
v 5.1715 -38.0225 36.9587
v 13.6460 -35.6434 34.7050
v 18.7341 -35.9356 34.8629
v 23.7792 -35.6599 34.7216
v 24.3147 -36.2368 35.4178
v -44.8306 -33.8467 36.2466
v -37.1807 -32.7114 37.2618
v -35.9949 -33.9121 36.2024
v -25.2474 -33.9950 36.1145
v -23.9857 -32.7042 37.2691
v -16.3410 -33.8331 36.2726
v -5.6299 -34.1190 35.9798
v -4.5615 -32.9816 37.1096
v 3.3234 -33.7708 36.3263
v 13.9071 -34.3917 35.6771
v 14.7219 -33.3931 36.7247
v 23.0521 -33.7653 36.3396
v 23.9313 -34.7981 35.1932
v -47.2241 -29.3255 35.6389
v -45.7127 -29.5791 35.9359
v -41.5810 -29.5907 35.3736
v -38.4427 -29.7980 35.1663
v -35.2030 -29.5692 35.9343
v -33.5291 -29.5585 35.4058
v -27.6114 -29.4942 35.4700
v -26.0279 -29.5583 35.9567
v -22.6657 -29.7812 35.1831
v -19.2431 -29.6753 35.2890
v -15.5263 -29.5946 35.9129
v -13.9590 -29.3094 35.6550
v -6.3921 -29.5435 35.9492
v -3.4125 -29.9520 35.0123
v -0.1316 -29.5494 35.4148
v 3.9084 -29.6134 35.8538
v 5.0396 -29.5196 35.9533
v 13.3373 -29.5490 35.9437
v 16.1869 -29.9931 34.9712
v 19.0849 -29.4858 35.4786
v 23.2327 -29.6690 35.7896
v 24.4707 -29.5239 35.9360
v -47.3721 -25.9197 34.3249
v -45.1709 -26.2638 34.6447
v -35.5899 -28.1148 36.8496
v -25.6111 -28.1190 36.8453
v -15.8605 -28.1148 36.8496
v -5.8817 -28.1190 36.8453
v 3.8689 -28.1148 36.8496
v 13.5824 -28.1589 36.8054
v 14.3781 -28.0391 36.9252
v 23.1694 -28.0428 36.9215
v 26.1226 -26.6746 35.0376
v 28.4076 -26.0548 34.4144
v 30.5556 -25.8495 34.3036
v 19.0858 -19.4565 36.2271
v 20.9470 -19.0287 36.2271
v 25.2053 -20.4235 36.1314
v 31.4059 -20.4652 36.1271
v 35.0483 -20.4448 36.1292
v -38.7074 -17.9559 34.7022
v -36.6210 -18.2333 34.4243
v -19.1875 -17.9626 34.6954
v -17.0523 -18.1461 34.5120
v 0.2289 -18.0096 34.6482
v 2.3694 -18.0355 34.6228
v 19.0879 -17.3029 35.7943
v 21.4821 -17.7794 35.4480
v 25.2053 -18.1225 35.4080
v 31.3247 -17.7218 35.3752
v 34.9917 -18.1011 35.4362
v -50.3181 -12.8495 36.7964
v -47.4681 -14.4388 34.7024
v -45.1847 -14.3764 34.7347
v -42.4552 -13.2468 36.7936
v -37.1170 -13.2468 36.7964
v -25.5725 -13.2468 36.7682
v -7.2073 -13.2468 36.7682
v 3.6245 -13.9412 35.7679
v 5.8990 -13.3617 35.7794
v 26.7350 -13.2140 35.8761
v 28.7099 -13.8000 35.4328
v 30.6383 -14.5264 35.1146
v 35.0306 -13.0129 36.7682
v 38.6833 -13.0147 36.7907
v 40.2109 -12.5352 36.7964
v -53.7123 -10.3379 35.6746
v -51.2141 -10.6240 36.2467
v -48.7574 -11.0575 36.7941
v -43.9109 -8.8793 36.0889
v -42.4552 -11.8545 36.7936
v -32.5360 -8.8891 36.1342
v -24.4314 -8.8098 36.2295
v -23.9317 -8.9488 35.9484
v -12.8066 -8.8891 36.1342
v -4.4521 -8.8793 36.0889
v 6.9228 -8.8891 36.1342
v 13.1450 -9.6076 36.7682
v 15.2773 -8.8793 36.0889
v 26.5459 -8.9241 36.0532
v 27.0777 -8.7493 36.4582
v 36.4793 -10.4283 36.7795
v 38.7858 -10.8075 36.3668
v 42.3062 -9.4404 35.8471
v 47.5623 -9.4164 35.8045
v 50.0632 -9.8249 36.7953
v -56.5308 -6.2006 36.7964
v -50.8015 -6.5737 36.7947
v -48.9378 -6.2176 36.7964
v -45.0098 -7.4799 35.8867
v -31.4192 -7.5052 35.8608
v -25.2803 -7.4799 35.8867
v -11.6898 -7.5051 35.8608
v -5.5715 -7.4475 35.9157
v -4.8510 -8.5794 34.9024
v 7.6486 -8.4011 35.9608
v 8.1803 -7.1825 35.8248
v 13.9893 -6.9852 35.8896
v 14.4622 -8.2218 35.8824
v 27.7689 -7.5052 35.8608
v 33.6608 -6.2006 36.7964
v 39.3090 -6.2176 36.7964
v 41.7009 -7.9265 35.9549
v 43.5255 -7.3780 35.5133
v 47.1514 -7.7726 35.5249
v 50.5449 -8.0509 36.7964
v -56.5308 -3.1228 35.5732
v -53.7123 -3.1227 35.5732
v -48.0754 -3.6637 36.7681
v -28.9433 -3.7966 36.7682
v -27.0812 -3.3821 36.7682
v -9.4867 -3.7939 36.7682
v -6.7547 -3.3459 36.5196
v -0.8657 -3.0361 36.0000
v 3.3621 -3.0361 36.0000
v 7.7307 -3.0363 36.0000
v 10.0770 -3.6417 36.7682
v 12.1102 -3.6849 36.7682
v 29.6805 -3.4393 36.7682
v 31.6666 -3.8230 36.7682
v 35.5556 -3.7621 36.7685
v 37.5631 -3.6421 36.7686
v 41.6315 -3.2140 36.0503
v 43.5255 -3.7281 35.7420
v 46.9666 -2.9790 36.0859
v -56.5308 -1.4462 35.6028
v -50.8938 -1.9647 37.0538
v -48.1908 -1.2441 35.2795
v -45.0755 -0.9021 35.6178
v -40.7472 -0.8130 35.6856
v -39.9018 -0.8129 35.6856
v -36.0911 -0.8171 35.6914
v -31.3922 -0.9220 35.6647
v -28.6597 -1.3285 35.4181
v -25.4575 -0.8903 35.5767
v -21.0178 -0.8031 35.7685
v -20.1723 -0.8031 35.7685
v -16.3674 -0.8031 35.7685
v -11.6431 -0.9246 35.6943
v -9.1375 -1.3243 35.4350
v -5.8908 -0.8466 35.4795
v -0.8657 -0.5314 35.5162
v 3.3622 -0.5314 35.5161
v 7.7308 -0.5314 35.5161
v 8.8519 -1.0433 35.5240
v 13.3142 -1.0567 35.5259
v 14.4950 -0.7675 35.6148
v 18.8637 -0.7675 35.6147
v 23.0915 -0.7673 35.6147
v 28.0102 -0.8870 35.5137
v 31.3215 -1.3588 35.4931
v 35.1927 -1.9895 36.7959
v 36.8771 -2.0263 36.7106
v 41.8937 -1.5465 35.8604
v 46.9633 -1.4130 35.3065
v -56.5308 3.1370 35.6028
v -50.8938 3.6544 37.0538
v -48.1635 3.1428 35.5338
v -45.1270 2.7675 35.6399
v -40.7473 2.6582 35.6131
v -39.9017 2.6582 35.6131
v -36.0884 2.6613 35.6231
v -31.3479 2.7978 35.6969
v -28.6800 3.1768 35.6210
v -25.5369 2.7873 35.6854
v -21.0179 2.7150 35.9050
v -20.1723 2.7150 35.9050
v -16.3674 2.7150 35.9049
v -11.6355 2.7929 35.7847
v -9.2054 3.1663 35.6288
v -5.9337 2.8061 35.6494
v -0.8657 2.6724 35.7553
v 3.3621 2.6724 35.7554
v 7.7308 2.6725 35.7554
v 8.9647 2.9233 35.6443
v 13.2050 2.9313 35.6425
v 14.4950 2.6570 35.7119
v 18.8637 2.6568 35.7119
v 23.0916 2.6568 35.7119
v 28.1234 2.7935 35.6324
v 31.3690 3.1711 35.6341
v 35.2464 3.7668 36.7644
v 37.1471 3.8802 36.7441
v 41.8600 3.3897 35.6646
v 43.5255 4.3462 34.4176
v 47.0350 3.3831 35.5801
v -48.2701 5.9261 36.7744
v -44.8327 5.8875 34.7322
v -40.5232 5.7699 34.6956
v -39.7684 5.8428 34.4804
v -36.3929 5.8243 34.5362
v -31.5269 5.8788 34.7549
v -28.9739 5.8382 36.7682
v -25.4619 5.8775 34.8916
v -21.8803 5.0676 36.7964
v -20.2678 5.9193 34.3454
v -16.6946 5.9192 34.3454
v -11.7964 5.9200 34.5247
v -9.6549 5.9308 36.7712
v -5.8167 5.8935 34.9652
v -2.1509 5.0676 36.7964
v -0.5384 5.9192 34.3454
v 3.0348 5.9192 34.3454
v 7.6856 5.9188 34.4148
v 8.5710 5.9077 35.1763
v 13.3720 5.9131 35.4864
v 14.4602 5.8999 34.4480
v 19.1909 5.9193 34.3454
v 22.7643 5.9189 34.3454
v 28.0135 5.8232 34.8097
v 31.6334 5.7902 36.7682
v 35.5313 5.7066 36.7682
v 37.5694 5.5891 36.7682
v 41.6299 4.9515 36.2184
v 43.5255 5.5106 35.7462
v 46.6459 5.3863 35.8298
v -56.5308 9.8386 35.1530
v -53.7123 10.6139 36.7597
v -50.8893 7.8952 36.7964
v -47.6829 9.9112 36.5045
v -45.4001 9.8205 35.5073
v -40.9758 10.0436 36.7832
v -38.6066 9.0271 36.7827
v -35.8463 9.8164 36.7831
v -30.8779 8.3033 36.7917
v -28.8223 10.3843 36.7702
v -26.4102 9.4889 36.7828
v -21.5508 10.1875 36.7835
v -19.4624 9.2003 36.7828
v -16.3761 9.6571 36.7829
v -12.4526 9.7708 36.7814
v -11.0024 7.8044 36.7964
v -6.0902 8.3033 36.7917
v -2.2752 10.3117 36.7819
v -0.2699 9.4024 36.7830
v 2.9948 9.5107 36.7831
v 5.0312 10.2763 36.7795
v 9.5774 9.7086 36.7785
v 12.5650 9.7320 36.7779
v 17.1061 10.4454 36.7795
v 19.0860 9.5532 36.7830
v 22.2940 9.3422 36.7830
v 24.3403 10.2358 36.7829
v 28.0294 9.3011 36.7823
v 35.0700 9.3011 36.7851
v 39.3090 7.9031 36.7964
v 42.0976 10.5565 35.2170
v 43.5255 9.2007 35.5683
v 47.3827 10.4419 35.1021
v 50.5103 10.0612 36.7964
v -56.5308 11.6861 35.8080
v -53.7123 11.6861 35.8080
v -47.3855 12.2690 36.7853
v -45.8629 12.2511 36.7852
v -41.1652 12.6669 36.7832
v -35.2827 12.6910 36.7829
v -31.1531 13.5288 36.7682
v -28.6926 12.6978 36.7833
v -26.5920 12.2707 36.7901
v -21.5730 12.4974 36.7837
v -20.6627 13.9103 36.7795
v -15.5753 12.6736 36.7830
v -12.9615 13.5288 36.7738
v -7.1988 12.1282 36.7959
v -2.1424 12.5207 36.7866
v -1.3873 12.7988 36.7806
v 4.1029 12.6301 36.7828
v 5.0002 13.3752 36.7837
v 9.5970 12.8995 36.7754
v 12.5265 12.3540 36.7902
v 17.1061 13.7937 36.7795
v 18.1108 12.6190 36.7831
v 23.5875 12.7332 36.7801
v 24.3295 12.6347 36.7867
v 28.0351 13.5288 36.7682
v 36.4793 13.5288 36.7738
v 42.3015 12.3138 35.9115
v 47.5227 12.3181 35.8658
v 50.0309 12.3079 36.7964
v -56.5308 16.3473 36.7964
v -53.7123 16.6122 36.7682
v -50.8893 16.3416 36.7941
v -48.7055 16.7486 36.7936
v -44.7396 17.0058 35.6037
v -40.6661 15.8536 35.7772
v -38.7368 15.4963 36.4474
v -36.2428 15.8353 35.8017
v -31.2665 17.0058 35.6063
v -25.4316 17.0058 35.6063
v -21.4312 14.7182 36.7823
v -19.5541 15.7005 36.1733
v -16.6749 15.7458 35.9616
v -11.8268 17.2543 34.7733
v -11.1161 16.6509 36.7964
v -5.6992 17.0058 35.6063
v -2.1453 14.6365 36.7795
v -0.1582 15.6950 36.1234
v 2.8106 15.7008 36.0770
v 7.1016 16.7802 34.7986
v 8.3555 16.8976 36.0072
v 13.7330 16.7638 36.5331
v 14.4612 17.3515 34.2823
v 19.2858 15.7139 36.0377
v 22.2523 15.6743 36.1544
v 24.2358 14.7934 36.7795
v 27.5816 17.2348 34.5485
v 33.6608 16.3473 36.7964
v 39.3090 16.3303 36.7964
v 41.0981 15.1358 36.5448
v 43.5255 15.3224 35.4401
v 46.4849 15.2322 35.4844
v 50.5586 14.6466 36.7964
v -56.5308 20.1916 36.3823
v -53.7123 19.3202 35.8263
v -50.8938 20.5832 37.0538
v -48.1436 19.1678 36.7411
v -44.9027 18.8640 34.9503
v -40.5465 18.7296 34.7686
v -39.7884 18.5506 34.5160
v -36.3675 18.6142 34.5976
v -31.4846 18.8640 34.9505
v -28.7616 19.3014 36.7261
v -25.5217 18.9103 35.2088
v -21.5355 20.3750 36.5775
v -20.2618 18.5121 34.4318
v -16.6639 18.5881 34.5194
v -11.7359 18.8620 34.9141
v -9.2519 19.2960 36.7299
v -5.9319 18.9427 35.3320
v -4.3888 19.1714 36.7964
v -0.5625 18.6117 34.5379
v 3.0589 18.6116 34.5379
v 7.6647 19.0599 35.0559
v 8.7971 18.9616 35.5240
v 13.1650 19.0780 35.8085
v 14.4648 18.8033 34.7512
v 19.1668 18.6095 34.5267
v 22.7884 18.6095 34.5268
v 28.1223 18.9622 35.2591
v 31.4250 19.2902 36.7316
v 35.4236 19.4799 36.7654
v 37.4204 19.2560 36.7570
v 41.6462 19.6337 36.2235
v 43.5255 18.9333 35.8289
v 46.9992 19.9418 36.0855
v -56.5308 21.3954 34.8712
v -48.2550 21.7316 34.5134
v -45.0920 22.0229 35.3283
v -40.7473 22.1670 35.4727
v -39.9017 22.1670 35.4727
v -36.0893 22.1534 35.4605
v -31.3886 22.0133 35.3768
v -28.8839 21.7091 34.5320
v -25.4349 21.9786 35.2573
v -21.0178 22.0504 35.4110
v -20.1724 22.0504 35.4110
v -16.3674 22.0505 35.4110
v -11.6859 21.9734 35.3568
v -9.4642 21.7416 34.5123
v -5.8090 21.9557 35.2376
v -0.8656 22.0423 35.4416
v 3.3622 22.0423 35.4416
v 7.7308 22.0423 35.4416
v 8.7330 21.8858 35.0999
v 13.4501 21.8774 35.0940
v 14.4950 22.1145 35.5222
v 18.8638 22.1145 35.5222
v 23.0916 22.1145 35.5222
v 28.0420 21.9811 35.2597
v 31.6110 21.7278 34.5218
v 42.1162 21.4550 34.8410
v 46.9163 21.4344 34.9592
v -56.5308 25.7937 35.5728
v -53.7123 27.0152 34.6064
v -50.8938 26.2022 37.0538
v -48.1575 25.8502 35.7012
v -45.0834 25.3527 35.7178
v -40.7472 25.2879 35.7916
v -39.9018 25.2879 35.7916
v -36.0840 25.2789 35.7788
v -31.3910 25.3835 35.7757
v -28.7424 25.8111 35.6942
v -25.5673 25.4245 35.6977
v -21.0178 25.2736 35.7464
v -20.1723 25.2735 35.7464
v -16.3674 25.2735 35.7464
v -11.6572 25.3788 35.7575
v -9.2625 25.8219 35.7187
v -6.0576 25.4953 35.6665
v -0.8656 25.3747 35.6415
v 3.3621 25.3747 35.6415
v 7.7308 25.3747 35.6415
v 9.0241 25.5776 35.7151
v 13.1471 25.5830 35.7115
v 14.4950 25.3493 35.9610
v 18.8637 25.3494 35.9610
v 23.0915 25.3494 35.9610
v 28.2219 25.4791 35.7540
v 31.4279 25.8210 35.7191
v 35.2938 26.4064 36.7648
v 37.2851 26.5674 36.7493
v 41.8452 26.1253 35.5426
v 43.5255 27.1030 34.7868
v 47.0296 25.9852 35.5747
v -56.5308 27.9903 36.0993
v -53.7123 27.5005 35.9599
v -50.8828 30.3052 36.7954
v -48.0982 28.4361 36.7689
v -45.2653 30.4622 35.7113
v -31.1588 30.4622 35.7113
v -28.8951 28.5370 36.7682
v -26.8157 28.3914 36.6056
v -11.4294 30.4622 35.7113
v -9.3977 28.4829 36.7682
v -6.6800 28.2113 36.5963
v -0.8657 27.5205 36.4807
v 3.3621 27.5205 36.4807
v 7.7307 27.5206 36.4807
v 9.9308 28.5733 36.6625
v 12.2381 28.5956 36.6675
v 29.4507 28.4682 36.6361
v 31.5655 28.5025 36.7682
v 35.4572 28.6322 36.7711
v 37.6420 28.4735 36.7703
v 41.4845 27.9335 36.4830
v 43.5255 28.2887 35.7509
v 46.5969 28.1577 35.8805
v -50.4861 32.2079 36.7936
v -44.6349 32.2403 35.9544
v -31.7501 32.1893 35.9544
v -25.1446 32.0805 35.9555
v -23.9133 33.1972 36.0509
v -12.0207 32.1892 35.9544
v -5.5493 31.7923 35.9014
v -4.4530 33.1082 36.0572
v 7.2219 32.9315 36.0388
v 8.1751 31.4777 35.8736
v 14.0004 31.3304 35.8607
v 14.8965 32.8049 36.0126
v 26.5694 33.1531 35.9882
v 27.7035 31.8946 35.9441
v 37.8716 33.2667 36.7795
v 42.2526 33.4459 35.6583
v 43.5255 31.8700 35.6594
v 47.5495 33.3935 35.6239
v 50.4460 32.8940 36.7964
v -53.7123 34.5771 35.6746
v -51.1982 35.6868 36.3317
v -48.6122 35.5768 36.7916
v -45.9333 37.1139 36.7936
v -42.4552 36.0879 36.7936
v 36.0368 35.8906 36.7738
v 38.7310 35.1858 36.3663
v 42.2823 34.1296 36.4817
v 47.4716 33.9717 36.4376
v 49.9223 34.3801 36.7947
v -50.0257 37.4028 36.7964
v -47.2918 37.3901 36.7682
v -44.6435 37.4476 36.7885
v -42.4552 37.4859 36.7936
v -8.0911 37.4859 36.7682
v 9.0610 37.4859 36.7682
v 33.3056 37.4859 36.7682
v 34.4669 37.3901 36.7682
v 39.1878 37.4028 36.7964
v -44.5706 -45.6599 39.0987
v -41.7643 -46.8025 37.9421
v -38.5156 -46.6661 38.0927
v -36.0551 -45.4658 39.2772
v -25.1225 -45.4659 39.2771
v -22.6621 -46.6661 38.0926
v -19.3094 -46.7827 37.9761
v -16.5248 -45.6023 39.1424
v -5.6588 -45.2784 39.4778
v -3.5269 -46.4637 38.2860
v -0.1710 -46.8802 37.8717
v 2.9520 -45.7462 39.0056
v 13.8541 -45.1342 39.6050
v 15.6873 -46.2367 38.5194
v 19.0100 -46.9187 37.8333
v 22.3358 -45.9212 38.8231
v 23.9971 -45.1323 39.7133
v -46.9216 -42.5228 37.4212
v -45.5088 -43.0200 38.9659
v -40.7841 -41.7863 38.3119
v -40.1230 -41.8368 38.0152
v -34.6652 -42.9329 39.0341
v -33.5016 -42.2210 37.7590
v -27.3876 -42.4588 37.4091
v -25.9941 -42.9444 38.7250
v -21.0547 -41.7863 38.3119
v -20.3936 -41.8368 38.0152
v -15.1840 -43.3311 39.3456
v -13.9024 -42.1091 37.8709
v -6.3069 -42.9298 38.6851
v -0.9287 -41.8167 38.1339
v 4.2367 -44.0694 39.9306
v 5.5545 -42.2445 38.1200
v 13.2656 -42.8834 38.8136
v 14.5599 -43.2652 37.7534
v 18.8007 -41.8167 38.1339
v 23.6326 -44.4480 40.5145
v 25.0397 -42.5856 38.4516
v -47.1491 -39.8265 39.9627
v -45.9305 -40.8300 40.0109
v -40.7867 -40.5076 39.5717
v -40.1190 -40.4086 39.4782
v -35.4004 -39.8102 38.9150
v -27.6031 -39.5686 40.1208
v -26.7563 -40.4929 39.8030
v -21.0573 -40.5076 39.5717
v -20.3896 -40.4086 39.4782
v -15.6710 -39.8102 38.9150
v -7.4752 -40.0037 39.9712
v -0.9902 -40.4577 39.5245
v 4.0584 -39.8102 38.9150
v 12.2542 -40.0037 39.9712
v 18.7392 -40.4577 39.5245
v 23.6833 -39.7383 38.9928
v 23.9053 -39.8910 38.8274
v -47.2561 -35.6623 39.3193
v -45.1785 -35.2430 39.7385
v -34.5544 -36.1123 38.9730
v -33.5105 -36.1462 38.8354
v -27.6438 -35.7025 39.2792
v -26.3122 -35.3925 39.5890
v -15.1211 -36.1150 39.0289
v -13.9860 -36.1310 38.8507
v -7.3818 -35.5785 39.4031
v 4.1716 -35.8622 39.4924
v 5.5176 -36.1814 38.8003
v 12.2027 -35.6240 39.3577
v 14.3767 -34.9413 40.0399
v 23.3038 -36.1080 40.1171
v 25.1030 -36.1254 38.8563
v -47.4271 -32.6707 38.3051
v -45.6648 -32.7063 38.4791
v -41.7523 -32.1897 37.9965
v -38.5676 -32.3942 38.0109
v -35.2319 -32.6717 38.4676
v -33.4857 -32.6506 38.3252
v -27.6977 -32.6707 38.3051
v -25.9968 -32.6883 38.4763
v -22.5845 -32.3905 38.0144
v -19.2593 -32.2292 37.9502
v -15.5384 -32.6926 38.4797
v -13.7563 -32.6506 38.3252
v -6.4471 -32.6661 38.4618
v -3.2289 -32.5995 38.0925
v -0.1399 -32.1244 38.0704
v 3.7711 -32.7348 38.3982
v 5.1519 -32.5807 38.4948
v 13.2823 -32.6661 38.4618
v 16.3059 -32.6800 38.0815
v 19.0488 -32.0531 38.1262
v 22.9527 -32.6110 38.3513
v 24.5787 -32.7141 38.4396
v -46.9651 -31.3918 38.5839
v -45.6985 -31.2608 38.7143
v -35.1367 -31.2610 38.7137
v -33.7123 -31.6259 38.3516
v -27.4351 -31.5937 38.3794
v -26.0311 -31.2596 38.7155
v -15.4889 -31.2596 38.7151
v -14.2191 -31.3794 38.5964
v -6.3579 -31.2728 38.7021
v 4.0552 -31.2167 38.7577
v 5.0380 -31.3915 38.5845
v 13.3404 -31.2930 38.6819
v 14.5063 -30.5379 39.4398
v 23.4869 -31.2561 38.7186
v 24.4168 -31.2792 38.6959
v -47.3503 -20.3504 39.8694
v -45.1694 -20.4074 40.0199
v -39.1930 -19.5843 40.3097
v 3.4089 -19.6217 40.0276
v 5.7369 -20.4560 40.0621
v 26.7636 -20.6257 39.9850
v 28.6668 -20.4219 39.9848
v 30.6191 -19.9499 39.7058
v 33.6608 -20.2085 37.5856
v -34.5902 -15.8395 40.1415
v -33.2858 -15.7403 40.2943
v 2.7871 -18.3708 40.4491
v 30.7126 -18.3708 40.4491
v -35.0119 -14.1716 40.0508
v -32.4599 -13.8319 39.8596
v -30.4295 -13.0278 40.4379
v -34.0252 -11.8545 40.5137
v -32.0039 -11.6948 39.9512
v -29.6208 -11.8546 40.0766
v 42.3035 -9.2471 39.1636
v 47.5909 -9.2206 39.1860
v 49.9852 -9.6424 38.8150
v -56.5308 -6.2006 39.5980
v -50.8938 -6.2062 39.5998
v -48.9378 -6.2176 39.6036
v -45.2568 -6.2006 39.5980
v -31.1644 -6.2006 39.5980
v -25.5274 -6.2006 39.5980
v -11.4350 -6.2006 39.5980
v -5.7980 -6.2006 39.5980
v 8.2944 -6.2006 39.5980
v 13.9314 -6.2006 39.5980
v 28.0238 -6.2006 39.5980
v 33.6608 -6.2006 39.5980
v 39.3090 -6.2176 39.6036
v 41.8149 -7.9577 39.3829
v 43.5255 -7.2298 38.6223
v 47.6831 -7.8725 39.2184
v 50.5236 -7.8718 39.0609
v -56.5308 -3.7903 39.9456
v -54.3225 -3.7344 39.5980
v -51.1844 -3.7197 39.8839
v -48.9378 -3.8039 39.9512
v -45.2568 -3.7903 39.9456
v -31.1644 -3.7903 39.9456
v -25.5274 -3.7903 39.9456
v -11.4350 -3.7903 39.9456
v -5.4222 -3.1023 38.7875
v -0.8657 -2.7584 38.2084
v 3.3621 -2.7584 38.2084
v 7.7307 -2.7583 38.2084
v 8.2944 -3.7903 39.9456
v 13.9314 -3.7903 39.9456
v 28.0238 -3.7903 39.9456
v 33.6608 -3.7903 39.9456
v 39.3090 -3.8014 39.9512
v 41.1947 -3.2063 39.1812
v 43.5255 -3.7659 38.5033
v 46.9100 -3.0746 38.1762
v -56.5308 -0.7088 38.8684
v -53.7123 -1.9729 39.5980
v -50.8938 -0.7123 38.8664
v -45.0283 -0.4368 38.6258
v -40.7472 -0.3724 38.5630
v -39.9017 -0.3724 38.5630
v -36.0831 -0.3854 38.5501
v -31.3929 -0.4368 38.6258
v -25.2944 -0.4216 38.6382
v -21.0178 -0.3379 38.5951
v -20.1723 -0.3379 38.5951
v -16.3674 -0.3379 38.5951
v -11.6679 -0.4217 38.6382
v -5.5938 -0.3757 38.6817
v -0.8656 -0.1912 38.7049
v 3.3621 -0.1912 38.7048
v 7.7308 -0.1912 38.7049
v 8.2944 -0.4805 38.6685
v 13.9314 -0.4805 38.6685
v 14.4950 -0.5613 38.6575
v 18.8637 -0.5613 38.6575
v 23.0914 -0.5613 38.6575
v 27.8145 -0.5107 38.6644
v 33.6608 -0.7122 38.8664
v 41.4393 -1.0795 39.3959
v 43.5255 -1.6713 40.1405
v 47.0434 -0.7643 39.1799
v -56.5308 2.5196 38.8122
v -54.3225 4.0164 39.5980
v -50.9530 2.5916 38.8393
v -45.0502 2.4163 38.6016
v -40.7473 2.4733 38.5846
v -39.9017 2.4732 38.5846
v -36.0873 2.4809 38.5883
v -31.3711 2.4164 38.6016
v -25.3093 2.3692 38.5486
v -21.0179 2.3463 38.4492
v -20.1723 2.3463 38.4492
v -16.3674 2.3463 38.4492
v -11.6532 2.3690 38.5487
v -5.5799 2.3692 38.5541
v -0.8657 2.3463 38.4633
v 3.3620 2.3463 38.4633
v 7.7308 2.3463 38.4633
v 8.2944 2.3835 38.6115
v 13.9314 2.3835 38.6115
v 14.4950 2.5125 38.6415
v 18.8638 2.5125 38.6415
v 23.0915 2.5125 38.6415
v 27.8172 2.4307 38.6225
v 33.6608 2.5233 38.8101
v 41.4596 3.1376 39.3647
v 43.5255 3.6303 39.8535
v 47.0787 2.7912 38.9769
v -56.5308 5.4815 39.9456
v -54.1191 5.7779 39.5980
v -50.7076 5.7317 39.8377
v -49.0258 6.5184 39.6838
v -44.5998 5.7324 39.1194
v -40.7473 4.7389 37.8261
v -38.8583 6.5103 39.0653
v -36.1998 5.1386 38.0792
v -31.8208 5.7324 39.1194
v -25.5274 5.4815 39.9456
v -23.5615 6.8532 39.5867
v -18.9468 7.3969 39.5980
v -17.3172 7.4775 39.5980
v -12.4078 6.2653 39.7405
v -5.7980 5.4815 39.9456
v -4.3926 6.9767 39.5867
v 0.5492 7.4084 39.5980
v 2.1802 7.4353 39.5980
v 6.8889 6.9767 39.5867
v 8.2944 5.4815 39.9456
v 13.9314 5.4815 39.9456
v 15.3369 6.9767 39.5867
v 20.0456 7.4353 39.5980
v 21.6766 7.4085 39.5980
v 26.6146 6.4826 39.5867
v 28.0238 5.4815 39.9456
v 33.6608 5.4815 39.9456
v 39.3090 5.4927 39.9512
v 41.1770 5.0872 39.0036
v 43.5255 5.7337 38.4796
v 46.5694 5.5822 38.4319
v -56.5308 7.8918 39.5980
v -50.8893 7.8953 39.5912
v -48.3568 9.2031 39.5911
v -44.9299 9.5908 39.8030
v -41.5516 9.4566 39.6456
v -38.5526 8.3522 39.5897
v -34.8371 9.4397 39.8005
v -32.2231 8.8305 39.5887
v -27.5398 10.8484 39.5867
v -25.2839 9.6351 39.7946
v -22.0142 9.5817 39.6549
v -19.5495 8.4438 39.5903
v -16.0017 9.0623 39.5912
v -13.8240 9.5130 39.9338
v -5.6439 9.7193 39.7996
v -2.8706 9.4775 39.6594
v -0.4530 8.6746 39.5902
v 3.2872 8.8162 39.5908
v 5.6835 9.6212 39.8817
v 8.2944 7.8918 39.5980
v 13.7493 9.8604 39.8548
v 15.0516 9.5543 39.7311
v 18.8365 8.8626 39.5907
v 22.5364 8.6287 39.5903
v 24.8639 9.7702 39.8893
v 28.0238 7.8918 39.5980
v 33.6608 7.8918 39.5980
v 39.3090 7.9031 39.6036
v 42.2944 10.5717 39.6109
v 43.5255 9.0182 38.5556
v 47.4698 10.4911 39.5406
v 50.5717 8.9782 38.8572
v -47.2896 12.2136 39.5904
v -45.9364 12.1995 39.5903
v -41.9657 12.5918 39.5899
v -34.4327 12.6387 39.5901
v -33.4915 12.3515 39.5980
v -27.7936 12.1597 39.5900
v -26.4451 12.2310 39.5906
v -22.2364 12.5918 39.5899
v -15.0870 12.8795 39.5882
v -14.1332 12.3721 39.5940
v -8.4373 12.1196 39.5867
v -7.0781 12.2166 39.5908
v -2.5688 12.5536 39.5900
v -1.6605 13.8642 39.5867
v 4.4708 12.5356 39.5867
v 5.4740 12.6111 39.5934
v 12.5154 12.1989 39.5905
v 16.8883 12.6528 39.5920
v 17.7389 12.4977 39.5867
v 23.8017 14.0080 39.5867
v 24.9496 12.5478 39.5916
v 42.3501 12.7512 39.0851
v 47.5333 12.7460 39.0886
v -50.8882 16.3402 39.5895
v -49.0730 16.2077 39.5964
v -44.8578 14.7362 39.8083
v -41.5174 15.0132 39.6623
v -38.5357 16.0329 39.5910
v -34.9466 14.9856 39.8414
v -32.1636 15.8344 39.5876
v -25.1551 14.6980 39.8121
v -22.1886 15.0136 39.6704
v -19.4658 15.9403 39.5913
v -16.2013 15.4833 39.5914
v -13.7507 14.9741 39.9581
v -5.4688 14.6405 39.8240
v -3.0452 15.1095 39.6720
v -0.2517 15.7669 39.5913
v 3.2067 15.6238 39.5913
v 5.7924 14.9465 39.9230
v 8.2944 16.3473 39.5980
v 14.0748 14.6140 39.9232
v 14.9460 14.7917 39.7371
v 18.9568 15.5547 39.5914
v 22.3799 15.7921 39.5913
v 24.8661 14.6833 39.9697
v 28.0238 16.3473 39.5980
v 33.6608 16.3473 39.5980
v 39.3090 16.3303 39.6036
v 41.5139 15.3842 39.2283
v 43.5255 15.4843 38.6557
v 46.5527 15.3638 38.6991
v 50.5717 15.3336 39.1254
v -56.5308 20.6765 37.5771
v -54.2004 19.1658 39.5980
v -50.7917 18.7685 39.5710
v -49.0119 18.2989 39.7526
v -44.8449 19.6001 38.6761
v -40.7473 19.9171 38.3159
v -39.9017 19.9170 38.3159
v -36.0968 19.9171 38.3159
v -31.5763 19.6002 38.6761
v -25.3664 19.8509 38.6574
v -22.0513 19.6956 38.3992
v -20.1723 20.6651 37.8054
v -16.3674 20.6651 37.8054
v -12.0050 19.3855 38.8639
v -5.7041 19.7208 38.7599
v -4.3888 17.7565 39.5867
v -0.8657 20.6990 37.5686
v 3.3620 20.6990 37.5686
v 7.3079 19.2278 38.5777
v 8.2944 19.5251 38.9982
v 13.9314 19.5251 38.9982
v 15.5285 18.7279 38.9140
v 18.8637 20.6708 37.5686
v 23.0914 20.6708 37.5686
v 26.6146 17.7565 39.5867
v 27.9299 19.7161 38.7599
v 33.6608 19.2388 39.3556
v 39.3090 18.7464 39.9512
v 41.3141 19.6191 39.1588
v 43.5255 19.0976 38.5878
v 46.9966 19.9349 38.2589
v -56.5308 22.1640 39.0322
v -50.8938 22.1754 39.0448
v -45.0539 22.4072 38.7433
v -40.7473 22.5614 38.7015
v -39.9017 22.5613 38.7015
v -36.0891 22.5401 38.6779
v -31.3674 22.4073 38.7433
v -25.3294 22.2800 38.7436
v -21.0179 22.2048 38.7008
v -20.1723 22.2048 38.7008
v -16.3674 22.2048 38.7008
v -11.6331 22.2800 38.7436
v -5.5725 22.3347 38.7053
v -0.8657 22.3556 38.6131
v 3.3621 22.3556 38.6131
v 7.7308 22.3556 38.6131
v 8.2944 22.3208 38.7667
v 13.9314 22.3209 38.7667
v 14.4950 22.3869 38.6404
v 18.8638 22.3868 38.6404
v 23.0915 22.3867 38.6404
v 27.7941 22.3476 38.7153
v 33.6608 22.1755 39.0448
v 41.4113 21.9598 39.3793
v 43.5255 21.2091 40.3871
v 47.0353 22.1733 39.3479
v -56.5308 25.2824 38.6615
v -54.3225 26.5643 39.5980
v -50.9633 25.3711 38.7132
v -45.0335 25.0838 38.4274
v -40.7473 25.0271 38.3704
v -39.9017 25.0271 38.3704
v -36.0869 25.0342 38.3480
v -31.3877 25.0838 38.4274
v -25.3107 25.1390 38.5228
v -21.0179 25.1676 38.6157
v -20.1723 25.1677 38.6157
v -16.3674 25.1677 38.6157
v -11.6518 25.1390 38.5228
v -5.5813 25.1860 38.4703
v -0.8657 25.2900 38.4793
v 3.3620 25.2900 38.4793
v 7.7307 25.2900 38.4793
v 8.2944 25.1212 38.4648
v 13.9314 25.1212 38.4648
v 14.4950 25.0271 38.3557
v 18.8637 25.0272 38.3557
v 23.0914 25.0271 38.3557
v 27.8005 25.0838 38.4215
v 33.6608 25.3009 38.6730
v 41.4813 25.9662 39.2689
v 43.5255 26.5355 39.4314
v 47.0731 25.5559 38.8816
v -54.1191 28.3258 39.5980
v -51.0663 28.6037 39.8322
v -48.9378 28.6451 39.8643
v -45.2568 28.6319 39.8587
v -31.1644 28.6319 39.8587
v -25.5274 28.6319 39.8587
v -11.4350 28.6319 39.8587
v -5.6101 28.2114 39.1385
v -0.8657 27.3704 37.6983
v 3.3620 27.3704 37.6983
v 7.7307 27.3704 37.6983
v 8.2944 28.6319 39.8587
v 13.9314 28.6319 39.8587
v 28.0238 28.6319 39.8587
v 33.6608 28.6319 39.8587
v 39.3090 28.6432 39.8643
v 41.0917 28.0462 39.1416
v 43.5255 28.7604 38.4634
v 46.6007 28.7219 38.4982
v 42.2314 33.1891 39.2639
v 43.5255 31.7104 38.5046
v 47.6141 33.1889 39.2464
v 50.4345 32.5686 38.9661
v 42.2515 34.0361 38.5238
v 47.7177 33.9716 38.4099
v 49.7800 34.2119 38.8344
v -46.5984 -43.0130 41.9493
v -45.9728 -42.7917 41.9603
v -34.8774 -42.8119 41.9595
v -26.3003 -42.8119 41.9593
v -15.1664 -42.8054 41.9598
v -14.5579 -43.0129 41.9491
v -6.5709 -42.8119 41.9593
v 4.3401 -42.7702 41.9819
v 4.9525 -42.8753 41.9252
v 13.1585 -42.8119 41.9593
v 23.7491 -42.5348 42.4277
v 24.3670 -42.8394 41.9127
v -47.1773 -38.4400 41.3513
v -45.2979 -39.8944 42.2233
v -40.7792 -39.1320 41.0107
v -40.1272 -38.8155 41.0034
v -34.8200 -39.5907 41.8021
v -33.5097 -38.7077 41.2722
v -27.5565 -38.4967 41.2488
v -26.1512 -39.3241 41.9970
v -21.0498 -39.1320 41.0107
v -20.3978 -38.8155 41.0034
v -15.3296 -39.6977 42.1191
v -13.9143 -38.8452 41.1348
v -7.1343 -38.9624 41.6283
v -4.6734 -38.3356 42.5571
v -1.0240 -38.9881 41.0074
v 4.1919 -39.7660 42.4819
v 5.6227 -38.9886 41.1633
v 12.4760 -38.9714 41.5935
v 14.7253 -38.6565 42.3201
v 18.7054 -38.9881 41.0074
v 23.4951 -40.4099 42.8764
v 25.0289 -39.1218 41.4610
v -47.2068 -37.9240 41.3769
v -45.3058 -36.3101 41.5993
v -41.3969 -36.7087 42.8321
v -38.7550 -36.6369 42.5584
v -35.1851 -36.3331 41.3891
v -33.7292 -38.1702 41.8099
v -27.6257 -37.9454 41.2835
v -26.2791 -36.7715 41.4838
v -22.2477 -36.6917 42.6997
v -19.5660 -36.6575 42.7037
v -15.9085 -36.1638 41.5075
v -14.2690 -38.0815 41.8985
v -7.2195 -37.2809 41.3366
v -3.4236 -36.7393 42.5562
v -0.7061 -36.5836 42.8517
v 2.5783 -36.4928 41.9712
v 5.0823 -36.8461 41.5760
v 12.5098 -37.2809 41.3366
v 16.1457 -36.8517 42.6166
v 18.8312 -36.5448 42.8480
v 21.9273 -36.5942 42.1312
v 24.6298 -36.5349 41.4058
v -46.9404 -33.8707 41.1111
v -45.6330 -34.1901 41.3830
v -41.6188 -33.2033 42.6512
v -38.9640 -33.2423 42.6628
v -35.1620 -34.1957 41.3230
v -33.7123 -34.1285 40.8533
v -27.4609 -34.1285 40.8533
v -26.0335 -34.1899 41.3212
v -22.1940 -33.2472 42.6765
v -19.4724 -33.2217 42.6235
v -15.4974 -34.2043 41.3619
v -14.2328 -33.8707 41.1111
v -6.3244 -34.1889 41.3145
v -2.7452 -33.3186 42.7370
v -0.1818 -33.1398 42.5875
v 3.6675 -34.0983 41.5819
v 4.9746 -34.2634 41.1904
v 13.3890 -34.2055 41.3055
v 16.6309 -33.4202 42.6755
v 19.0575 -33.0604 42.6440
v 22.6375 -34.0356 41.7781
v 24.4701 -34.1591 41.3264
v -40.7980 -31.5734 43.4640
v -39.9384 -31.5833 43.4739
v -21.2405 -31.5833 43.4739
v -20.3809 -31.5734 43.4640
v -0.9953 -31.5774 43.4680
v 18.7341 -31.5774 43.4680
v -40.1870 -18.5902 41.8527
v -38.8007 -19.9768 42.4783
v 3.8024 -18.9371 40.9668
v 5.9707 -19.1615 41.2893
v 19.0551 -19.4854 42.4277
v 20.9156 -19.1579 42.4277
v 26.7906 -19.1492 41.3537
v 28.3952 -19.1047 41.1818
v 30.4534 -18.7372 40.7235
v -40.3319 -18.4454 41.8527
v -34.3094 -16.2962 42.6283
v -32.9582 -16.0656 42.0865
v 3.8032 -18.1319 41.0819
v 5.9232 -17.9853 41.5178
v 17.3135 -18.1059 42.4277
v 18.8316 -16.9948 42.4278
v 21.0976 -17.5072 42.4277
v 26.6146 -17.9143 41.5681
v 28.5192 -18.0443 41.3675
v 30.4346 -18.2599 40.7460
v -40.5725 -13.2074 43.3315
v -35.8316 -13.9678 42.3956
v -31.7719 -14.4815 42.8237
v -30.0430 -12.9882 41.9258
v -23.6616 -13.2074 43.3315
v -13.3008 -13.2074 43.3315
v -3.9322 -13.2074 43.3315
v 6.4286 -13.2074 43.3315
v 15.7972 -13.2074 43.3315
v 26.1580 -13.2074 43.3315
v 35.5266 -13.2074 43.3315
v 39.1784 -13.1251 43.3315
v 40.1809 -12.5093 43.3315
v -48.0261 -10.8105 43.1190
v -46.2779 -11.5383 43.1580
v -38.5952 -11.3555 43.3903
v -34.4342 -11.7472 41.9652
v -32.2973 -11.1558 43.1498
v -28.7711 -11.8404 42.3701
v -24.4976 -11.3555 43.3903
v -12.5342 -11.3599 43.3897
v -5.1061 -11.7925 43.1328
v -4.5448 -11.1581 43.5032
v 7.2711 -11.3868 43.3697
v 14.9730 -11.3555 43.3903
v 26.7988 -11.1167 43.5204
v 27.2794 -11.7555 43.1697
v 34.7085 -11.3553 43.3903
v 38.4003 -10.8490 42.9602
v 41.8844 -9.3798 41.7783
v 47.6347 -8.8574 41.2415
v 49.8220 -9.1262 41.3525
v 38.9991 -8.2116 42.8464
v 42.2384 -7.6293 42.3714
v 43.5255 -6.4240 42.0715
v 47.6318 -7.6501 42.3812
v 50.3081 -7.2123 42.3525
v -56.5308 -2.7189 41.1105
v -54.3225 -3.7344 42.4164
v -51.1844 -2.8426 41.3500
v -48.2645 -3.5917 42.9069
v -44.8212 -4.0468 42.9363
v -42.0527 -4.1741 42.9872
v -31.1644 -2.7189 41.1105
v -25.5274 -2.7189 41.1105
v -11.4350 -2.7189 41.1105
v -5.7980 -2.7189 41.1105
v 8.2944 -2.7189 41.1105
v 13.9314 -2.7189 41.1105
v 26.0647 -4.1903 42.9967
v 28.5783 -4.1144 42.9353
v 31.8524 -3.7504 42.9611
v 33.9172 -3.1349 42.5474
v 38.6653 -2.9897 41.6374
v 41.2366 -3.9202 42.2693
v 43.5255 -5.0797 43.5841
v 48.5219 -4.8203 43.1371
v 50.5661 -4.8177 43.2451
v -56.5308 -0.5045 42.1562
v -53.7123 -1.9729 42.4164
v -50.8928 -0.2626 42.2076
v -48.7781 -1.2070 42.7123
v -44.9988 -1.1730 42.6772
v -42.8086 -1.5219 42.8679
v -31.1644 -0.5045 42.1562
v -25.5274 -0.5045 42.1562
v -11.4350 -0.5045 42.1562
v -5.7980 -0.5045 42.1562
v 8.2944 -0.5045 42.1562
v 13.9314 -0.5045 42.1562
v 14.4951 0.3010 40.8866
v 18.8637 0.3010 40.8866
v 23.0915 0.3011 40.8866
v 26.6489 -1.4092 42.9801
v 28.2807 -0.8016 42.3100
v 31.9468 -1.2913 42.9268
v 33.7615 -1.0058 42.5324
v 39.3090 -0.5064 42.1712
v 41.2175 -0.1786 41.4312
v 43.5255 -0.3273 41.6356
v 46.6180 -0.2156 41.4931
v -56.5308 2.7180 41.9974
v -54.3225 4.0164 42.4164
v -50.9411 2.7708 42.0197
v -48.7984 3.2550 42.6380
v -45.1154 3.1408 42.5625
v -42.8086 3.2131 42.8679
v -38.3470 4.1115 43.6481
v -32.1399 3.7485 43.2111
v -24.6529 3.6714 43.1269
v -12.4301 3.7312 43.1947
v -5.7980 2.7180 41.9974
v -4.3692 4.0965 43.6544
v 7.0105 4.1256 43.6335
v 8.2944 2.7180 41.9974
v 13.9314 2.7180 41.9974
v 15.0503 3.5032 42.9913
v 19.2121 2.0727 41.3922
v 23.0914 1.5263 40.8564
v 26.7320 3.9853 43.5765
v 28.3542 2.7735 42.1504
v 32.0037 3.2633 42.7352
v 33.7894 3.1563 42.4626
v 39.0791 2.9563 42.0702
v 41.1308 2.3071 41.4282
v 43.5255 2.3259 41.8422
v 46.5608 2.2533 41.6882
v -56.5308 4.6252 40.9396
v -54.1191 5.7779 42.4164
v -51.0222 4.7106 41.0776
v -48.5165 6.1946 43.0356
v -44.6701 6.2067 43.0098
v -41.9986 5.8863 43.0135
v -38.7198 4.9658 43.1796
v -35.2279 6.4713 42.5123
v -31.3139 6.1805 43.0494
v -28.8423 6.4713 42.5123
v -25.5332 6.1539 43.0592
v -23.6322 6.6804 43.2692
v -19.2639 6.1500 43.5100
v -16.0714 6.1500 43.5100
v -12.1900 5.5642 42.8967
v -11.1225 6.6002 43.1915
v -5.9569 6.2968 43.0071
v -4.5215 5.6883 43.3318
v 7.2100 5.4502 43.2694
v 8.5586 6.4565 42.9845
v 13.6778 6.4564 42.9845
v 15.0275 5.4790 43.2627
v 26.1831 5.7337 43.0421
v 28.3721 5.6754 42.9994
v 31.8225 5.6520 43.0327
v 33.9588 5.1467 42.6731
v 38.7726 5.0169 41.4356
v 41.0227 5.1273 41.5076
v 43.5255 6.9009 43.4422
v 46.9077 6.8971 43.4456
v 50.5717 6.6476 42.8573
v -48.3859 9.1287 42.5095
v -44.9294 9.2033 42.4818
v -41.0021 9.9591 41.5777
v -38.6075 8.8922 41.7895
v -35.7631 9.7527 41.6584
v -31.7001 8.3890 42.9742
v -27.5398 10.8484 41.4770
v -25.7346 9.4549 42.3167
v -21.5937 10.1600 41.4541
v -19.4530 9.0560 41.8009
v -16.2928 9.5789 41.6836
v -12.5830 8.8417 43.1716
v -10.9771 7.7639 42.2322
v -6.5882 9.8944 41.9346
v -3.6042 9.2641 42.4053
v -0.3086 9.2882 41.7659
v 3.0572 9.4185 41.7509
v 6.7736 9.0625 42.8015
v 8.7580 7.7638 42.2322
v 12.8863 10.0129 41.6928
v 15.3309 9.0197 42.9099
v 19.0210 9.4615 41.7189
v 22.3140 9.2134 41.7973
v 24.3513 10.2520 41.2952
v 42.3315 9.4364 42.3350
v 43.5255 8.3035 41.8006
v 47.5359 9.4315 42.3170
v 50.5717 8.0891 41.1199
v -47.3875 12.2379 41.4770
v -45.9780 12.3471 41.4098
v -41.4002 12.6342 41.8050
v -35.0213 12.6343 41.8050
v -27.8659 12.1773 41.4770
v -26.4999 12.3608 41.4292
v -21.7507 12.5337 41.7560
v -20.6590 13.9065 42.4249
v -15.4601 12.6875 41.9408
v -14.3108 12.3243 41.0128
v -8.4587 12.1195 41.4770
v -7.1355 12.3147 41.4442
v -2.3144 12.4296 41.4835
v -1.4146 12.9230 42.2588
v 4.2006 12.6356 42.0213
v 5.2228 12.6299 41.0876
v 12.3754 12.2824 41.4496
v 16.8936 12.7255 41.0128
v 18.0049 12.6121 41.9970
v 23.5965 12.8169 42.3307
v 24.4959 12.5289 41.5016
v 42.3296 13.8651 41.2470
v 47.5996 13.9080 41.2378
v -48.8893 16.4979 42.9408
v -44.4588 16.4980 42.9408
v -40.8084 14.8619 41.3659
v -38.6075 15.3466 41.7895
v -35.4689 14.9317 42.2841
v -31.3714 16.4979 42.9408
v -25.3883 16.4724 42.9301
v -22.1083 15.2952 41.7256
v -19.3626 15.2786 41.7542
v -16.2937 15.0846 41.9629
v -12.9353 15.5716 43.3285
v -11.0704 16.9104 42.7200
v -5.9985 16.6500 42.7871
v -4.2269 15.9012 43.0003
v -0.0872 15.1936 41.6998
v 2.8704 15.1572 41.7618
v 6.3638 15.4045 43.3263
v 8.6536 16.9305 42.6929
v 13.5829 16.9305 42.6928
v 15.0109 15.8164 43.3315
v 19.2505 15.1001 41.6306
v 22.1436 15.2044 41.7370
v 24.7083 14.9133 43.0471
v 42.3275 15.0147 42.6444
v 43.5255 16.3178 42.2965
v 47.5207 15.0465 42.6401
v 50.5717 16.7501 41.9395
v -50.8875 19.9888 41.2151
v -48.4737 18.6477 42.9825
v -44.7111 18.4670 42.9927
v -42.0285 18.4311 42.9793
v -38.6029 19.6351 43.3700
v -31.5568 18.8200 43.1867
v -25.2739 18.8003 43.1712
v -23.9512 18.4907 43.2550
v -12.2440 19.2544 43.0269
v -11.1391 18.1342 43.4496
v -5.8690 18.4579 43.0529
v -4.4782 19.4823 43.4705
v 7.1824 19.4341 43.3766
v 8.5121 18.3110 43.0264
v 13.7237 18.3109 43.0264
v 15.0378 19.3849 43.3727
v 20.6055 19.8647 43.4536
v 26.2814 18.7980 43.1444
v 28.3881 18.7034 42.9446
v 31.8524 18.7977 42.9611
v 33.9527 19.6156 42.4880
v 38.7726 19.7539 41.6564
v 40.8109 19.8521 41.4308
v 43.5255 17.6494 43.7468
v 47.0486 17.6494 43.7468
v 50.5717 18.0271 43.3184
v -50.8881 22.5822 42.2703
v -48.7152 21.5074 42.7568
v -45.2642 21.9469 42.8312
v -42.7526 21.7024 43.5427
v -31.1644 22.5780 42.2633
v -25.2239 22.8714 41.5327
v -21.0179 23.1230 40.9065
v -20.1723 23.1229 40.9065
v -16.3673 23.1229 40.9065
v -11.7385 22.8714 41.5327
v -5.7980 22.5780 42.2633
v 8.2944 22.5780 42.2633
v 13.9314 22.5780 42.2633
v 26.6489 21.7024 43.5438
v 28.3669 22.1400 42.8984
v 31.9535 21.3928 42.9023
v 33.6517 22.0094 42.6114
v 39.3090 22.5770 42.2774
v 41.2496 22.7032 41.4262
v 43.5255 22.3657 41.5753
v 46.6258 22.4765 41.4425
v -50.8881 25.7752 41.7959
v -48.7988 25.8689 42.6118
v -45.1154 25.8260 42.5056
v -42.8086 25.7610 42.8679
v -31.1644 25.7695 41.7889
v -25.3865 25.4123 41.5307
v -21.0179 24.3405 40.7564
v -20.1723 24.3405 40.7564
v -16.3674 24.3405 40.7564
v -11.5759 25.4122 41.5307
v -5.7980 25.7695 41.7889
v 8.2944 25.7695 41.7889
v 13.9314 25.7695 41.7889
v 26.6489 25.6483 42.9801
v 28.5777 25.8220 42.3956
v 32.0009 25.8869 42.7457
v 33.7894 25.8931 42.3844
v 39.0791 25.9374 41.8906
v 41.0708 25.3143 41.3541
v 43.5255 25.0484 41.9765
v 46.5361 24.9877 41.8156
v -50.8882 27.3845 40.7564
v -48.1677 28.0978 43.0312
v -44.7846 28.3652 42.9862
v -42.0295 28.4207 42.9954
v -38.3024 28.9816 43.0434
v -35.2279 28.9885 43.0319
v -32.0850 28.8393 42.8720
v -29.1262 28.9967 42.9869
v -25.6360 28.8369 42.7327
v -22.1527 28.9708 43.4625
v -11.4350 27.3788 40.7535
v -5.7980 27.3788 40.7535
v 8.2944 27.3788 40.7535
v 13.9314 27.3788 40.7535
v 19.0492 29.0192 43.4480
v 22.2422 29.0192 43.4480
v 26.0648 28.4294 42.9801
v 28.5912 28.3907 42.9735
v 31.8225 28.2001 43.0327
v 33.9902 27.7711 42.8359
v 38.5043 27.8580 41.5878
v 41.4477 29.4407 42.5789
v 43.5255 29.6767 43.2055
v 48.4430 29.6008 42.8482
v 50.5441 29.7494 42.8762
v 38.7874 32.6855 43.0953
v 42.2574 32.0086 42.2985
v 43.5255 31.0149 41.5690
v 47.6148 31.9881 42.2962
v 50.1391 32.2077 42.0288
v -48.0301 35.0433 43.1232
v -46.2779 35.7770 43.1580
v -38.5264 35.5739 43.3998
v -35.1888 35.2396 43.5297
v -32.2814 35.6823 43.3409
v -24.4976 35.5943 43.3903
v -24.1224 35.3128 43.4565
v -12.4556 35.6219 43.3789
v -5.1061 36.0307 43.1328
v -4.5491 35.4056 43.5009
v 7.2711 35.6039 43.3881
v 14.9730 35.5943 43.3903
v 20.6055 34.9211 43.7355
v 26.8165 35.3533 43.5277
v 27.2794 35.9939 43.1697
v 34.7085 35.5943 43.3903
v 38.4042 35.1832 42.9257
v 40.3725 36.3476 43.3315
v -40.5725 37.4465 43.3315
v -33.0303 37.4465 43.3315
v -23.6616 37.4465 43.3315
v -13.3008 37.4465 43.3315
v -3.9322 37.4465 43.3315
v 6.4286 37.4465 43.3315
v 15.7972 37.4465 43.3315
v 26.1580 37.4465 43.3315
v 35.5266 37.4465 43.3315
v 39.1784 37.3643 43.3315
v -41.0489 -59.9070 46.9243
v -39.3785 -59.7347 46.9483
v -22.0240 -59.7137 46.9693
v -20.2400 -59.9166 46.9147
v -2.2946 -59.7137 46.9693
v -0.5106 -59.9166 46.9147
v 17.1230 -59.6771 47.0008
v 19.0163 -59.8938 46.9159
v -44.4525 -40.1324 44.6353
v -41.7576 -38.7891 45.3833
v -38.7490 -38.8919 45.3570
v -36.1584 -40.3119 44.4402
v -25.0192 -40.3120 44.4401
v -22.4003 -38.8790 45.3353
v -19.3424 -38.8232 45.4074
v -16.6394 -40.1804 44.5717
v -5.5816 -40.4973 44.2761
v -3.1913 -39.0417 45.1898
v -0.1306 -38.7686 45.4749
v 2.7534 -39.9373 44.7344
v 13.8738 -40.5912 44.1708
v 16.0430 -39.2624 45.0301
v 19.0724 -38.7661 45.5157
v 22.0185 -39.6163 44.8795
v 24.0187 -40.7730 44.1895
v -43.6806 -36.2298 45.5574
v -42.3202 -36.1494 46.3311
v -38.0700 -36.1881 46.0767
v -36.9395 -35.1625 45.0605
v -24.2098 -35.2205 45.3673
v -23.0309 -36.2224 46.1109
v -18.7224 -36.2477 46.2514
v -17.4102 -35.9735 45.5359
v -3.4660 -36.1199 46.0278
v 0.5000 -36.3676 46.5083
v 1.9995 -36.0364 45.6747
v 16.1738 -36.0806 45.9893
v 19.4730 -36.5692 46.6661
v 21.5014 -36.0567 45.8404
v -43.7953 -33.4300 45.5042
v -42.4405 -33.1269 44.9520
v -38.0103 -33.2127 45.0823
v -36.9423 -33.9195 45.9762
v -24.2158 -33.8625 45.9106
v -23.0557 -33.1525 45.0103
v -18.6526 -33.1072 44.9591
v -17.3344 -33.5498 45.5869
v -3.6076 -33.3252 45.1971
v 0.3963 -32.5683 44.5270
v 1.9912 -33.5878 45.4925
v 16.0255 -33.4003 45.2411
v 19.2496 -32.1777 44.4307
v 21.5776 -33.5038 45.3377
v -41.7710 -31.0508 44.4917
v -38.9706 -31.0815 44.5292
v -22.2062 -31.0815 44.5292
v -19.4060 -31.0508 44.4917
v -2.7987 -31.1635 44.6319
v -0.1723 -30.9753 44.3609
v 1.6118 -31.3759 45.2597
v 16.7741 -31.2135 44.6984
v 19.0692 -30.8967 44.2823
v 21.0011 -31.3242 44.8757
v 19.0551 -19.4854 44.6825
v 20.9156 -19.1579 44.6825
v -34.3132 -15.3922 43.8595
v 17.3135 -18.1059 44.6825
v 18.8316 -16.9948 44.6825
v 21.0976 -17.5072 44.6825
v -50.1993 -12.6030 45.3356
v -40.4863 -12.7074 45.4780
v -39.9693 -12.4925 44.9068
v -34.3112 -14.0046 44.0187
v -33.1698 -13.0856 44.7090
v -23.3624 -12.6188 45.2427
v -18.0303 -12.8691 44.3048
v -13.5890 -12.6170 45.2751
v -3.6236 -12.6225 45.2292
v 6.1491 -12.6198 45.2824
v 16.1058 -12.6163 45.2365
v 25.8692 -12.6243 45.2569
v 35.8257 -12.6189 45.2428
v 39.1802 -12.5096 44.5474
v 40.0483 -12.2290 44.2154
v -50.2547 -11.1994 46.1134
v -47.9693 -10.0261 45.1902
v -46.0571 -10.4818 45.0284
v -40.7191 -11.1878 46.4258
v -38.9536 -10.7262 44.9042
v -33.8393 -11.3273 45.3244
v -32.3239 -10.9848 45.0129
v -30.1300 -11.7188 43.9369
v -24.6301 -10.5637 44.6906
v -23.3133 -11.4119 46.1089
v -18.0303 -11.8827 45.1222
v -12.8625 -10.8886 45.2707
v -5.1160 -10.6920 44.9430
v -4.0101 -10.9799 45.3585
v 6.8787 -10.8938 45.2803
v 15.3572 -10.8953 45.2606
v 20.6055 -10.7290 44.7295
v 26.1744 -11.0298 45.5027
v 27.2883 -10.6786 44.9032
v 35.2197 -10.7347 45.3406
v 38.2354 -10.5747 44.9895
v 40.1674 -10.8551 44.4521
v -50.0840 -8.0933 46.5098
v -48.2761 -8.0627 45.1858
v -46.0850 -8.6251 45.0395
v 38.6610 -8.6203 45.2009
v 42.3290 -6.2497 44.4609
v 47.5772 -6.2282 44.4508
v 49.9122 -6.5835 44.6274
v -48.9872 -3.0104 44.6500
v -28.9561 -3.7344 45.2349
v -27.1255 -3.3821 45.2349
v -9.2267 -3.7344 45.2349
v -7.3961 -3.3821 45.2349
v 9.8925 -3.3821 45.2349
v 11.7231 -3.7344 45.2349
v 29.6219 -3.3821 45.2349
v 31.4525 -3.7344 45.2349
v 33.6608 -2.6796 44.3310
v 42.2628 -3.9060 45.7921
v 43.5255 -3.4140 44.7069
v 47.6305 -3.9124 45.8022
v 50.2389 -3.9614 45.5077
v -49.3906 -1.4547 44.4585
v -28.3459 -1.9729 45.2349
v -8.6165 -1.9729 45.2349
v 11.1129 -1.9729 45.2349
v 30.8423 -1.9729 45.2349
v 33.6608 -1.4177 44.4031
v 42.1545 -0.8194 46.5710
v 43.5255 -0.4754 45.1865
v 47.6344 -0.8440 46.5114
v 50.4815 -0.5115 45.9288
v -48.3891 3.1164 44.6310
v -46.1049 3.5661 44.8878
v -41.3628 3.2116 46.1758
v -38.7671 3.5729 44.8280
v -33.8354 3.6641 45.4097
v -32.1832 3.6065 44.8928
v -29.1370 3.6692 45.2896
v -25.1346 3.6817 44.9373
v -23.2322 3.6641 46.0592
v -12.5238 3.6089 44.8982
v -9.2267 4.0164 45.2349
v -5.1762 3.6805 45.1180
v -4.4209 3.5493 44.7498
v 7.2336 3.6059 44.9146
v 9.8053 3.7774 45.3167
v 12.2934 3.6804 45.3034
v 14.9977 3.6076 44.9274
v 20.6055 2.2492 43.8313
v 26.5794 3.5290 44.7801
v 27.4179 3.6786 45.0747
v 31.4525 4.0164 45.2349
v 33.6608 3.3675 44.4481
v 42.0700 3.0480 46.4442
v 43.5255 2.5228 45.0510
v 47.7766 3.0269 46.4322
v 50.4563 2.9985 45.9959
v -50.2460 5.3519 45.6512
v -49.0119 6.6344 44.6505
v -44.8583 6.2014 44.4895
v -40.4951 5.4508 45.9297
v -39.2477 5.8785 44.7543
v -34.4741 5.3547 45.0237
v -32.4437 5.7904 45.2114
v -29.2537 6.0831 44.4828
v -25.7043 5.9480 44.6871
v -23.3519 5.4031 45.6380
v -18.8613 7.4627 44.2215
v -17.3884 7.5254 44.1709
v -13.1972 5.7613 45.3194
v -10.5636 5.9039 44.0790
v -5.5240 6.2161 44.5917
v -3.8245 5.6410 45.4181
v 0.6347 7.4700 44.2140
v 2.0976 7.4912 44.2008
v 6.5388 5.7635 45.3213
v 9.5028 5.7669 44.5563
v 12.6644 5.8115 44.5439
v 15.6670 5.7683 45.3389
v 20.1622 7.3218 44.2666
v 21.5911 7.4700 44.2140
v 25.9253 5.4256 45.6048
v 27.5631 4.7404 44.4149
v 31.2491 5.7779 45.2349
v 33.6608 4.6035 44.1282
v 42.3501 6.0394 45.6389
v 43.5255 5.4707 44.5049
v 47.5364 6.0269 45.6334
v 50.5717 5.8437 44.4270
v -49.1002 8.2675 44.5513
v -44.7392 9.2465 44.8754
v -41.6833 9.3516 45.6681
v -38.6944 8.1729 45.0014
v -34.8372 9.3299 45.4370
v -32.1427 8.4827 44.5161
v -25.0634 9.2464 44.8754
v -22.0818 9.4333 45.7519
v -19.6514 8.2667 44.9445
v -15.4907 9.0920 45.4608
v -13.4746 9.2435 44.9474
v -5.4114 9.3888 44.9466
v -2.6966 9.3718 45.7050
v -0.4323 8.3827 44.8808
v 3.4715 8.6388 44.9870
v 5.6368 9.3726 45.4107
v 14.0779 9.6627 44.9026
v 15.7796 9.3120 45.3752
v 18.4635 8.8394 45.2566
v 22.6206 8.4034 44.9091
v 24.7315 9.5970 45.5834
v 42.3574 8.1092 44.3523
v 47.5874 8.0881 44.3591
v -47.1396 12.1195 43.8257
v -46.0783 12.1196 43.8257
v -33.9343 12.8678 44.7632
v -33.5679 12.3095 44.2345
v -27.6406 12.1195 43.8257
v -26.6007 12.1196 43.8257
v -14.0439 12.6225 44.5309
v -7.2073 12.1195 43.8257
v 5.6855 12.6225 44.5309
v 12.5221 12.1195 43.8257
v 25.4149 12.6225 44.5309
v 42.1050 11.8039 45.0320
v 49.1737 11.4882 44.8234
v -56.5308 16.3473 45.2349
v -50.8938 16.3473 45.2349
v -49.1141 16.4072 44.7187
v -44.6371 15.3579 44.8831
v -41.6668 14.8911 45.6559
v -39.2432 16.1146 45.0534
v -34.5520 14.8811 46.0921
v -32.0031 16.4072 44.7174
v -28.8442 17.1069 45.2249
v -25.0399 15.4077 44.8918
v -22.0712 14.8126 45.7401
v -19.7723 16.0125 45.0600
v -15.1939 14.9736 46.0032
v -13.1410 15.7653 45.2800
v -5.3744 15.1002 44.9739
v -2.8651 15.0532 45.6066
v -0.3018 15.9071 45.0497
v 3.2057 16.1430 44.5307
v 5.9903 15.3580 45.7040
v 10.1479 17.1727 45.2285
v 13.6646 15.0667 44.9651
v 15.6670 15.2182 45.3146
v 18.8430 15.5686 45.2813
v 22.2499 16.6191 44.0029
v 24.8111 14.7161 46.3232
v 42.3552 16.5805 44.6629
v 47.5613 16.6083 44.6624
v -56.5308 20.5750 45.2349
v -50.2517 18.9014 45.6487
v -48.6870 19.0354 44.3986
v -45.7611 19.6500 44.5222
v -40.5473 18.9497 45.9875
v -39.2057 19.4777 44.9108
v -34.1227 18.6431 44.9922
v -32.4417 19.2352 45.1809
v -29.2974 18.9790 44.6440
v -25.6513 19.3989 44.7425
v -23.3501 18.9691 45.6856
v -19.5577 17.6978 44.7092
v -14.8486 17.7464 44.5921
v -13.1849 19.2500 45.2514
v -10.4151 18.5448 44.2074
v -5.4970 19.5383 44.6561
v -3.8702 19.1851 45.3907
v 0.1717 17.6978 44.7092
v 4.6304 17.7576 44.5647
v 6.4947 19.1981 45.2303
v 9.4717 18.9889 44.6942
v 12.7061 18.9423 44.6899
v 15.6069 19.3382 45.3029
v 19.9010 17.6978 44.7092
v 25.9118 18.9616 45.3917
v 27.4649 20.0878 44.8583
v 31.3305 19.1658 45.2349
v 33.6608 20.0198 44.4031
v 42.2995 19.0014 46.0062
v 43.5255 19.5145 44.8737
v 47.5650 18.9628 46.0103
v 50.5265 20.2321 45.2587
v -56.5308 22.7755 46.3257
v -50.8938 22.7755 46.3257
v -48.4331 21.6100 44.7118
v -46.0516 21.6180 45.0530
v -42.0287 22.0537 45.2462
v -38.5136 22.2686 45.0350
v -35.2825 22.7068 45.0160
v -32.1713 22.1921 44.8692
v -29.2346 22.2130 45.3515
v -25.1012 21.2628 44.8686
v -12.4489 21.3340 44.7116
v -5.0892 21.2592 45.1955
v -4.6157 21.4263 44.4627
v 7.3022 21.3126 44.7347
v 10.1096 21.1216 45.2452
v 12.0509 21.1407 45.2453
v 14.9162 21.3357 44.7778
v 26.7927 21.3717 44.3046
v 27.3981 21.2801 45.1773
v 33.6608 21.2816 44.3310
v 42.0520 21.8729 46.5011
v 43.5255 22.2101 45.1907
v 47.7744 21.9325 46.5110
v 50.4498 21.5572 46.0850
v -56.5308 24.8274 46.3828
v -50.8938 24.8274 46.3828
v -49.3336 26.2623 44.4639
v -41.2771 25.9163 45.2421
v -38.5873 25.6486 45.0638
v -35.3398 25.0439 45.8164
v -32.0235 25.1160 45.7580
v -28.9642 25.6605 45.0011
v -26.4492 26.1473 45.3296
v -9.2267 26.5643 45.2349
v -7.3961 26.9166 45.2349
v 9.8925 26.9166 45.2349
v 11.7231 26.5643 45.2349
v 29.6219 26.9166 45.2349
v 31.4525 26.5643 45.2349
v 33.6608 26.2120 44.3713
v 42.1997 25.9827 46.4765
v 43.5255 25.1441 45.0263
v 47.6321 25.9534 46.4588
v 50.4687 25.6781 45.8008
v -56.5308 30.4397 45.2349
v -50.8900 30.4472 44.7013
v -48.0753 28.3258 45.2349
v -43.5319 29.6336 45.8475
v -41.6938 28.9468 44.9426
v -38.2633 29.1111 45.9029
v -35.4397 28.3496 45.2302
v -31.9596 28.7051 45.2630
v -28.6140 28.7748 45.9881
v -25.8169 29.0433 44.9091
v -9.0233 28.3258 45.2349
v -7.3961 28.3258 45.2349
v 9.8925 28.3258 45.2349
v 11.5197 28.3258 45.2349
v 29.6219 28.3258 45.2349
v 31.2491 28.3258 45.2349
v 42.2740 28.9974 45.3245
v 43.5255 28.0186 44.5049
v 47.6184 29.0092 45.3142
v 50.1526 28.9039 45.3639
v -50.1433 32.6596 46.4670
v -48.1556 32.7010 45.2030
v -44.8450 32.7465 45.3286
v -41.6344 32.2652 45.2043
v -37.9115 32.1934 45.3448
v -30.6627 33.4216 45.2265
v -29.5712 32.0913 45.5831
v -25.3221 32.4339 45.0800
v -24.1267 31.8602 46.0974
v -12.6151 33.2695 44.6211
v -5.1047 33.2694 45.2011
v -4.6157 33.2695 44.4627
v 7.2788 33.2695 44.7088
v 14.9570 33.2695 44.7088
v 26.8045 33.2695 44.3522
v 27.2755 33.2695 45.1546
v 34.7717 33.4283 45.0364
v 37.9923 33.3913 45.0546
v 42.2138 31.2979 44.1402
v 47.5654 31.0756 44.0983
v 49.8107 31.3731 44.3161
v -50.2567 36.0394 45.8660
v -47.9420 34.5743 45.1442
v -46.1059 34.9441 44.9954
v -41.0715 35.5800 45.6548
v -39.2241 35.6427 44.9610
v -35.0189 35.5126 45.2463
v -32.8223 35.8877 45.6551
v -28.3842 35.0218 45.7496
v -25.1538 35.0157 44.7323
v -23.2932 36.1321 45.7862
v -13.0776 35.6169 45.3590
v -5.1168 35.0556 44.9236
v -3.8568 35.7987 45.4225
v 6.6609 35.6113 45.3620
v 15.5900 35.6296 45.3242
v 26.0166 35.8572 45.5513
v 27.2892 35.0398 44.8846
v 35.4120 35.4831 45.3931
v 38.4720 35.4303 44.9027
v 40.1054 35.8512 44.3971
v -50.0009 37.3387 44.7622
v -40.4954 37.3344 44.7149
v -40.1035 37.1299 44.2651
v -33.9829 37.4859 46.6442
v -33.1300 37.3230 44.6875
v -23.4971 37.3095 44.6303
v -13.4006 37.3230 44.6875
v -3.7416 37.3095 44.6303
v 6.3288 37.3230 44.6875
v 15.9179 37.3117 44.6650
v 26.0582 37.3230 44.6875
v 35.6473 37.3117 44.6650
v 39.0065 37.2360 44.0061
v -46.5962 -58.9192 49.0101
v -44.9077 -59.0015 48.5664
v -41.6923 -60.0000 47.8215
v -38.3755 -59.7530 47.7033
v -35.7423 -58.9973 48.7118
v -25.4314 -58.9788 48.6949
v -22.8499 -59.7635 47.7166
v -19.4035 -59.9382 47.7960
v -16.0910 -59.0105 48.6604
v -14.5466 -58.9446 48.9846
v -6.0926 -58.9399 48.8106
v -3.6575 -59.5513 47.9452
v 0.1750 -59.9903 47.8077
v 3.1803 -59.0680 48.4565
v 4.9792 -58.8105 49.1311
v 13.2252 -58.6092 49.0962
v 15.7080 -59.5701 48.0136
v 19.1451 -59.9277 47.8561
v 22.0334 -59.5002 48.0265
v 24.3900 -58.6767 49.3063
v -47.3231 -56.9839 49.7763
v -46.0473 -57.6455 49.0444
v -34.4048 -57.3719 49.3176
v -33.2822 -56.9109 49.8963
v -27.8203 -56.9386 49.8559
v -26.7783 -57.3344 49.3589
v -15.1228 -57.6419 49.0372
v -13.8453 -57.0009 49.7630
v -8.3671 -57.0234 49.9402
v -7.3308 -57.1707 49.5076
v 4.3921 -57.7992 48.9357
v 5.7548 -57.0571 49.6859
v 12.1595 -57.1365 49.6074
v 25.2823 -57.1671 49.5748
v -43.4436 -35.1912 47.4140
v -41.5588 -36.0058 47.9934
v -39.0314 -35.9391 47.9565
v -22.1197 -35.9354 47.9506
v -19.5288 -35.9876 47.9874
v -17.6188 -35.2164 47.1070
v -2.6997 -35.8222 47.8792
v -0.2509 -36.0848 48.0484
v 1.7407 -35.4677 47.6075
v 16.7446 -35.7488 47.8739
v 19.0566 -36.1081 48.0217
v 21.1285 -35.6065 47.8489
v -43.7155 -34.0813 47.6328
v -42.6631 -34.6652 47.7738
v -37.7143 -34.4126 47.7357
v -36.9479 -33.2913 47.1752
v -24.2056 -33.4128 47.2966
v -23.3666 -34.4933 47.7541
v -18.4012 -34.6213 47.8406
v -17.4208 -34.0376 47.5476
v -3.7305 -34.3733 47.7033
v 1.0698 -34.6929 47.5799
v 2.0895 -34.2024 47.7539
v 15.9989 -34.3733 47.7033
v 20.6106 -34.8618 47.7490
v 21.6401 -34.2780 47.6965
v 19.0858 -19.4565 47.5010
v 20.9470 -19.0288 47.5010
v 18.8473 -17.0282 47.5010
v 21.0706 -17.5700 47.5010
v -45.3355 -9.8596 49.3810
v -41.7429 -9.6602 48.8403
v -39.3493 -8.9492 48.0963
v -18.0303 -9.7294 48.0590
v -7.1453 -9.0304 47.5010
v -2.4835 -10.4283 48.6171
v 15.3462 -9.0304 47.5010
v 20.6055 -10.4283 48.6171
v 32.1176 -9.5280 48.6312
v 34.4391 -9.4353 48.6309
v 38.8129 -9.5570 49.0759
v 40.1796 -9.2937 49.1261
v -47.5557 -7.4351 48.6182
v -45.5415 -8.2760 48.4950
v -41.5399 -8.2262 49.2476
v -39.5793 -8.2710 49.3110
v 31.8840 -8.1007 49.3075
v 34.9523 -8.0314 49.0537
v 38.4567 -7.3910 48.5675
v 40.4288 -7.2040 49.5307
v 30.5717 -4.8026 49.4796
v 38.7047 -5.0750 49.0167
v 41.7862 -2.7163 47.2598
v 48.9896 -2.7208 47.2699
v 49.7440 -2.7141 47.2548
v 42.3567 -0.3333 47.2563
v 47.5460 -0.3507 47.2234
v 49.8851 -0.2205 47.5983
v -47.8863 2.9031 48.8504
v -45.0541 2.9401 48.9293
v -41.8729 2.4430 49.0264
v -39.4930 1.6890 48.9402
v -28.7164 3.8039 48.0562
v -26.6887 3.9861 48.1239
v -22.7089 3.6641 47.6701
v -18.0303 2.2492 47.5010
v -2.4835 3.6641 48.6171
v 10.1402 3.7746 48.0246
v 11.9157 3.8416 48.0561
v 16.7499 3.6641 48.6171
v 20.1321 3.9217 48.8990
v 22.2118 3.9570 48.8989
v 25.5239 4.0385 49.0171
v 28.4594 1.8238 48.7319
v 42.2389 2.4510 47.3630
v 47.7853 2.2893 47.2715
v 49.7961 2.9094 47.6662
v -50.3951 5.0418 48.8990
v -48.2396 4.8817 48.8989
v -44.7832 4.9568 48.8989
v -43.0407 4.9920 48.8989
v -30.5782 5.0733 48.0534
v -29.0870 6.1910 48.0534
v -26.7348 5.5739 48.0534
v 9.7968 5.8794 48.0534
v 12.3662 5.9285 48.0534
v 20.2687 4.9860 48.8989
v 22.0569 4.9684 48.8989
v 25.4448 4.8602 48.8989
v 27.5251 5.0418 48.8990
v 42.6805 4.8318 47.3135
v 48.5982 4.8318 47.3135
v 28.0351 7.8918 47.5010
v -39.0826 16.6958 47.1284
v -34.5125 16.6965 47.1265
v -28.6583 17.0608 48.0534
v -27.0964 17.2962 48.0534
v -19.3532 16.6958 47.1284
v -14.8409 16.6905 47.1410
v -14.5232 16.7235 47.0616
v 0.3762 16.6958 47.1284
v 4.6304 16.6788 47.1690
v 4.9779 16.6984 47.1223
v 10.2665 17.1219 48.0534
v 11.8534 17.0956 48.0534
v 20.1056 16.6958 47.1284
v 24.6757 16.6965 47.1265
v 39.3090 16.9110 47.5010
v -56.5308 20.6230 48.4649
v -54.2004 19.1658 48.0534
v -50.5885 19.3735 48.7919
v -48.1342 19.6067 48.8990
v -44.8528 19.6542 48.8969
v -42.6039 20.1163 48.9594
v -30.5782 19.1658 48.0534
v -28.9965 19.3124 48.0547
v -26.7102 19.1168 48.0534
v -24.1182 20.5750 48.6171
v 9.8426 19.2448 48.0651
v 12.2821 19.2417 48.0544
v 20.2003 19.7851 48.8989
v 22.1146 19.6475 48.8989
v 25.4333 19.6638 48.9126
v 27.5251 19.1972 48.8990
v 42.2316 20.2360 47.5391
v 48.5830 20.1670 47.4352
v 49.7741 20.6173 47.7990
v -56.5308 22.0237 49.1184
v -50.8938 22.0237 49.1184
v -47.8607 22.0343 48.8233
v -45.1164 22.0740 48.9571
v -41.6244 22.3907 49.0456
v -39.0511 22.7105 49.0999
v -35.2186 23.1919 48.1665
v -32.2994 23.0388 48.2958
v -29.5547 23.0571 49.4363
v -14.0280 21.9899 47.5010
v 6.8908 21.9899 47.5010
v 20.6055 21.9899 47.5010
v 26.9556 20.9160 50.0771
v 28.4594 22.4153 48.7319
v 42.2828 22.3281 47.3341
v 47.7066 22.4835 47.2597
v 49.8070 21.5641 47.6540
v -56.5308 25.3257 48.7923
v -54.3225 26.5643 48.0534
v -50.9509 25.3825 48.7659
v -41.0256 26.2924 48.7122
v -38.5919 25.2494 47.8166
v -35.2042 25.8014 48.0831
v -31.5088 25.0240 47.7627
v -28.8327 25.5733 47.8785
v -26.5604 26.6002 48.8701
v 42.3304 25.2672 47.2335
v 47.5671 25.2488 47.1970
v 49.8618 25.4498 47.4885
v -54.1191 28.3258 48.0534
v -52.4919 28.3258 48.0534
v -43.5658 29.4617 49.2262
v -41.6047 28.9266 47.8680
v -38.4043 29.2965 48.9143
v -35.7635 27.6804 49.3288
v -31.6088 27.7368 49.2926
v -29.2534 29.0288 48.6418
v -26.2187 29.0549 47.9768
v 31.9284 29.6974 49.4363
v 38.7385 29.6918 48.8894
v 40.9525 29.3336 48.6810
v 49.3372 27.7058 47.1966
v 49.6247 27.6748 47.1149
v -47.5747 31.6786 48.6175
v -45.0889 32.5502 48.5355
v -42.0717 32.2464 47.8328
v -39.0890 31.8489 48.9143
v -28.8773 31.8489 48.9143
v -25.4794 32.3867 48.0093
v -24.1327 32.2931 49.4097
v 6.8852 33.2695 47.5010
v 26.6258 33.2695 47.5010
v 31.8571 32.6980 48.8945
v 34.8198 32.4711 48.8182
v 38.4543 32.1739 48.5711
v 40.3138 32.5973 49.3044
v -45.4127 34.2156 49.5107
v -41.9833 34.4906 48.5885
v -38.4043 34.4014 48.9143
v -35.6345 36.3854 49.0478
v -31.4304 36.2703 48.9143
v -29.5614 34.4014 48.9143
v -26.1925 34.5022 48.2790
v -12.8442 34.6674 48.6171
v -2.9795 34.6674 48.6171
v 20.6055 34.6674 48.6171
v 32.4204 34.5250 49.3689
v 34.4487 34.4372 49.5212
v 39.0090 34.3879 49.2066
v 39.9234 34.0944 48.9685
v -33.9829 37.3845 48.4604
v -47.5793 -58.0211 50.9787
v -33.8589 -57.8764 51.2648
v -33.2533 -58.0418 50.9378
v -27.9256 -58.0417 50.9378
v -27.3200 -57.8764 51.2648
v -13.5996 -58.0211 50.9787
v -8.4065 -58.0102 50.7345
v -7.8344 -58.0320 51.2228
v 6.1298 -58.0211 50.9787
v 11.6089 -58.0211 50.9787
v 25.8592 -58.0211 50.9787
v -47.9689 -56.0462 51.5460
v -34.1106 -57.2488 50.8454
v -32.7601 -55.8202 51.6556
v -28.4152 -55.8658 51.6511
v -27.0682 -57.2488 50.8454
v -13.1995 -55.9987 51.5543
v -8.8168 -55.8518 51.6584
v -7.7316 -56.5397 51.2606
v 6.5299 -55.9987 51.5543
v 10.5850 -55.8941 51.7653
v 11.6271 -56.1439 51.4050
v 26.1273 -56.0126 51.4866
v 27.1830 -55.9015 52.0279
v -48.4255 -54.0453 52.7693
v -32.4938 -53.9653 52.8548
v -28.6961 -54.0453 52.7693
v -12.7644 -53.9653 52.8548
v -8.9667 -54.0453 52.7693
v 6.9650 -53.9653 52.8548
v 10.4821 -54.0378 52.7666
v 11.1680 -54.0563 52.7733
v 26.5540 -53.9175 52.8334
v 27.2910 -54.1687 52.9457
v -50.1648 -9.6530 50.8719
v -48.1033 -10.1319 50.8719
v -45.4225 -9.3987 50.5746
v -41.7495 -9.3551 50.7275
v 32.4807 -9.3603 50.7457
v 34.8132 -9.7483 50.7494
v 37.8521 -9.9150 50.8252
v -50.0858 -8.0684 50.8719
v -48.0491 -7.6249 50.8461
v -46.1055 -8.0256 50.6062
v 32.3925 -6.2711 50.8578
v 35.2872 -7.6111 50.8280
v 38.5202 -7.4303 50.7551
v 39.9854 -6.6938 50.5156
v -44.5687 2.5567 50.5267
v -41.7094 2.5871 50.7311
v -28.9561 4.0164 50.8719
v -27.1255 4.3687 50.8719
v 9.8925 4.3687 50.8719
v 11.7231 4.0164 50.8719
v 27.5988 2.6787 50.7084
v -28.7527 5.7779 50.8719
v -27.1255 5.7779 50.8719
v 9.8925 5.7779 50.8719
v 11.5197 5.7779 50.8719
v -28.8341 19.1658 50.8719
v -27.1255 19.1658 50.8719
v 9.8925 19.1658 50.8719
v 11.6011 19.1658 50.8719
v -56.5308 22.7357 50.6802
v -50.8938 22.7357 50.6802
v -44.5687 21.6824 50.5267
v -41.7094 21.6519 50.7311
v -35.2174 23.5203 50.8719
v -32.3369 23.5682 50.8719
v 27.5988 21.5604 50.7084
v -56.5308 24.7091 50.5157
v -50.8938 24.7091 50.5157
v -40.6721 26.6759 50.8678
v -38.6424 24.8760 50.8719
v -30.7416 24.0248 50.8719
v -28.6627 25.3664 50.8719
v -26.9423 27.1421 50.8719
v -41.9028 28.9700 50.8380
v -26.0559 29.0135 50.8719
v 31.6878 30.1578 50.8719
v 39.5418 30.2827 50.8236
v 39.9967 30.2649 50.5637
v -50.1768 32.7317 50.8719
v -48.0558 32.2262 50.8522
v -45.6702 32.9797 50.5364
v -42.4837 33.3165 50.7549
v -25.6191 32.7823 50.8465
v 32.5362 33.3211 50.8218
v 34.9051 32.5510 50.7962
v 38.4193 32.0248 50.7480
v 39.9806 31.2184 50.4950
v -50.0460 34.3111 50.8719
v -48.1133 34.7227 50.8719
v -45.6000 34.2728 50.7648
v -42.3367 34.0227 50.4493
v -25.7974 33.9910 50.5337
v 32.4169 33.9769 50.5337
v 35.2208 34.4859 50.7390
v 37.5934 34.6271 50.8719
v -48.4453 -55.0584 53.8356
v -32.4629 -55.0585 53.8356
v -28.7159 -55.0584 53.8356
v -12.7335 -55.0585 53.8356
v -8.9865 -55.0584 53.8356
v 6.9959 -55.0585 53.8356
v 10.4195 -55.1011 53.8783
v 11.3088 -54.9838 53.7609
v 26.4020 -55.1012 53.8783
v 27.2910 -54.9838 53.7609
v -47.8652 -52.5118 55.0087
v -34.0411 -51.9574 55.9719
v -32.8268 -52.6556 54.8186
v -28.3399 -52.6251 54.8117
v -27.1377 -51.9574 55.9719
v -13.3117 -52.5324 55.0221
v -8.7925 -52.6916 54.7941
v -7.7152 -52.1897 55.3928
v 6.4177 -52.5324 55.0221
v 10.6027 -52.9374 54.7067
v 11.6632 -52.3107 55.1513
v 26.0408 -52.4832 55.0307
v 27.1253 -52.9858 54.9435
v -47.3081 -50.8273 55.8951
v -46.0561 -50.2604 56.4190
v -34.4273 -50.5048 56.1626
v -33.2985 -50.9749 55.7883
v -27.8542 -51.0237 55.7362
v -26.6417 -50.3491 56.3199
v -15.1315 -50.2676 56.4223
v -13.8471 -50.8819 55.8341
v -8.3243 -51.1209 55.7202
v -7.1531 -50.4874 56.1790
v 4.4073 -50.1697 56.5654
v 5.7760 -50.8326 55.8696
v 12.2975 -50.6382 56.0697
v 25.2447 -50.7063 56.0022
v -47.5981 -52.2419 56.8527
v -45.9107 -51.3357 57.8293
v -34.9975 -51.3357 57.8293
v -33.3102 -52.2419 56.8527
v -27.8687 -52.2419 56.8527
v -26.1813 -51.3357 57.8293
v -15.2681 -51.3357 57.8293
v -13.5808 -52.2419 56.8527
v -8.3628 -52.0519 56.8447
v -7.0792 -51.8054 57.4142
v 4.3974 -51.3543 57.7576
v 5.9349 -52.1044 57.0230
v 12.2651 -51.8794 57.2434
v 25.2030 -51.8794 57.2434
v -46.5962 -50.2333 57.6962
v -44.8485 -49.7085 57.7895
v -41.5813 -48.8726 58.7421
v -38.4220 -48.8621 58.5208
v -35.7790 -49.8308 57.7536
v -25.3814 -49.8312 57.7701
v -22.6870 -48.8386 58.5278
v -19.5716 -48.8854 58.7440
v -16.1773 -49.7507 57.7632
v -14.5466 -50.2079 57.7220
v -6.0056 -49.8726 57.7327
v -3.5825 -49.1357 58.3631
v -0.0265 -48.8523 58.7321
v 3.1522 -49.5840 57.8256
v 5.0118 -50.2809 57.5457
v 13.2424 -50.1462 57.3612
v 15.7503 -49.2174 58.3523
v 19.1271 -48.7846 58.6745
v 22.0368 -49.2624 58.2933
v 24.3959 -50.2996 57.3310
f 3 2 1
f 2 9 1
f 44 1 2
f 1 4 3
f 1 8 4
f 9 8 1
f 1 43 8
f 2 3 45
f 44 9 2
f 45 44 2
f 46 3 4
f 46 45 3
f 4 12 5
f 11 4 8
f 11 12 4
f 54 4 11
f 54 46 4
f 12 47 5
f 12 5 55
f 47 55 5
f 6 14 7
f 50 6 7
f 59 14 6
f 50 49 6
f 6 49 59
f 7 14 15
f 60 7 15
f 60 50 7
f 9 10 8
f 9 8 53
f 8 10 11
f 52 8 43
f 10 9 34
f 33 34 9
f 9 53 33
f 44 53 9
f 10 54 11
f 34 32 10
f 32 106 10
f 54 10 106
f 12 55 47
f 13 17 18
f 17 56 13
f 13 18 56
f 15 14 60
f 59 60 14
f 15 60 16
f 16 61 15
f 21 15 60
f 60 15 61
f 16 60 61
f 19 18 17
f 25 19 17
f 25 17 35
f 17 65 35
f 56 65 17
f 58 18 19
f 58 56 18
f 19 26 20
f 58 19 20
f 25 26 19
f 22 20 26
f 20 22 49
f 59 20 49
f 20 59 58
f 22 27 23
f 23 61 22
f 26 27 22
f 51 49 22
f 61 51 22
f 23 28 24
f 24 63 23
f 28 23 27
f 63 61 23
f 36 24 28
f 24 36 112
f 63 24 68
f 68 24 112
f 26 25 29
f 31 29 25
f 31 25 35
f 29 27 26
f 30 28 27
f 30 27 29
f 31 28 30
f 36 28 31
f 29 31 30
f 35 36 31
f 34 39 32
f 39 40 32
f 106 32 40
f 34 33 38
f 33 108 38
f 108 33 53
f 34 38 39
f 35 110 36
f 110 35 65
f 112 36 110
f 40 122 37
f 41 39 38
f 41 38 130
f 115 38 108
f 125 38 115
f 125 130 38
f 131 40 39
f 39 41 42
f 39 42 131
f 40 116 106
f 122 116 40
f 127 122 40
f 40 132 127
f 132 40 131
f 41 131 42
f 131 41 130
f 132 42 131
f 53 44 43
f 44 108 43
f 53 43 52
f 52 43 405
f 107 43 108
f 138 43 107
f 405 43 138
f 44 45 104
f 108 44 104
f 46 106 45
f 105 104 45
f 45 106 105
f 46 54 47
f 140 46 47
f 106 46 139
f 46 140 139
f 55 47 54
f 47 55 409
f 47 409 140
f 48 59 49
f 48 49 142
f 58 59 48
f 141 58 48
f 48 142 141
f 49 50 60
f 51 143 49
f 60 59 49
f 142 49 143
f 60 51 50
f 50 51 61
f 50 61 60
f 61 51 60
f 51 61 143
f 53 52 115
f 52 121 115
f 52 144 121
f 52 415 144
f 52 405 415
f 108 53 115
f 145 55 54
f 145 54 106
f 419 55 145
f 419 409 55
f 56 58 57
f 148 56 57
f 65 56 66
f 65 147 56
f 65 56 431
f 66 56 148
f 147 56 148
f 147 650 56
f 420 431 56
f 650 420 56
f 149 57 58
f 149 148 57
f 141 150 58
f 58 150 149
f 61 63 62
f 143 61 62
f 62 63 153
f 143 62 153
f 63 68 64
f 155 63 64
f 154 153 63
f 155 154 63
f 69 64 68
f 69 155 64
f 68 65 66
f 65 68 112
f 110 65 112
f 110 431 65
f 110 65 508
f 147 159 65
f 159 65 658
f 65 431 508
f 65 431 658
f 71 67 66
f 67 161 66
f 66 160 68
f 160 71 66
f 66 148 160
f 66 161 160
f 71 72 67
f 72 161 67
f 69 68 113
f 112 113 68
f 162 112 68
f 148 154 68
f 160 148 68
f 68 154 162
f 163 69 113
f 155 69 163
f 70 84 71
f 169 70 71
f 78 70 77
f 167 77 70
f 78 84 70
f 167 70 168
f 168 70 169
f 71 84 72
f 71 160 169
f 73 72 84
f 72 73 171
f 161 72 170
f 171 170 72
f 73 80 74
f 73 74 172
f 79 80 73
f 73 84 79
f 73 172 171
f 177 74 80
f 172 74 177
f 75 88 76
f 76 165 75
f 88 75 187
f 165 164 75
f 75 164 173
f 181 75 173
f 181 187 75
f 76 88 89
f 76 89 174
f 165 76 174
f 78 77 82
f 77 176 82
f 77 167 176
f 78 82 83
f 83 84 78
f 85 80 79
f 84 85 79
f 81 80 86
f 80 81 177
f 80 85 86
f 81 86 178
f 178 177 81
f 83 82 91
f 82 90 91
f 184 90 82
f 176 184 82
f 84 83 92
f 83 91 92
f 93 85 84
f 92 93 84
f 93 86 85
f 179 86 87
f 86 192 87
f 94 86 93
f 94 277 86
f 178 86 179
f 178 277 86
f 192 86 286
f 277 286 86
f 185 179 87
f 193 185 87
f 192 193 87
f 89 88 95
f 95 88 195
f 195 88 187
f 89 95 96
f 89 96 196
f 174 89 188
f 188 89 196
f 90 97 91
f 190 97 90
f 184 190 90
f 97 92 91
f 93 92 100
f 98 92 97
f 100 92 98
f 93 191 94
f 93 100 101
f 101 203 93
f 191 93 203
f 192 94 191
f 192 286 94
f 277 94 286
f 95 208 96
f 195 302 95
f 208 95 302
f 196 96 209
f 208 209 96
f 98 97 199
f 97 190 198
f 198 199 97
f 99 100 98
f 102 99 98
f 102 98 200
f 98 199 200
f 201 100 99
f 102 103 99
f 103 207 99
f 207 201 99
f 101 100 202
f 201 202 100
f 202 203 101
f 102 206 103
f 102 200 206
f 206 207 103
f 104 105 125
f 108 104 125
f 106 127 105
f 126 125 105
f 126 105 127
f 109 116 106
f 106 116 123
f 128 106 123
f 211 127 106
f 211 106 128
f 139 211 106
f 145 106 212
f 212 106 211
f 108 125 107
f 107 124 114
f 114 138 107
f 124 107 125
f 109 122 116
f 110 112 111
f 110 118 111
f 110 111 219
f 118 110 117
f 117 110 508
f 219 218 110
f 218 755 110
f 508 431 110
f 755 508 110
f 112 111 118
f 111 112 219
f 120 113 112
f 119 112 118
f 112 119 120
f 162 221 112
f 221 219 112
f 120 222 113
f 163 113 222
f 223 114 124
f 138 114 223
f 124 115 121
f 115 124 125
f 116 122 123
f 118 117 225
f 224 225 117
f 117 763 224
f 763 117 508
f 118 226 119
f 118 225 226
f 120 119 228
f 227 119 226
f 228 119 227
f 120 228 222
f 121 229 124
f 229 121 144
f 128 123 122
f 122 127 128
f 125 129 124
f 125 124 130
f 129 130 124
f 124 230 129
f 223 124 230
f 230 124 229
f 126 131 125
f 125 130 129
f 131 130 125
f 127 131 126
f 127 133 128
f 127 132 131
f 133 127 132
f 234 132 127
f 231 127 211
f 234 127 231
f 128 133 235
f 128 232 211
f 235 232 128
f 130 233 129
f 130 129 238
f 233 129 230
f 129 233 237
f 237 238 129
f 131 132 130
f 131 130 136
f 234 130 132
f 135 136 130
f 238 135 130
f 233 130 339
f 341 130 234
f 339 130 340
f 340 130 531
f 341 533 130
f 531 130 532
f 533 532 130
f 131 136 132
f 136 134 131
f 240 133 132
f 136 137 132
f 137 240 132
f 133 236 235
f 236 133 241
f 240 241 133
f 243 136 135
f 238 242 135
f 135 242 243
f 239 137 136
f 239 136 243
f 240 137 239
f 229 138 223
f 138 229 248
f 138 248 405
f 250 139 140
f 211 139 310
f 250 310 139
f 140 251 250
f 251 140 409
f 150 141 142
f 143 263 142
f 150 142 151
f 142 262 151
f 142 263 262
f 143 153 152
f 263 143 152
f 230 229 144
f 144 252 230
f 144 415 252
f 216 145 212
f 145 216 255
f 145 255 419
f 147 159 146
f 256 147 146
f 159 659 146
f 146 650 256
f 146 659 650
f 147 148 257
f 159 147 158
f 257 147 256
f 147 257 650
f 148 149 154
f 259 148 149
f 258 257 148
f 148 259 258
f 149 150 259
f 149 259 154
f 261 150 151
f 261 259 150
f 151 262 261
f 154 152 153
f 154 264 152
f 263 152 264
f 154 155 265
f 264 162 154
f 264 154 259
f 264 154 265
f 163 265 155
f 157 156 164
f 247 156 157
f 164 156 271
f 156 247 246
f 246 266 156
f 266 271 156
f 165 157 164
f 267 157 165
f 157 267 247
f 159 158 658
f 659 159 658
f 434 160 161
f 160 444 169
f 160 434 444
f 170 435 161
f 161 435 434
f 221 162 163
f 163 162 270
f 162 264 269
f 270 162 269
f 163 222 221
f 222 322 163
f 265 163 270
f 322 163 270
f 271 173 164
f 174 166 165
f 268 165 166
f 268 267 165
f 174 175 166
f 175 273 166
f 166 273 268
f 442 167 168
f 167 442 176
f 168 169 443
f 443 442 168
f 444 443 169
f 171 446 170
f 445 435 170
f 170 446 445
f 172 447 171
f 447 446 171
f 172 177 447
f 173 182 181
f 173 272 182
f 272 173 271
f 175 174 188
f 183 175 189
f 183 273 175
f 188 189 175
f 463 184 176
f 176 442 452
f 463 176 452
f 177 178 276
f 177 276 455
f 177 455 447
f 178 179 278
f 277 276 178
f 178 278 277
f 179 185 180
f 179 180 279
f 279 278 179
f 186 180 185
f 180 186 280
f 180 280 279
f 182 187 181
f 182 188 187
f 282 188 182
f 282 182 272
f 283 183 189
f 273 183 283
f 184 463 190
f 193 186 185
f 186 193 194
f 194 288 186
f 186 288 280
f 188 195 187
f 189 188 196
f 196 195 188
f 196 188 299
f 290 188 282
f 290 299 188
f 189 196 197
f 189 197 300
f 283 189 291
f 291 189 300
f 190 474 198
f 474 190 463
f 191 293 192
f 191 203 477
f 191 477 293
f 193 192 295
f 294 192 286
f 294 192 293
f 295 192 294
f 296 194 193
f 193 295 296
f 297 288 194
f 296 297 194
f 302 195 196
f 197 196 209
f 299 303 196
f 302 196 308
f 196 303 308
f 197 209 210
f 210 309 197
f 300 197 309
f 199 198 486
f 485 198 474
f 485 486 198
f 200 199 487
f 486 487 199
f 206 200 495
f 200 487 495
f 488 202 201
f 207 488 201
f 489 203 202
f 202 488 489
f 490 477 203
f 490 203 489
f 212 205 204
f 204 205 306
f 212 204 311
f 204 306 305
f 311 204 305
f 213 205 212
f 205 213 306
f 206 495 207
f 496 488 207
f 495 496 207
f 209 208 214
f 313 214 208
f 307 208 302
f 307 313 208
f 210 209 314
f 214 215 209
f 215 314 209
f 315 309 210
f 210 314 315
f 212 211 232
f 211 310 231
f 213 212 312
f 216 212 232
f 311 312 212
f 306 213 312
f 215 214 323
f 313 514 214
f 214 514 323
f 215 324 314
f 215 323 324
f 338 216 232
f 317 255 216
f 317 216 338
f 319 217 218
f 217 218 755
f 218 217 756
f 217 319 318
f 217 318 756
f 219 319 218
f 756 755 218
f 219 221 220
f 225 219 220
f 219 225 327
f 327 319 219
f 320 220 221
f 320 225 220
f 322 221 222
f 321 320 221
f 322 321 221
f 322 222 228
f 229 223 230
f 224 326 225
f 326 224 763
f 226 225 328
f 225 320 328
f 327 225 326
f 225 327 328
f 328 227 226
f 331 228 227
f 330 227 328
f 331 227 330
f 322 228 331
f 332 229 230
f 229 332 248
f 230 233 335
f 230 339 233
f 252 335 230
f 335 332 230
f 230 335 339
f 337 234 231
f 337 231 310
f 342 232 235
f 342 338 232
f 237 233 343
f 339 335 233
f 343 233 339
f 337 341 234
f 235 236 345
f 235 345 342
f 241 347 236
f 236 347 345
f 237 346 238
f 237 343 346
f 242 238 346
f 243 240 239
f 245 241 240
f 244 240 243
f 240 244 245
f 241 245 349
f 241 349 347
f 350 243 242
f 346 542 242
f 542 350 242
f 244 243 352
f 348 243 351
f 351 243 350
f 351 352 243
f 349 245 244
f 352 349 244
f 246 247 403
f 266 246 410
f 246 403 410
f 267 411 247
f 404 403 247
f 404 247 638
f 411 638 247
f 249 253 248
f 249 248 332
f 252 248 253
f 252 415 248
f 405 248 415
f 249 406 253
f 332 333 249
f 249 333 406
f 251 254 250
f 250 409 251
f 418 250 254
f 316 310 250
f 316 250 408
f 418 408 250
f 251 255 254
f 251 409 255
f 253 340 252
f 339 335 252
f 339 252 340
f 253 416 340
f 416 253 406
f 255 317 254
f 419 254 255
f 316 254 317
f 325 254 316
f 334 254 325
f 254 334 418
f 419 255 409
f 256 421 257
f 256 885 421
f 885 256 650
f 257 258 421
f 257 421 885
f 885 650 257
f 422 258 259
f 421 258 422
f 260 259 261
f 423 259 260
f 259 423 264
f 259 423 422
f 260 261 264
f 423 260 264
f 262 263 261
f 264 261 263
f 424 264 265
f 424 269 264
f 424 264 423
f 270 425 265
f 424 265 425
f 266 267 271
f 266 411 267
f 266 410 411
f 267 268 412
f 272 271 267
f 427 272 267
f 411 267 412
f 427 267 411
f 428 268 273
f 646 412 268
f 646 268 428
f 437 270 269
f 269 424 437
f 270 322 437
f 270 437 425
f 272 271 274
f 271 272 438
f 271 438 274
f 272 274 275
f 272 275 439
f 282 272 450
f 440 272 427
f 439 438 272
f 272 440 450
f 451 273 283
f 441 428 273
f 273 451 441
f 274 275 448
f 448 274 438
f 449 439 275
f 449 448 275
f 276 277 285
f 276 285 455
f 277 278 287
f 286 285 277
f 286 277 287
f 279 457 278
f 467 287 278
f 457 456 278
f 456 467 278
f 280 458 279
f 457 279 458
f 288 458 280
f 281 289 282
f 282 281 459
f 281 282 460
f 281 459 289
f 460 459 281
f 290 282 283
f 283 282 450
f 290 282 289
f 290 471 282
f 460 282 459
f 471 460 282
f 284 283 291
f 284 451 283
f 283 291 290
f 461 291 283
f 461 283 450
f 284 291 292
f 462 284 292
f 284 462 451
f 286 294 285
f 293 285 294
f 293 477 285
f 466 455 285
f 466 285 477
f 295 286 287
f 286 295 294
f 467 295 287
f 297 469 288
f 458 288 469
f 290 289 299
f 298 299 289
f 481 298 289
f 470 289 459
f 481 289 470
f 291 299 290
f 290 299 482
f 482 471 290
f 292 291 300
f 300 299 291
f 300 291 472
f 291 461 472
f 300 301 292
f 301 473 292
f 462 292 473
f 295 479 296
f 467 478 295
f 479 295 478
f 296 480 297
f 296 479 480
f 297 480 469
f 298 303 299
f 298 481 299
f 298 299 482
f 303 298 302
f 298 481 302
f 482 481 298
f 303 299 300
f 303 482 299
f 482 299 481
f 300 304 301
f 493 303 300
f 300 309 304
f 472 483 300
f 483 493 300
f 301 304 494
f 484 473 301
f 484 301 494
f 302 491 303
f 303 492 302
f 307 302 308
f 491 302 481
f 491 492 302
f 303 314 308
f 314 303 504
f 492 482 303
f 492 303 491
f 493 498 303
f 498 504 303
f 304 309 315
f 304 315 499
f 494 304 499
f 306 312 305
f 311 305 312
f 308 313 307
f 313 308 314
f 337 310 316
f 312 501 311
f 312 311 502
f 501 502 311
f 312 502 501
f 514 313 314
f 315 314 515
f 314 324 515
f 504 515 314
f 314 515 514
f 499 315 516
f 315 515 516
f 316 317 338
f 325 316 338
f 316 507 337
f 507 316 408
f 319 326 318
f 518 318 326
f 511 318 518
f 1033 318 511
f 1033 756 318
f 327 326 319
f 320 321 328
f 322 513 321
f 330 328 321
f 321 512 330
f 321 513 512
f 331 513 322
f 513 437 322
f 323 523 324
f 323 514 523
f 766 515 324
f 524 324 523
f 524 766 324
f 334 325 530
f 325 338 337
f 530 325 337
f 327 326 518
f 326 1040 518
f 326 763 1040
f 328 327 519
f 518 519 327
f 328 329 330
f 520 329 328
f 328 330 520
f 328 519 520
f 329 520 330
f 331 330 522
f 330 512 521
f 521 330 520
f 522 330 521
f 331 522 513
f 333 332 335
f 336 333 335
f 333 336 528
f 525 406 333
f 528 525 333
f 527 418 334
f 530 527 334
f 335 340 336
f 335 339 340
f 336 340 528
f 338 533 337
f 337 533 341
f 530 337 507
f 337 533 530
f 342 533 338
f 534 339 340
f 344 343 339
f 534 344 339
f 340 416 531
f 531 528 340
f 340 531 534
f 345 536 342
f 342 536 533
f 343 344 539
f 343 539 346
f 534 539 344
f 540 345 347
f 536 345 537
f 540 537 345
f 346 539 538
f 541 346 538
f 541 542 346
f 349 543 347
f 540 347 543
f 545 349 352
f 546 543 349
f 545 546 349
f 783 351 350
f 350 542 780
f 350 780 783
f 352 351 785
f 351 784 544
f 785 351 544
f 783 784 351
f 545 352 547
f 786 547 352
f 785 786 352
f 354 353 356
f 353 354 554
f 355 356 353
f 353 557 355
f 353 554 552
f 552 557 353
f 356 578 354
f 354 578 554
f 355 566 356
f 566 355 557
f 356 566 578
f 357 363 358
f 358 571 357
f 569 363 357
f 357 557 569
f 569 357 571
f 358 359 559
f 358 571 359
f 358 363 365
f 365 582 358
f 571 358 559
f 582 571 358
f 361 360 359
f 360 565 359
f 370 361 359
f 368 370 359
f 368 359 585
f 559 359 565
f 359 571 574
f 585 359 574
f 362 360 361
f 360 362 565
f 361 576 362
f 370 587 361
f 361 587 576
f 565 362 577
f 576 577 362
f 375 363 364
f 569 363 364
f 363 580 364
f 365 363 368
f 376 365 363
f 371 363 368
f 374 363 375
f 363 374 376
f 579 374 363
f 363 374 580
f 363 569 580
f 580 579 363
f 365 364 368
f 365 376 364
f 364 365 570
f 365 364 582
f 370 364 368
f 375 364 376
f 375 581 364
f 570 569 364
f 581 570 364
f 364 570 582
f 364 580 581
f 366 365 377
f 571 365 366
f 365 376 377
f 365 376 582
f 570 365 571
f 365 571 582
f 583 366 377
f 571 366 572
f 366 583 572
f 378 379 367
f 378 367 583
f 367 584 378
f 367 379 585
f 572 367 573
f 572 583 367
f 584 573 367
f 585 573 367
f 370 369 368
f 368 369 379
f 380 369 368
f 574 368 369
f 371 368 370
f 381 370 368
f 585 370 368
f 368 379 380
f 368 379 381
f 368 585 379
f 574 368 585
f 369 380 370
f 370 381 369
f 369 370 575
f 379 369 381
f 369 586 380
f 574 369 575
f 369 575 586
f 371 370 382
f 370 371 576
f 381 370 380
f 370 381 382
f 381 587 370
f 575 370 576
f 370 576 587
f 370 585 587
f 372 371 588
f 588 371 382
f 577 576 371
f 588 577 371
f 372 588 589
f 579 373 374
f 373 590 374
f 590 373 579
f 385 374 375
f 374 384 376
f 385 384 374
f 374 590 384
f 374 384 602
f 591 580 374
f 591 374 602
f 375 376 385
f 381 581 375
f 598 381 375
f 385 375 603
f 592 375 581
f 598 375 592
f 603 592 375
f 376 387 377
f 376 384 379
f 376 379 385
f 386 376 385
f 386 387 376
f 386 604 376
f 593 376 582
f 593 376 604
f 377 388 378
f 378 583 377
f 605 387 377
f 605 388 377
f 377 594 583
f 605 377 594
f 379 378 607
f 378 606 388
f 378 388 607
f 595 378 584
f 595 378 606
f 379 390 380
f 381 391 379
f 381 379 392
f 392 379 384
f 391 385 379
f 379 389 390
f 607 389 379
f 379 585 596
f 607 596 379
f 391 381 380
f 390 391 380
f 390 380 608
f 597 380 586
f 380 608 597
f 382 391 381
f 381 392 382
f 381 391 392
f 391 609 381
f 381 587 581
f 598 381 587
f 599 587 381
f 599 381 598
f 609 598 381
f 383 382 393
f 382 383 599
f 391 382 392
f 393 382 392
f 610 392 382
f 382 599 588
f 599 610 382
f 611 383 393
f 383 600 599
f 600 383 611
f 385 603 384
f 384 614 385
f 389 384 386
f 386 384 395
f 392 384 389
f 384 394 395
f 384 613 394
f 590 601 384
f 384 601 602
f 603 602 384
f 602 613 384
f 384 613 614
f 386 385 389
f 604 385 386
f 385 615 386
f 391 389 385
f 385 604 603
f 614 603 385
f 614 615 385
f 386 616 387
f 604 386 395
f 615 604 386
f 386 615 616
f 616 387 605
f 617 388 605
f 388 617 606
f 607 388 617
f 389 619 390
f 392 389 391
f 391 389 397
f 609 389 391
f 396 397 389
f 389 607 396
f 389 608 607
f 617 389 607
f 618 607 389
f 609 608 389
f 389 617 618
f 618 619 389
f 391 390 608
f 608 619 390
f 621 392 391
f 391 397 398
f 398 609 391
f 620 391 608
f 391 620 609
f 391 620 621
f 393 392 610
f 392 621 610
f 611 393 610
f 394 615 395
f 401 400 394
f 394 400 622
f 401 394 624
f 613 615 394
f 613 394 622
f 613 624 394
f 396 395 615
f 396 618 395
f 615 604 395
f 615 395 618
f 397 396 621
f 618 396 607
f 615 621 396
f 399 398 397
f 397 621 399
f 398 399 620
f 620 609 398
f 620 399 621
f 402 400 401
f 402 637 400
f 400 637 622
f 633 402 401
f 633 401 624
f 633 637 402
f 863 403 404
f 641 410 403
f 862 641 403
f 862 403 863
f 638 872 404
f 863 404 872
f 407 405 406
f 416 406 405
f 408 405 407
f 408 418 405
f 416 405 415
f 415 405 418
f 526 407 406
f 525 526 406
f 408 407 507
f 517 507 407
f 526 517 407
f 408 409 418
f 419 418 409
f 411 410 642
f 641 642 410
f 411 412 638
f 427 411 645
f 411 642 645
f 643 638 412
f 412 646 643
f 414 413 429
f 414 648 413
f 648 429 413
f 431 420 414
f 414 420 649
f 430 414 429
f 430 431 414
f 648 414 649
f 417 416 415
f 415 418 417
f 417 532 416
f 531 416 532
f 418 527 417
f 526 417 527
f 529 417 526
f 417 529 532
f 650 649 420
f 421 422 651
f 651 421 1167
f 651 1168 421
f 885 1166 421
f 885 421 1167
f 1166 1167 421
f 1167 421 1168
f 422 651 423
f 423 1174 424
f 423 651 1174
f 424 425 1174
f 437 424 1198
f 1174 1198 424
f 437 1175 425
f 425 1175 1174
f 426 438 427
f 426 652 427
f 426 427 653
f 652 438 426
f 653 652 426
f 439 427 438
f 439 653 427
f 440 427 654
f 427 645 654
f 653 427 652
f 655 428 441
f 655 646 428
f 429 505 430
f 505 429 752
f 655 429 648
f 429 655 752
f 430 508 431
f 431 430 657
f 505 506 430
f 508 430 506
f 656 430 506
f 657 430 656
f 658 431 657
f 432 509 433
f 433 510 432
f 432 510 509
f 435 433 434
f 434 433 436
f 434 433 444
f 436 433 435
f 443 433 442
f 442 433 452
f 444 433 443
f 452 433 463
f 510 463 433
f 433 509 510
f 434 435 444
f 435 434 445
f 436 445 434
f 445 436 435
f 445 444 435
f 445 446 436
f 436 446 447
f 447 455 436
f 457 436 455
f 437 1198 513
f 513 1391 437
f 1198 1175 437
f 1391 1198 437
f 448 438 660
f 660 438 652
f 449 661 439
f 661 653 439
f 450 440 662
f 440 654 662
f 663 441 451
f 663 655 441
f 452 442 443
f 444 489 443
f 452 443 453
f 443 488 453
f 488 443 489
f 445 465 444
f 465 476 444
f 489 444 476
f 446 465 445
f 446 447 455
f 455 454 446
f 454 465 446
f 449 448 459
f 664 459 448
f 448 660 664
f 459 460 449
f 665 449 460
f 661 449 665
f 666 461 450
f 666 450 662
f 667 451 462
f 667 663 451
f 452 453 463
f 453 464 463
f 453 488 464
f 465 454 455
f 466 465 455
f 456 457 468
f 468 467 456
f 458 676 457
f 457 701 468
f 457 676 675
f 457 675 701
f 469 676 458
f 470 459 677
f 677 459 664
f 471 704 460
f 678 665 460
f 704 678 460
f 461 679 472
f 679 461 666
f 473 680 462
f 680 667 462
f 463 464 475
f 474 463 475
f 463 510 474
f 464 487 475
f 487 464 488
f 476 465 466
f 477 476 466
f 467 468 479
f 468 700 467
f 467 701 468
f 479 478 467
f 467 700 701
f 468 714 479
f 700 468 701
f 468 701 714
f 480 702 469
f 469 702 676
f 481 470 703
f 703 470 677
f 482 717 471
f 471 717 704
f 483 472 718
f 705 472 679
f 705 718 472
f 706 473 484
f 706 680 473
f 475 486 474
f 474 486 485
f 485 474 510
f 475 487 486
f 476 477 489
f 479 477 512
f 490 489 477
f 490 512 477
f 479 715 480
f 479 714 715
f 715 702 480
f 716 491 481
f 716 481 703
f 717 482 492
f 718 493 483
f 494 742 484
f 719 706 484
f 719 484 742
f 486 485 510
f 487 486 510
f 487 488 496
f 495 487 496
f 495 487 510
f 489 488 512
f 512 488 496
f 489 512 490
f 492 491 498
f 497 498 491
f 743 497 491
f 739 491 716
f 491 739 743
f 498 744 492
f 740 717 492
f 492 744 740
f 498 493 499
f 745 499 493
f 493 718 741
f 745 493 741
f 494 499 500
f 500 746 494
f 746 742 494
f 496 495 510
f 512 496 510
f 497 503 498
f 498 744 497
f 503 497 743
f 743 497 744
f 750 498 499
f 504 498 503
f 498 515 504
f 498 504 744
f 515 498 750
f 499 751 500
f 499 516 751
f 745 751 499
f 751 750 499
f 746 500 752
f 500 751 752
f 502 747 501
f 501 748 502
f 747 748 501
f 748 747 502
f 504 503 749
f 743 749 503
f 744 504 750
f 504 749 750
f 506 505 762
f 753 505 752
f 505 753 761
f 505 761 762
f 506 508 754
f 508 506 762
f 656 506 753
f 506 754 753
f 507 517 530
f 755 754 508
f 762 763 508
f 518 1033 511
f 513 1391 512
f 512 1415 521
f 1390 512 1391
f 1390 1415 512
f 513 522 1416
f 1391 513 1198
f 1391 513 1416
f 766 514 515
f 765 523 514
f 514 766 765
f 515 766 516
f 515 750 758
f 758 766 515
f 516 767 751
f 516 766 767
f 526 529 517
f 529 530 517
f 518 764 519
f 764 1406 518
f 764 518 1407
f 1033 518 1405
f 1040 1406 518
f 1405 518 1406
f 1406 1407 518
f 519 764 520
f 520 1415 521
f 1415 520 764
f 522 521 1416
f 1415 1416 521
f 523 1044 524
f 765 1044 523
f 766 524 1045
f 524 1044 1045
f 526 525 529
f 528 529 525
f 530 526 527
f 530 529 526
f 528 531 529
f 533 530 529
f 532 529 531
f 533 529 532
f 532 534 531
f 533 535 532
f 535 534 532
f 533 536 535
f 535 768 534
f 534 539 538
f 772 539 534
f 534 768 772
f 769 535 536
f 769 768 535
f 537 540 536
f 540 775 536
f 536 770 769
f 770 536 774
f 775 774 536
f 539 771 538
f 777 541 538
f 538 771 777
f 772 771 539
f 540 543 776
f 775 540 776
f 779 542 541
f 777 779 541
f 542 779 780
f 543 546 782
f 776 543 778
f 782 778 543
f 781 544 784
f 784 785 544
f 546 545 782
f 545 547 1063
f 1057 782 545
f 1063 1057 545
f 547 786 1062
f 1062 1063 547
f 548 550 549
f 548 549 788
f 550 548 791
f 788 787 548
f 548 787 791
f 551 549 550
f 551 790 549
f 549 790 788
f 550 552 551
f 552 550 803
f 791 803 550
f 553 551 552
f 790 551 553
f 552 554 553
f 552 557 555
f 801 552 555
f 552 791 557
f 803 557 552
f 791 552 801
f 554 800 553
f 793 790 553
f 793 553 800
f 817 554 578
f 800 554 817
f 555 557 567
f 801 555 567
f 557 556 569
f 802 556 557
f 556 568 569
f 802 568 556
f 570 557 558
f 803 558 557
f 566 557 559
f 569 559 557
f 557 803 567
f 569 557 570
f 803 557 569
f 557 570 804
f 557 791 803
f 557 804 791
f 802 557 803
f 559 558 571
f 792 558 559
f 564 576 558
f 564 804 558
f 564 558 810
f 558 570 571
f 570 558 576
f 570 558 804
f 558 804 792
f 558 803 804
f 558 804 810
f 572 560 559
f 793 559 560
f 566 559 565
f 571 559 569
f 572 559 571
f 559 571 805
f 792 559 793
f 559 805 793
f 572 806 560
f 560 794 793
f 560 806 794
f 561 573 807
f 561 807 795
f 562 575 563
f 796 562 563
f 562 574 575
f 808 562 574
f 562 808 796
f 563 576 564
f 797 563 564
f 576 563 575
f 575 563 809
f 796 563 797
f 563 797 809
f 565 577 564
f 798 564 565
f 564 810 565
f 564 577 576
f 564 576 810
f 797 564 798
f 564 810 798
f 564 810 804
f 577 566 565
f 565 811 577
f 565 799 798
f 799 565 811
f 565 810 811
f 578 566 577
f 813 801 567
f 567 803 813
f 569 568 580
f 580 568 579
f 579 568 1517
f 802 814 568
f 568 814 1517
f 570 580 569
f 570 581 569
f 570 569 804
f 580 569 581
f 580 815 569
f 569 803 804
f 815 803 569
f 571 570 574
f 581 570 571
f 571 582 570
f 570 804 571
f 576 574 570
f 587 576 570
f 570 581 580
f 587 570 581
f 571 572 582
f 571 806 572
f 582 581 571
f 805 571 804
f 806 571 805
f 583 572 573
f 572 573 806
f 807 573 572
f 582 572 583
f 807 572 806
f 584 573 574
f 573 585 574
f 807 573 574
f 808 574 573
f 573 584 583
f 806 573 807
f 807 808 573
f 576 575 574
f 575 585 574
f 574 809 575
f 574 576 585
f 585 584 574
f 807 574 808
f 808 809 574
f 575 576 586
f 576 575 810
f 586 585 575
f 809 810 575
f 577 587 576
f 588 577 576
f 811 577 576
f 576 587 585
f 587 586 576
f 588 576 587
f 576 810 811
f 577 817 578
f 588 587 577
f 588 816 577
f 577 811 816
f 577 816 817
f 590 579 1110
f 1517 1110 579
f 581 591 580
f 592 581 580
f 592 580 591
f 580 591 815
f 591 580 1502
f 815 580 821
f 580 821 1502
f 582 592 581
f 591 581 592
f 593 582 583
f 593 592 582
f 584 594 583
f 593 583 594
f 585 595 584
f 595 594 584
f 586 596 585
f 585 596 595
f 587 597 586
f 586 597 596
f 587 588 598
f 599 588 587
f 598 597 587
f 600 589 588
f 589 822 588
f 588 599 598
f 600 588 599
f 822 816 588
f 589 600 1503
f 822 589 1503
f 601 590 1110
f 591 592 602
f 603 592 591
f 603 591 602
f 591 602 815
f 602 591 830
f 830 591 1502
f 592 593 603
f 609 598 592
f 602 592 603
f 609 592 603
f 594 604 593
f 604 603 593
f 595 605 594
f 605 604 594
f 596 606 595
f 606 605 595
f 596 597 607
f 596 607 606
f 608 597 598
f 597 608 607
f 598 599 609
f 610 599 598
f 608 598 609
f 610 598 609
f 611 599 600
f 610 609 599
f 610 599 611
f 611 826 600
f 832 600 611
f 600 832 1503
f 602 601 613
f 613 601 612
f 612 601 836
f 836 601 1110
f 613 602 603
f 602 603 614
f 614 613 602
f 837 602 613
f 602 830 815
f 830 602 837
f 614 603 604
f 604 615 603
f 620 609 603
f 603 614 613
f 614 603 615
f 620 603 614
f 615 604 605
f 615 614 604
f 606 616 605
f 616 615 605
f 617 605 616
f 607 606 617
f 606 607 618
f 617 616 606
f 617 606 618
f 607 608 618
f 609 620 608
f 608 619 618
f 608 620 618
f 620 619 608
f 610 620 609
f 621 610 609
f 621 609 620
f 622 611 610
f 610 611 832
f 621 620 610
f 610 621 622
f 845 621 610
f 832 610 831
f 845 831 610
f 610 832 845
f 611 622 846
f 611 846 832
f 612 624 613
f 624 612 836
f 613 614 625
f 613 614 837
f 838 614 613
f 613 852 614
f 622 615 613
f 613 634 623
f 851 613 623
f 613 624 634
f 624 613 851
f 613 624 852
f 851 613 625
f 838 613 837
f 851 837 613
f 615 618 614
f 615 614 626
f 614 615 838
f 620 614 618
f 620 631 614
f 844 620 614
f 614 625 626
f 631 625 614
f 852 614 625
f 838 837 614
f 844 614 838
f 838 614 852
f 627 616 615
f 616 839 615
f 622 621 615
f 615 626 627
f 853 615 626
f 839 838 615
f 853 839 615
f 617 840 616
f 616 855 617
f 627 616 854
f 840 839 616
f 840 854 616
f 616 854 855
f 628 618 617
f 617 618 841
f 855 617 628
f 841 840 617
f 617 855 841
f 618 630 619
f 619 842 618
f 618 628 629
f 618 629 630
f 618 629 856
f 618 842 841
f 618 856 842
f 631 620 619
f 844 619 620
f 630 631 619
f 857 630 619
f 619 843 842
f 619 844 843
f 619 857 843
f 621 632 620
f 621 844 620
f 845 621 620
f 631 620 632
f 858 620 631
f 845 620 844
f 858 844 620
f 632 621 859
f 621 845 844
f 859 621 845
f 870 622 637
f 622 870 846
f 861 623 634
f 851 623 861
f 633 624 636
f 624 861 634
f 635 636 624
f 851 635 624
f 624 836 851
f 852 624 851
f 624 851 861
f 626 625 853
f 631 858 625
f 852 851 625
f 852 853 625
f 852 625 858
f 626 854 627
f 626 853 854
f 856 629 628
f 856 628 855
f 629 857 630
f 629 856 857
f 858 631 630
f 630 857 858
f 631 632 859
f 858 631 859
f 633 636 637
f 636 635 640
f 639 640 635
f 635 864 639
f 851 864 635
f 637 636 865
f 636 640 875
f 865 636 875
f 865 870 637
f 873 638 643
f 872 638 873
f 875 640 639
f 639 864 874
f 639 874 875
f 641 872 642
f 871 641 862
f 871 872 641
f 642 881 645
f 877 642 872
f 877 1142 642
f 1142 881 642
f 643 646 882
f 643 878 873
f 878 643 1143
f 882 1143 643
f 644 652 645
f 645 653 644
f 879 644 645
f 645 880 644
f 652 644 653
f 644 886 652
f 879 644 880
f 886 644 879
f 653 645 652
f 653 887 645
f 654 645 881
f 879 645 880
f 880 645 887
f 655 882 646
f 648 647 655
f 882 647 648
f 655 647 882
f 655 888 647
f 882 647 888
f 648 649 657
f 883 648 649
f 648 657 656
f 648 656 883
f 882 648 883
f 650 659 649
f 649 650 884
f 657 649 659
f 649 884 883
f 885 884 650
f 651 1167 1168
f 1168 1174 651
f 660 652 886
f 661 887 653
f 888 662 654
f 654 881 888
f 655 656 752
f 656 655 889
f 655 663 752
f 752 955 655
f 752 655 1029
f 752 1030 655
f 893 888 655
f 888 1029 655
f 889 655 1030
f 914 893 655
f 915 914 655
f 935 915 655
f 935 655 955
f 753 752 656
f 656 890 883
f 890 656 889
f 659 658 657
f 660 1636 664
f 891 660 886
f 660 891 1610
f 1636 660 1610
f 665 913 661
f 661 892 887
f 913 892 661
f 666 662 893
f 893 662 888
f 663 667 746
f 746 752 663
f 677 664 1249
f 1636 1249 664
f 665 678 934
f 934 913 665
f 915 679 666
f 914 666 893
f 914 915 666
f 680 746 667
f 668 681 682
f 917 681 668
f 668 682 937
f 937 917 668
f 682 683 669
f 669 919 682
f 669 683 938
f 938 919 669
f 684 685 670
f 670 920 684
f 940 670 685
f 920 670 940
f 692 671 691
f 671 927 691
f 671 692 946
f 927 671 946
f 694 672 693
f 928 693 672
f 672 694 948
f 948 928 672
f 696 673 695
f 929 695 673
f 673 696 950
f 950 929 673
f 697 674 696
f 931 696 674
f 674 697 952
f 931 674 951
f 674 952 951
f 675 676 700
f 676 675 715
f 1247 675 676
f 700 701 675
f 701 715 675
f 675 1247 701
f 700 676 701
f 714 701 676
f 676 702 714
f 702 676 715
f 702 1248 676
f 676 1248 1247
f 703 677 1278
f 1249 1278 677
f 678 704 954
f 678 954 934
f 935 705 679
f 915 935 679
f 706 746 680
f 682 681 707
f 707 681 956
f 917 916 681
f 916 936 681
f 936 956 681
f 684 683 682
f 682 707 684
f 682 919 918
f 682 918 937
f 684 939 683
f 683 939 938
f 687 685 684
f 684 708 687
f 708 684 707
f 919 684 920
f 684 919 939
f 685 687 686
f 686 940 685
f 686 685 941
f 687 922 685
f 920 685 922
f 920 941 685
f 940 686 941
f 687 708 957
f 687 942 922
f 957 942 687
f 688 709 689
f 689 924 688
f 688 957 709
f 923 688 924
f 923 942 688
f 942 957 688
f 710 689 709
f 958 689 710
f 689 943 924
f 958 943 689
f 690 711 691
f 691 926 690
f 690 958 711
f 924 690 925
f 924 943 690
f 925 690 926
f 958 690 943
f 693 692 691
f 695 693 691
f 691 712 695
f 712 691 711
f 691 712 959
f 691 960 712
f 691 927 926
f 691 944 926
f 691 926 945
f 959 944 691
f 960 691 945
f 693 947 692
f 946 692 947
f 695 694 693
f 928 927 693
f 693 927 947
f 694 695 696
f 695 928 694
f 694 695 948
f 695 694 949
f 694 928 948
f 948 949 694
f 695 712 696
f 695 929 928
f 695 949 948
f 697 696 698
f 699 698 696
f 696 713 699
f 713 696 712
f 931 930 696
f 950 696 930
f 698 952 697
f 699 933 698
f 931 698 933
f 698 931 952
f 699 713 964
f 933 699 953
f 964 953 699
f 701 715 700
f 701 700 1273
f 1272 1273 700
f 714 715 701
f 714 701 1296
f 1273 701 1247
f 1273 1296 701
f 715 714 702
f 702 715 1297
f 702 1274 1248
f 702 1297 1274
f 703 1278 716
f 704 717 965
f 965 954 704
f 718 705 706
f 706 705 935
f 706 966 718
f 706 719 746
f 706 935 955
f 955 966 706
f 708 707 721
f 721 707 720
f 720 707 956
f 725 708 721
f 726 708 725
f 708 726 957
f 710 709 728
f 727 728 709
f 727 709 957
f 710 728 958
f 712 711 730
f 729 730 711
f 729 711 958
f 713 712 735
f 732 712 730
f 730 959 712
f 712 960 730
f 732 734 712
f 734 735 712
f 738 713 735
f 713 738 964
f 1296 715 714
f 715 1296 1297
f 716 1686 739
f 1686 716 1278
f 717 740 965
f 718 966 741
f 742 746 719
f 721 720 989
f 956 967 720
f 988 720 967
f 988 989 720
f 721 722 723
f 722 721 991
f 721 723 725
f 721 989 968
f 968 990 721
f 990 991 721
f 723 722 970
f 969 970 722
f 722 991 969
f 723 724 725
f 724 723 993
f 723 970 991
f 991 993 723
f 724 726 725
f 971 725 724
f 725 972 724
f 726 724 995
f 724 993 971
f 724 972 993
f 993 995 724
f 725 971 972
f 973 957 726
f 726 995 973
f 728 727 997
f 957 973 727
f 996 727 973
f 996 997 727
f 958 728 974
f 997 974 728
f 730 729 999
f 974 729 958
f 729 974 997
f 997 998 729
f 998 999 729
f 731 732 730
f 731 730 1000
f 959 730 975
f 976 730 960
f 730 999 975
f 730 976 999
f 999 1000 730
f 731 978 732
f 732 731 1002
f 731 977 978
f 731 1000 977
f 978 1000 731
f 1000 1002 731
f 734 732 733
f 733 732 1002
f 734 733 735
f 733 979 734
f 733 734 980
f 735 733 1003
f 979 733 980
f 733 1002 979
f 1002 1003 733
f 980 734 979
f 737 735 736
f 736 735 1005
f 735 737 738
f 735 1003 981
f 1004 735 981
f 1004 1005 735
f 737 736 983
f 736 1005 983
f 738 737 1007
f 737 983 1005
f 1005 1007 737
f 964 738 984
f 738 1007 984
f 1008 743 739
f 739 1686 1008
f 744 1009 740
f 1319 965 740
f 740 1009 985
f 1319 740 985
f 745 741 986
f 966 987 741
f 986 741 987
f 749 743 1008
f 1009 744 750
f 751 745 1010
f 745 986 1010
f 747 1017 748
f 748 1018 747
f 1018 1017 747
f 1018 748 1017
f 750 749 757
f 749 1034 757
f 1027 749 1008
f 1034 749 1027
f 751 1036 750
f 750 757 758
f 1035 750 758
f 758 750 1036
f 1028 1009 750
f 1035 1028 750
f 1037 752 751
f 759 751 767
f 1037 751 759
f 1010 1029 751
f 1029 1036 751
f 753 752 761
f 752 753 1030
f 761 752 760
f 1037 760 752
f 955 752 966
f 966 752 987
f 987 752 986
f 1029 986 752
f 1029 752 1030
f 1037 1030 752
f 1032 753 754
f 1030 753 1031
f 1032 1031 753
f 756 754 755
f 754 756 1032
f 1033 1032 756
f 757 1035 758
f 1034 1035 757
f 1042 766 758
f 1042 758 1036
f 767 1043 759
f 759 1043 1037
f 761 760 1038
f 760 1037 1038
f 761 1039 762
f 1038 1039 761
f 763 762 1039
f 1040 763 1039
f 1406 764 1407
f 1407 764 1415
f 766 1044 765
f 1045 767 766
f 766 1042 1045
f 1044 766 1045
f 767 1046 1043
f 1045 1046 767
f 769 1048 768
f 768 1048 772
f 774 769 770
f 769 773 1048
f 1049 773 769
f 774 1050 769
f 1050 1049 769
f 1050 774 770
f 1051 770 774
f 1050 770 1051
f 772 1047 771
f 1053 777 771
f 1053 771 1047
f 1047 772 1048
f 1049 1048 773
f 775 1051 774
f 775 776 1052
f 1052 1051 775
f 776 778 5284
f 776 5284 1052
f 777 1055 779
f 1053 1055 777
f 778 782 5308
f 778 5296 5284
f 778 5297 5296
f 5297 778 5308
f 779 1055 780
f 780 1058 783
f 1055 1058 780
f 782 1057 5307
f 5308 782 5307
f 783 1468 784
f 1058 1059 783
f 1059 1468 783
f 785 784 1469
f 784 1469 1060
f 1468 1469 784
f 786 785 1062
f 785 1061 1062
f 785 1469 1061
f 785 1061 1470
f 788 790 787
f 789 787 790
f 789 791 787
f 1479 789 790
f 1066 791 789
f 789 1479 1066
f 1068 790 793
f 790 1068 1064
f 1477 790 1064
f 1477 1479 790
f 804 791 792
f 791 1066 792
f 813 791 801
f 791 802 803
f 802 791 1065
f 804 803 791
f 803 791 813
f 803 1066 791
f 1065 791 1066
f 793 804 792
f 792 1067 793
f 1067 804 792
f 792 1066 1067
f 793 794 1068
f 793 799 796
f 793 796 804
f 800 799 793
f 805 793 1068
f 1068 793 1067
f 806 1069 794
f 1068 794 1069
f 795 806 807
f 806 795 1069
f 807 808 795
f 807 795 1070
f 795 808 1070
f 1070 1069 795
f 797 796 799
f 796 797 1071
f 796 798 810
f 796 1072 798
f 810 804 796
f 808 1071 796
f 1071 1072 796
f 799 798 797
f 798 1072 797
f 1073 797 798
f 809 797 1072
f 797 1072 1071
f 1071 797 1073
f 798 799 811
f 799 1073 798
f 811 810 798
f 1073 810 798
f 1073 798 1072
f 799 800 811
f 799 1074 811
f 1073 799 1074
f 1082 811 800
f 817 812 800
f 800 812 1082
f 814 802 1517
f 1065 1076 802
f 802 1076 1517
f 804 803 1067
f 804 1077 803
f 1077 803 815
f 803 1066 1067
f 1066 803 1077
f 804 1068 805
f 810 1067 804
f 804 1067 1066
f 804 1066 1077
f 1068 804 1067
f 1078 1067 804
f 805 1069 806
f 1068 1069 805
f 807 806 1070
f 1070 806 1069
f 1069 1079 806
f 807 1071 808
f 1071 807 1070
f 809 808 1072
f 1071 1070 808
f 1072 808 1071
f 1080 808 1071
f 810 809 1073
f 1072 1073 809
f 1081 1072 809
f 811 1073 810
f 811 810 1074
f 810 1073 1067
f 1073 1074 810
f 812 817 811
f 811 1083 812
f 811 817 816
f 817 1082 811
f 811 1074 1073
f 811 1074 1082
f 1082 1083 811
f 812 1083 817
f 817 1088 812
f 812 1083 1082
f 1088 1083 812
f 821 815 1502
f 837 815 830
f 837 1103 815
f 815 1077 1087
f 815 1895 1077
f 815 1087 1502
f 1103 1111 815
f 1111 1518 815
f 1518 1895 815
f 822 817 816
f 823 818 817
f 818 1088 817
f 818 817 1089
f 823 817 822
f 817 822 1503
f 817 1083 1082
f 817 1083 1088
f 1088 1089 817
f 1088 817 1503
f 824 819 818
f 819 1089 818
f 824 818 823
f 823 818 2273
f 1089 1088 818
f 1089 2273 818
f 825 820 819
f 1091 819 820
f 825 819 824
f 819 1090 1089
f 819 1091 1090
f 820 825 1094
f 1094 1091 820
f 822 823 826
f 827 823 822
f 827 822 826
f 828 824 823
f 823 827 826
f 828 823 827
f 823 2639 827
f 2273 2623 823
f 2623 2630 823
f 2639 823 2630
f 829 825 824
f 829 824 828
f 825 829 1094
f 832 826 827
f 833 827 826
f 833 826 832
f 832 1098 826
f 826 1095 1098
f 834 828 827
f 833 832 827
f 834 827 833
f 827 1513 833
f 1513 827 1890
f 2291 1890 827
f 2281 2291 827
f 2639 2281 827
f 835 829 828
f 835 828 834
f 829 835 1097
f 1097 1094 829
f 837 830 1502
f 832 831 845
f 847 833 832
f 1099 832 833
f 846 845 832
f 847 832 846
f 1098 846 832
f 832 846 1503
f 1098 832 1099
f 1100 834 833
f 1099 833 847
f 847 833 1513
f 1100 833 1099
f 835 834 849
f 848 849 834
f 834 1100 848
f 835 849 1097
f 850 851 836
f 1110 850 836
f 851 837 838
f 852 838 837
f 852 837 851
f 837 851 1111
f 837 1111 1103
f 1103 837 1502
f 839 853 838
f 858 844 838
f 838 852 851
f 852 838 853
f 858 838 852
f 853 839 840
f 841 854 840
f 853 840 854
f 855 841 842
f 855 854 841
f 843 856 842
f 856 855 842
f 843 844 857
f 843 857 856
f 858 844 845
f 859 845 844
f 858 857 844
f 859 844 858
f 1105 845 846
f 845 859 858
f 859 845 1119
f 1105 845 1104
f 1119 1104 845
f 1105 1120 845
f 1119 845 1120
f 1106 847 846
f 860 846 870
f 860 1120 846
f 1105 846 1098
f 1106 846 1105
f 1120 1105 846
f 846 1105 1503
f 1106 1099 847
f 1106 847 1513
f 1108 849 848
f 848 1100 1107
f 1108 848 1107
f 1108 1097 849
f 1111 851 850
f 850 1110 1111
f 851 852 1111
f 852 1112 851
f 1127 852 851
f 1126 864 851
f 1112 1111 851
f 1111 1126 851
f 1126 1127 851
f 853 852 856
f 852 853 1112
f 853 852 1128
f 852 858 856
f 1118 858 852
f 1112 1111 852
f 1118 852 1112
f 852 1127 1112
f 1128 852 1127
f 1113 853 854
f 853 1129 854
f 853 856 865
f 860 853 859
f 853 866 859
f 870 853 860
f 853 865 866
f 870 865 853
f 875 853 865
f 853 875 1113
f 1113 1112 853
f 853 1128 1113
f 853 1128 1129
f 854 855 1114
f 855 854 1130
f 854 1114 1113
f 1129 1114 854
f 1114 1130 854
f 855 856 1115
f 856 855 1130
f 855 1115 1114
f 855 1115 1130
f 858 857 856
f 856 857 1116
f 856 1132 857
f 856 866 865
f 856 1116 866
f 1116 1115 856
f 1116 856 1131
f 856 1130 1131
f 856 1131 1132
f 858 1117 857
f 857 858 1118
f 857 1133 858
f 1117 1116 857
f 1118 1116 857
f 857 1117 1132
f 857 1132 1133
f 858 859 869
f 858 859 1118
f 1119 859 858
f 858 1134 859
f 868 858 869
f 858 868 1118
f 1118 1117 858
f 1119 858 1118
f 858 1133 1118
f 1134 858 1133
f 1119 860 859
f 867 859 866
f 867 869 859
f 859 1119 1118
f 1134 1119 859
f 860 1119 1120
f 863 1122 862
f 1121 871 862
f 862 1122 1121
f 1122 863 872
f 1126 874 864
f 866 1131 867
f 1131 866 1116
f 869 867 868
f 867 1133 868
f 1133 867 1131
f 868 1133 1118
f 1137 872 871
f 1136 871 1121
f 1136 1137 871
f 1123 872 873
f 877 872 1137
f 1122 872 1123
f 1138 873 878
f 1138 1123 873
f 874 1533 875
f 1126 1533 874
f 1128 1113 875
f 875 1535 1128
f 1535 875 1533
f 876 879 877
f 876 877 1140
f 876 1141 877
f 879 876 1140
f 1141 876 1140
f 880 877 879
f 1141 877 880
f 1142 877 1137
f 1141 1140 877
f 1143 1138 878
f 1143 1142 878
f 886 879 1153
f 879 1140 1153
f 887 1154 880
f 880 1154 1141
f 882 888 881
f 1155 882 881
f 881 888 1155
f 888 881 1179
f 1142 1155 881
f 1155 1179 881
f 1157 882 883
f 1143 882 1156
f 882 1155 1156
f 1157 1156 882
f 1157 883 884
f 890 889 883
f 1180 883 889
f 1157 883 1180
f 884 1158 885
f 1157 884 1158
f 1166 1158 885
f 1167 1166 885
f 891 886 1610
f 1177 886 1153
f 886 1177 1610
f 887 892 1199
f 1178 1154 887
f 1178 887 1199
f 1029 888 1368
f 1179 1155 888
f 1179 1368 888
f 1030 1369 889
f 1180 889 1369
f 892 913 1225
f 1225 1199 892
f 894 916 895
f 1182 894 895
f 895 894 1204
f 1182 1203 894
f 1203 1204 894
f 896 895 897
f 896 1182 895
f 895 918 897
f 897 895 1205
f 917 895 916
f 1204 1205 895
f 1182 896 897
f 896 1205 897
f 898 897 919
f 898 1182 897
f 898 897 1207
f 919 897 918
f 1206 897 1205
f 1206 1207 897
f 899 905 898
f 899 898 1208
f 905 1188 898
f 920 898 919
f 1188 1182 898
f 898 1207 1208
f 899 900 920
f 1209 900 899
f 899 901 903
f 899 920 901
f 905 899 903
f 1209 899 1208
f 900 901 921
f 900 1209 901
f 921 920 900
f 902 923 901
f 902 901 1210
f 901 922 903
f 901 920 922
f 922 921 901
f 922 901 923
f 1209 1210 901
f 902 903 923
f 903 902 1210
f 903 904 905
f 924 904 903
f 1210 904 903
f 922 923 903
f 924 903 923
f 904 925 905
f 904 906 925
f 906 904 1212
f 925 904 924
f 1210 1212 904
f 905 906 907
f 927 906 905
f 1212 905 906
f 906 905 1213
f 1188 905 907
f 926 905 925
f 927 905 926
f 1212 1213 905
f 906 927 907
f 907 906 1214
f 925 906 926
f 927 926 906
f 1213 1214 906
f 908 909 907
f 1214 908 907
f 1192 907 909
f 928 907 927
f 1188 907 1192
f 908 928 909
f 908 1215 909
f 1214 1215 908
f 911 910 909
f 910 1192 909
f 909 930 911
f 909 1217 911
f 929 909 928
f 1215 1217 909
f 911 1192 910
f 1216 911 910
f 1217 910 911
f 910 1217 1216
f 911 931 912
f 911 912 932
f 912 1195 911
f 911 1219 912
f 931 930 911
f 911 932 931
f 1192 911 1195
f 1217 911 1216
f 911 1217 1219
f 933 912 931
f 933 932 912
f 1195 912 1219
f 913 934 1664
f 1225 913 1637
f 1664 1637 913
f 916 917 936
f 937 936 917
f 918 919 937
f 919 920 939
f 938 937 919
f 922 920 921
f 920 922 941
f 940 939 920
f 922 923 942
f 942 941 922
f 923 924 943
f 943 942 923
f 924 925 943
f 944 925 926
f 944 943 925
f 927 945 926
f 927 928 947
f 945 927 946
f 928 929 948
f 948 947 928
f 950 948 929
f 930 931 950
f 952 931 932
f 951 950 931
f 932 933 952
f 953 952 933
f 934 954 1279
f 1279 1664 934
f 936 937 956
f 939 937 938
f 939 956 937
f 940 941 939
f 941 957 939
f 956 939 957
f 942 957 941
f 942 943 957
f 943 944 958
f 957 943 958
f 959 958 944
f 945 946 947
f 960 945 947
f 948 949 947
f 962 948 947
f 948 1262 947
f 947 949 960
f 962 947 961
f 947 1289 961
f 1289 947 1262
f 949 948 950
f 948 962 1290
f 1263 1262 948
f 1290 1263 948
f 949 950 960
f 952 950 951
f 950 952 964
f 964 960 950
f 953 964 952
f 954 965 1279
f 957 970 956
f 967 956 968
f 968 956 970
f 974 957 958
f 971 970 957
f 957 972 971
f 973 972 957
f 973 957 974
f 959 975 958
f 974 958 975
f 964 963 960
f 960 963 978
f 976 960 977
f 977 960 978
f 979 962 961
f 979 961 978
f 978 961 1289
f 962 979 1290
f 964 983 963
f 979 978 963
f 980 979 963
f 963 981 980
f 963 983 981
f 984 983 964
f 1664 1279 965
f 965 1319 1687
f 965 1687 1664
f 989 967 968
f 988 967 989
f 970 969 968
f 969 991 968
f 990 968 991
f 971 993 970
f 991 970 993
f 973 995 972
f 993 972 995
f 974 996 973
f 995 973 996
f 975 998 974
f 997 996 974
f 997 974 998
f 999 998 975
f 977 1000 976
f 999 976 1000
f 979 1002 978
f 1309 979 978
f 1000 978 1002
f 1289 1309 978
f 979 980 981
f 981 1003 979
f 1002 979 1001
f 1002 979 1003
f 1290 979 1310
f 1310 979 1309
f 981 983 982
f 982 1005 981
f 1004 981 1005
f 982 983 1005
f 984 1007 983
f 983 1006 1005
f 1006 983 1007
f 985 1009 1319
f 986 1029 1010
f 1012 989 988
f 989 1345 988
f 1011 1012 988
f 1344 1011 988
f 1344 988 1345
f 989 990 991
f 990 989 1012
f 991 1346 989
f 1012 989 1345
f 1345 989 1346
f 991 990 1014
f 1014 990 1012
f 993 992 991
f 991 992 1348
f 991 1015 993
f 1014 1013 991
f 1013 1346 991
f 1014 1015 991
f 1347 1014 991
f 1347 991 1348
f 1015 992 993
f 992 1015 1348
f 994 993 995
f 1349 993 994
f 993 1016 995
f 1349 1016 993
f 994 995 1349
f 995 1016 996
f 996 1351 995
f 1349 995 1351
f 1019 997 996
f 996 997 1351
f 1019 996 1016
f 1019 998 997
f 1351 997 998
f 998 999 1000
f 1019 999 998
f 1000 1353 998
f 1351 998 1353
f 1000 999 1019
f 1000 1001 1002
f 1001 1000 1021
f 1001 1355 1000
f 1353 1000 1019
f 1020 1021 1000
f 1020 1000 1354
f 1354 1000 1355
f 1355 1001 1021
f 1003 1002 1023
f 1357 1002 1003
f 1021 1022 1002
f 1002 1355 1021
f 1022 1023 1002
f 1355 1002 1357
f 1003 1004 1005
f 1004 1003 1023
f 1005 1359 1003
f 1023 1003 1357
f 1357 1003 1358
f 1358 1003 1359
f 1005 1004 1025
f 1023 1025 1004
f 1007 1005 1006
f 1005 1026 1007
f 1007 1361 1005
f 1025 1026 1005
f 1025 1005 1359
f 1359 1005 1361
f 1361 1007 1026
f 1027 1008 1714
f 1714 1008 1686
f 1009 1028 1367
f 1340 1319 1009
f 1367 1340 1009
f 1012 1011 1371
f 1011 1344 1371
f 1014 1012 1013
f 1013 1012 1373
f 1371 1373 1012
f 1013 1014 1346
f 1013 1373 1014
f 1375 1015 1014
f 1347 1346 1014
f 1373 1375 1014
f 1016 1349 1015
f 1016 1015 1380
f 1348 1015 1349
f 1375 1380 1015
f 1380 1019 1016
f 1017 1018 5433
f 1018 1017 5441
f 1017 5433 5432
f 1017 5432 5440
f 5441 1017 5440
f 1769 1018 2149
f 5441 1018 1769
f 1018 5441 2149
f 5441 5433 1018
f 1019 1021 1020
f 1020 1354 1019
f 1380 1021 1019
f 1019 1354 1353
f 1023 1022 1021
f 1023 1021 1383
f 1380 1383 1021
f 1025 1023 1024
f 1383 1024 1023
f 1358 1024 1025
f 1025 1024 1359
f 1024 1383 1025
f 1358 1359 1024
f 1025 1387 1026
f 1359 1358 1025
f 1383 1387 1025
f 1387 1361 1026
f 1392 1034 1027
f 1366 1392 1027
f 1366 1027 1714
f 1028 1035 1393
f 1367 1028 1393
f 1029 1030 1368
f 1394 1036 1029
f 1394 1029 1368
f 1030 1031 1369
f 1395 1030 1037
f 1369 1368 1030
f 1369 1030 1395
f 1031 1032 1370
f 1370 1369 1031
f 1032 1033 1397
f 1371 1370 1032
f 1397 1371 1032
f 1405 1397 1033
f 1034 1035 1041
f 1035 1034 1042
f 1393 1035 1034
f 1041 1042 1034
f 1034 1392 1393
f 1418 1034 1392
f 1042 1041 1035
f 1035 1393 1419
f 1036 1420 1042
f 1036 1394 1420
f 1038 1037 1396
f 1043 1421 1037
f 1396 1037 1395
f 1395 1037 1421
f 1039 1038 1396
f 1039 1397 1040
f 1039 1396 1397
f 1405 1040 1397
f 1406 1040 1405
f 1041 1042 1393
f 1042 1041 1419
f 1392 1041 1393
f 1418 1041 1392
f 1419 1041 1418
f 1431 1045 1042
f 1042 1419 1393
f 1419 1042 1420
f 1431 1042 1419
f 1046 1432 1043
f 1421 1043 1420
f 1043 1432 1420
f 1430 1044 1045
f 1436 1045 1044
f 1044 1430 1436
f 1045 1437 1046
f 1431 1430 1045
f 1436 1437 1045
f 1437 1432 1046
f 5273 1047 1048
f 1047 5272 1053
f 1047 5273 5272
f 1049 1447 1048
f 1048 1447 5273
f 1050 1449 1049
f 1448 1447 1049
f 1049 1449 1448
f 1450 1050 1051
f 1450 1449 1050
f 1052 5284 1051
f 1051 5281 1450
f 1051 5471 1450
f 5283 1051 5284
f 1051 5283 5471
f 1055 1053 5299
f 5287 1053 5272
f 5287 5299 1053
f 1058 1055 5299
f 1057 1063 5307
f 5310 1059 1058
f 5309 1058 5299
f 5309 5310 1058
f 1059 5310 1468
f 1470 1062 1061
f 1470 1061 1469
f 1063 1062 5319
f 1470 1471 1062
f 1062 1471 5316
f 1062 1471 5505
f 1062 5318 5319
f 1062 5505 5318
f 1063 5319 5307
f 1068 1481 1064
f 1477 1064 1481
f 1066 1478 1065
f 1478 1076 1065
f 1066 1479 1067
f 1066 1480 1067
f 1066 1479 1077
f 1077 1490 1066
f 1479 1478 1066
f 1066 1479 1480
f 1066 1490 1479
f 1068 1067 1071
f 1068 1481 1067
f 1073 1071 1067
f 1073 1480 1067
f 1073 1067 1484
f 1479 1480 1067
f 1480 1481 1067
f 1481 1484 1067
f 1068 1069 1481
f 1482 1069 1068
f 1068 1071 1074
f 1068 1074 1484
f 1482 1068 1481
f 1484 1481 1068
f 1482 1069 1070
f 1070 1069 1483
f 1069 1482 1481
f 1483 1069 1482
f 1483 1070 1071
f 1484 1071 1070
f 1483 1482 1070
f 1483 1484 1070
f 1071 1073 1072
f 1071 1072 1484
f 1485 1072 1071
f 1074 1071 1073
f 1071 1484 1483
f 1484 1485 1071
f 1072 1073 1485
f 1073 1072 1486
f 1484 1072 1485
f 1486 1072 1485
f 1073 1074 1486
f 1073 1487 1074
f 1073 1486 1480
f 1486 1073 1484
f 1486 1485 1073
f 1073 1486 1487
f 1082 1075 1074
f 1487 1074 1075
f 1082 1074 1487
f 1486 1484 1074
f 1486 1074 1487
f 1075 1082 1083
f 1083 1488 1075
f 1487 1075 1488
f 1076 1478 1489
f 1489 1517 1076
f 1087 1077 1502
f 1077 1479 1490
f 1077 1490 1502
f 1077 1895 1490
f 1491 1083 1082
f 1487 1491 1082
f 1083 1088 1084
f 1493 1083 1084
f 1492 1088 1083
f 1083 1088 1503
f 1488 1083 1492
f 1491 1492 1083
f 1493 1492 1083
f 1492 1083 1503
f 1089 1084 1088
f 1493 1084 1089
f 1089 1497 1084
f 1084 2273 1089
f 1493 1084 1497
f 1084 1493 2273
f 1085 1090 1086
f 1495 1085 1086
f 1090 1085 1498
f 1495 1494 1085
f 1085 1494 1498
f 1091 1086 1090
f 1091 1501 1086
f 1086 1501 1495
f 1089 1088 1497
f 1088 1092 1496
f 1492 1496 1088
f 1496 1497 1088
f 1090 1498 1089
f 1089 1497 1493
f 1497 1089 1498
f 1501 1091 1094
f 1499 1092 1095
f 1499 1092 1496
f 1097 1093 1094
f 1501 1094 1093
f 1097 1096 1093
f 1096 1507 1093
f 1501 1093 1500
f 1093 1507 1500
f 1499 1095 1098
f 2276 1098 1095
f 2276 1095 1499
f 1507 1096 1097
f 1508 1097 1108
f 1097 1508 1507
f 1098 1099 1105
f 1105 1098 1512
f 1499 1098 1506
f 1512 1506 1098
f 2276 1506 1098
f 1107 1100 1099
f 1106 1105 1099
f 1107 1099 1106
f 1102 1101 1109
f 1101 1102 1509
f 1123 1109 1101
f 1123 1101 1137
f 1136 1137 1101
f 1101 1528 1136
f 1101 1509 2284
f 1528 1101 1905
f 1101 2294 1905
f 2284 2294 1101
f 1510 1102 1109
f 1510 1509 1102
f 1518 1111 1103
f 1518 1103 1502
f 1105 1104 1119
f 1513 1106 1105
f 1120 1105 1119
f 1527 1105 1120
f 1105 1527 1503
f 1513 1105 1512
f 1106 1513 1107
f 1515 1108 1107
f 1514 1107 1513
f 1515 1107 1514
f 1515 1508 1108
f 1530 1109 1123
f 1109 1511 1510
f 1511 1109 1516
f 1530 1516 1109
f 1111 1110 1126
f 1126 1110 1533
f 1110 1517 1533
f 1111 1112 1127
f 1112 1518 1111
f 1519 1112 1111
f 1126 1111 1533
f 1127 1534 1111
f 1519 1111 1518
f 1518 1111 1533
f 1111 1534 1533
f 1127 1112 1113
f 1519 1112 1113
f 1525 1118 1112
f 1112 1127 1534
f 1112 1519 1518
f 1525 1112 1519
f 1519 1112 1534
f 1114 1520 1113
f 1113 1128 1127
f 1128 1113 1535
f 1520 1519 1113
f 1113 1535 1520
f 1115 1521 1114
f 1536 1114 1129
f 1130 1114 1537
f 1521 1520 1114
f 1114 1536 1521
f 1114 1536 1537
f 1116 1522 1115
f 1130 1115 1537
f 1522 1521 1115
f 1115 1522 1537
f 1117 1523 1116
f 1131 1116 1118
f 1131 1116 1538
f 1116 1523 1522
f 1523 1116 1538
f 1118 1525 1117
f 1132 1539 1117
f 1117 1524 1523
f 1524 1117 1525
f 1117 1539 1524
f 1119 1525 1118
f 1526 1119 1118
f 1118 1133 1131
f 1540 1118 1133
f 1526 1118 1525
f 1118 1540 1525
f 1135 1120 1119
f 1119 1120 1526
f 1527 1120 1119
f 1135 1119 1134
f 1134 1119 1541
f 1119 1526 1525
f 1527 1119 1526
f 1119 1526 1541
f 1135 1542 1120
f 1527 1526 1120
f 1527 1120 1542
f 1121 1122 1137
f 1137 1136 1121
f 1122 1123 1137
f 1124 1123 1137
f 1123 1124 1530
f 1123 1138 1137
f 1125 1124 1137
f 1124 1125 1531
f 1124 1530 1516
f 1124 1531 1530
f 1137 1138 1125
f 1139 1125 1138
f 1139 1531 1125
f 1126 1534 1127
f 1534 1126 1533
f 1128 1131 1127
f 1128 1127 1535
f 1133 1127 1131
f 1133 1538 1127
f 1534 1127 1535
f 1535 1127 1538
f 1536 1129 1128
f 1128 1134 1131
f 1128 1538 1134
f 1128 1535 1536
f 1538 1128 1535
f 1538 1131 1130
f 1130 1537 1538
f 1131 1539 1132
f 1134 1133 1131
f 1131 1538 1539
f 1132 1539 1133
f 1134 1541 1133
f 1540 1538 1133
f 1133 1539 1540
f 1540 1133 1541
f 1134 1542 1135
f 1541 1134 1538
f 1542 1134 1541
f 1528 1137 1136
f 1543 1136 1137
f 1136 1547 1137
f 1547 1136 1543
f 1142 1137 1138
f 1137 1545 1138
f 1528 1529 1137
f 1529 1544 1137
f 1543 1137 1544
f 1544 1545 1137
f 1544 1137 1548
f 1548 1137 1547
f 1142 1139 1138
f 1143 1142 1138
f 1138 1545 1142
f 1139 1142 1144
f 1139 1144 1546
f 1531 1139 1546
f 1141 1548 1140
f 1153 1140 1547
f 1547 1140 1548
f 1141 1148 1167
f 1154 1548 1141
f 1155 1141 1156
f 1155 1179 1141
f 1156 1141 1157
f 1158 1157 1141
f 1166 1141 1158
f 1141 1167 1158
f 1166 1167 1141
f 1141 1179 1419
f 1155 1142 1143
f 1155 1144 1142
f 1549 1155 1142
f 1549 1142 1545
f 1143 1156 1155
f 1145 1144 1160
f 1144 1145 1550
f 1144 1155 1158
f 1158 1160 1144
f 1546 1144 1550
f 1145 1163 1146
f 1146 1554 1145
f 1160 1161 1145
f 1161 1162 1145
f 1145 1162 1163
f 1554 1550 1145
f 1146 1169 1147
f 1147 1559 1146
f 1164 1146 1163
f 1146 1164 1166
f 1166 1169 1146
f 1554 1146 1559
f 1148 1147 1173
f 1147 1148 1559
f 1170 1147 1169
f 1171 1147 1170
f 1172 1147 1171
f 1172 1173 1147
f 1149 1148 1174
f 1149 1148 1196
f 1149 1562 1148
f 1168 1148 1167
f 1167 1148 1174
f 1174 1148 1168
f 1148 1173 1196
f 1148 1561 1559
f 1561 1148 1562
f 1149 1150 1174
f 1196 1150 1149
f 1563 1149 1150
f 1575 1149 1196
f 1196 1149 1581
f 1563 1562 1149
f 1575 1562 1149
f 1581 1149 1562
f 1151 1150 1174
f 1150 1197 1151
f 1150 1151 1563
f 1197 1150 1196
f 1151 1152 1175
f 1151 1197 1152
f 1564 1151 1152
f 1174 1151 1175
f 1564 1563 1151
f 1176 1152 1175
f 1176 1152 1197
f 1565 1152 1176
f 1565 1564 1152
f 1177 1153 1566
f 1566 1153 1547
f 1155 1154 1178
f 1154 1155 3530
f 1154 1178 1567
f 1154 4443 1178
f 1154 1567 1548
f 4443 1154 3530
f 1156 1180 1155
f 1158 1155 1157
f 1157 1155 1181
f 1155 1178 1200
f 1155 1180 1179
f 1200 1181 1155
f 1155 1549 3530
f 1157 1180 1156
f 1158 1157 1943
f 1157 1181 1942
f 1942 1943 1157
f 1163 1159 1158
f 1158 1159 1182
f 1160 1158 2339
f 1165 1163 1158
f 1166 1158 1167
f 2338 1158 1943
f 2338 2339 1158
f 1163 1185 1159
f 1159 1183 1182
f 1159 1185 1183
f 1160 1944 1161
f 2339 1944 1160
f 1161 2712 1162
f 1161 1945 1184
f 1184 5137 1161
f 1945 1161 1944
f 2711 2712 1161
f 2711 1161 3534
f 5137 3534 1161
f 1162 1186 1163
f 5139 1186 1162
f 2713 1162 2712
f 2713 3888 1162
f 1162 3888 5139
f 1164 1163 2344
f 1165 1187 1163
f 1189 1165 1163
f 1187 1185 1163
f 1187 1163 1186
f 1163 1187 1189
f 1187 1963 1163
f 1963 1948 1163
f 2343 1163 1948
f 2343 2344 1163
f 1190 1166 1164
f 1164 1188 1190
f 1164 1949 1188
f 2344 1949 1164
f 1165 1166 1170
f 1189 1187 1165
f 1169 1166 2348
f 1170 1166 1171
f 1192 1171 1166
f 1190 1192 1166
f 1190 1952 1166
f 1166 1952 2347
f 2348 1166 2347
f 1174 1168 1167
f 1170 1169 3899
f 1970 1191 1169
f 1169 1191 3898
f 1953 1970 1169
f 1953 1169 2348
f 3898 3899 1169
f 1170 1171 1173
f 1171 1170 3900
f 3899 3900 1170
f 1171 3900 1172
f 1173 1171 1195
f 1171 1192 1193
f 1193 1195 1171
f 1172 2352 1173
f 1172 1194 1956
f 3901 1194 1172
f 2351 1172 1956
f 2351 2352 1172
f 3901 1172 3900
f 1195 1196 1173
f 1173 1957 1195
f 2352 1957 1173
f 1198 1174 1175
f 1175 1176 1198
f 1198 1176 1197
f 1224 1176 1198
f 1176 1198 1417
f 1176 1224 1248
f 1248 1318 1176
f 1417 1176 1318
f 1176 1417 1681
f 1576 1565 1176
f 1576 1176 1681
f 1177 1566 2007
f 2007 1610 1177
f 1199 1583 1178
f 1178 1279 1200
f 1279 1178 1637
f 1567 1178 1577
f 1577 1178 1583
f 1611 1637 1178
f 2008 1611 1178
f 2008 1178 2395
f 1178 4723 2395
f 4469 1178 4443
f 4469 4723 1178
f 1180 1368 1179
f 1368 1179 1419
f 1368 1180 1369
f 1202 1181 1200
f 1961 1181 1202
f 1961 1942 1181
f 1185 1182 1183
f 1185 1187 1182
f 1188 1185 1182
f 1192 1182 1187
f 1192 1188 1182
f 1188 1207 1182
f 1182 1204 1203
f 1182 1206 1204
f 1206 1182 1207
f 1206 1185 1184
f 1185 4950 1184
f 1962 1206 1184
f 1962 1184 1945
f 4949 1184 4950
f 5150 1184 4949
f 5150 5137 1184
f 1186 1185 1209
f 1186 4950 1185
f 1187 1185 1189
f 1188 1192 1185
f 1192 1189 1185
f 1209 1185 1206
f 1209 1187 1186
f 1186 4951 4950
f 5151 4951 1186
f 5139 5151 1186
f 1187 1189 1192
f 1187 1209 1963
f 1213 1190 1188
f 1188 1192 1195
f 1188 1195 1215
f 1188 1209 1207
f 1210 1209 1188
f 1212 1210 1188
f 1213 1188 1210
f 1188 1966 1210
f 1188 1214 1212
f 1214 1188 1215
f 1966 1188 1949
f 1192 1190 1189
f 1190 1213 1969
f 1969 1952 1190
f 1215 1192 1191
f 1192 5156 1191
f 1191 1970 1215
f 4229 3898 1191
f 5155 4229 1191
f 5155 1191 5156
f 1195 1193 1192
f 1193 1192 1215
f 1193 4959 1192
f 4958 1192 4959
f 5156 1192 4958
f 1218 1194 1193
f 1193 1194 5157
f 1215 1218 1193
f 5157 4959 1193
f 1971 1194 1218
f 1971 1956 1194
f 5158 1194 3901
f 5158 5157 1194
f 1221 1196 1195
f 1216 1215 1195
f 1195 1217 1216
f 1219 1217 1195
f 1219 1221 1195
f 1195 1974 1219
f 1957 1974 1195
f 1197 1196 2368
f 1222 1196 1221
f 1222 2388 1196
f 1976 1575 1196
f 1196 1581 2367
f 1196 2367 1976
f 2367 2368 1196
f 2367 1196 2388
f 1197 2368 1198
f 1198 2369 1224
f 1391 1198 1417
f 2369 1198 2368
f 1199 1225 1611
f 1583 1199 1611
f 1200 2372 1202
f 1341 1200 1279
f 1665 1200 1341
f 1638 1612 1200
f 1612 2009 1200
f 1665 1638 1200
f 2372 1200 2009
f 1226 1201 2747
f 1201 1226 2781
f 1201 2781 2747
f 2373 1961 1202
f 2373 1202 2372
f 1205 1204 1206
f 1209 1206 2376
f 2374 1206 1962
f 2374 2376 1206
f 1208 1207 1209
f 1231 1208 1207
f 1207 1208 2753
f 1230 1231 1207
f 1230 1207 2752
f 1207 2753 2752
f 1208 1231 2787
f 1208 2787 2753
f 2376 1963 1209
f 1213 1210 2377
f 2377 1210 1966
f 1237 1212 1211
f 1211 1212 2759
f 1236 1237 1211
f 1236 1211 2758
f 1211 2759 2758
f 1213 1212 1214
f 1212 1237 2791
f 1212 2791 2759
f 2379 1969 1213
f 2377 2379 1213
f 1217 1215 1216
f 1218 1215 2383
f 2380 1215 1970
f 2380 2383 1215
f 1216 1242 1217
f 1216 1217 2765
f 1242 1216 2764
f 1216 2765 2764
f 1242 1243 1217
f 1217 1243 2795
f 1217 2795 2765
f 1218 2383 1971
f 1219 2386 1221
f 1219 1974 2386
f 1220 1244 1221
f 1220 1221 2771
f 1244 1220 2770
f 1220 2771 2770
f 2388 1222 1221
f 1244 1245 1221
f 1221 1245 2801
f 1221 2386 2388
f 1221 2801 2771
f 1247 1223 1222
f 1247 1222 1246
f 1223 1247 1224
f 1247 1224 1248
f 1631 1248 1224
f 1608 1631 1224
f 1224 2390 1608
f 2390 1224 2369
f 1611 1225 1637
f 1226 2747 2781
f 1227 1282 1252
f 1227 1252 2840
f 1282 1227 1301
f 1321 1301 1227
f 1585 1321 1227
f 1585 1227 1586
f 1227 2812 1586
f 2812 1227 2840
f 1228 1254 1229
f 1228 1229 1587
f 1228 1253 1254
f 1253 1228 1719
f 1228 1587 1719
f 1254 1588 1229
f 1588 1587 1229
f 1231 1230 2786
f 1230 2752 2786
f 1231 2786 2787
f 1232 1257 1233
f 1232 1233 1590
f 1232 1256 1257
f 1256 1232 2040
f 1590 3604 1232
f 2013 2040 1232
f 2400 2013 1232
f 1232 3604 2400
f 1591 1233 1257
f 1591 1590 1233
f 1234 1259 1235
f 1235 1593 1234
f 1234 1258 1259
f 1234 2436 1258
f 1592 1234 1593
f 1234 1592 2436
f 1259 1643 1235
f 1235 3607 1593
f 1643 2041 1235
f 2014 1235 2041
f 2014 2401 1235
f 3607 1235 2401
f 1237 1236 2790
f 1236 2758 2790
f 1237 2790 2791
f 1262 1239 1238
f 1618 1238 1239
f 1262 1238 1261
f 1261 1238 1645
f 1618 2043 1238
f 2043 1645 1238
f 1240 1239 1262
f 1620 1239 1240
f 1240 1239 2017
f 1239 1240 2018
f 1619 1262 1239
f 1646 1239 1262
f 1619 1618 1239
f 1620 1619 1239
f 1619 1239 1646
f 1239 2018 2017
f 1241 1240 1264
f 1621 1240 1241
f 1240 1262 1263
f 1264 1240 1263
f 1240 1263 1620
f 1647 1263 1240
f 1621 1620 1240
f 1620 1647 1240
f 1240 2017 2018
f 1264 1648 1241
f 1621 1241 2046
f 1648 2046 1241
f 1243 1242 2794
f 1242 2764 2794
f 1243 2794 2795
f 1245 1244 2800
f 1244 2770 2800
f 1245 2800 2801
f 1247 1273 1246
f 1272 1246 1273
f 1248 1274 1247
f 1248 1247 1318
f 1247 1248 1630
f 1247 1297 1273
f 1274 1297 1247
f 1317 1318 1247
f 1247 1630 1317
f 1631 1630 1248
f 1663 1278 1249
f 1636 1663 1249
f 1250 1281 1251
f 1638 1250 1251
f 1250 1280 1281
f 1280 1250 1665
f 1638 1665 1250
f 1251 1281 1666
f 1638 1251 1639
f 1639 1251 1666
f 1252 1282 2840
f 1254 1253 1588
f 1283 1588 1253
f 1719 1283 1253
f 1254 1285 1255
f 1640 1254 1255
f 1254 1284 1285
f 1254 1667 1284
f 1640 1667 1254
f 1255 1285 1668
f 1640 1255 1641
f 1641 1255 1668
f 1257 1256 1304
f 1304 1256 1669
f 1642 1669 1256
f 2040 1642 1256
f 1257 1304 1305
f 1305 2078 1257
f 1986 1591 1257
f 1964 1986 1257
f 2358 1964 1257
f 2078 2435 1257
f 2731 2358 1257
f 1257 2435 3629
f 2755 2731 1257
f 2755 1257 3203
f 3583 3203 1257
f 3605 3583 1257
f 3629 3605 1257
f 1259 1258 1306
f 1258 2079 1306
f 2079 1258 2436
f 1259 1287 1260
f 1643 1259 1260
f 1259 1286 1287
f 1286 1259 1670
f 1259 1306 1307
f 1259 1307 1670
f 1643 1259 1670
f 1260 1287 1671
f 1643 1260 1644
f 1644 1260 1671
f 1261 1288 1262
f 1288 1261 1672
f 1645 1672 1261
f 1262 1263 1290
f 1262 1646 1263
f 1288 1289 1262
f 1290 1289 1262
f 1619 1646 1262
f 1290 1264 1263
f 1647 1620 1263
f 1646 1647 1263
f 1291 1264 1290
f 1291 1673 1264
f 1648 1264 1673
f 1265 1293 1266
f 1649 1265 1266
f 1265 1292 1293
f 1265 1674 1292
f 1649 1674 1265
f 1266 1293 1675
f 1649 1266 1650
f 1650 1266 1675
f 1312 1268 1267
f 1625 1267 1268
f 1267 1676 1312
f 1625 1624 1267
f 1267 1624 2049
f 1651 1676 1267
f 2049 1651 1267
f 1312 1313 1268
f 1268 1313 2023
f 1625 1268 2023
f 1314 1270 1269
f 1627 1269 1270
f 1314 1269 2024
f 1627 1626 1269
f 1269 1626 2024
f 1270 1314 1315
f 1270 1315 1677
f 1270 2052 1627
f 1654 1270 1677
f 2052 1270 1654
f 1271 1295 1272
f 1655 1271 1272
f 1271 1294 1295
f 1271 1678 1294
f 1655 1678 1271
f 1272 1273 1295
f 1296 1273 1272
f 1272 1273 1297
f 1272 1295 1679
f 1297 1296 1272
f 1655 1272 1656
f 1656 1272 1679
f 1296 1295 1273
f 1275 1298 1660
f 1275 1711 1298
f 1660 1711 1275
f 1300 1277 1276
f 1277 1661 1276
f 1300 1276 1299
f 1276 1661 1299
f 1277 1662 1300
f 1277 1300 2059
f 1277 1662 1661
f 1277 2059 1662
f 1279 1278 1663
f 1686 1278 1663
f 1279 1367 1341
f 1367 1279 1664
f 1637 1664 1279
f 1663 1279 1664
f 1689 1281 1280
f 1688 1280 1665
f 1688 1689 1280
f 1689 1666 1281
f 1301 2840 1282
f 1302 1588 1283
f 1719 1302 1283
f 1285 1284 1691
f 1690 1284 1667
f 1690 1691 1284
f 1285 1691 1668
f 1286 1695 1287
f 1695 1286 1670
f 1696 1671 1287
f 1696 1287 1695
f 1288 1308 1289
f 1308 1288 1672
f 1289 1290 1309
f 1310 1290 1289
f 1309 1289 1308
f 1289 1309 1310
f 1290 1311 1291
f 1310 1309 1290
f 1310 1311 1290
f 1311 1673 1291
f 1292 1701 1293
f 1701 1292 1674
f 1702 1675 1293
f 1702 1293 1701
f 1294 1705 1295
f 1705 1294 1678
f 1296 1317 1295
f 1317 1316 1295
f 1706 1679 1295
f 1706 1295 1705
f 1317 1296 1297
f 1296 1318 1297
f 1318 1296 1317
f 1318 1317 1297
f 1683 1660 1298
f 1711 1683 1298
f 1713 1300 1299
f 1684 1299 1661
f 1712 1299 1684
f 1713 1299 1712
f 1685 1300 1662
f 1300 1685 1713
f 1300 1713 2097
f 2097 2059 1300
f 1321 2840 1301
f 1322 1303 1302
f 1303 1588 1302
f 1719 1322 1302
f 1322 1323 1303
f 1323 1588 1303
f 1692 1305 1304
f 1669 1692 1304
f 2077 1304 1692
f 1692 1693 1305
f 1693 2106 1305
f 2106 2078 1305
f 1307 1306 1695
f 1694 1695 1306
f 1306 2107 1694
f 2107 1306 2079
f 1670 1307 1695
f 2080 1695 1307
f 1309 1308 1329
f 1329 1308 1328
f 1328 1308 1697
f 1672 1697 1308
f 1310 1309 1329
f 1309 1310 1698
f 1309 1310 2083
f 1698 1329 1309
f 1329 1309 2111
f 2111 1309 2083
f 1330 1311 1310
f 1330 1310 1329
f 1310 1330 1699
f 1310 1330 2084
f 1698 1310 1699
f 2083 1310 2084
f 1330 1331 1311
f 1331 1700 1311
f 1673 1311 1700
f 1334 1313 1312
f 1334 1312 1703
f 1676 1703 1312
f 1334 1335 1313
f 1313 1335 2419
f 2050 2023 1313
f 2050 1313 2419
f 1336 1315 1314
f 1314 2420 1336
f 2051 1314 2024
f 2051 2420 1314
f 1336 1337 1315
f 1337 1704 1315
f 1677 1315 1704
f 1708 1318 1317
f 1707 1317 1630
f 1708 1317 1707
f 1417 1318 1365
f 1708 1365 1318
f 1340 1715 1319
f 1715 1687 1319
f 1320 1342 2884
f 1342 1320 2915
f 2915 1320 2884
f 1321 1585 1717
f 1718 1321 1717
f 1321 1718 2840
f 1322 1719 1323
f 1720 1588 1323
f 1720 1323 1719
f 1349 1325 1324
f 1324 1325 2890
f 1348 1349 1324
f 1348 1324 2916
f 2916 1324 2890
f 1325 1349 2891
f 2890 1325 2891
f 1353 1327 1326
f 1326 1327 2896
f 1352 1353 1326
f 1352 1326 2922
f 2922 1326 2896
f 1327 1353 2897
f 2896 1327 2897
f 1328 1727 1329
f 1697 2082 1328
f 1328 2082 1727
f 1728 1330 1329
f 1330 1329 2112
f 1329 1698 1728
f 1728 1329 1727
f 2112 1329 2111
f 1331 1330 1729
f 1729 1699 1330
f 1728 1729 1330
f 2084 1330 2112
f 1700 1331 2085
f 1331 1729 1730
f 1730 2085 1331
f 1332 1358 1333
f 1332 1333 2902
f 1358 1332 2928
f 2928 1332 2902
f 1358 1359 1333
f 1333 1359 2903
f 2902 1333 2903
f 1334 1733 1335
f 1703 2088 1334
f 1733 1334 3697
f 2088 2456 1334
f 3697 1334 2456
f 1734 1335 1733
f 1734 2419 1335
f 1736 1337 1336
f 1735 1736 1336
f 1735 1336 2420
f 1337 2089 1704
f 1736 3700 1337
f 2089 1337 2457
f 3700 2457 1337
f 1338 1362 1339
f 1338 1339 2906
f 1362 1338 2934
f 2934 1338 2906
f 1362 1363 1339
f 1339 1363 2907
f 2906 1339 2907
f 1340 1367 1744
f 1744 1715 1340
f 1341 1370 1343
f 1343 2467 1341
f 1341 1367 1394
f 1341 1394 1370
f 1665 1341 1688
f 2100 1688 1341
f 1341 2466 2100
f 2466 1341 2467
f 2884 1342 2915
f 1370 2143 1343
f 2467 1343 2143
f 1344 1345 1346
f 1346 1371 1344
f 1346 1347 1348
f 1348 1375 1346
f 1371 1346 1375
f 1347 1375 1350
f 1347 1350 2468
f 1347 1374 1375
f 1374 1347 2144
f 2468 2144 1347
f 1351 1348 1349
f 1349 1348 2917
f 1351 1375 1348
f 2917 1348 2916
f 2891 1349 2917
f 1376 1350 1375
f 1350 1376 1377
f 2145 1350 1377
f 2470 1350 2145
f 2470 2468 1350
f 1351 1352 1354
f 1352 1351 5868
f 1353 1355 1351
f 1354 2475 1351
f 1351 1355 1378
f 1378 1375 1351
f 1378 1351 2148
f 5871 1351 1378
f 2473 2148 1351
f 2473 1351 2475
f 5867 5868 1351
f 5867 1351 5871
f 1353 1352 2923
f 1352 1379 1354
f 1352 5872 1379
f 2923 1352 2922
f 5872 1352 5868
f 1354 1355 1353
f 2897 1353 2923
f 1381 1354 1379
f 1381 2151 1354
f 2475 1354 2151
f 1357 1355 1356
f 1357 1383 1355
f 1383 1378 1355
f 1383 1357 1358
f 1357 1385 1360
f 1357 1360 2476
f 1383 1384 1357
f 1383 1357 2152
f 1385 1357 1384
f 2476 2152 1357
f 1358 1359 1361
f 1359 1358 2929
f 1358 1361 1387
f 1383 1358 1387
f 2929 1358 2928
f 2903 1359 2929
f 1360 1385 1386
f 1386 2153 1360
f 2479 1360 2153
f 2479 2476 1360
f 1364 1361 1388
f 2482 1361 1364
f 1361 1387 1388
f 1361 2154 1387
f 1361 2482 2154
f 1363 1362 2935
f 2935 1362 2934
f 2907 1363 2935
f 1364 1388 1389
f 2501 1364 1389
f 2484 2482 1364
f 2484 1364 2501
f 1365 1391 1417
f 2485 1391 1365
f 1740 1365 1708
f 1740 2119 1365
f 2485 1365 2119
f 1767 1392 1366
f 1714 2098 1366
f 1767 1366 2098
f 1393 1394 1367
f 1393 1768 1367
f 4621 1393 1367
f 1664 1687 1367
f 1687 2099 1367
f 1367 1768 1744
f 2444 1367 2099
f 4836 1367 2444
f 4610 4621 1367
f 4836 4610 1367
f 1369 1394 1368
f 1395 1368 1369
f 1368 1419 1369
f 1395 1419 1368
f 1369 1370 1395
f 1395 1394 1369
f 1395 1369 1419
f 1371 1397 1370
f 1370 1394 1396
f 1396 1395 1370
f 1370 1397 1396
f 1370 1396 2160
f 2143 1370 2160
f 1371 1372 1373
f 1371 1375 1372
f 1397 1372 1371
f 1373 1372 1398
f 1372 1375 1398
f 1372 1397 1398
f 1373 1380 1375
f 1373 1377 1380
f 1377 1373 1402
f 1373 1398 1402
f 5818 1375 1374
f 1400 1374 2163
f 1400 5818 1374
f 2144 2163 1374
f 5820 1376 1375
f 1375 1378 1377
f 1377 1402 1375
f 1375 1402 1398
f 5819 1375 5818
f 5820 1375 5819
f 1401 1377 1376
f 1401 1376 5847
f 5820 5847 1376
f 1378 1403 1377
f 1403 1380 1377
f 1402 1377 1401
f 1402 1403 1377
f 1377 1402 2166
f 2145 1377 2166
f 1378 1424 1379
f 1379 5871 1378
f 1378 1383 1380
f 1403 1378 1380
f 1378 1403 1424
f 1378 2148 1403
f 1379 1424 1381
f 5872 5871 1379
f 1380 1381 1382
f 1380 1383 1381
f 1380 1382 1383
f 1380 1403 1404
f 1382 1381 1410
f 1381 1383 1405
f 1405 1410 1381
f 1405 1381 1424
f 1381 1405 2151
f 1382 1387 1383
f 1382 1385 1387
f 1385 1382 1410
f 1384 1385 1383
f 1387 1384 1383
f 1384 1383 5830
f 1385 1410 1383
f 1405 1383 1410
f 2171 1408 1383
f 1383 1408 5829
f 2152 2171 1383
f 5829 5830 1383
f 1387 1385 1384
f 1384 5830 1385
f 5831 1386 1385
f 1412 1387 1385
f 1412 1385 1410
f 5831 1385 5830
f 2174 1386 1411
f 1386 5832 1411
f 2153 1386 2174
f 5832 1386 5831
f 1412 1388 1387
f 2175 1412 1387
f 2154 2175 1387
f 1388 5837 1389
f 1388 1412 1413
f 5837 1388 1413
f 1390 1389 1428
f 2502 1389 1390
f 1389 1414 1427
f 5862 1414 1389
f 1427 1428 1389
f 1389 1773 1427
f 1389 1427 1787
f 2501 1773 1389
f 1787 2157 1389
f 1389 2157 2501
f 1389 2502 2501
f 1389 5837 5838
f 5862 1389 5838
f 1391 1416 1390
f 1390 1417 1391
f 2503 1390 1391
f 1415 1390 1416
f 1416 1417 1390
f 1429 1416 1390
f 1428 1429 1390
f 2502 1390 2503
f 1416 1391 1417
f 2485 2503 1391
f 1418 1392 1790
f 1775 1392 1767
f 1775 1790 1392
f 3736 1394 1393
f 1791 1393 1419
f 1776 1768 1393
f 1776 1393 1791
f 1393 4076 3736
f 4360 4076 1393
f 1393 4359 4360
f 4621 4359 1393
f 1421 1394 1395
f 1397 1396 1394
f 1422 1397 1394
f 1394 1421 1420
f 1422 1394 1420
f 1792 1420 1394
f 1792 1394 1777
f 1394 3736 1777
f 1396 1419 1395
f 1397 1419 1396
f 1397 2161 1396
f 2160 1396 2161
f 1398 1397 1402
f 1397 1422 1399
f 1399 2508 1397
f 1403 1402 1397
f 1405 1406 1397
f 1397 1419 1405
f 1397 1406 1419
f 2507 2161 1397
f 2508 2507 1397
f 1400 1399 1423
f 1400 2162 1399
f 1423 1399 1422
f 2508 1399 2162
f 1400 1423 1401
f 5846 1400 1401
f 2163 2162 1400
f 5846 5818 1400
f 1423 1402 1401
f 1401 5847 5846
f 1403 1402 1424
f 1402 1403 2512
f 1424 1402 1423
f 2512 2166 1402
f 1405 1404 1403
f 1405 1403 1410
f 1412 1410 1403
f 2167 1403 2148
f 1403 2167 2513
f 2513 2512 1403
f 1406 1405 1419
f 1405 1424 1408
f 1405 1408 2517
f 2170 2151 1405
f 2516 2170 1405
f 2517 2516 1405
f 1407 1415 1406
f 1407 1406 1426
f 1406 1415 1426
f 1419 1426 1406
f 1415 1407 1426
f 1408 1425 1409
f 1408 1409 5854
f 1425 1408 1424
f 2517 1408 2171
f 5854 5829 1408
f 1409 1425 1410
f 1410 5856 1409
f 5855 5854 1409
f 1409 5856 5855
f 1411 1410 1425
f 1411 5856 1410
f 1411 1425 1412
f 1411 1412 2520
f 2520 2174 1411
f 5857 1411 5832
f 1411 5857 5856
f 1426 1413 1412
f 1426 1412 1425
f 2521 1412 2175
f 2520 1412 2521
f 1414 1413 1426
f 1413 1414 5861
f 1413 5861 5837
f 1426 1427 1414
f 5862 5861 1414
f 1416 1429 1415
f 1427 1426 1415
f 1427 1415 1428
f 1428 1415 1429
f 1416 1789 1417
f 1429 1788 1416
f 1788 1789 1416
f 1789 1681 1417
f 1418 1790 1419
f 1419 1791 1418
f 1790 1418 1791
f 1420 1432 1419
f 1419 1432 1431
f 1790 1791 1419
f 1432 1422 1420
f 1420 1811 1432
f 1811 1420 1792
f 1422 1793 1423
f 1439 1422 1432
f 1440 1433 1422
f 1812 1422 1433
f 1440 1422 1439
f 1812 1793 1422
f 1424 1423 1795
f 1795 1423 1793
f 1425 1424 1801
f 1798 1424 1795
f 1798 1801 1424
f 1425 1805 1426
f 1425 1801 1805
f 1427 1426 1806
f 1806 1426 1805
f 1428 1427 1807
f 1806 1427 1773
f 1806 1787 1427
f 1427 1806 1807
f 1429 1428 1807
f 1808 1788 1429
f 1807 1808 1429
f 1430 1436 1431
f 1431 1437 1430
f 1430 1431 1809
f 1436 1430 1437
f 1430 1809 1436
f 1438 1431 1432
f 1431 1439 1432
f 1811 1431 1432
f 1439 1431 1436
f 1437 1431 1438
f 1810 1809 1431
f 1431 1811 1810
f 1432 1437 1438
f 1433 1440 1812
f 1435 1434 1451
f 2200 1434 1435
f 1475 1451 1434
f 2234 1475 1434
f 1434 2200 2234
f 1451 1827 1435
f 1822 1435 1827
f 1822 2217 1435
f 2205 2200 1435
f 2205 1435 2217
f 1819 1439 1436
f 1819 1436 1809
f 1440 1439 1821
f 1820 1439 1819
f 1820 1821 1439
f 1821 1812 1440
f 1445 1442 1441
f 1442 1826 1441
f 1445 1441 1444
f 1444 1441 2992
f 1441 1825 1816
f 1816 2992 1441
f 1826 1825 1441
f 1446 1443 1442
f 1443 1817 1442
f 1446 1442 1445
f 1442 1817 1826
f 1443 1446 1831
f 1443 1818 1817
f 1818 1443 2221
f 1831 2221 1443
f 1455 1445 1444
f 1455 1444 1454
f 1454 1444 2992
f 1456 1446 1445
f 1456 1445 1455
f 1446 1456 1837
f 1837 1831 1446
f 1447 1448 5274
f 5273 1447 5274
f 5278 1448 1449
f 1448 1832 5274
f 1832 1448 5277
f 1448 5278 5277
f 1450 5281 1449
f 5278 1449 1833
f 1833 1449 5281
f 1450 1834 5282
f 5471 1834 1450
f 5282 5281 1450
f 1452 1451 1458
f 1452 1827 1451
f 1451 1476 1458
f 1476 1451 1475
f 1452 1458 1459
f 1459 1835 1452
f 1452 1828 1827
f 1835 1828 1452
f 1454 1453 1460
f 1454 1829 1453
f 1460 1453 1836
f 1836 1453 1829
f 1462 1455 1454
f 1454 1460 1461
f 1462 1454 1461
f 1454 2992 1461
f 1461 4117 1454
f 1454 1830 1829
f 1830 1454 4117
f 1456 1455 1462
f 1456 1462 1463
f 1456 1463 1837
f 1459 1458 1838
f 1458 1476 1838
f 1835 1459 1839
f 1459 1838 1839
f 1461 1460 1840
f 1836 1840 1460
f 1466 1462 1461
f 1466 1461 1465
f 1465 1461 2992
f 1461 1840 1841
f 1841 4117 1461
f 1463 1462 1467
f 1466 1467 1462
f 1463 1467 1842
f 1842 1837 1463
f 1464 1469 1470
f 1855 1466 1465
f 1472 1854 1465
f 1472 1465 2992
f 1855 1465 1854
f 1474 1467 1466
f 1474 1466 1473
f 1855 1473 1466
f 1467 1474 1847
f 1847 1842 1467
f 1468 5311 1469
f 5310 5311 1468
f 5313 1470 1469
f 1469 5311 1848
f 1469 1848 5313
f 1470 5316 1471
f 1470 5314 1849
f 1849 5315 1470
f 5314 1470 5313
f 5315 5316 1470
f 1471 5317 1850
f 1850 5505 1471
f 5317 1471 5316
f 1854 1472 2992
f 1856 1474 1473
f 1856 1473 1855
f 2230 1847 1474
f 1856 2230 1474
f 1475 2243 1476
f 1475 2234 2243
f 1843 1838 1476
f 1851 1843 1476
f 2238 1851 1476
f 1476 2244 2238
f 2244 1476 2243
f 1477 1481 1479
f 1860 1478 1479
f 1478 1871 1489
f 1860 1871 1478
f 1861 1480 1479
f 1480 1479 1862
f 1481 1863 1479
f 1490 1872 1479
f 1861 1860 1479
f 1862 1479 1861
f 1861 1479 1863
f 1861 1479 1872
f 1480 1481 1862
f 1480 1863 1481
f 1486 1862 1480
f 1480 1861 1862
f 1480 1862 1863
f 1482 1863 1481
f 1864 1482 1481
f 1863 1862 1481
f 1863 1864 1481
f 1864 1482 1483
f 1483 1482 1865
f 1863 1482 1864
f 1864 1865 1482
f 1484 1865 1483
f 1483 1866 1484
f 1864 1483 1865
f 1865 1866 1483
f 1866 1484 1485
f 1867 1485 1484
f 1486 1866 1484
f 1866 1865 1484
f 1867 1484 1866
f 1486 1868 1485
f 1485 1867 1866
f 1867 1485 1868
f 1868 1486 1487
f 1869 1487 1486
f 1486 1868 1862
f 1486 1866 1868
f 1869 1486 1868
f 1491 1487 1488
f 1491 1873 1487
f 1487 1869 1868
f 1487 1873 1869
f 1488 1492 1491
f 1871 1517 1489
f 1490 1872 1502
f 1490 1895 1872
f 1492 1873 1491
f 1492 1493 1496
f 1492 1493 1874
f 1492 1496 1874
f 1874 1492 1503
f 1492 1874 1873
f 1494 1493 1497
f 1876 1493 1494
f 1493 1497 1496
f 1875 1493 1874
f 1876 1875 1493
f 1875 2273 1493
f 1877 1494 1495
f 1494 1497 1498
f 1877 1876 1494
f 1495 1501 1877
f 1878 1499 1496
f 1499 1881 1496
f 1878 1874 1496
f 1878 1496 1881
f 1886 1499 1506
f 1878 1881 1499
f 1499 1881 2276
f 1499 2279 1881
f 1886 2279 1499
f 1505 1501 1500
f 1500 1882 1501
f 1500 1501 1884
f 1504 1505 1500
f 1500 1884 1504
f 1500 1507 1882
f 1885 1501 1505
f 1877 1501 2275
f 1883 1501 1882
f 1501 1883 2275
f 1501 1885 1884
f 1895 1518 1502
f 1872 2260 1502
f 1888 1895 1502
f 2288 1888 1502
f 2260 2270 1502
f 2270 2607 1502
f 2634 2288 1502
f 2607 2618 1502
f 2618 2627 1502
f 2627 2634 1502
f 1527 1904 1503
f 2269 1874 1503
f 1904 1889 1503
f 1889 2290 1503
f 2272 2269 1503
f 2616 2272 1503
f 2290 2638 1503
f 2622 2616 1503
f 2629 2622 1503
f 2638 2629 1503
f 1885 1505 1504
f 1884 1885 1504
f 2276 1886 1506
f 1884 1507 1508
f 1884 1882 1507
f 1892 1508 1515
f 1885 1884 1508
f 1508 2293 1885
f 1892 2293 1508
f 1510 2285 1509
f 3492 2284 1509
f 1509 2285 3492
f 1511 2286 1510
f 2285 1510 2286
f 1511 1516 1887
f 2286 1511 1887
f 1512 1513 1889
f 1890 1513 1512
f 1890 1512 1889
f 1891 1514 1513
f 1890 1889 1513
f 1891 1513 1890
f 1892 1515 1514
f 1892 1514 1891
f 1893 1516 1530
f 1893 1887 1516
f 1533 1517 1532
f 1908 1532 1517
f 1871 2259 1517
f 1908 1517 1894
f 1894 1517 2606
f 2606 1517 2259
f 1534 1519 1518
f 1895 1518 1519
f 1518 1533 1895
f 1896 1534 1518
f 1896 1518 1895
f 1520 1897 1519
f 1540 1525 1519
f 1540 1519 1534
f 1896 1519 1534
f 1519 1896 1895
f 1896 1519 1897
f 1897 1520 1521
f 1897 1520 1535
f 1898 1521 1522
f 1898 1521 1536
f 1521 1898 1897
f 1523 1900 1522
f 1522 1899 1537
f 1899 1898 1522
f 1900 1899 1522
f 1900 1523 1524
f 1523 1538 1900
f 1524 1525 1901
f 1901 1524 1539
f 1900 1524 1901
f 1541 1526 1525
f 1526 1902 1525
f 1541 1525 1540
f 1902 1525 1540
f 1902 1901 1525
f 1527 1542 1526
f 1904 1527 1526
f 1542 1541 1526
f 1903 1526 1541
f 1526 1903 1902
f 1904 1526 1903
f 1529 1528 1905
f 1544 1529 1906
f 1906 1529 1905
f 1530 1531 1893
f 1922 1531 1546
f 1531 1907 1893
f 1531 1922 1907
f 1533 1532 1909
f 1532 1908 1909
f 1534 1910 1533
f 1535 1533 1911
f 1533 1909 1895
f 1533 1910 1909
f 1909 1911 1533
f 1534 1910 1535
f 1535 1911 1534
f 1902 1540 1534
f 1902 1534 1896
f 1910 1534 1896
f 1534 1911 1910
f 1535 1912 1536
f 1897 1911 1535
f 1911 1535 1910
f 1535 1911 1912
f 1913 1537 1536
f 1536 1912 1898
f 1536 1898 1913
f 1914 1538 1537
f 1913 1537 1899
f 1914 1537 1913
f 1539 1538 1915
f 1541 1538 1540
f 1540 1914 1538
f 1916 1540 1538
f 1900 1538 1914
f 1915 1538 1914
f 1538 1914 1916
f 1540 1539 1916
f 1901 1915 1539
f 1915 1916 1539
f 1903 1541 1540
f 1541 1540 1917
f 1903 1540 1902
f 1902 1916 1540
f 1540 1916 1914
f 1540 1916 1917
f 1903 1541 1917
f 1543 1544 1547
f 1920 1545 1544
f 1548 1547 1544
f 1906 1920 1544
f 1549 1545 1921
f 1921 1545 1920
f 1546 1550 1922
f 1548 1924 1547
f 1566 1547 1923
f 1923 1547 1924
f 1567 1924 1548
f 1549 1921 1925
f 1925 3530 1549
f 1554 1551 1550
f 1550 1551 1926
f 1550 1926 1922
f 1551 1554 1552
f 1569 1551 1552
f 1551 1569 1568
f 1551 1568 1927
f 1927 1926 1551
f 1553 1552 1554
f 1552 1553 1929
f 1929 1569 1552
f 1930 1553 1554
f 1930 1929 1553
f 1554 1557 1555
f 1555 1571 1554
f 1554 1559 1557
f 1570 1554 1571
f 1554 1570 1931
f 1554 1931 1930
f 1556 1555 1557
f 1556 1932 1555
f 1571 1555 1932
f 1557 1933 1556
f 1932 1556 1933
f 1558 1557 1559
f 1558 1573 1557
f 1572 1557 1573
f 1572 1934 1557
f 1933 1557 1934
f 1935 1558 1559
f 1573 1558 1935
f 1561 1560 1559
f 1559 1560 1936
f 1559 1936 1935
f 1560 1561 1574
f 1574 1937 1560
f 1560 1937 1936
f 1575 1561 1562
f 1575 1574 1561
f 1581 1562 1563
f 1564 1582 1563
f 1582 1581 1563
f 1565 1582 1564
f 1576 1582 1565
f 1940 1566 1923
f 1566 1940 2370
f 1978 2007 1566
f 2370 1978 1566
f 1577 1960 1567
f 1941 1924 1567
f 1941 1567 1960
f 1946 1568 1569
f 1568 1928 1927
f 1928 1568 1946
f 1929 1947 1569
f 1947 1946 1569
f 1578 1570 1571
f 1578 1950 1570
f 1570 1950 1931
f 1571 1579 1578
f 1968 1579 1571
f 1932 1951 1571
f 1951 1968 1571
f 1572 1573 1954
f 1572 1954 1934
f 1573 1935 1955
f 1954 1573 1955
f 1575 1581 1574
f 1580 1574 1581
f 1580 1958 1574
f 1937 1574 1958
f 2743 1581 1575
f 1976 1959 1575
f 1575 1959 2725
f 2743 1575 2725
f 1608 1582 1576
f 1576 1658 1608
f 1658 1576 1681
f 1583 1611 1577
f 2008 1577 1611
f 1577 2395 1960
f 1577 2008 2395
f 1578 1579 2734
f 1967 1578 1950
f 1578 2734 1950
f 1968 1951 1579
f 2735 1579 1951
f 2735 2734 1579
f 1975 1580 1581
f 1958 1580 1975
f 1582 2367 1581
f 1581 2743 1975
f 1582 1608 2390
f 2367 1582 2369
f 2369 1582 2390
f 1612 1585 1584
f 2373 1584 1585
f 2009 1612 1584
f 1979 2009 1584
f 2372 1979 1584
f 2373 2372 1584
f 1980 1585 1586
f 1585 1612 1613
f 2010 1585 1613
f 1666 1585 1639
f 1639 1585 2037
f 1746 1585 1666
f 1717 1585 1746
f 1980 2010 1585
f 2373 1585 1980
f 2037 1585 2010
f 1980 1586 1981
f 1981 1586 2812
f 1982 1587 1588
f 1982 1719 1587
f 1615 1589 1588
f 2375 1588 1589
f 1614 1615 1588
f 2011 1614 1588
f 1640 1588 1667
f 2038 1588 1640
f 1588 1749 1667
f 1588 1720 1749
f 1982 1588 1983
f 1983 1588 2011
f 2374 1983 1588
f 2038 2011 1588
f 2375 2374 1588
f 2012 1589 1615
f 1984 1589 2012
f 2375 1589 1984
f 1985 1590 1591
f 1985 3202 1590
f 3582 1590 3202
f 3604 1590 3582
f 1985 1591 1986
f 1593 1988 1592
f 1592 1987 1965
f 1592 1965 2359
f 1987 1592 1988
f 2359 2732 1592
f 3630 2436 1592
f 2732 2756 1592
f 2756 3204 1592
f 3584 1592 3204
f 3584 3606 1592
f 1592 3606 3630
f 1594 1593 1616
f 2378 1593 1594
f 2014 1616 1593
f 1988 1593 1966
f 1966 1593 2360
f 1988 2014 1593
f 2377 1988 1593
f 2360 1593 2733
f 2378 2377 1593
f 2733 1593 2757
f 2757 1593 3205
f 3205 1593 3585
f 3585 1593 3607
f 1594 1616 1617
f 2015 1594 1617
f 1989 1594 2015
f 1989 2378 1594
f 1596 1595 1619
f 1990 1595 1596
f 1595 1618 1619
f 1618 1595 2043
f 1595 1990 2016
f 2016 2043 1595
f 1596 1619 1646
f 1991 1596 1646
f 1991 1990 1596
f 1598 1597 1620
f 1993 1597 1598
f 1597 1647 1620
f 1992 1647 1597
f 1993 1992 1597
f 1598 1620 1621
f 1598 1621 2046
f 1993 1598 2019
f 2046 2019 1598
f 1622 1600 1599
f 2382 1599 1600
f 2020 1622 1599
f 1994 2020 1599
f 2381 1994 1599
f 2382 2381 1599
f 1600 1622 1623
f 2021 1600 1623
f 1995 1600 2021
f 1995 2382 1600
f 1602 1601 1624
f 1601 1602 1997
f 1601 2049 1624
f 1601 1997 1996
f 1601 1996 2022
f 2049 1601 2022
f 1603 1602 1625
f 1603 1997 1602
f 1602 1624 1625
f 1625 1602 1997
f 1602 1625 2023
f 2023 1997 1602
f 1604 1603 1626
f 1603 1604 1999
f 1603 1625 1626
f 1603 1626 1998
f 1626 1603 2024
f 1603 1998 1997
f 1603 1999 1998
f 2024 1603 1998
f 1604 1626 1627
f 1627 2052 1604
f 1999 1604 2025
f 2052 2025 1604
f 1605 1628 1606
f 2388 1605 1606
f 2026 1628 1605
f 2000 2026 1605
f 2387 2000 1605
f 2388 2387 1605
f 1629 1606 1628
f 2027 1606 1629
f 2001 1606 2027
f 2388 1606 2001
f 1630 1608 1607
f 1607 1608 2389
f 3215 1630 1607
f 2389 2773 1607
f 1607 2773 3215
f 1683 1609 1608
f 2004 1608 1609
f 1630 1631 1608
f 1657 1631 1608
f 1631 2028 1608
f 1657 1608 1658
f 1657 1680 1608
f 2055 1657 1608
f 1608 1680 1683
f 2004 2002 1608
f 2002 2055 1608
f 2390 1608 2028
f 2390 2389 1608
f 1683 1660 1609
f 1660 2058 1609
f 2004 1609 2031
f 2031 1609 2058
f 1611 1637 1610
f 2008 1611 1610
f 1636 1610 1637
f 2008 1610 2007
f 1612 1611 1638
f 1612 2009 1611
f 1611 1637 1638
f 2008 1637 1611
f 2008 1611 2009
f 1612 1639 1613
f 1612 1638 1639
f 2009 1612 1638
f 1612 2036 1638
f 2009 2036 1612
f 1613 1639 2037
f 2037 2010 1613
f 1614 1641 1615
f 1614 1640 1641
f 1614 2038 1640
f 2011 2038 1614
f 1615 1641 2039
f 2039 2012 1615
f 1616 1644 1617
f 1616 1643 1644
f 1616 2041 1643
f 2014 2041 1616
f 1617 1644 2042
f 2042 2015 1617
f 1619 1647 1620
f 2017 1619 1620
f 1646 1647 1619
f 1619 2017 1646
f 1620 1647 2018
f 2017 1620 2018
f 1622 1650 1623
f 1622 1649 1650
f 1622 2047 1649
f 2020 2047 1622
f 1623 1650 2048
f 2048 2021 1623
f 1626 1625 1653
f 1625 1652 1653
f 1652 1625 2023
f 1997 2023 1625
f 1626 1653 2024
f 2024 1998 1626
f 1628 1656 1629
f 1628 1655 1656
f 1628 2053 1655
f 2026 2053 1628
f 1629 1707 1630
f 1629 1630 2410
f 1679 1629 1656
f 2027 1656 1629
f 1629 1656 2054
f 1706 1629 1679
f 1706 1707 1629
f 2054 2027 1629
f 2027 1629 2410
f 1630 3230 2410
f 1630 3215 3230
f 1632 1631 1658
f 1631 1632 2028
f 1657 1658 1631
f 1658 2056 1632
f 2029 2028 1632
f 1632 2056 2029
f 1661 1634 1633
f 2032 1633 1634
f 1661 1633 1660
f 1633 1711 1660
f 1741 1711 1633
f 1741 1633 2122
f 2032 2031 1633
f 1633 2031 2912
f 2122 1633 2463
f 2912 2463 1633
f 1662 1635 1634
f 1635 2032 1634
f 1662 1634 1661
f 1662 2059 1635
f 1635 2033 2032
f 1635 2059 2033
f 1636 1663 1637
f 1636 1637 2034
f 1663 1636 2034
f 1637 1664 1638
f 1637 1665 1638
f 2008 1637 1638
f 1637 2036 1638
f 1637 1664 1639
f 1637 1639 2037
f 1664 1637 1663
f 1637 1664 1665
f 2035 1637 1664
f 1637 3265 1664
f 1637 2008 2035
f 2035 2034 1637
f 2035 2036 1637
f 2035 1637 2037
f 2035 3265 1637
f 1666 1638 1639
f 1639 1638 2037
f 1638 1664 1665
f 1666 1665 1638
f 2008 1638 2009
f 1638 2036 2009
f 2036 2037 1638
f 1666 1639 1664
f 1668 1640 1641
f 1641 1640 2039
f 1640 1667 1642
f 1640 1642 2040
f 1668 1667 1640
f 2038 2039 1640
f 2038 1640 2040
f 1669 1642 1667
f 1671 1643 1644
f 1644 1643 2042
f 1643 1670 1645
f 2041 1643 1645
f 1671 1670 1643
f 2041 2042 1643
f 1672 1645 1670
f 2041 1645 2043
f 2044 1647 1646
f 2044 1991 1646
f 1646 2017 2044
f 1647 1992 2045
f 1647 2045 2018
f 2044 2045 1647
f 1648 1676 1651
f 1651 2046 1648
f 1648 1673 1676
f 1675 1649 1650
f 1650 1649 2048
f 1675 1674 1649
f 2047 2048 1649
f 1651 2049 2046
f 1653 1652 2051
f 1652 1653 2829
f 1653 1652 2848
f 1652 2023 2050
f 2050 2051 1652
f 2847 1652 2829
f 2848 1652 2847
f 2051 2024 1653
f 2829 1653 2830
f 2830 1653 2848
f 1654 1679 1656
f 1656 2054 1654
f 1654 1677 1679
f 2052 1654 2054
f 1679 1655 1656
f 1656 1655 2054
f 1679 1678 1655
f 2053 2054 1655
f 1656 1679 2068
f 1656 2027 2054
f 2068 2054 1656
f 1658 1681 1657
f 1658 1657 2056
f 1657 1680 1659
f 1682 1657 1659
f 1659 1657 2055
f 1659 2057 1657
f 1660 1680 1657
f 1657 2055 1660
f 1680 1657 1681
f 1680 1657 1682
f 1657 1680 2055
f 2055 2056 1657
f 2055 1657 2057
f 1680 1682 1659
f 1659 2055 2057
f 1684 1661 1660
f 1683 1680 1660
f 1684 1660 1683
f 1660 2055 2058
f 2060 1686 1663
f 2034 2060 1663
f 1687 1665 1664
f 1664 1687 1666
f 2061 1664 1687
f 2072 1687 1664
f 2035 1664 2061
f 2444 2072 1664
f 2882 2444 1664
f 2853 2882 1664
f 2853 1664 3290
f 3290 1664 3265
f 1665 1666 1689
f 1687 1688 1665
f 1665 1689 1688
f 1687 1689 1666
f 1666 1689 1746
f 1668 1691 1667
f 1667 1690 1669
f 1690 1667 1691
f 1667 1749 1690
f 1692 1669 1690
f 1670 1671 1695
f 1670 1697 1672
f 1670 1695 1697
f 1696 1695 1671
f 1673 1700 1676
f 1674 1675 1701
f 1702 1701 1675
f 1703 1676 1700
f 1677 1704 1679
f 1706 1678 1679
f 1706 1705 1678
f 1706 1679 1704
f 1679 1706 2068
f 1681 1709 1680
f 1708 1682 1680
f 1680 1682 2057
f 1680 2069 1682
f 1680 1682 2070
f 1680 1683 1708
f 1680 1765 1683
f 1708 1680 1709
f 1708 1765 1680
f 1708 2069 1680
f 2057 2055 1680
f 2069 2055 1680
f 2070 2069 1680
f 1681 1789 1709
f 1710 1682 1708
f 1710 2070 1682
f 2057 1682 2070
f 2070 1682 2069
f 1712 1684 1683
f 1711 1708 1683
f 1712 1683 1711
f 1711 1683 1766
f 1766 1683 1765
f 1687 1715 1686
f 2072 1687 1686
f 1714 1686 1715
f 1686 2060 2071
f 2071 2072 1686
f 2072 1688 1687
f 1688 2073 1687
f 2099 1688 1687
f 2100 1687 1688
f 1687 2074 1689
f 1687 2072 2061
f 2072 1687 2073
f 1687 2072 2074
f 2099 1687 2072
f 1687 2100 2099
f 1716 1689 1688
f 2074 1688 1689
f 1716 1688 2073
f 2072 2073 1688
f 2074 2073 1688
f 2100 2073 1688
f 1688 2099 2100
f 1716 1717 1689
f 1717 2074 1689
f 1689 2074 1746
f 1720 1691 1690
f 2076 1690 1691
f 1690 2075 1692
f 1720 1690 2075
f 1690 1749 2075
f 2076 2075 1690
f 1720 1721 1691
f 1691 1721 2076
f 1722 1693 1692
f 1692 2077 1722
f 2077 1692 2075
f 1724 1694 1693
f 1694 2079 1693
f 1694 1693 2843
f 1693 1694 2844
f 1722 1723 1693
f 1724 1693 1723
f 1723 1693 2106
f 1693 2079 2078
f 2078 2106 1693
f 1693 2844 2843
f 1695 1694 1724
f 1694 1724 2107
f 2107 2079 1694
f 1694 2843 2844
f 1725 1696 1695
f 2081 1695 1696
f 1695 2082 1697
f 1724 1725 1695
f 1695 1725 2080
f 2081 2080 1695
f 1695 2080 2082
f 1725 1726 1696
f 1726 2081 1696
f 1729 1699 1698
f 1698 1699 2083
f 1729 1698 1728
f 2111 1728 1698
f 2111 1698 2083
f 1729 2084 1699
f 2112 1729 1699
f 2084 2083 1699
f 1699 2084 2112
f 1700 2088 1703
f 1700 2085 2088
f 1731 1702 1701
f 2087 1701 1702
f 1701 2086 1731
f 2087 2086 1701
f 1731 1732 1702
f 1732 2087 1702
f 1704 2089 1706
f 1737 1706 1705
f 2091 1705 1706
f 1705 2090 1737
f 2091 2090 1705
f 1706 2117 1707
f 1737 1738 1706
f 1738 2091 1706
f 2091 2068 1706
f 2089 2091 1706
f 1706 2091 2117
f 2091 2439 1706
f 3312 2091 1706
f 3312 1706 2439
f 1707 1739 1708
f 1707 2092 1739
f 2092 1707 2117
f 1765 1708 1709
f 1708 1709 2094
f 1708 2120 1709
f 1710 1708 2069
f 1708 2093 1710
f 1710 2095 1708
f 1711 2096 1708
f 1740 1708 1739
f 1708 2093 1765
f 2119 1708 1765
f 2069 1708 2093
f 1708 2094 2093
f 2093 1708 2095
f 2093 1708 2096
f 1708 2119 2120
f 1709 1789 1765
f 2120 2094 1709
f 2069 2070 1710
f 2093 2095 1710
f 1742 1712 1711
f 1742 1711 1741
f 1711 1766 2096
f 1743 1713 1712
f 1743 1712 1742
f 1713 1743 2097
f 1714 1715 2098
f 2099 1715 1744
f 2099 2098 1715
f 1717 1716 1745
f 1716 2100 1745
f 1716 2073 2100
f 1717 1747 1718
f 1717 1745 1746
f 1717 1746 1747
f 2101 1717 1746
f 2101 2074 1717
f 1718 1747 2840
f 1748 1720 1719
f 1748 1719 2842
f 1719 1982 2842
f 1721 1720 1749
f 1748 1749 1720
f 1720 2104 1749
f 1720 2075 2104
f 1721 1749 1750
f 1750 2105 1721
f 2105 2076 1721
f 1723 1722 1751
f 1722 2077 1751
f 1724 1723 1752
f 1723 1751 1752
f 1752 1723 2106
f 1725 1724 1753
f 1724 1752 1753
f 1724 1753 2107
f 1726 1725 1754
f 1725 1753 1754
f 1754 2080 1725
f 1725 2108 1754
f 1725 2080 2108
f 1726 1754 1756
f 2109 1726 1756
f 2109 2081 1726
f 1727 2110 1728
f 2110 1727 2082
f 2112 1729 1728
f 2111 1728 2110
f 2112 1728 2111
f 1730 1729 2112
f 2112 2084 1729
f 1730 2113 2085
f 1730 2112 2113
f 1732 1731 1757
f 1731 2114 1757
f 2114 1731 2086
f 1732 1757 1758
f 2115 1732 1758
f 2115 2087 1732
f 1733 1759 1734
f 1759 1733 3697
f 1760 1734 1759
f 1760 2419 1734
f 1736 1735 1762
f 1761 1762 1735
f 1761 1735 2420
f 1762 3700 1736
f 1738 1737 1763
f 1737 2116 1763
f 1737 2090 2116
f 1738 1763 1764
f 2117 1738 1764
f 2117 2091 1738
f 1740 1739 2119
f 2118 1739 2092
f 2118 2119 1739
f 2123 1742 1741
f 2123 1741 2122
f 1742 2123 1743
f 1743 2124 2097
f 2124 1743 2123
f 2125 1744 1768
f 1744 2444 2099
f 2125 2444 1744
f 2466 1746 1745
f 2445 1745 2100
f 2466 1745 2445
f 2126 1747 1746
f 2101 1746 2074
f 2101 2126 1746
f 2101 1746 2446
f 1746 2467 2446
f 2466 2467 1746
f 2127 2102 1747
f 2102 2840 1747
f 2126 2127 1747
f 2128 1749 1748
f 2128 1748 2103
f 2103 1748 2842
f 2468 1750 1749
f 2104 2075 1749
f 1749 2129 2104
f 2447 1749 2104
f 2128 2129 1749
f 2468 1749 2447
f 2105 1750 2448
f 1750 2469 2448
f 2468 2469 1750
f 1752 1751 2130
f 1751 2077 2130
f 1753 1752 2132
f 2106 2131 1752
f 1752 2130 2131
f 1752 2131 2132
f 1754 1753 2133
f 2132 2107 1753
f 2132 2133 1753
f 2473 1756 1754
f 2133 2080 1754
f 2450 1754 2108
f 2473 1754 2450
f 1755 1756 1769
f 1755 2134 1756
f 1755 1769 2946
f 1755 2946 2134
f 1770 1769 1756
f 1770 1756 2150
f 2109 1756 2451
f 2923 1756 2134
f 2923 2150 1756
f 1756 2474 2451
f 2473 2474 1756
f 2477 1758 1757
f 2454 1757 2114
f 2477 1757 2454
f 2115 1758 2455
f 1758 2478 2455
f 2477 2478 1758
f 1759 2135 1760
f 2135 1759 3349
f 3697 3349 1759
f 2136 1760 2135
f 2136 2419 1760
f 1762 1761 2138
f 2137 2138 1761
f 2137 1761 2420
f 2138 3700 1762
f 2483 1764 1763
f 2458 1763 2116
f 2483 1763 2458
f 2117 1764 2459
f 1764 2484 2459
f 2483 2484 1764
f 1765 2141 1766
f 1765 1789 1774
f 1774 2503 1765
f 2139 1765 2093
f 2485 2119 1765
f 2141 1765 2139
f 2485 1765 2503
f 1766 2141 2096
f 1775 1767 2098
f 1768 1776 2142
f 2142 2125 1768
f 1782 1769 1770
f 1781 1769 1798
f 2168 1769 1781
f 1798 1769 1782
f 2149 2168 1769
f 5441 1769 2149
f 2967 1769 2168
f 2967 2946 1769
f 1770 2169 1782
f 2169 1770 2150
f 1785 1771 1772
f 1814 1772 1771
f 1785 1814 1771
f 1771 1785 2155
f 1771 2155 1814
f 1772 1786 1785
f 1786 1772 2976
f 1772 1814 1815
f 1815 2204 1772
f 2156 1772 2204
f 1772 2156 2953
f 2976 1772 2953
f 1774 1807 1773
f 1774 1773 2501
f 1806 1773 1807
f 1788 1774 1789
f 1808 1774 1788
f 1807 1774 1808
f 2503 1774 2501
f 1775 2178 1790
f 2098 2443 1775
f 2178 1775 2158
f 2158 1775 2443
f 1776 1791 2179
f 2159 2142 1776
f 2179 2159 1776
f 2180 1792 1777
f 2180 1777 3736
f 1779 1795 1778
f 1778 2164 1779
f 1794 1778 1795
f 1778 1794 2182
f 1778 2163 2164
f 1778 2182 2163
f 1795 1779 1780
f 2165 1780 1779
f 2164 2165 1779
f 1796 1795 1780
f 1780 2183 1796
f 2183 1780 2165
f 1798 1797 1781
f 1781 1797 2185
f 1781 2185 2168
f 1782 1799 1798
f 1782 2186 1799
f 2186 1782 2169
f 1783 1784 1801
f 1784 1783 2173
f 1783 1801 2188
f 2172 2173 1783
f 2188 2172 1783
f 1784 1802 1801
f 1784 1813 1802
f 1784 2189 1802
f 1813 1784 2173
f 1784 1813 2199
f 2173 1784 2199
f 1805 1785 1786
f 1804 1785 1805
f 1785 1804 1814
f 1814 2176 1785
f 2155 1785 2176
f 1787 1805 1786
f 2976 1787 1786
f 1805 1787 1806
f 2177 2157 1787
f 1787 2977 2177
f 2976 2977 1787
f 1809 1791 1790
f 1791 1810 1790
f 1791 1790 2179
f 1809 1790 1810
f 2178 2179 1790
f 1791 1809 1810
f 2180 1811 1792
f 1795 1793 1794
f 2182 1794 1793
f 2198 1793 1812
f 2181 2182 1793
f 2198 2181 1793
f 1796 1797 1795
f 1798 1795 1797
f 1797 1796 2183
f 2183 2184 1797
f 2184 2185 1797
f 1798 1799 1801
f 1799 1800 1801
f 1800 1799 2187
f 2186 2187 1799
f 2188 1801 1800
f 2187 2188 1800
f 1801 1802 1803
f 1801 1803 1805
f 2190 1803 1802
f 1802 1813 2189
f 2190 1802 2189
f 1804 1805 1803
f 1804 1803 2190
f 1804 2191 1814
f 2191 1804 2190
f 1810 2211 1809
f 1809 2210 1819
f 1809 2211 2210
f 2197 1810 1811
f 1810 2197 2196
f 2211 1810 2196
f 2197 1811 2180
f 2213 1812 1821
f 2213 2198 1812
f 2199 1813 2173
f 2199 2189 1813
f 1814 2203 1815
f 2203 1814 2155
f 2203 2176 1814
f 2203 1814 2191
f 2204 1815 2203
f 1816 1825 1817
f 2209 1816 1817
f 2192 1816 2208
f 2192 2992 1816
f 2209 2208 1816
f 1817 1818 2193
f 1826 1817 1825
f 2193 2209 1817
f 2194 2193 1818
f 1818 2221 2194
f 1819 2210 1820
f 2213 1821 1820
f 2210 2212 1820
f 2212 2213 1820
f 1822 1827 1823
f 2218 1822 1823
f 2218 2217 1822
f 1828 1823 1827
f 1828 2218 1823
f 1824 1829 1825
f 2220 1824 1825
f 2219 1829 1824
f 2220 2219 1824
f 1830 1825 1829
f 1830 4117 1825
f 1825 4117 2220
f 1836 1829 1828
f 1829 2218 1828
f 1836 1828 1835
f 1829 2219 2218
f 2226 1831 1837
f 2222 2221 1831
f 2222 1831 2226
f 1832 2223 5274
f 1832 5277 2223
f 1833 2224 5278
f 2224 1833 5280
f 5280 1833 5281
f 1834 2225 5282
f 2225 1834 5471
f 1840 1836 1835
f 1840 1835 1839
f 1837 1842 2227
f 2226 1837 2227
f 1843 1839 1838
f 1845 1840 1839
f 1844 1839 1843
f 1845 1839 1844
f 1841 1840 1846
f 1845 1846 1840
f 1846 4117 1841
f 1842 1847 2227
f 1851 1844 1843
f 2229 1845 1844
f 1851 1852 1844
f 1844 1852 2228
f 2229 1844 2228
f 1845 1853 1846
f 1845 2229 1853
f 1854 1846 1853
f 1854 4117 1846
f 2227 1847 2230
f 1848 5311 2231
f 1848 2231 5313
f 2232 1849 5314
f 5315 1849 2232
f 2233 1850 5317
f 5505 1850 2233
f 2238 1852 1851
f 2239 2228 1852
f 2239 1852 2238
f 1853 2240 1854
f 2240 1853 2229
f 2246 1855 1854
f 2245 1854 1857
f 2992 1857 1854
f 2241 1854 2240
f 2241 4117 1854
f 2246 1854 2245
f 1859 1856 1855
f 1859 1855 1858
f 2246 1858 1855
f 1856 1859 2242
f 2242 2230 1856
f 1857 2992 2245
f 2247 1859 1858
f 2247 1858 2246
f 1859 2247 2242
f 2248 1860 1861
f 1871 1860 2259
f 2248 2259 1860
f 2249 1862 1861
f 1862 1861 2261
f 1863 1866 1861
f 1869 1861 1866
f 1869 2254 1861
f 1872 2260 1861
f 2249 2248 1861
f 2251 2249 1861
f 2249 1861 2260
f 2251 1861 2254
f 2261 1861 2260
f 1863 1866 1862
f 1862 2250 1863
f 2262 1863 1862
f 1868 1862 1866
f 1868 2250 1862
f 1862 2249 2250
f 1862 2250 2261
f 2261 2262 1862
f 1863 1864 2251
f 1863 2263 1864
f 1866 1863 2254
f 2251 1863 2250
f 2251 2254 1863
f 1863 2262 2251
f 2262 2263 1863
f 2263 1864 1865
f 2264 1865 1864
f 1864 2252 2251
f 1864 2263 2252
f 2264 1864 2263
f 2253 1865 1866
f 2265 1866 1865
f 2253 2263 1865
f 2253 1865 2264
f 1865 2264 2265
f 1867 2254 1866
f 1866 2266 1867
f 1866 1868 1869
f 2256 1868 1866
f 1866 2265 2253
f 2254 2256 1866
f 1866 2265 2254
f 1866 2265 2266
f 2255 1867 1868
f 2267 1868 1867
f 1867 2255 2254
f 2266 1867 2255
f 2267 1867 2266
f 1869 2256 1868
f 1868 2257 1869
f 2268 1869 1868
f 1868 2256 2250
f 2255 1868 2256
f 2256 2257 1868
f 2267 2256 1868
f 2268 1868 2267
f 1873 1869 1870
f 1873 2268 1869
f 2254 1869 2256
f 2256 1869 2257
f 2257 1869 2268
f 1874 1870 1873
f 1872 1895 2260
f 1874 2268 1873
f 1874 1878 1875
f 2272 1874 1875
f 2272 1878 1874
f 1874 2269 2268
f 1880 1875 1876
f 1878 1879 1875
f 1880 1879 1875
f 2273 1875 1879
f 1875 2273 2272
f 1877 2274 1876
f 2274 1880 1876
f 2275 2274 1877
f 2272 1879 1878
f 2274 1879 1880
f 2272 2273 1879
f 2274 2273 1879
f 2276 1881 2279
f 1882 1885 1883
f 1882 1884 1885
f 1883 1885 2632
f 2625 2275 1883
f 2625 1883 2632
f 2293 2283 1885
f 2641 1885 2283
f 2641 2632 1885
f 2276 2279 1886
f 1886 2280 2279
f 1887 1893 2286
f 1895 1888 2288
f 1895 2298 1888
f 1888 2298 2288
f 1889 1890 2290
f 2291 1890 1889
f 2290 1889 1904
f 1889 2290 2291
f 1890 2292 1891
f 2291 2290 1890
f 1890 2291 2292
f 1892 1891 2293
f 2292 2293 1891
f 1893 1907 2295
f 2295 2286 1893
f 1908 1894 1909
f 2298 1909 1894
f 2287 2297 1894
f 2287 1894 2643
f 1894 2297 2298
f 2617 1894 2606
f 2617 3065 1894
f 2626 2633 1894
f 3076 2626 1894
f 2633 2643 1894
f 3065 3076 1894
f 1896 2298 1895
f 2299 1896 1895
f 1895 1909 1910
f 2298 1909 1895
f 2299 1895 1910
f 2260 1895 2270
f 2270 1895 2607
f 2298 1895 2288
f 2644 1895 2288
f 2299 2298 1895
f 2618 2607 1895
f 2618 1895 2627
f 2627 1895 2634
f 2644 2634 1895
f 1896 1897 2299
f 2305 1902 1896
f 1910 2299 1896
f 1896 2299 2298
f 2305 1896 2299
f 1898 2300 1897
f 1897 1910 1911
f 1910 1897 2299
f 1897 2300 1911
f 1911 2311 1897
f 2300 2299 1897
f 2300 1897 2311
f 1898 1899 2301
f 2301 1912 1898
f 2302 1913 1898
f 1898 2301 2300
f 1898 2301 2302
f 1900 2302 1899
f 2302 1913 1899
f 2303 1913 1899
f 1899 2302 2301
f 1899 2302 2303
f 1900 1901 2303
f 1914 1915 1900
f 1914 1900 2303
f 1914 1900 2312
f 1900 1915 2303
f 2303 2302 1900
f 1900 2303 2312
f 1901 1902 2304
f 1901 1915 2304
f 2304 2303 1901
f 2305 1902 1903
f 2306 1903 1902
f 1902 1915 1916
f 1915 1902 2305
f 2305 1902 1916
f 1916 2314 1902
f 2305 2304 1902
f 2306 1902 2305
f 1902 2314 2305
f 1918 1904 1903
f 2290 1904 1903
f 1918 1917 1903
f 1903 2306 1917
f 1903 2315 1917
f 2290 1903 2306
f 2306 2305 1903
f 1906 1905 3498
f 1905 2294 3497
f 1905 3497 3498
f 1906 2308 1920
f 1906 3498 2308
f 2309 1907 1922
f 1907 2296 2295
f 2296 1907 2309
f 1909 2299 1910
f 1909 1914 1911
f 1909 1917 1914
f 1909 2312 1917
f 2298 2299 1909
f 1909 2298 2310
f 2310 2311 1909
f 2311 2312 1909
f 1911 1914 1910
f 1910 2300 1911
f 1916 1910 1914
f 1910 2299 2300
f 2301 1912 1911
f 2311 1911 1914
f 1911 2300 2301
f 2303 1914 1913
f 1915 1914 1916
f 2304 1915 1914
f 1917 1916 1914
f 1918 1914 1938
f 1914 1918 3501
f 1938 1914 2687
f 1914 2303 2304
f 2312 2311 1914
f 1914 3854 2687
f 3854 1914 3501
f 1915 2305 1916
f 2305 2303 1915
f 1915 2304 2305
f 2306 1917 1916
f 1916 1917 2315
f 1916 2305 2306
f 2314 1916 2315
f 2312 2315 1917
f 1938 1939 1918
f 1939 2688 1918
f 3502 1918 2688
f 3502 3501 1918
f 1919 1923 1920
f 2316 1919 1920
f 1923 1919 2316
f 1920 2308 1921
f 1924 1920 1923
f 1920 1924 2317
f 1920 2317 2316
f 1925 1921 2318
f 1921 2308 2318
f 1926 2323 1922
f 1922 2319 2309
f 1922 2323 2319
f 1940 1923 2335
f 1923 2316 2320
f 1923 2320 2335
f 1924 1941 2321
f 1924 2321 2317
f 2322 1925 2318
f 2322 3530 1925
f 2324 1926 1927
f 1926 2324 2323
f 1927 1928 2324
f 2341 1928 1946
f 2324 1928 2325
f 1928 2341 2325
f 1930 2326 1929
f 1947 1929 2342
f 1929 2326 2342
f 2327 1930 1931
f 1930 2327 2326
f 1931 1950 2345
f 1931 2328 2327
f 1931 2345 2328
f 1932 1933 2329
f 1951 1932 2346
f 1932 2329 2346
f 1933 1934 2330
f 2330 2329 1933
f 2349 1934 1954
f 2330 1934 2331
f 1934 2349 2331
f 1935 1936 2332
f 1955 1935 2350
f 1935 2332 2350
f 1936 1937 2334
f 1936 2333 2332
f 1936 2334 2333
f 1937 1958 2353
f 1937 2353 2334
f 2704 1939 1938
f 2704 1938 2687
f 1939 2705 2688
f 2705 1939 2704
f 1940 2335 2370
f 1960 2354 1941
f 2336 2321 1941
f 1941 2354 2336
f 1943 1942 2338
f 1961 2337 1942
f 2337 2338 1942
f 1944 2339 1945
f 1945 2340 1962
f 2340 1945 2339
f 2342 1946 1947
f 1946 2342 2341
f 1963 2357 1948
f 2343 1948 2357
f 1949 2344 1966
f 2345 1950 2734
f 2346 2735 1951
f 1969 2347 1952
f 2348 1970 1953
f 2350 1954 1955
f 1954 2350 2349
f 1971 2351 1956
f 2352 1974 1957
f 1958 1975 2742
f 2353 1958 2742
f 1959 1976 2367
f 1959 2367 2725
f 1960 2371 2354
f 2371 1960 2395
f 2337 1961 2355
f 1961 2373 2355
f 2340 2356 1962
f 2356 2374 1962
f 1963 1986 1964
f 2357 1963 1964
f 1963 1985 1986
f 1985 1963 3202
f 2357 1963 2376
f 2357 3202 1963
f 2357 1964 2358
f 1965 1987 1966
f 1966 2360 1965
f 2359 1965 2360
f 1988 1966 1987
f 2344 2360 1966
f 2360 2377 1966
f 1969 2361 2347
f 2361 1969 2379
f 1970 2348 2362
f 1970 2362 2380
f 1971 2363 2351
f 2363 1971 2383
f 1998 1973 1972
f 2365 1972 1973
f 1972 1973 3191
f 1973 1972 3211
f 1998 1972 1997
f 1997 1972 2384
f 2365 2364 1972
f 2384 1972 2364
f 1972 3191 3190
f 1972 3190 3211
f 1998 2385 1973
f 2385 2365 1973
f 1973 3212 3191
f 1973 3211 3212
f 1974 2352 2366
f 2366 2386 1974
f 2742 1975 2743
f 2002 2004 1977
f 1977 2369 2002
f 2369 1977 2004
f 1978 2394 2007
f 2370 2394 1978
f 2396 2009 1979
f 1979 2372 2396
f 1981 2749 1980
f 2010 1980 2397
f 1980 2397 2373
f 1980 2748 2397
f 2748 1980 2749
f 2749 1981 2812
f 2750 1982 1983
f 2750 2814 1982
f 2814 2842 1982
f 2398 1983 2011
f 1983 2374 2398
f 1983 2398 2751
f 2751 2750 1983
f 2012 2399 1984
f 2375 1984 2399
f 2401 2014 1988
f 1988 2377 2401
f 2402 1989 2015
f 2402 2378 1989
f 1990 1991 2760
f 2403 2016 1990
f 2760 2403 1990
f 1991 2044 2761
f 1991 2761 2760
f 2763 1992 1993
f 1992 2762 2045
f 2763 2762 1992
f 2019 2404 1993
f 2763 1993 2404
f 2405 2020 1994
f 1994 2381 2405
f 2406 1995 2021
f 2382 1995 2406
f 1996 1997 2364
f 2407 2022 1996
f 1996 2364 2363
f 1996 2363 2407
f 1997 1998 2023
f 2024 1998 1997
f 1997 1998 2384
f 1998 1997 2385
f 2024 1997 2023
f 1997 2384 2364
f 2385 1997 2384
f 1998 1999 2366
f 2024 2023 1998
f 1998 2366 2365
f 1998 2365 2385
f 2385 2384 1998
f 2408 1999 2025
f 1999 2408 2366
f 2409 2026 2000
f 2000 2387 2409
f 2027 2410 2001
f 2388 2001 2410
f 2003 2057 2002
f 2003 2002 2390
f 2055 2002 2057
f 2390 2002 2369
f 2030 2057 2003
f 2413 2030 2003
f 2003 2390 2369
f 3554 2003 2369
f 2003 3554 2413
f 2031 2391 2004
f 2031 2414 2004
f 2031 2004 2912
f 2004 3527 2369
f 2004 2391 2912
f 2004 2414 4680
f 4680 3527 2004
f 2033 2006 2005
f 2006 2392 2005
f 2033 2005 2032
f 2032 2005 2392
f 2033 2006 2393
f 2033 2424 2006
f 2006 2393 2392
f 2006 2424 2393
f 2035 2008 2007
f 2034 2035 2007
f 2034 2007 2415
f 2415 2007 2394
f 2008 2009 2035
f 2395 2008 2009
f 2396 2008 2009
f 2008 2035 2010
f 2395 2008 2010
f 2416 2008 2035
f 2008 3265 2035
f 2396 2395 2008
f 2416 2395 2008
f 2008 2395 3265
f 2009 2010 2036
f 2010 2009 2397
f 2036 2035 2009
f 2009 2396 2372
f 2395 2009 2396
f 2396 2397 2009
f 2037 2010 2035
f 2010 2037 2036
f 2395 2010 2397
f 2011 2012 2038
f 2012 2011 2399
f 2011 2040 2013
f 2398 2011 2013
f 2011 2038 2040
f 2398 2399 2011
f 2012 2039 2038
f 2398 2013 2400
f 2014 2015 2041
f 2401 2015 2014
f 2014 2041 2016
f 2401 2014 2016
f 2015 2042 2041
f 2401 2402 2015
f 2043 2016 2041
f 2401 2016 2403
f 2045 2017 2018
f 2045 2044 2017
f 2019 2049 2022
f 2407 2019 2022
f 2019 2046 2049
f 2404 2019 2407
f 2020 2021 2048
f 2405 2021 2020
f 2048 2047 2020
f 2405 2406 2021
f 2023 2024 2050
f 2051 2024 2023
f 2051 2023 2050
f 2051 2050 2024
f 2025 2052 2027
f 2410 2025 2027
f 2408 2025 2410
f 2026 2027 2053
f 2409 2027 2026
f 2027 2052 2054
f 2027 2054 2053
f 2054 2421 2027
f 2409 2410 2027
f 2410 2027 2421
f 2055 2028 2029
f 2029 2412 2028
f 2028 2055 2030
f 2030 2028 2057
f 2028 2030 2411
f 2055 2057 2028
f 2411 2028 2055
f 2028 2422 2055
f 2028 2411 2390
f 2411 2028 2412
f 2028 2411 2422
f 2055 2029 2056
f 2030 2031 2057
f 2414 2031 2030
f 2057 2030 2055
f 2030 2057 2423
f 2413 2411 2030
f 2414 2030 2413
f 2413 2030 2423
f 2392 2031 2032
f 2058 2057 2031
f 2392 2391 2031
f 2424 2033 2059
f 2034 2035 2061
f 2415 2035 2034
f 2034 2061 2060
f 2415 2416 2035
f 2045 2044 2064
f 2045 2065 2044
f 2418 2044 2045
f 2064 2044 2065
f 2417 2064 2044
f 2044 2064 3609
f 2418 2417 2044
f 2761 2044 3207
f 3587 3207 2044
f 3609 3587 2044
f 2045 2064 2065
f 2045 2065 2418
f 2045 3610 2065
f 2762 3208 2045
f 3588 2045 3208
f 3588 3610 2045
f 2066 2051 2050
f 2050 2051 2419
f 2420 2051 2050
f 2419 2066 2050
f 2420 2050 2419
f 2066 2067 2051
f 2420 2051 2067
f 2420 2419 2051
f 2054 2055 2057
f 2055 2068 2054
f 2421 2054 2055
f 2055 2422 2054
f 2422 2054 2421
f 2055 2056 2057
f 2058 2055 2057
f 2069 2057 2055
f 2422 2057 2055
f 2057 2423 2055
f 2069 2055 2068
f 2411 2055 2422
f 2421 2422 2055
f 2421 2055 2423
f 2423 2422 2055
f 2069 2070 2057
f 2070 2851 2057
f 2422 2423 2057
f 2057 2851 2423
f 2097 2837 2059
f 2424 2059 2837
f 2072 2060 2061
f 2072 2071 2060
f 2078 2063 2062
f 2427 2062 2063
f 2063 2435 2062
f 2062 2436 2063
f 2062 2435 2078
f 2062 2427 2435
f 2435 2436 2062
f 2063 2078 2079
f 2436 2063 2079
f 2427 2063 2428
f 2063 2436 2428
f 2063 2436 2435
f 2083 2065 2064
f 2084 2064 2065
f 2083 2064 2084
f 2064 2437 2083
f 2064 2083 2899
f 2417 2823 2064
f 2437 2064 2845
f 2823 2845 2064
f 2899 3346 2064
f 3694 2064 3346
f 3633 3609 2064
f 3633 2064 3997
f 3670 2064 3694
f 3997 2064 3670
f 2083 2084 2065
f 2438 2065 2084
f 2084 2065 2900
f 2418 2065 2824
f 2065 2438 2846
f 2846 2824 2065
f 2900 2065 3347
f 3695 3347 2065
f 3610 3634 2065
f 3634 3998 2065
f 3671 3695 2065
f 3998 3671 2065
f 2067 2419 2066
f 2067 2066 2420
f 2430 2067 2066
f 2419 2420 2066
f 2429 2066 2419
f 2430 2066 2429
f 2067 2420 2419
f 2430 2420 2067
f 2068 2069 2070
f 2068 2091 2069
f 2069 2068 2093
f 2091 2093 2068
f 2069 2093 2070
f 2069 2070 2431
f 2070 2069 2432
f 2093 2069 2091
f 2093 2431 2069
f 2431 2432 2069
f 2095 2070 2093
f 2095 2432 2070
f 2441 2095 2070
f 2432 2431 2070
f 2432 2851 2070
f 2099 2072 2071
f 2434 2071 2072
f 2099 2071 2098
f 2098 2071 2443
f 2434 2433 2071
f 2071 2433 2443
f 2099 2073 2072
f 2073 2100 2072
f 2073 2445 2072
f 2446 2074 2072
f 2099 2072 2100
f 2099 2434 2072
f 2072 2444 2099
f 2444 2072 2445
f 2446 2072 2444
f 2073 2074 2445
f 2099 2100 2073
f 2073 2445 2100
f 2074 2446 2101
f 2446 2445 2074
f 2075 2076 2447
f 2075 2449 2077
f 2447 2075 2104
f 2075 2447 2449
f 2448 2076 2105
f 2448 2447 2076
f 2077 2449 2130
f 2107 2078 2079
f 2079 2078 2436
f 2107 2106 2078
f 2435 2436 2078
f 2080 2081 2450
f 2080 2450 2082
f 2080 2450 2108
f 2080 2133 2450
f 2451 2081 2109
f 2451 2450 2081
f 2452 2110 2082
f 2452 2082 2450
f 2083 2084 2111
f 2084 2112 2083
f 2084 2083 2438
f 2111 2083 2112
f 2899 2083 2111
f 2437 2438 2083
f 2084 2112 2111
f 2112 2084 2900
f 2085 2453 2088
f 2453 2085 2113
f 2086 2087 2454
f 2086 2454 2114
f 2455 2087 2115
f 2455 2454 2087
f 2456 2088 2453
f 2089 2457 2091
f 2090 2091 2458
f 2090 2458 2116
f 2091 2092 2117
f 2091 2875 2092
f 2439 2093 2091
f 2091 2440 2093
f 2459 2091 2117
f 2440 2091 2439
f 2091 2459 2439
f 2459 2091 2457
f 2459 2458 2091
f 3312 2875 2091
f 2092 2117 2118
f 2092 2876 2118
f 2876 2092 2875
f 2120 2093 2094
f 2095 2093 2096
f 2093 2119 2095
f 2095 2140 2093
f 2093 2095 2431
f 2095 2093 2441
f 2120 2119 2093
f 2460 2093 2119
f 2139 2093 2140
f 2440 2439 2093
f 2439 2441 2093
f 2441 2440 2093
f 2440 2093 2460
f 2096 2463 2095
f 2121 2095 2119
f 2462 2095 2121
f 2462 2140 2095
f 2095 2432 2431
f 2095 2441 2432
f 2462 2441 2095
f 2462 2095 2463
f 2463 2096 2141
f 2442 2097 2124
f 2097 2442 2837
f 2444 2100 2099
f 2445 2100 2099
f 2099 2444 2434
f 2444 2445 2099
f 2444 2445 2100
f 2445 2100 2466
f 2102 2127 2101
f 2102 2101 2885
f 2126 2101 2127
f 2885 2101 2446
f 2856 2840 2102
f 2102 2886 2856
f 2885 2886 2102
f 2128 2103 2104
f 2104 2103 2888
f 2842 2858 2103
f 2888 2103 2858
f 2128 2104 2129
f 2104 2889 2447
f 2104 2888 2889
f 2106 2131 2107
f 2132 2106 2107
f 2132 2131 2106
f 2132 2107 2131
f 2111 2110 2899
f 2110 2452 2898
f 2898 2899 2110
f 2112 2901 2113
f 2900 2901 2112
f 2901 2453 2113
f 2117 2118 2119
f 2460 2119 2117
f 2460 2117 2459
f 2910 2119 2118
f 2909 2118 2876
f 2910 2118 2909
f 2461 2120 2119
f 2121 2119 2462
f 2461 2119 2460
f 2460 2462 2119
f 2119 2485 2460
f 2119 2910 2460
f 2464 2123 2122
f 2464 2122 2463
f 2465 2124 2123
f 2465 2123 2464
f 2465 2442 2124
f 2142 2444 2125
f 2131 2130 2471
f 2130 2449 2470
f 2470 2471 2130
f 2132 2131 2147
f 2132 2472 2131
f 2131 2146 2147
f 2471 2146 2131
f 2471 2131 2472
f 2133 2132 2472
f 2472 2132 2147
f 2473 2450 2133
f 2473 2133 2472
f 2922 2923 2134
f 2946 2922 2134
f 2135 2479 2136
f 2479 2135 3349
f 2480 2419 2136
f 2480 2136 2479
f 2138 2137 2482
f 2481 2137 2420
f 2481 2482 2137
f 2138 2482 3700
f 2486 2139 2140
f 2141 2139 2487
f 2486 2485 2139
f 2485 2487 2139
f 2486 2140 2462
f 2487 2463 2141
f 2488 2142 2159
f 2142 2488 2444
f 2143 2160 2489
f 2489 2467 2143
f 2163 2144 2490
f 2468 2490 2144
f 2145 2166 2491
f 2491 2470 2145
f 2493 2147 2146
f 2146 2147 3340
f 2147 2146 3341
f 2146 2471 2492
f 2493 2146 2492
f 3341 2146 3340
f 2493 2472 2147
f 3340 2147 3341
f 2167 2148 2494
f 2494 2148 2473
f 2515 2169 2150
f 2515 2150 2495
f 2150 2923 2495
f 2170 2496 2151
f 2496 2475 2151
f 2497 2171 2152
f 2497 2152 2476
f 2174 2498 2153
f 2479 2153 2498
f 2154 2499 2175
f 2154 2482 2499
f 2155 2156 2203
f 2156 2155 2204
f 2155 2953 2156
f 2155 2203 2176
f 2500 2155 2176
f 2203 2155 2204
f 2952 2155 2500
f 2953 2155 2952
f 2204 2203 2156
f 2157 2177 2501
f 2158 2523 2178
f 2158 2443 2504
f 2504 2523 2158
f 2505 2159 2179
f 2505 2488 2159
f 2160 2161 2506
f 2160 2506 2489
f 2506 2161 2507
f 2162 2163 2508
f 2163 2182 2164
f 2490 2509 2163
f 2509 2508 2163
f 2510 2165 2164
f 2182 2510 2164
f 2165 2528 2183
f 2165 2510 2511
f 2528 2165 2511
f 2166 2512 2491
f 2513 2167 2494
f 2168 2185 2514
f 2168 2514 2967
f 2169 2531 2186
f 2531 2169 2515
f 2516 2496 2170
f 2497 2517 2171
f 2172 2518 2173
f 2188 2518 2172
f 2173 2189 2199
f 2534 2189 2173
f 2519 2173 2518
f 2534 2173 2519
f 2174 2520 2498
f 2499 2521 2175
f 2176 2203 2191
f 2176 2191 2522
f 2500 2176 2522
f 2977 2501 2177
f 2178 2195 2179
f 2179 2178 2196
f 2195 2196 2178
f 2178 2523 2195
f 2196 2179 2195
f 2179 2196 2541
f 2179 2524 2505
f 2524 2179 2541
f 2197 2180 2525
f 2525 2180 3736
f 2527 2182 2181
f 2526 2181 2198
f 2526 2527 2181
f 2527 2510 2182
f 2528 2184 2183
f 2530 2185 2184
f 2528 2529 2184
f 2529 2530 2184
f 2530 2514 2185
f 2187 2186 2531
f 2533 2188 2187
f 2531 2532 2187
f 2533 2187 2532
f 2533 2518 2188
f 2189 2535 2190
f 2534 2535 2189
f 2190 2535 2191
f 2536 2522 2191
f 2536 2191 2535
f 2193 2192 2208
f 2538 2192 2193
f 2538 2537 2192
f 2537 2992 2192
f 2193 2194 2538
f 2193 2208 2209
f 2553 2194 2221
f 2539 2538 2194
f 2194 2553 2539
f 2540 2196 2195
f 2540 2195 2523
f 2197 2542 2196
f 2196 2555 2211
f 2540 2541 2196
f 2196 2542 2541
f 2541 2555 2196
f 2525 2542 2197
f 2543 2198 2213
f 2543 2526 2198
f 2201 2200 2202
f 2545 2200 2201
f 2202 2200 2203
f 2205 2203 2200
f 2569 2234 2200
f 2545 2544 2200
f 2200 2544 4142
f 2569 2200 2579
f 3036 2579 2200
f 3036 2200 3464
f 3454 3464 2200
f 3806 3454 2200
f 3806 2200 4142
f 2215 2201 2202
f 2214 2201 2215
f 2214 2545 2201
f 2547 2202 2203
f 2215 2202 2546
f 2547 2546 2202
f 2205 2217 2203
f 2216 2203 2217
f 2216 2547 2203
f 2206 2205 2217
f 2549 2205 2206
f 2548 2217 2205
f 2549 2548 2205
f 2206 2217 2218
f 2549 2206 2218
f 2208 2207 2219
f 2552 2207 2208
f 2219 2207 2551
f 2552 2551 2207
f 2208 2219 2220
f 2220 4117 2208
f 2208 4117 2552
f 2210 2211 2555
f 2210 2556 2212
f 2554 2210 2555
f 2556 2210 2554
f 2212 2557 2213
f 2556 2557 2212
f 2557 2543 2213
f 2546 2214 2215
f 2546 2545 2214
f 2217 2548 2216
f 2548 2547 2216
f 2219 2549 2218
f 2219 2551 2549
f 2222 2563 2221
f 2553 2221 2558
f 2221 2563 2558
f 2226 2563 2222
f 2559 5274 2223
f 2223 5276 2559
f 5276 2223 5277
f 2224 2560 5278
f 2224 5280 2560
f 2561 5282 2225
f 2225 5471 2561
f 2226 2227 2564
f 2563 2226 2564
f 2227 2230 2564
f 2240 2229 2228
f 2240 2228 2239
f 2242 2565 2230
f 2230 2565 2564
f 2231 5311 2566
f 2231 2566 5312
f 5312 5313 2231
f 2232 5314 2567
f 2232 2567 5315
f 2568 2233 5317
f 5505 2233 2568
f 2234 2235 2243
f 2570 2235 2234
f 2570 2234 2569
f 2235 2236 2243
f 2571 2236 2235
f 2571 2235 2570
f 2236 2237 2243
f 2572 2237 2236
f 2572 2236 2571
f 2238 2244 2237
f 2572 2238 2237
f 2244 2243 2237
f 2574 2239 2238
f 2573 2238 2572
f 2574 2238 2573
f 2576 2240 2239
f 2576 2239 2574
f 2577 2241 2240
f 2577 2240 2576
f 2577 4117 2241
f 2578 2242 2247
f 2242 2578 2565
f 2588 2246 2245
f 2588 2245 2587
f 2587 2245 2992
f 2589 2247 2246
f 2589 2246 2588
f 2247 2589 2578
f 2259 2248 2249
f 2260 2250 2249
f 2250 2595 2249
f 2249 2251 2590
f 2249 2260 2259
f 2590 2260 2249
f 2249 2595 2260
f 2250 2261 2251
f 2250 2251 2596
f 2256 2261 2250
f 2250 2260 2261
f 2596 2250 2261
f 2596 2595 2250
f 2251 2252 2597
f 2251 2261 2254
f 2590 2251 2254
f 2597 2251 2262
f 2251 2597 2596
f 2263 2252 2598
f 2598 2597 2252
f 2598 2263 2253
f 2264 2599 2253
f 2599 2253 2265
f 2253 2599 2598
f 2600 2254 2255
f 2254 2267 2256
f 2256 2591 2254
f 2254 2261 2267
f 2600 2254 2265
f 2590 2254 2591
f 2255 2256 2601
f 2601 2266 2255
f 2255 2601 2600
f 2257 2256 2267
f 2257 2591 2256
f 2602 2256 2257
f 2256 2267 2261
f 2256 2267 2602
f 2256 2602 2601
f 2257 2268 2258
f 2591 2257 2258
f 2268 2257 2267
f 2603 2257 2268
f 2602 2257 2603
f 2258 2268 2269
f 2269 2604 2258
f 2591 2258 2592
f 2592 2258 2604
f 2260 2594 2259
f 2594 2606 2259
f 2595 2261 2260
f 2260 2596 2261
f 2607 2260 2270
f 2595 2260 2590
f 2595 2594 2260
f 2260 2595 2596
f 2595 2260 2607
f 2261 2596 2262
f 2267 2596 2261
f 2267 2261 2602
f 2261 2595 2596
f 2602 2261 2596
f 2598 2263 2262
f 2597 2262 2596
f 2598 2262 2597
f 2264 2263 2599
f 2598 2599 2263
f 2600 2265 2264
f 2599 2600 2264
f 2601 2266 2265
f 2600 2599 2265
f 2265 2600 2601
f 2267 2266 2602
f 2601 2602 2266
f 2268 2267 2602
f 2268 2267 2603
f 2267 2602 2596
f 2267 2602 2603
f 2269 2272 2268
f 2615 2269 2268
f 2272 2271 2268
f 2268 2271 2615
f 2268 2602 2603
f 2615 2268 2603
f 2272 2269 2615
f 2616 2269 2272
f 2604 2269 2592
f 3048 2592 2269
f 2604 2269 2616
f 3048 2269 2604
f 2272 2615 2271
f 2273 2272 2276
f 2623 2272 2273
f 2276 2272 2622
f 2272 2615 2616
f 2272 2622 2616
f 2623 2622 2272
f 2278 2273 2274
f 2276 2277 2273
f 2278 2277 2273
f 2623 2273 2277
f 2274 2275 2624
f 2624 2278 2274
f 2625 2624 2275
f 2623 2277 2276
f 2622 2623 2276
f 2629 2622 2276
f 2277 2278 2623
f 2624 2623 2278
f 2629 2279 2280
f 2638 2280 2279
f 2279 2629 2638
f 2281 2290 2280
f 2280 2281 2629
f 2639 2281 2280
f 2653 2290 2280
f 2639 2280 2638
f 2280 2653 2638
f 2282 2291 2281
f 2282 2281 2630
f 2281 2291 2290
f 2281 2630 2629
f 2630 2281 2639
f 2293 2282 2283
f 2283 2282 2640
f 2282 2292 2291
f 2293 2292 2282
f 2282 2630 2631
f 2631 2640 2282
f 2283 2640 2641
f 2286 2284 2294
f 2295 2284 2286
f 2295 2294 2284
f 2294 2284 3492
f 2286 3494 2285
f 3493 3492 2285
f 3494 3493 2285
f 2294 2295 2286
f 2286 2295 2655
f 2655 2642 2286
f 2286 2642 3494
f 2658 2297 2287
f 2643 2658 2287
f 2298 2659 2288
f 2634 2644 2288
f 2659 2644 2288
f 2290 2306 2289
f 2290 2289 2307
f 2290 2652 2289
f 2653 2290 2289
f 2306 2307 2289
f 2667 2306 2289
f 2653 2289 2652
f 2289 2652 2667
f 2668 2290 2307
f 2638 2290 2653
f 2290 2653 2652
f 2668 2653 2290
f 3492 3495 2294
f 3495 3497 2294
f 2655 2295 2296
f 2309 2671 2296
f 2655 2296 2671
f 2298 2297 2659
f 2297 2658 2659
f 2299 2644 2298
f 2660 2298 2299
f 2298 2659 2310
f 2644 2659 2298
f 2660 2659 2298
f 2300 2303 2299
f 2299 2300 2645
f 2299 2661 2300
f 2305 2299 2303
f 2305 2666 2299
f 2645 2644 2299
f 2645 2299 2660
f 2661 2299 2660
f 2660 2299 2666
f 2646 2300 2301
f 2300 2662 2301
f 2300 2311 2303
f 2646 2645 2300
f 2300 2646 2661
f 2661 2662 2300
f 2647 2301 2302
f 2301 2663 2302
f 2647 2646 2301
f 2647 2301 2662
f 2662 2663 2301
f 2649 2302 2303
f 2303 2302 2664
f 2302 2648 2647
f 2302 2648 2663
f 2302 2649 2663
f 2302 2663 2664
f 2649 2303 2304
f 2665 2304 2303
f 2312 2303 2311
f 2303 2664 2649
f 2665 2303 2664
f 2305 2651 2304
f 2666 2305 2304
f 2649 2304 2650
f 2650 2304 2651
f 2304 2650 2665
f 2665 2666 2304
f 2305 2315 2306
f 2651 2305 2306
f 2306 2667 2305
f 2314 2315 2305
f 2651 2305 2666
f 2667 2666 2305
f 2306 2668 2307
f 2306 2315 2667
f 2651 2306 2652
f 2667 2652 2306
f 2668 2306 2667
f 2668 2307 2653
f 2307 3108 2653
f 2307 2668 3114
f 3108 2307 3114
f 2318 2308 2679
f 2308 2670 2679
f 2308 3498 2670
f 2319 2671 2309
f 2311 2310 2659
f 2312 2311 2659
f 2312 2313 2314
f 2313 2312 2667
f 2315 2312 2314
f 2659 2667 2312
f 2315 2314 2313
f 2313 2667 2315
f 2317 2678 2316
f 2316 2689 2320
f 2678 2689 2316
f 2321 2690 2317
f 2679 2678 2317
f 2317 2690 2679
f 2680 2322 2318
f 2318 2679 2680
f 2319 2323 2681
f 2319 2681 2671
f 2706 2335 2320
f 2320 2689 2706
f 2336 2690 2321
f 2322 2680 2691
f 2691 3530 2322
f 2324 2693 2323
f 2692 2681 2323
f 2692 2323 2693
f 2693 2324 2325
f 2341 2694 2325
f 2694 2693 2325
f 2326 2327 2696
f 2326 2713 2342
f 2695 2326 2696
f 2713 2326 2695
f 2328 2696 2327
f 2345 2697 2328
f 2696 2328 2697
f 2330 2699 2329
f 2329 2717 2346
f 2698 2329 2699
f 2329 2698 2717
f 2331 2699 2330
f 2349 2700 2331
f 2331 2700 2699
f 2333 2701 2332
f 2350 2332 2721
f 2332 2701 2721
f 2703 2333 2334
f 2701 2333 2702
f 2703 2702 2333
f 2353 2703 2334
f 2335 2706 2370
f 2354 2707 2336
f 2690 2336 2707
f 2337 2708 2338
f 2728 2337 2355
f 2728 2708 2337
f 2338 2709 2339
f 2338 2708 2709
f 2340 2339 2710
f 2710 2339 2709
f 2340 2711 2356
f 2711 2340 2710
f 2712 2341 2342
f 2341 2712 2694
f 2342 2713 2712
f 2344 2343 2714
f 2730 2343 2357
f 2730 2714 2343
f 2360 2344 2715
f 2714 2715 2344
f 2345 2716 2697
f 2716 2345 2734
f 2735 2346 2717
f 2347 2719 2348
f 2736 2347 2361
f 2719 2347 2718
f 2736 2718 2347
f 2362 2348 2719
f 2349 2350 2720
f 2349 2720 2700
f 2721 2720 2350
f 2351 2722 2352
f 2738 2351 2363
f 2738 2722 2351
f 2366 2352 2723
f 2722 2723 2352
f 2353 2724 2703
f 2724 2353 2742
f 2727 2354 2371
f 2354 2727 2707
f 2355 2373 2728
f 2729 2374 2356
f 2729 2356 2711
f 2358 2731 2357
f 2357 2376 2730
f 2730 2357 2731
f 2730 3202 2357
f 2732 2359 2360
f 2733 2377 2360
f 2733 2360 2715
f 2732 2360 2733
f 2361 2379 2736
f 2362 2737 2380
f 2737 2362 2719
f 2364 2739 2363
f 2363 2383 2738
f 2738 2407 2363
f 2363 2739 2738
f 2365 2364 2384
f 2364 2365 2385
f 2364 2365 2739
f 2740 2364 2365
f 2767 2365 2364
f 2364 2385 2384
f 2740 2739 2364
f 2364 2739 2767
f 2366 2741 2365
f 2365 2384 2385
f 2739 2365 2740
f 2741 2740 2365
f 2740 2365 2768
f 2767 2768 2365
f 2741 2386 2366
f 2741 2366 2408
f 2741 2366 2723
f 2368 2367 2744
f 2367 2369 2743
f 2772 2367 2388
f 2725 2367 2743
f 2743 2744 2367
f 2367 2772 2743
f 2368 2744 2369
f 2745 2390 2369
f 2774 2369 2390
f 2745 2743 2369
f 2369 2744 2745
f 2774 2745 2369
f 2369 3527 2745
f 2369 2745 3554
f 2370 2371 2394
f 2394 2370 2746
f 2746 2370 2706
f 2395 2394 2371
f 2371 2395 3179
f 3179 2727 2371
f 2372 2373 2396
f 2397 2373 2372
f 2396 2397 2372
f 2397 2396 2373
f 2373 2397 2728
f 2374 2375 2398
f 2400 2376 2374
f 2398 2399 2374
f 2374 2729 2398
f 2399 2400 2374
f 2399 2398 2375
f 2376 2400 2730
f 2378 2402 2377
f 2401 2379 2377
f 2401 2377 2402
f 2377 2733 2401
f 2379 2401 2403
f 2379 2403 2736
f 2380 2404 2383
f 2380 2737 2404
f 2381 2382 2405
f 2406 2405 2382
f 2383 2404 2407
f 2383 2407 2738
f 2386 2408 2388
f 2408 2386 2741
f 2409 2387 2388
f 2409 2388 2408
f 2388 2410 2409
f 2388 2410 2772
f 2390 2745 2389
f 2744 2389 2745
f 3195 2389 2744
f 2389 3195 2773
f 2390 2411 2774
f 2774 2390 2745
f 2776 2391 2392
f 2776 2775 2391
f 2775 3656 2391
f 2912 2391 3333
f 3316 3333 2391
f 3680 3316 2391
f 3656 3680 2391
f 2393 2776 2392
f 2777 2393 2424
f 2393 2777 2776
f 2808 2415 2394
f 2746 2778 2394
f 2394 2778 2808
f 2779 2395 2396
f 2397 2782 2395
f 2416 2809 2395
f 2779 2395 2782
f 2809 2779 2395
f 3197 2395 2779
f 2779 3265 2395
f 2395 4723 2779
f 3197 3179 2395
f 2397 2396 2782
f 2779 2396 2780
f 2780 2782 2396
f 3180 2728 2397
f 2782 2397 2748
f 2397 2782 5666
f 3198 3180 2397
f 3580 3198 2397
f 3599 3580 2397
f 5666 3599 2397
f 2398 2787 2399
f 2400 2788 2398
f 3182 2398 2729
f 2398 2785 2751
f 2785 2787 2398
f 2785 2398 2788
f 2398 5670 2785
f 3182 3201 2398
f 3201 3581 2398
f 3603 2398 3581
f 5670 2398 3603
f 2400 2399 3604
f 2399 2787 5672
f 5672 3604 2399
f 3183 2730 2400
f 2400 3604 2788
f 3202 3183 2400
f 3582 3202 2400
f 3604 3582 2400
f 2402 2403 2401
f 2401 2791 2402
f 2792 2401 2403
f 3184 2401 2733
f 2791 2401 2789
f 2789 2401 2792
f 2789 3607 2401
f 2401 5676 2789
f 3184 3205 2401
f 3205 3585 2401
f 3585 3607 2401
f 5676 2401 3607
f 2403 2402 5679
f 2402 2791 5679
f 3187 2736 2403
f 2403 2760 2792
f 3187 2403 3206
f 3206 2403 3586
f 3608 3586 2403
f 5679 3608 2403
f 2407 2404 2793
f 2796 2404 2407
f 3188 2404 2737
f 2404 2793 2763
f 2793 2404 2796
f 2404 5682 2793
f 3209 2404 3188
f 3209 3589 2404
f 3589 3611 2404
f 5682 2404 3611
f 2766 2407 2738
f 3189 2738 2407
f 2407 2766 2796
f 2407 2793 2796
f 2407 2796 5685
f 3210 3189 2407
f 3590 3210 2407
f 3612 3590 2407
f 5685 3612 2407
f 2408 5688 2409
f 2410 2802 2408
f 2741 2408 2769
f 3192 2408 2741
f 2408 2799 2769
f 2799 2408 2802
f 3213 2408 3192
f 3213 3591 2408
f 3591 3615 2408
f 2408 3615 5688
f 2409 2800 2410
f 2409 5688 2800
f 2802 2410 2421
f 2802 2772 2410
f 2802 2410 2800
f 2410 3229 2802
f 3229 2410 3230
f 2411 2413 2803
f 2803 2422 2411
f 2834 2411 2422
f 2803 2774 2411
f 2411 2834 2803
f 2804 2414 2413
f 2804 2413 2423
f 2804 2803 2413
f 2804 2413 3554
f 2804 2805 2414
f 2805 4680 2414
f 2808 2416 2415
f 2808 2809 2416
f 4283 2417 2418
f 3982 2823 2417
f 2417 4282 3982
f 2417 4283 4282
f 2418 2824 4283
f 2420 2430 2419
f 2829 2420 2419
f 2830 2420 2419
f 2429 2419 2430
f 2931 2419 2480
f 2830 2419 2829
f 2829 2419 3674
f 2931 3350 2419
f 3350 3698 2419
f 3674 2419 3698
f 2481 2420 2932
f 2830 2420 2829
f 2830 3675 2420
f 2932 2420 3351
f 3351 2420 3699
f 3675 3699 2420
f 2423 2421 2422
f 2422 2833 2421
f 2833 2802 2421
f 2834 2422 2423
f 2835 2422 2423
f 2834 2422 2803
f 2833 2422 2834
f 2835 2833 2422
f 2835 2422 2834
f 2835 2804 2423
f 2835 2834 2423
f 2835 2423 2851
f 2777 2424 2807
f 2837 2807 2424
f 2426 2813 2425
f 2426 2425 2842
f 2813 2841 2425
f 2841 2842 2425
f 2426 2814 2813
f 2814 2426 2842
f 2844 2427 2428
f 2427 2843 2435
f 2844 2843 2427
f 2428 2436 2844
f 2440 2432 2431
f 2431 2432 2441
f 2431 2850 2432
f 2431 2432 2878
f 2441 2440 2431
f 2877 2850 2431
f 2877 2431 2878
f 2432 2440 2441
f 2851 2441 2432
f 2441 2878 2432
f 2851 2432 2850
f 2878 2851 2432
f 2853 2433 2434
f 2433 2852 2443
f 2853 2852 2433
f 2853 2434 2444
f 2436 2435 2863
f 2435 2843 2863
f 2863 3629 2435
f 2436 2864 2844
f 2863 2864 2436
f 2864 2436 3630
f 2437 4011 2438
f 4011 2437 2845
f 2438 4012 2846
f 2438 4011 4310
f 4310 4012 2438
f 2439 2441 2440
f 2439 2440 2875
f 2440 2439 2877
f 2459 2908 2439
f 2875 2877 2439
f 2908 2875 2439
f 3312 2439 2875
f 2440 2460 2441
f 2441 2462 2440
f 2440 2441 2877
f 2878 2441 2440
f 2460 2440 2462
f 2910 2440 2460
f 2877 2875 2440
f 2878 2440 2875
f 2440 2910 2877
f 2462 2441 2460
f 2878 2877 2441
f 2914 2442 2465
f 2880 2837 2442
f 2442 2914 2880
f 2957 2504 2443
f 2881 2443 2852
f 2443 2881 2957
f 2882 2445 2444
f 2445 2883 2444
f 2882 2446 2444
f 2488 2939 2444
f 2853 2444 2882
f 2882 2444 2883
f 2882 2444 2939
f 2444 2882 4836
f 2446 2467 2445
f 2446 2885 2445
f 2466 2445 2467
f 2882 2883 2445
f 2883 2445 2885
f 2467 2940 2446
f 2885 2446 2882
f 2446 5753 2885
f 3337 2446 2940
f 3337 3706 2446
f 3684 2446 3706
f 5753 2446 3684
f 2448 2469 2447
f 2470 2448 2447
f 2448 2891 2447
f 2447 2892 2449
f 2468 2447 2469
f 2470 2447 2468
f 2447 2941 2468
f 2889 2447 2891
f 2447 2889 2892
f 2447 2889 5757
f 2941 2447 3338
f 3707 3338 2447
f 3688 3707 2447
f 5757 3688 2447
f 2449 2448 2470
f 3689 2448 2449
f 2448 5759 2891
f 2448 3689 5759
f 2470 2449 2918
f 2470 2942 2449
f 2449 2892 2918
f 3339 2449 2942
f 3708 2449 3339
f 3708 3689 2449
f 2450 2473 2451
f 2451 2474 2450
f 2451 2895 2450
f 2898 2452 2450
f 2473 2450 2474
f 2921 2450 2473
f 2473 2450 2945
f 2450 2895 2898
f 2450 2921 2895
f 2450 2895 5763
f 3342 2945 2450
f 3709 3342 2450
f 3692 3709 2450
f 2450 5763 3692
f 2451 2473 2452
f 5766 2451 2452
f 2895 2451 2897
f 2451 5766 2897
f 2475 2452 2473
f 2475 2948 2452
f 2948 3345 2452
f 3345 3712 2452
f 3693 2452 3712
f 5766 2452 3693
f 2476 2456 2453
f 2453 2901 2456
f 2456 2904 2453
f 2476 2453 2949
f 2904 2901 2453
f 2901 5769 2453
f 3348 2949 2453
f 3348 2453 3713
f 3696 3713 2453
f 5769 3696 2453
f 2455 2478 2454
f 2477 2454 2478
f 2456 2476 2479
f 2479 2950 2456
f 2904 2456 2901
f 2456 2904 3697
f 2456 5772 2904
f 3349 2456 2950
f 3714 2456 3349
f 3697 2456 3714
f 5772 2456 3697
f 2457 2484 2458
f 2457 2458 5775
f 2457 2905 2459
f 2482 2484 2457
f 2457 2951 2482
f 2457 3700 2905
f 3352 2951 2457
f 3352 2457 3715
f 3715 2457 3700
f 2457 5775 3700
f 2459 2484 2458
f 2458 2459 2906
f 2483 2458 2484
f 2458 2906 5775
f 2910 2460 2459
f 2936 2459 2484
f 2908 2459 2905
f 2908 2906 2459
f 2910 2459 2908
f 2459 2936 2908
f 2485 2938 2460
f 2910 2460 2938
f 2462 2463 2911
f 2911 2486 2462
f 2913 2464 2463
f 2463 2487 2912
f 2912 2911 2463
f 2913 2463 2912
f 2914 2465 2464
f 2914 2464 2913
f 2489 2940 2467
f 2490 2468 2941
f 2919 2471 2470
f 2942 2470 2491
f 2470 2918 2919
f 2471 2472 2919
f 2472 2471 2944
f 2492 2471 2943
f 2471 2919 2943
f 2471 2943 2944
f 2921 2473 2472
f 2493 2944 2472
f 2920 2919 2472
f 2920 2921 2472
f 2472 2944 2920
f 2945 2494 2473
f 2948 2475 2496
f 2497 2476 2949
f 2479 2931 2480
f 2950 2479 2498
f 2479 2930 2931
f 2930 2479 3349
f 2932 2482 2481
f 2499 2482 2951
f 2932 2933 2482
f 2933 3700 2482
f 2954 2484 2501
f 2954 2936 2484
f 2485 2486 2938
f 2485 2938 2487
f 2485 2503 2938
f 2878 2486 2911
f 2486 2878 9349
f 2938 2486 3355
f 2486 9349 3355
f 2912 2487 2879
f 3704 2879 2487
f 2956 2487 2938
f 3373 2487 2956
f 2487 3373 4073
f 4037 3704 2487
f 4037 2487 4338
f 4073 4357 2487
f 4338 2487 4834
f 4619 2487 4357
f 4844 2487 4619
f 5244 4834 2487
f 2487 4844 7362
f 2487 6192 5244
f 2487 7362 6192
f 2958 2488 2505
f 2939 2488 2958
f 2506 2959 2489
f 2959 2940 2489
f 2490 2962 2509
f 2941 2962 2490
f 2965 2491 2512
f 2965 2942 2491
f 2943 2493 2492
f 2943 2944 2493
f 2966 2513 2494
f 2945 2966 2494
f 2968 2515 2495
f 2947 2495 2923
f 2968 2495 2947
f 2969 2496 2516
f 2948 2496 2969
f 2970 2517 2497
f 2497 2949 2970
f 2973 2498 2520
f 2950 2498 2973
f 2499 2974 2521
f 2974 2499 2951
f 2952 2500 2522
f 2502 2954 2501
f 2503 2501 2956
f 2954 2956 2501
f 2954 2501 2977
f 2503 2938 2502
f 2502 2938 2955
f 2955 2954 2502
f 2503 2956 2938
f 2978 2523 2504
f 2957 2978 2504
f 2505 2524 2958
f 2507 2960 2506
f 2959 2506 2960
f 2960 2507 2508
f 2962 2508 2509
f 2961 2960 2508
f 2962 2961 2508
f 2511 2510 2964
f 2963 2510 2527
f 2963 2964 2510
f 2983 2528 2511
f 2983 2511 2964
f 2513 2966 2512
f 2965 2512 2966
f 2530 2967 2514
f 2515 2986 2531
f 2986 2515 2968
f 2970 2516 2517
f 2970 2969 2516
f 2972 2519 2518
f 2971 2518 2533
f 2518 2971 2972
f 2989 2534 2519
f 2989 2519 2972
f 2974 2520 2521
f 2974 2973 2520
f 2975 2522 2536
f 2975 2952 2522
f 2523 2540 2524
f 2541 2523 2524
f 2523 2541 2540
f 2523 2978 2540
f 2524 2540 2541
f 2996 2524 2541
f 2524 2979 2958
f 2996 2979 2524
f 2542 2525 2980
f 2525 3736 2980
f 2527 2526 2981
f 2981 2526 2543
f 2982 2963 2527
f 2982 2527 2981
f 2528 2984 2529
f 2984 2528 2983
f 2985 2530 2529
f 2984 2985 2529
f 2967 2530 2985
f 2532 2531 2987
f 2987 2531 2986
f 2533 2532 2988
f 2532 2987 2988
f 2533 2988 2971
f 2990 2535 2534
f 2990 2534 2989
f 2535 2991 2536
f 2535 2990 2991
f 2991 2975 2536
f 2992 2537 2538
f 2993 2538 2539
f 2992 2538 2993
f 2553 3011 2539
f 2993 2539 2994
f 2994 2539 3011
f 2540 2996 2541
f 2995 2540 2978
f 2995 2996 2540
f 2542 2997 2541
f 2555 2541 2996
f 2997 2996 2541
f 2997 2542 2980
f 2557 2998 2543
f 2981 2543 2998
f 3003 2544 2545
f 3003 3002 2544
f 3002 4142 2544
f 3004 2545 2546
f 3004 3003 2545
f 3005 2546 2547
f 3005 3004 2546
f 3005 2547 2548
f 2549 3007 2548
f 2548 3006 3005
f 2548 3007 3006
f 2551 2550 2549
f 3008 2549 2550
f 3008 3007 2549
f 2550 2551 3008
f 2551 2552 3009
f 3008 2551 3009
f 3010 3009 2552
f 3010 2552 4117
f 3011 2553 2558
f 2554 2555 3012
f 2556 2554 3012
f 2996 3013 2555
f 2555 3013 3012
f 3015 2557 2556
f 3014 2556 3012
f 2556 3014 3015
f 2557 3015 2998
f 2563 3017 2558
f 3016 3011 2558
f 2558 3017 3016
f 2559 3018 5274
f 3018 2559 5276
f 2560 3019 5278
f 2560 5280 3019
f 2561 2562 5282
f 2561 5470 2562
f 5470 2561 5471
f 2562 3021 5282
f 2562 5470 3021
f 2564 3022 2563
f 3017 2563 3022
f 3022 2564 2565
f 2565 2578 3026
f 3026 3022 2565
f 2566 5311 3023
f 2566 3023 5312
f 2567 5314 3024
f 2567 3024 5315
f 2568 5317 3027
f 2568 3027 5504
f 2568 5504 5505
f 2580 2570 2569
f 2580 2569 2579
f 3029 2571 2570
f 3028 2570 2580
f 3029 2570 3028
f 2582 2572 2571
f 2582 2571 2581
f 3029 2581 2571
f 3030 2573 2572
f 3030 2572 2582
f 2573 2583 2574
f 3031 2583 2573
f 3031 2573 3030
f 2575 2576 2574
f 2575 2574 2585
f 2584 2574 2583
f 2574 2584 3032
f 3032 2585 2574
f 2575 2586 2576
f 2585 2586 2575
f 2587 2577 2576
f 2587 2576 2586
f 2576 3034 2586
f 2586 3043 2576
f 2576 3043 3034
f 2587 4117 2577
f 3035 2578 2589
f 2578 3035 3026
f 3037 2580 2579
f 3037 2579 3036
f 3037 3028 2580
f 3039 2582 2581
f 2581 3029 3038
f 3039 2581 3038
f 3039 3030 2582
f 2584 2583 3041
f 2583 3031 3040
f 2583 3040 3041
f 3041 3032 2584
f 3043 2586 2585
f 3032 3042 2585
f 3042 3043 2585
f 2586 3043 2587
f 3043 2586 3034
f 3045 2588 2587
f 2587 2992 3044
f 3044 2587 3043
f 3045 2587 3044
f 3044 4117 2587
f 3046 2589 2588
f 3046 2588 3045
f 2589 3046 3035
f 2592 2590 2591
f 3047 2590 2592
f 2590 2605 2593
f 3047 2590 2593
f 2590 2595 2605
f 2590 3047 2595
f 3047 2592 3048
f 3049 2593 2605
f 3047 2593 3049
f 2606 2594 2595
f 2596 2607 2595
f 2596 2595 2608
f 3055 2596 2595
f 2595 3053 2605
f 3055 2606 2595
f 2608 2595 2607
f 2595 2607 3055
f 3047 3050 2595
f 2595 3050 3053
f 3055 2595 3050
f 2597 2596 2609
f 3056 2596 2597
f 2602 2608 2596
f 2596 3056 2602
f 2596 2608 2607
f 2608 2609 2596
f 3056 2596 2608
f 3056 2596 3055
f 2597 2610 2598
f 2597 2598 3057
f 2597 2609 2610
f 3057 2609 2597
f 2597 3057 3056
f 2598 2611 2599
f 3058 2598 2599
f 2598 3058 2610
f 2598 3058 2611
f 3057 2598 3058
f 3059 2599 2600
f 3060 2600 2599
f 2599 3059 2611
f 3060 2599 2611
f 3058 2599 3059
f 2613 2601 2600
f 2601 3060 2600
f 2600 2612 2613
f 2612 3060 2600
f 2600 3060 3059
f 2601 2613 2602
f 3061 2601 2602
f 2613 2601 3061
f 3060 2601 3061
f 2603 2614 2602
f 2603 2602 2615
f 3062 2603 2602
f 2602 2614 2608
f 2614 2602 2613
f 2602 2614 2615
f 3062 2614 2602
f 3056 3062 2602
f 3061 2602 3062
f 2603 2615 2614
f 3063 2615 2603
f 3063 2603 3062
f 2616 3048 2604
f 3053 3049 2605
f 2606 3054 2617
f 3055 3054 2606
f 2608 3055 2607
f 2608 2607 3067
f 3055 2607 2618
f 2607 3066 2618
f 2607 3055 3066
f 3066 3067 2607
f 2609 2608 3068
f 2614 3056 2608
f 2608 3056 3055
f 3056 2608 3067
f 3067 3068 2608
f 3069 2610 2609
f 2609 3068 3057
f 3068 3069 2609
f 3069 2610 3058
f 3070 2611 3058
f 3059 2611 3070
f 3060 2611 3071
f 2611 3070 3071
f 2613 2612 3072
f 3060 2612 3071
f 2612 3071 3072
f 2614 2613 3073
f 3072 2613 3061
f 3073 2613 3072
f 2615 3062 2614
f 2615 2614 3074
f 2614 3062 3056
f 3062 2614 3073
f 2614 3073 3074
f 2616 2621 2615
f 2616 2615 3064
f 2621 3074 2615
f 2615 3063 3062
f 3063 3064 2615
f 3074 2615 3063
f 2616 2622 2621
f 3048 2616 3052
f 3052 2616 3064
f 3065 2617 3054
f 2627 3066 2618
f 2618 3066 3055
f 2619 2620 3060
f 3082 2620 2619
f 3060 3082 2619
f 3060 2620 3062
f 2620 3479 3062
f 3082 3084 2620
f 2620 3084 3485
f 3479 2620 3485
f 2622 2628 2621
f 2621 3074 2622
f 2622 3075 2621
f 2621 2628 3074
f 2621 3075 3074
f 2623 2629 2622
f 2622 2629 2628
f 2622 3074 3075
f 2631 2623 2624
f 2623 2630 2629
f 2631 2630 2623
f 2632 2624 2625
f 2632 2631 2624
f 2633 2626 3076
f 2634 3077 2627
f 3066 2627 3077
f 2629 2637 2628
f 2629 2628 2638
f 3085 2628 2629
f 2637 2638 2628
f 2637 2628 3096
f 2628 3085 3074
f 2628 3085 3096
f 2639 2629 2630
f 2629 2638 2637
f 2639 2638 2629
f 2638 3097 2629
f 3085 2629 3086
f 2629 3097 3086
f 2641 2631 2632
f 2641 2640 2631
f 3098 2643 2633
f 3087 2633 3076
f 3098 2633 3087
f 3088 2634 2644
f 3099 2644 2634
f 3088 3077 2634
f 3088 3099 2634
f 3084 2635 2636
f 2636 2635 3104
f 3084 3082 2635
f 2635 3082 3104
f 3084 2636 3106
f 2636 3104 3106
f 2637 2652 2638
f 2653 2637 2638
f 3097 2638 2637
f 2637 2652 3107
f 2637 3108 2652
f 3108 2637 2653
f 2637 3096 3097
f 3096 2637 3107
f 2638 2652 2653
f 2655 3496 2642
f 3494 2642 3496
f 2644 2659 2643
f 2644 2643 3099
f 2658 2643 2659
f 2643 3098 3099
f 2645 2644 2659
f 3088 2644 2645
f 3100 2644 2645
f 2644 2659 2654
f 3109 2644 2654
f 2659 2644 3099
f 3099 3088 2644
f 3099 2644 3100
f 3099 2644 3109
f 2646 3089 2645
f 2651 2660 2645
f 2651 2645 2666
f 2651 3106 2645
f 2660 2645 2659
f 2660 2666 2645
f 2660 3100 2645
f 3088 2645 3089
f 2645 3089 3100
f 3100 2645 3106
f 3090 2646 2647
f 2661 3101 2646
f 2646 3090 3089
f 3101 3090 2646
f 3102 2647 2648
f 3102 2647 2662
f 3090 2647 3091
f 2647 3102 3091
f 2648 2663 2649
f 2648 2649 3103
f 2663 3103 2648
f 2648 3104 2663
f 2648 3092 3091
f 2648 3091 3102
f 3103 3092 2648
f 3103 3104 2648
f 2649 2650 3093
f 2649 2664 3104
f 3092 2649 3093
f 3103 2649 3092
f 2649 3104 3093
f 2651 2666 2650
f 3094 2650 2651
f 2650 3105 2651
f 2650 2666 2665
f 3105 2650 2665
f 3094 3093 2650
f 2650 3094 3105
f 2651 2666 2652
f 2652 3095 2651
f 2651 2652 3107
f 2651 2666 2660
f 2666 3106 2651
f 2651 3095 3094
f 3106 3095 2651
f 3106 2651 3105
f 3107 3106 2651
f 2666 2667 2652
f 2667 3107 2652
f 3095 2652 3096
f 3096 3107 2652
f 3107 2652 3108
f 2654 2659 2669
f 3109 2654 2669
f 2655 2671 3117
f 3117 3110 2655
f 2655 3110 3496
f 2656 2671 2657
f 2708 2656 2657
f 3111 2671 2656
f 3111 2656 2708
f 2672 2657 2671
f 2672 3119 2657
f 2657 2709 2708
f 2657 3161 2709
f 3112 2657 3119
f 3112 3161 2657
f 3100 2660 2659
f 2668 2667 2659
f 2659 2676 2668
f 2659 3113 2669
f 3123 2676 2659
f 3099 3100 2659
f 2659 3099 3113
f 3113 3123 2659
f 3101 2661 2660
f 3101 2660 3100
f 2661 3102 2662
f 2661 3101 3102
f 3103 2663 2662
f 2662 3102 3103
f 2663 3104 2664
f 2664 3105 2665
f 2664 3104 3105
f 2667 2666 3107
f 2666 3106 3107
f 2677 2668 2676
f 2677 3114 2668
f 3115 3109 2669
f 2669 3113 3115
f 3116 2679 2670
f 2670 3498 3116
f 2672 2671 2682
f 2681 2682 2671
f 3111 3118 2671
f 2671 3118 3117
f 3119 2672 2682
f 3120 2682 2673
f 2682 3129 2673
f 2673 3120 2710
f 3120 2673 3129
f 2684 2675 2674
f 2711 2674 2675
f 3121 2674 2675
f 2683 2684 2674
f 3130 2683 2674
f 3121 3130 2674
f 2684 3131 2675
f 2711 2675 2712
f 2675 3122 2712
f 2712 3164 2675
f 2675 3122 3121
f 3122 2675 3131
f 3122 2675 3164
f 2677 2676 3124
f 3123 3124 2676
f 3114 2677 3124
f 2679 2690 2678
f 2689 2678 2690
f 2680 2679 3126
f 3126 2679 3116
f 3127 2691 2680
f 3127 2680 3126
f 2681 2692 2682
f 2682 2693 2683
f 2683 3130 2682
f 2693 2682 2692
f 2682 3129 3119
f 3120 3129 2682
f 2682 3130 3129
f 2683 2693 2684
f 2685 2684 2693
f 2685 3132 2684
f 3131 2684 3132
f 2685 2695 2686
f 2685 2686 3134
f 2693 2694 2685
f 2685 2694 2695
f 3132 2685 3133
f 3133 2685 3134
f 2686 2700 2687
f 3137 2686 2687
f 2696 2686 2695
f 2696 2697 2686
f 2698 2686 2697
f 2699 2686 2698
f 2686 2699 2700
f 3136 3134 2686
f 3136 2686 3137
f 2687 2688 2704
f 3862 2688 2687
f 2702 2687 2700
f 2702 2703 2687
f 2703 2724 2687
f 2725 2687 2724
f 2687 2725 3157
f 3157 3137 2687
f 3861 2687 3854
f 3862 2687 3861
f 2705 2704 2688
f 3502 2688 3862
f 2690 3139 2689
f 2706 2689 3158
f 3138 2689 3139
f 3158 2689 3138
f 3159 2690 2707
f 3159 3139 2690
f 3140 2691 3127
f 3140 3530 2691
f 2694 2712 2695
f 2713 2695 2712
f 2697 2716 2698
f 2717 2698 2716
f 2701 2702 2700
f 2700 2720 2701
f 2721 2701 2720
f 2706 3158 2746
f 2707 2727 3159
f 2708 3160 2709
f 2728 3180 2708
f 3160 3111 2708
f 3180 3160 2708
f 2709 3161 2710
f 3160 3161 2709
f 2711 2710 3162
f 3162 3120 2710
f 3162 2710 3161
f 3534 2712 2711
f 2711 3182 2729
f 3163 2711 3162
f 3163 3182 2711
f 2713 2712 3888
f 3164 2712 3122
f 2712 3534 3164
f 3164 3888 2712
f 2715 2714 3167
f 2730 3183 2714
f 3166 3167 2714
f 3166 2714 3183
f 2733 2715 3184
f 3184 2715 3167
f 2734 2717 2716
f 2734 2735 2717
f 2718 3170 2719
f 2736 3187 2718
f 3187 3170 2718
f 2737 2719 3188
f 3171 2719 3170
f 3188 2719 3171
f 2723 2722 3174
f 2738 3189 2722
f 2722 3189 3174
f 2723 3192 2741
f 3174 3175 2723
f 2723 3175 3192
f 2725 2724 2743
f 2742 2743 2724
f 2725 2743 3905
f 3157 2725 3905
f 2726 2744 2745
f 3178 2744 2726
f 3527 2726 2745
f 3527 3178 2726
f 2727 3179 3159
f 2731 2755 2730
f 2754 2730 2755
f 2754 3202 2730
f 2756 2732 2733
f 2756 2733 2757
f 2767 2738 2739
f 2738 2767 2766
f 2768 2739 2740
f 2767 2739 2768
f 2741 2769 2740
f 2769 2768 2740
f 2744 2743 3195
f 2743 2745 3194
f 2772 3214 2743
f 3194 3195 2743
f 2743 3214 3194
f 3194 3905 2743
f 2744 3178 2745
f 2774 3216 2745
f 3178 3554 2745
f 3196 3194 2745
f 3216 3196 2745
f 2778 2746 3528
f 3158 3528 2746
f 2748 2749 3199
f 2748 3198 2782
f 2748 3199 3198
f 2812 3239 2749
f 3199 2749 3239
f 2750 2751 3201
f 2814 2750 3241
f 2750 3201 3200
f 3200 3241 2750
f 2751 2785 3201
f 2753 2787 2752
f 2787 2786 2752
f 2755 3203 2754
f 3202 2754 3203
f 3204 2756 2757
f 3204 2757 3205
f 2759 2791 2758
f 2791 2790 2758
f 3207 2760 2761
f 3206 2792 2760
f 3207 3206 2760
f 3209 2762 2763
f 3209 3208 2762
f 3209 2763 2793
f 2794 2764 2765
f 2795 2794 2765
f 3211 2766 2767
f 3210 2796 2766
f 3211 3210 2766
f 2768 2797 2767
f 2768 2767 2798
f 3614 2767 2768
f 2797 2798 2767
f 2767 2797 3211
f 2797 2767 3613
f 3614 3613 2767
f 2768 2769 3213
f 2768 2798 2797
f 2798 2768 3212
f 3614 2768 2798
f 2768 3213 3212
f 3213 2769 2799
f 2800 2770 2771
f 2801 2800 2771
f 3214 2772 2802
f 3215 2773 3195
f 3216 2774 2803
f 2806 2775 2776
f 2806 2805 2775
f 2805 3656 2775
f 2777 2806 2776
f 2777 2807 2806
f 2779 2809 2778
f 3218 2779 2778
f 2808 2778 2809
f 3217 3218 2778
f 2778 3558 3217
f 3558 2778 3528
f 2780 2779 2810
f 2780 3219 2779
f 2782 2809 2779
f 2809 2810 2779
f 2809 2779 3218
f 2779 2809 3236
f 3218 3197 2779
f 3218 2779 3219
f 2779 4723 3218
f 2779 3236 3265
f 2780 2811 2782
f 2780 2810 2811
f 2810 3219 2780
f 2809 2782 2811
f 2782 3198 2811
f 2782 2811 5666
f 2784 2783 2813
f 3223 2783 2784
f 3240 2813 2783
f 3223 3222 2783
f 3222 3240 2783
f 2784 2813 2814
f 3241 2784 2814
f 2784 3241 3223
f 2785 2817 2787
f 2788 2818 2785
f 2817 2785 2815
f 2815 2785 2818
f 2815 3201 2785
f 2785 5670 2815
f 2817 5672 2787
f 2788 3604 2818
f 2789 2820 2791
f 2819 2789 2792
f 2819 3607 2789
f 2820 2789 5676
f 2821 2791 2820
f 2821 5678 2791
f 5678 5679 2791
f 2819 2792 2822
f 2822 2792 3206
f 2794 2796 2793
f 2793 5682 2794
f 2796 2828 2793
f 2825 2793 2828
f 2825 3209 2793
f 2796 2794 2795
f 2795 2794 2826
f 2826 2794 5683
f 5683 2794 5682
f 2795 5685 2796
f 2795 2826 2827
f 5684 2795 2827
f 5684 5685 2795
f 2828 2796 3210
f 2829 2797 2798
f 2830 2798 2797
f 2797 2829 2830
f 2797 3254 2829
f 2829 3674 2797
f 3226 3211 2797
f 2797 3613 3226
f 3254 2797 3637
f 3613 3637 2797
f 3637 2797 3674
f 2798 2830 2829
f 2798 2830 3255
f 2830 2798 3675
f 3227 2798 3212
f 3227 3614 2798
f 3255 3638 2798
f 3638 3614 2798
f 3638 3675 2798
f 2799 2802 2831
f 2831 3213 2799
f 2800 2832 2802
f 5689 2832 2800
f 5689 2800 5688
f 2833 2831 2802
f 2832 2833 2802
f 2802 2833 3214
f 3229 2833 2802
f 2803 2804 2835
f 2834 2803 2835
f 2803 2834 3216
f 2805 2804 2836
f 2835 2836 2804
f 2804 3554 2835
f 3233 2805 2806
f 2836 4680 2805
f 3233 3232 2805
f 3261 2805 3232
f 3643 2805 3261
f 3656 2805 3643
f 2807 3233 2806
f 2837 3234 2807
f 2807 3234 3233
f 2838 2809 2808
f 2808 2809 3235
f 2838 2808 3264
f 3235 3264 2808
f 2810 2809 3237
f 3236 2809 2811
f 2838 2839 2809
f 2839 3265 2809
f 3218 3236 2809
f 3236 3235 2809
f 2809 3236 3237
f 2809 3265 3236
f 2811 2810 3238
f 3219 2810 3237
f 3237 3238 2810
f 3220 2811 3198
f 3220 3599 2811
f 3236 2811 3238
f 3238 2811 3599
f 2811 3238 5696
f 5696 5666 2811
f 2842 2814 2812
f 3239 2812 2814
f 2842 2812 2840
f 2842 2813 2814
f 2814 2813 3241
f 2842 2841 2813
f 3240 3241 2813
f 2814 3241 3239
f 2817 2815 2816
f 2815 5700 2816
f 2818 3245 2815
f 3201 2815 3224
f 3224 2815 3603
f 3242 2815 3245
f 3242 3603 2815
f 2815 5670 5700
f 2816 3244 2817
f 3244 2816 3243
f 3243 2816 5701
f 5701 2816 5700
f 2817 3244 5702
f 5702 5672 2817
f 3245 2818 3604
f 2822 3249 2819
f 3246 2819 3249
f 2819 3246 3607
f 2820 3247 2821
f 3247 2820 5703
f 5703 2820 5676
f 3247 3248 2821
f 3248 5704 2821
f 2821 5704 5678
f 3249 2822 3206
f 2845 2823 3982
f 2824 2846 3983
f 3983 4283 2824
f 3253 2825 2828
f 3250 3209 2825
f 3250 2825 3253
f 2826 3252 2827
f 3251 3252 2826
f 3251 2826 5705
f 5705 2826 5683
f 2827 3252 5706
f 2827 5706 5684
f 3225 2828 3210
f 3612 2828 3225
f 2828 3636 3253
f 3636 2828 3612
f 2829 2830 2848
f 2829 3254 2830
f 2847 2829 2848
f 3255 2830 3254
f 2831 2833 3256
f 3228 3213 2831
f 3228 2831 3615
f 3256 3639 2831
f 3615 2831 3639
f 2832 3257 2833
f 3257 2832 5707
f 5707 2832 5689
f 2833 2834 2835
f 2833 2834 2850
f 2849 2833 2850
f 2849 3258 2833
f 3229 3214 2833
f 3258 2833 3229
f 3616 3229 2833
f 2833 3258 3256
f 3257 3258 2833
f 2833 3258 3616
f 2834 2850 2835
f 2834 2835 2851
f 2835 2834 3259
f 2835 3260 2834
f 2834 2851 2850
f 2834 2850 3284
f 3216 2834 3231
f 3231 2834 3618
f 3259 2834 3260
f 3259 2834 3284
f 3259 3618 2834
f 3260 2836 2835
f 2851 2835 2850
f 3260 2835 2851
f 3259 3260 2835
f 2835 3554 3260
f 3260 3261 2836
f 2836 3261 5393
f 4680 2836 5393
f 2837 2880 3658
f 2837 3263 3234
f 2837 3645 3263
f 3658 3645 2837
f 2853 2839 2838
f 2852 2853 2838
f 3289 2852 2838
f 2838 3264 3289
f 3290 2839 2853
f 3265 2839 3290
f 2856 2842 2840
f 2857 2841 2842
f 2858 2842 2841
f 2858 2841 2857
f 2858 2842 2856
f 2858 2857 2842
f 3301 2843 2844
f 3300 2863 2843
f 3301 3300 2843
f 3301 2844 2864
f 3982 3997 2845
f 4011 2845 3997
f 3983 2846 3998
f 3998 2846 4012
f 2849 2850 2851
f 2850 2849 2875
f 2850 2877 2849
f 2877 2875 2849
f 2875 3312 2849
f 3283 3258 2849
f 3283 2849 3312
f 2878 2850 2851
f 2851 2850 3285
f 2877 2850 2875
f 2850 2878 2877
f 2850 2877 3314
f 3284 3285 2850
f 3284 3314 2850
f 2851 3285 2878
f 3285 3260 2851
f 2853 2882 2852
f 2852 3289 2853
f 2881 2852 2882
f 2853 2882 2854
f 2853 2854 2883
f 3290 2854 2853
f 2853 2855 2885
f 2853 3290 2855
f 2853 2883 2882
f 2882 2853 2885
f 3290 2882 2853
f 3289 3290 2853
f 2854 2883 2855
f 2855 3292 2854
f 2883 2854 2882
f 3291 2854 2883
f 3290 3291 2854
f 3291 2854 3292
f 2855 2883 2885
f 2885 2855 3321
f 2885 5753 2855
f 2855 3290 3292
f 2855 3292 3684
f 2855 5731 3292
f 3684 3321 2855
f 5731 2855 5753
f 3295 2858 2856
f 3293 2856 2886
f 3295 2856 3293
f 2858 2857 2887
f 2857 2858 3294
f 2887 2857 3323
f 2857 2887 4006
f 2887 2857 4021
f 3294 3323 2857
f 4021 2857 4006
f 2858 2887 2888
f 3295 2888 2858
f 2858 2888 3324
f 3295 3294 2858
f 3295 2858 3324
f 2860 2859 2861
f 2859 2860 5735
f 2859 2889 2861
f 2862 2892 2859
f 2859 3296 2862
f 2889 2859 2892
f 3325 2859 2889
f 2889 2859 5757
f 2859 3688 3296
f 3688 2859 3325
f 5735 5757 2859
f 2861 3298 2860
f 3298 3297 2860
f 2860 3297 5736
f 5736 5735 2860
f 2861 2889 2891
f 2891 5759 2861
f 2861 5737 3298
f 5737 2861 5759
f 2862 2918 2892
f 3339 2918 2862
f 2862 3296 3299
f 2862 3299 3665
f 3339 2862 3326
f 3665 3326 2862
f 2893 2864 2863
f 2894 2863 2864
f 2894 2893 2863
f 2893 2863 3300
f 2863 2893 3666
f 3629 2863 3666
f 2893 2894 2864
f 2864 2894 3301
f 2894 2864 3667
f 3667 2864 3630
f 2867 2866 2865
f 2865 2866 5738
f 2865 2895 2867
f 2895 2865 2868
f 2865 3302 2868
f 2865 2895 2921
f 2895 2865 5763
f 2921 3342 2865
f 2865 3668 3302
f 3342 3329 2865
f 3668 2865 3329
f 5738 5763 2865
f 2866 2867 3303
f 2866 3303 5739
f 5739 5738 2866
f 2867 2895 2897
f 2897 5765 2867
f 3304 3303 2867
f 2867 5740 3304
f 5740 2867 5765
f 2895 2868 2898
f 2898 2868 3345
f 3302 3305 2868
f 3345 2868 3305
f 2901 2869 2872
f 2872 2869 3306
f 3348 2869 2901
f 2869 3348 3306
f 2870 2901 2871
f 2870 2871 3308
f 2901 2870 5769
f 3307 2870 3308
f 2870 3307 5741
f 5741 5769 2870
f 2872 2871 2904
f 2872 5772 2871
f 2904 2871 2901
f 2871 5742 3308
f 5742 2871 5772
f 2901 2872 2904
f 2904 2872 3697
f 2904 5772 2872
f 2872 3306 3309
f 2872 3309 3673
f 3673 3697 2872
f 2873 2875 2908
f 2873 3310 2875
f 2905 2873 2908
f 2873 2905 3700
f 3310 2873 3676
f 3676 2873 3700
f 2875 2874 2908
f 2874 2875 3311
f 2906 2908 2874
f 2906 2874 5776
f 2874 3311 5743
f 5743 5776 2874
f 2908 2876 2875
f 2877 2878 2875
f 2908 2936 2875
f 2908 2875 3312
f 2936 3353 2875
f 3312 2875 3310
f 2875 3312 3311
f 3312 2875 3677
f 3330 2875 3353
f 3330 3701 2875
f 3701 3677 2875
f 2909 2876 2908
f 3313 2876 2908
f 2909 2876 3331
f 3313 3331 2876
f 2877 2878 2910
f 2878 2877 2911
f 2878 2877 3315
f 2910 2911 2877
f 2910 3332 2877
f 3315 2877 3314
f 3314 2877 3703
f 3332 3703 2877
f 2879 2878 2911
f 2878 2879 3315
f 2911 2910 2878
f 3315 9349 2878
f 2879 2911 2912
f 3316 3315 2879
f 2879 3704 3316
f 3335 2880 2914
f 3335 3318 2880
f 3318 3682 2880
f 3682 3658 2880
f 2882 3319 2881
f 3374 2957 2881
f 2881 3319 3719
f 3719 3374 2881
f 2883 2882 3290
f 3291 2882 2883
f 2939 3336 2882
f 3291 3290 2882
f 4836 2882 3290
f 3320 3319 2882
f 3320 2882 3336
f 3291 2883 3290
f 3322 2886 2885
f 3321 3322 2885
f 2886 3322 3293
f 3323 2888 2887
f 4006 2887 4021
f 3324 2889 2888
f 2888 3295 3324
f 3323 3324 2888
f 3324 3325 2889
f 2891 2917 2890
f 2917 2916 2890
f 2893 2894 2919
f 2894 2893 2920
f 2919 2920 2893
f 2893 2919 3340
f 2893 3690 2919
f 2893 3300 3666
f 3340 3327 2893
f 3327 3666 2893
f 3666 3690 2893
f 2920 2919 2894
f 2894 3341 2920
f 2894 2920 3691
f 3301 2894 3667
f 3341 2894 3328
f 3667 3328 2894
f 3691 3667 2894
f 2897 2923 2896
f 2923 2922 2896
f 5765 2897 5766
f 2925 2899 2898
f 2925 2898 2924
f 2924 2898 3345
f 3346 2899 2925
f 2927 2901 2900
f 2927 2900 2926
f 2926 2900 3347
f 2927 3348 2901
f 2928 2902 2903
f 2929 2928 2903
f 2934 2906 2907
f 5776 5775 2906
f 2935 2934 2907
f 2908 2909 2910
f 3312 3313 2908
f 2910 2909 3332
f 3331 3332 2909
f 3332 2938 2910
f 2938 3355 2910
f 3355 3332 2910
f 3334 2913 2912
f 3334 2912 3333
f 3335 2914 2913
f 3335 2913 3334
f 3339 2919 2918
f 2920 2944 2919
f 2919 3690 2920
f 2943 2919 2944
f 3339 3340 2919
f 2921 2920 3342
f 3341 3342 2920
f 3691 2920 3690
f 2922 2946 2923
f 2947 2923 2946
f 3346 2925 2924
f 3346 2924 3345
f 3348 2927 2926
f 3348 2926 3347
f 2930 3350 2931
f 2930 3349 3350
f 3351 2933 2932
f 3351 3352 2933
f 2933 3352 3700
f 2954 3353 2936
f 2938 2937 2955
f 2938 3355 2937
f 2955 2937 3354
f 3354 2937 3355
f 2956 3355 2938
f 3332 3355 2938
f 2958 3375 2939
f 3336 2939 3375
f 2959 2960 2940
f 3358 2940 2960
f 3357 3337 2940
f 2940 3358 3357
f 2962 2941 3360
f 2941 3338 3360
f 2965 3361 2942
f 3361 3339 2942
f 3362 2966 2945
f 2945 3342 3362
f 2968 2947 2946
f 2946 2967 2968
f 2969 3365 2948
f 3365 3345 2948
f 3366 2970 2949
f 2949 3348 3366
f 2950 2973 3367
f 2950 3367 3349
f 2951 3368 2974
f 2951 3352 3368
f 2975 2953 2952
f 2976 2953 2975
f 2955 3353 2954
f 2956 2954 3373
f 2977 3410 2954
f 3353 3371 2954
f 3371 3373 2954
f 3371 2954 3410
f 2955 3354 3353
f 3355 2956 3373
f 2978 2957 3374
f 2979 3375 2958
f 2961 3379 2960
f 3358 2960 3378
f 3378 2960 3379
f 2962 3380 2961
f 3380 3379 2961
f 2962 3360 3380
f 2982 2964 2963
f 2964 2982 2983
f 2965 2966 3384
f 3361 2965 3383
f 3383 2965 3384
f 3384 2966 3362
f 3000 2968 2967
f 2985 3000 2967
f 2968 3000 2986
f 2969 2970 3387
f 3365 2969 3387
f 2970 3366 3388
f 3387 2970 3388
f 2988 2972 2971
f 2972 2988 2989
f 2974 3392 2973
f 3391 3367 2973
f 3391 2973 3392
f 2974 3368 3392
f 3006 2976 2975
f 2991 3006 2975
f 2976 3006 2977
f 3006 3410 2977
f 2978 2979 2995
f 2978 3396 2979
f 3374 3396 2978
f 2979 2996 2995
f 2979 3397 3375
f 3397 2979 3396
f 3398 2997 2980
f 3398 2980 3376
f 2980 3736 3376
f 2982 2981 2999
f 2998 2999 2981
f 2999 2983 2982
f 2983 3000 2984
f 2983 2999 3000
f 2984 3000 2985
f 2986 3000 2987
f 2987 3001 2988
f 3001 2987 3000
f 2988 3001 2989
f 2989 3001 2990
f 2990 3001 2991
f 3006 2991 3001
f 3412 2992 2993
f 3044 2992 3472
f 3412 3411 2992
f 2992 3411 4391
f 3815 3472 2992
f 4157 3815 2992
f 4154 4157 2992
f 4396 4154 2992
f 4396 2992 4391
f 3413 2993 2994
f 3413 3412 2993
f 2994 3011 3413
f 2997 3416 2996
f 3415 3013 2996
f 2996 3416 3415
f 2997 3398 3416
f 2998 3015 2999
f 3000 2999 3421
f 2999 3015 3418
f 3419 2999 3418
f 3419 3420 2999
f 3420 3421 2999
f 3001 3000 3423
f 3421 3422 3000
f 3422 3423 3000
f 3006 3001 3428
f 3423 3428 3001
f 3425 3002 3003
f 3425 3424 3002
f 3002 3424 4142
f 3426 3003 3004
f 3426 3425 3003
f 3427 3004 3005
f 3427 3426 3004
f 3006 3429 3005
f 3427 3005 3429
f 3007 3430 3006
f 3006 3429 3410
f 3429 3006 3428
f 3006 3430 3429
f 3007 3009 3008
f 3007 3008 3430
f 3008 3009 3432
f 3431 3430 3008
f 3008 3432 3431
f 3433 3009 3010
f 3433 3432 3009
f 4117 3433 3010
f 3016 3434 3011
f 3434 3413 3011
f 3414 3012 3013
f 3012 3435 3014
f 3414 3435 3012
f 3013 3415 3414
f 3436 3015 3014
f 3436 3014 3435
f 3015 3436 3418
f 3016 3017 3444
f 3444 3434 3016
f 3017 3022 3446
f 3446 3444 3017
f 3018 3447 5275
f 3018 5276 3447
f 5275 5274 3018
f 3019 3020 5278
f 3019 5280 3020
f 3020 3448 5279
f 3020 5280 3448
f 5279 5278 3020
f 3021 3445 5282
f 3021 5470 3445
f 3026 3453 3022
f 3449 3446 3022
f 3449 3022 3453
f 3023 5300 3450
f 3023 3450 5301
f 5300 3023 5311
f 5301 5312 3023
f 3024 5302 3025
f 3024 3025 5304
f 5302 3024 5314
f 5304 5315 3024
f 3025 5303 3451
f 3025 3451 5304
f 5303 3025 5302
f 3026 3035 3453
f 3027 5317 3452
f 3027 3452 5497
f 5497 5504 3027
f 3456 3029 3028
f 3037 3465 3028
f 3456 3028 3455
f 3455 3028 3465
f 3038 3029 3466
f 3029 3456 3466
f 3458 3031 3030
f 3039 3467 3030
f 3458 3030 3457
f 3457 3030 3467
f 3468 3040 3031
f 3031 3458 3468
f 3033 3034 3032
f 3033 3032 3042
f 3041 3469 3032
f 3470 3042 3032
f 3032 3469 3459
f 3032 3459 3470
f 3033 3034 3042
f 3033 3043 3034
f 3042 3043 3033
f 3042 3034 3043
f 3043 3461 3034
f 3043 3034 3471
f 3461 3471 3034
f 3046 3474 3035
f 3035 3463 3453
f 3463 3035 3474
f 3465 3037 3036
f 3465 3036 3464
f 3467 3039 3038
f 3467 3038 3466
f 3469 3041 3040
f 3469 3040 3468
f 3042 3471 3043
f 3471 3042 3470
f 3472 3044 3043
f 3461 3043 3471
f 3472 3043 3471
f 3473 3045 3044
f 3473 3044 3472
f 3044 3472 4117
f 3474 3046 3045
f 3474 3045 3473
f 3050 3047 3048
f 3050 3047 3049
f 3050 3048 3052
f 3050 3049 3053
f 3052 3051 3050
f 3051 3060 3050
f 3055 3050 3057
f 3057 3050 3060
f 3051 3052 3063
f 3060 3051 3061
f 3061 3051 3063
f 3063 3052 3064
f 3065 3054 3055
f 3056 3055 3066
f 3057 3475 3055
f 3066 3065 3055
f 3066 3055 3818
f 3818 3055 3475
f 3056 3057 3060
f 3067 3056 3057
f 3057 3056 3068
f 3056 3060 3062
f 3062 3067 3056
f 3067 3056 3066
f 3056 3067 3068
f 3068 3057 3058
f 3057 3068 3067
f 3068 3475 3057
f 3069 3058 3059
f 3058 3069 3068
f 3058 3069 3070
f 3059 3060 3070
f 3059 3070 3069
f 3062 3060 3061
f 3061 3071 3060
f 3071 3060 3062
f 3060 3072 3062
f 3060 3062 3820
f 3071 3070 3060
f 3060 3071 3072
f 3082 3060 3478
f 3820 3478 3060
f 3063 3062 3061
f 3072 3061 3062
f 3071 3061 3072
f 3062 3063 3073
f 3062 3073 3067
f 3073 3071 3062
f 3073 3062 3072
f 3821 3062 3479
f 3821 3820 3062
f 3063 3074 3073
f 3076 3065 3066
f 3077 3067 3066
f 3066 3078 3067
f 3077 3076 3066
f 3078 3066 3077
f 3077 3066 3476
f 3476 3066 3818
f 3068 3067 3071
f 3079 3068 3067
f 3073 3067 3071
f 3073 3078 3067
f 3067 3077 3078
f 3067 3078 3079
f 3079 3068 3069
f 3080 3069 3068
f 3068 3477 3071
f 3068 3079 3080
f 3068 3079 3477
f 3475 3068 3819
f 3477 3819 3068
f 3070 3080 3069
f 3069 3081 3070
f 3079 3069 3080
f 3080 3081 3069
f 3070 3071 3081
f 3071 3070 3082
f 3081 3080 3070
f 3082 3070 3081
f 3072 3071 3073
f 3072 3082 3071
f 3072 3071 3083
f 3074 3071 3073
f 3073 3071 3084
f 3071 3074 3480
f 3081 3071 3082
f 3082 3083 3071
f 3071 3082 3084
f 3082 3071 3478
f 3478 3071 3477
f 3480 3477 3071
f 3072 3073 3083
f 3073 3072 3084
f 3072 3083 3082
f 3084 3072 3083
f 3074 3084 3073
f 3073 3085 3074
f 3074 3073 3480
f 3073 3084 3078
f 3084 3083 3073
f 3085 3073 3084
f 3073 3084 3479
f 3479 3480 3073
f 3074 3085 3084
f 3087 3076 3077
f 3077 3088 3078
f 3078 3077 3089
f 3088 3087 3077
f 3089 3077 3088
f 3482 3088 3077
f 3482 3077 3476
f 3079 3078 3089
f 3079 3078 3090
f 3084 3089 3078
f 3088 3089 3078
f 3090 3078 3089
f 3090 3079 3080
f 3091 3080 3079
f 3079 3089 3082
f 3483 3079 3082
f 3090 3089 3079
f 3090 3091 3079
f 3079 3825 3477
f 3079 3483 3825
f 3091 3080 3081
f 3092 3081 3080
f 3091 3090 3080
f 3091 3092 3080
f 3081 3082 3092
f 3081 3093 3082
f 3092 3091 3081
f 3093 3081 3092
f 3082 3083 3084
f 3093 3082 3083
f 3094 3083 3082
f 3083 3082 3095
f 3095 3082 3089
f 3093 3092 3082
f 3082 3093 3094
f 3104 3082 3484
f 3478 3484 3082
f 3082 3484 3483
f 3083 3095 3084
f 3083 3094 3093
f 3094 3083 3095
f 3085 3084 3095
f 3096 3085 3084
f 3085 3486 3084
f 3084 3095 3089
f 3096 3084 3095
f 3084 3106 3485
f 3485 3479 3084
f 3485 3084 3486
f 3086 3096 3085
f 3095 3096 3085
f 3096 3486 3085
f 3096 3086 3097
f 3098 3087 3088
f 3088 3099 3089
f 3099 3098 3088
f 3088 3828 3099
f 3088 3482 3487
f 3487 3828 3088
f 3090 3093 3089
f 3100 3089 3090
f 3089 3101 3090
f 3095 3089 3093
f 3095 3100 3089
f 3099 3100 3089
f 3089 3100 3101
f 3090 3091 3101
f 3090 3488 3093
f 3101 3100 3090
f 3101 3488 3090
f 3488 3829 3090
f 3102 3091 3092
f 3102 3101 3091
f 3093 3103 3092
f 3102 3092 3103
f 3095 3094 3093
f 3093 3094 3104
f 3093 3095 3104
f 3095 3093 3491
f 3093 3104 3103
f 3491 3093 3488
f 3094 3095 3105
f 3104 3094 3105
f 3096 3106 3095
f 3095 3491 3096
f 3095 3106 3100
f 3106 3104 3095
f 3106 3105 3095
f 3107 3106 3096
f 3491 3486 3096
f 3101 3104 3099
f 3101 3099 3488
f 3107 3099 3104
f 3108 3099 3107
f 3108 3113 3099
f 3115 3099 3109
f 3113 3099 3115
f 3488 3099 3828
f 3101 3100 3104
f 3106 3104 3100
f 3107 3104 3106
f 3104 3830 3106
f 3489 3104 3484
f 3830 3104 3489
f 3490 3485 3106
f 3831 3490 3106
f 3106 3830 3831
f 3113 3108 3114
f 3117 3499 3110
f 3110 3499 3496
f 3118 3111 3112
f 3160 3112 3111
f 3112 3119 3118
f 3161 3112 3160
f 3114 3123 3113
f 3124 3123 3114
f 3126 3116 3498
f 3117 3118 3499
f 3128 3118 3119
f 3118 3128 3506
f 3499 3118 3500
f 3118 3506 3500
f 3119 3129 3128
f 3121 3122 3130
f 3131 3130 3122
f 3139 3125 3126
f 3126 3503 3125
f 3125 3139 3138
f 3503 3138 3125
f 3504 3127 3126
f 3126 3139 3504
f 3504 3126 3498
f 3503 3126 3504
f 3513 3140 3127
f 3505 3127 3504
f 3505 3513 3127
f 3141 3128 3129
f 3128 3141 3514
f 3128 3514 3506
f 3130 3142 3129
f 3141 3129 3142
f 3130 3131 3142
f 3131 3132 3142
f 3132 3143 3133
f 3132 3133 3144
f 3132 3133 3507
f 3142 3132 3164
f 3132 3144 3143
f 3132 3143 3164
f 3143 3132 3515
f 3507 3515 3132
f 3145 3133 3134
f 3144 3133 3143
f 3133 3145 3144
f 3144 3508 3133
f 3508 3507 3133
f 3145 3135 3134
f 3135 3134 3146
f 3510 3134 3135
f 3134 3136 3145
f 3145 3146 3134
f 3134 3509 3145
f 3510 3509 3134
f 3135 3145 3146
f 3135 3146 3510
f 3136 3137 3152
f 3145 3136 3147
f 3147 3136 3149
f 3151 3149 3136
f 3151 3136 3152
f 3152 3137 3154
f 3154 3137 3156
f 3157 3156 3137
f 3138 3139 3512
f 3138 3528 3158
f 3511 3138 3503
f 3512 3511 3138
f 3511 3528 3138
f 3139 3159 3529
f 3512 3504 3139
f 3139 3529 3512
f 3140 3513 3530
f 3142 3533 3141
f 3141 3531 3514
f 3531 3141 3533
f 3142 3164 3163
f 3534 3142 3163
f 3534 3533 3142
f 3165 3164 3143
f 3165 3143 3535
f 3143 3515 3535
f 3145 3537 3144
f 3516 3508 3144
f 3516 3144 3537
f 3146 3145 3147
f 3517 3145 3509
f 3145 3517 3537
f 3147 3538 3146
f 3518 3510 3146
f 3146 3538 3518
f 3147 3149 3148
f 3147 3148 3538
f 3168 3148 3149
f 3168 3539 3148
f 3148 3539 3538
f 3150 3149 3151
f 3150 3540 3149
f 3149 3169 3168
f 3540 3169 3149
f 3150 3151 3520
f 3520 3519 3150
f 3519 3542 3150
f 3150 3542 3540
f 3151 3152 3544
f 3520 3151 3543
f 3544 3543 3151
f 3153 3152 3154
f 3153 3173 3152
f 3152 3173 3172
f 3545 3152 3172
f 3152 3545 3544
f 3546 3153 3154
f 3546 3173 3153
f 3156 3155 3154
f 3154 3155 3522
f 3522 3521 3154
f 3521 3547 3154
f 3547 3546 3154
f 3155 3156 3523
f 3522 3155 3548
f 3155 3523 3549
f 3549 3548 3155
f 3156 3157 3176
f 3550 3156 3176
f 3524 3523 3156
f 3550 3524 3156
f 3157 3194 3176
f 3157 3905 3194
f 3179 3559 3159
f 3159 3559 3529
f 3180 3161 3160
f 3161 3532 3162
f 3181 3161 3180
f 3161 3181 3561
f 3561 3532 3161
f 3562 3163 3162
f 3533 3162 3532
f 3533 3562 3162
f 3534 3163 3164
f 3563 3182 3163
f 3563 3163 3562
f 3164 3165 3534
f 3888 3164 3534
f 3535 3534 3165
f 3167 3166 3538
f 3183 3564 3166
f 3538 3166 3536
f 3564 3536 3166
f 3184 3167 3565
f 3565 3167 3538
f 3186 3168 3169
f 3168 3186 3185
f 3566 3168 3185
f 3539 3168 3566
f 3186 3169 3567
f 3540 3567 3169
f 3171 3170 3541
f 3170 3187 3568
f 3170 3568 3541
f 3171 3569 3188
f 3541 3544 3171
f 3569 3171 3544
f 3545 3172 3173
f 3546 3545 3173
f 3549 3175 3174
f 3189 3570 3174
f 3174 3547 3549
f 3174 3570 3547
f 3571 3192 3175
f 3549 3571 3175
f 3194 3193 3176
f 3176 3193 3572
f 3572 3550 3176
f 3177 3178 3525
f 3178 3177 3552
f 3551 3177 3525
f 3552 3177 3551
f 3526 3525 3178
f 3527 3526 3178
f 3552 3553 3178
f 3178 3553 3554
f 3179 3197 3559
f 3180 3560 3181
f 3180 3198 3580
f 3560 3180 3580
f 3561 3181 3560
f 3581 3201 3182
f 3581 3182 3563
f 3183 3202 3582
f 3564 3183 3582
f 3585 3205 3184
f 3585 3184 3565
f 3186 3566 3185
f 3186 3567 3566
f 3187 3206 3586
f 3568 3187 3586
f 3188 3589 3209
f 3589 3188 3569
f 3590 3189 3210
f 3570 3189 3590
f 3190 3191 3212
f 3211 3190 3212
f 3591 3213 3192
f 3591 3192 3571
f 3193 3194 3572
f 3196 3195 3194
f 3195 3194 3215
f 3195 3574 3194
f 3214 3215 3194
f 3194 3592 3214
f 3934 3572 3194
f 3592 3573 3194
f 3194 3573 3905
f 3592 3194 3574
f 3934 3194 3905
f 3195 3196 3553
f 3552 3195 3553
f 3906 3195 3552
f 3195 3906 3574
f 3195 3574 3935
f 3216 3907 3196
f 3196 3907 3553
f 3579 3197 3218
f 3197 3579 3559
f 3198 3199 3221
f 3198 3221 3220
f 3221 3199 3239
f 3200 3201 3224
f 3200 3224 3223
f 3200 3223 3241
f 3203 3583 3202
f 3582 3202 3583
f 3584 3204 3205
f 3584 3205 3585
f 3206 3207 3586
f 3249 3206 3276
f 3206 3345 3276
f 3693 3345 3206
f 3608 3206 3586
f 3632 3206 3608
f 3632 3996 3206
f 3669 3693 3206
f 3669 3206 3996
f 3587 3586 3207
f 3209 3589 3208
f 3588 3208 3589
f 3250 3277 3209
f 3209 3277 3348
f 3696 3209 3348
f 3611 3589 3209
f 3209 3635 3611
f 3999 3635 3209
f 3672 3209 3696
f 3672 3999 3209
f 3210 3211 3226
f 3210 3226 3225
f 3212 3213 3228
f 3212 3228 3227
f 3592 3215 3214
f 3616 3214 3229
f 3592 3214 3616
f 3216 3231 3215
f 3216 3215 3594
f 3230 3215 3617
f 3617 3215 3231
f 3593 3215 3592
f 3594 3215 3593
f 3594 3231 3216
f 3231 3618 3216
f 3907 3216 3575
f 3936 3575 3216
f 3594 3216 3618
f 3936 3216 3594
f 3218 3217 3235
f 3235 3217 4238
f 3912 3217 3558
f 3939 3217 3912
f 4238 3217 3939
f 3218 3219 3236
f 3219 3218 3237
f 3235 3236 3218
f 3218 3236 3237
f 3236 3598 3218
f 3218 4723 3236
f 3579 3218 3598
f 3237 3236 3219
f 3220 3221 3600
f 3220 3600 3599
f 3600 3221 3239
f 3223 3241 3222
f 3601 3222 3223
f 3240 3222 3241
f 3601 3240 3222
f 3223 3224 3603
f 3223 3602 3241
f 3241 3626 3223
f 3601 3223 3602
f 3223 3603 3602
f 3223 3626 3602
f 3225 3226 3613
f 3225 3613 3612
f 3227 3228 3614
f 3228 3615 3614
f 3313 3229 3230
f 3229 3283 3258
f 3312 3283 3229
f 3312 3229 3313
f 3313 3230 3678
f 3678 3230 3617
f 3594 3618 3231
f 3618 3617 3231
f 3262 3232 3233
f 3262 3261 3232
f 3234 3262 3233
f 3234 3263 3262
f 3264 3236 3235
f 3235 3622 3264
f 3622 3235 4260
f 4238 4260 3235
f 3265 3236 3237
f 3268 3236 3238
f 3264 3265 3236
f 3265 3236 3268
f 3265 3958 3236
f 3265 3236 4995
f 3598 3236 3958
f 4739 3236 4723
f 4746 3236 4739
f 4979 3236 4746
f 4979 4995 3236
f 3237 3267 3238
f 3265 3237 3266
f 3266 3267 3237
f 3238 3267 5696
f 3268 3238 3623
f 3599 3623 3238
f 3626 3239 3241
f 3239 3624 3600
f 3626 3624 3239
f 3626 3241 3240
f 3240 3601 3625
f 3625 3626 3240
f 3241 3602 3626
f 3269 3242 3245
f 3269 3627 3242
f 3603 3242 3627
f 3243 3271 3244
f 3271 3243 3270
f 3243 5701 3270
f 3244 3271 5702
f 3269 3245 3272
f 3272 3245 3628
f 3628 3245 3604
f 3273 3246 3249
f 3273 3631 3246
f 3631 3607 3246
f 3248 3247 3275
f 3274 3275 3247
f 3247 5703 3274
f 3275 5704 3248
f 3273 3249 3276
f 3253 3280 3250
f 3277 3250 3280
f 3251 3278 3252
f 3251 5705 3278
f 3252 3278 3279
f 3252 3279 5706
f 3280 3253 3636
f 4560 3255 3254
f 4560 3254 3637
f 3255 4561 3638
f 3255 4560 4814
f 4814 4561 3255
f 3281 3256 3258
f 3281 3639 3256
f 3257 3282 3258
f 3257 5707 3282
f 3281 3258 3283
f 3283 3258 3282
f 3283 3640 3258
f 3640 3616 3258
f 3259 3260 3284
f 3260 3285 3259
f 3284 3259 3285
f 3259 3284 3618
f 3261 3260 3286
f 3285 3260 3284
f 3285 3286 3260
f 3285 3260 9349
f 3554 9349 3260
f 3287 3261 3262
f 3287 3286 3261
f 3286 3656 3261
f 3643 3261 3656
f 3656 5393 3261
f 3263 3645 3262
f 3262 3657 3287
f 3644 3262 3645
f 3262 3644 3657
f 3288 3263 3658
f 3645 3658 3263
f 3264 3265 3646
f 3659 3289 3264
f 3646 3264 3622
f 3646 3659 3264
f 3290 3265 3266
f 3266 3265 3291
f 3292 3265 3268
f 3290 3291 3265
f 3290 3265 3292
f 4005 3265 3290
f 3265 4823 3290
f 3646 3647 3265
f 3265 3647 3958
f 3265 4005 3647
f 4823 3265 5037
f 4995 5016 3265
f 5037 3265 5016
f 3268 3267 3266
f 3266 3291 3268
f 3290 3266 3291
f 3268 5715 3267
f 5714 5696 3267
f 5714 3267 5715
f 3292 3268 3291
f 3268 3660 3292
f 3292 5731 3268
f 3990 3268 3623
f 3648 3660 3268
f 3990 3648 3268
f 5715 3268 5731
f 3272 3299 3269
f 3296 3269 3299
f 3296 3664 3269
f 3627 3269 3994
f 3652 3269 3664
f 3652 3994 3269
f 3297 3271 3270
f 3297 3270 5736
f 5718 3270 5701
f 5718 5736 3270
f 3298 3271 3297
f 3298 5737 3271
f 5719 5702 3271
f 5719 3271 5737
f 3299 3272 3665
f 3628 3665 3272
f 3302 3273 3276
f 3273 3302 3668
f 3631 3273 3668
f 3274 3303 3275
f 3303 3274 5739
f 5720 3274 5703
f 5720 5739 3274
f 3304 3275 3303
f 5740 3275 3304
f 3275 5721 5704
f 3275 5740 5721
f 3302 3276 3305
f 3305 3276 3345
f 3306 3277 3280
f 3306 3348 3277
f 3307 3279 3278
f 5741 3307 3278
f 5722 3278 5705
f 5722 5741 3278
f 3279 3307 3308
f 3308 5742 3279
f 5723 5706 3279
f 5723 3279 5742
f 3306 3280 3309
f 3280 3673 3309
f 3673 3280 3636
f 3283 3310 3281
f 3281 3310 3676
f 3639 3281 3676
f 3312 3283 3282
f 3311 3312 3282
f 3311 3282 5743
f 5724 3282 5707
f 5724 5743 3282
f 3310 3283 3312
f 3312 3677 3283
f 3640 3283 3653
f 3653 3283 3677
f 3284 3314 3285
f 3284 3285 3315
f 3315 3314 3284
f 3284 3314 3703
f 3975 3618 3284
f 3703 4036 3284
f 4036 3975 3284
f 3286 3285 3316
f 3315 3285 3314
f 3315 3316 3285
f 3315 3285 9349
f 3317 3286 3287
f 3317 3316 3286
f 3286 3316 3680
f 3286 3316 4037
f 3680 3656 3286
f 3286 4037 3656
f 3287 3681 3317
f 3681 3287 3657
f 3288 3682 3318
f 3682 3288 3658
f 3320 3290 3289
f 3320 3289 3319
f 3319 3289 4038
f 3289 3659 4317
f 4317 4038 3289
f 3290 3320 3683
f 4018 3290 3683
f 4005 3290 4018
f 4833 3290 4823
f 4836 3290 4833
f 3660 3684 3292
f 3661 3295 3293
f 3685 3293 3322
f 3293 3685 3661
f 3295 3324 3294
f 3294 3295 3662
f 3323 3294 3324
f 3686 3323 3294
f 3662 3686 3294
f 3295 3324 3663
f 3324 3295 3687
f 3663 3295 3661
f 3663 3662 3295
f 3295 3663 3687
f 3664 3296 3688
f 4525 3300 3301
f 4549 3666 3300
f 3300 4524 4549
f 3300 4761 4524
f 3300 4525 4761
f 3301 3667 4525
f 3314 3331 3313
f 3678 3314 3313
f 4178 3314 3313
f 3314 4423 3313
f 4178 3313 4422
f 4423 4422 3313
f 3331 3314 3332
f 3679 3332 3314
f 3678 3679 3314
f 4179 3314 4178
f 3314 4179 4423
f 3333 3316 3317
f 3704 4037 3316
f 3318 3334 3317
f 3682 3318 3317
f 3334 3333 3317
f 3682 3317 3681
f 3318 3335 3334
f 4052 3719 3319
f 4038 4052 3319
f 3705 3320 3336
f 3705 3683 3320
f 3322 3321 3685
f 3684 3685 3321
f 3687 3324 3323
f 3687 3323 3686
f 3325 3324 3687
f 3687 3663 3324
f 3325 3687 3688
f 3326 3327 3340
f 3665 3327 3326
f 3326 3340 3339
f 3327 3665 3666
f 3328 3329 3342
f 3667 3329 3328
f 3328 3342 3341
f 3667 3668 3329
f 3353 3701 3330
f 3355 3703 3332
f 3703 3332 3679
f 3356 3336 3375
f 3336 3356 3720
f 3705 3336 3720
f 3337 3357 3721
f 3337 3721 3706
f 3338 3724 3360
f 3338 3707 3724
f 3339 3361 3725
f 3339 3725 3708
f 3362 3342 3726
f 3342 3709 3726
f 3344 3363 3343
f 3710 3344 3343
f 3363 3727 3343
f 3710 3343 3727
f 3364 3363 3344
f 3728 3364 3344
f 3711 3344 3710
f 3728 3344 3711
f 3345 3693 3346
f 3729 3345 3365
f 3729 3712 3345
f 3694 3346 3693
f 3696 3348 3347
f 3696 3347 3695
f 3348 3730 3366
f 3348 3713 3730
f 3349 3698 3350
f 3731 3349 3367
f 3349 3697 3698
f 3714 3349 3731
f 3699 3352 3351
f 3352 3732 3368
f 3699 3700 3352
f 3715 3732 3352
f 3353 3354 3716
f 3353 3355 3373
f 3353 3716 3355
f 3373 3371 3353
f 3371 3410 3353
f 4356 3353 3410
f 3353 3716 3701
f 3353 4356 3716
f 3354 3372 3355
f 3703 3354 3355
f 3354 3355 4619
f 3372 3354 4073
f 3717 3354 3703
f 3717 3716 3354
f 4073 3354 4619
f 3372 3373 3355
f 3355 3718 3703
f 3718 3355 3716
f 9349 4619 3355
f 3375 3735 3356
f 3720 3356 3735
f 3358 3722 3357
f 3721 3357 3722
f 3358 3378 3722
f 3379 3360 3359
f 3360 3724 3359
f 3379 3359 3723
f 3359 3724 3723
f 3360 3379 3380
f 3383 3725 3361
f 3362 3726 3384
f 3385 3363 3364
f 5872 3363 3385
f 3363 5868 3727
f 5872 5868 3363
f 3364 3386 3385
f 3728 3386 3364
f 3729 3365 3387
f 3730 3388 3366
f 3367 3391 3731
f 3368 3732 3392
f 3369 3370 3393
f 3369 3733 3370
f 3733 3369 3393
f 3370 3394 3393
f 3394 3370 5861
f 3370 3733 4617
f 4843 3370 4617
f 5837 3370 4843
f 3370 5837 5861
f 3372 4073 3373
f 3396 3374 3734
f 3734 3374 3719
f 3735 3375 3397
f 3398 3376 3736
f 3377 3380 3399
f 3380 3377 3737
f 3399 3754 3377
f 3377 3754 3737
f 3723 3378 3379
f 3723 3722 3378
f 3381 3382 3380
f 3740 3381 3380
f 3419 3380 3382
f 3399 3380 3400
f 3400 3380 3419
f 3380 3737 3740
f 3382 3381 3741
f 3740 3741 3381
f 3382 3384 3403
f 3382 3743 3384
f 3382 3403 3401
f 3382 3401 3419
f 3741 3743 3382
f 3383 3384 3725
f 3384 3385 3403
f 3385 3384 5872
f 3726 3725 3384
f 3744 3384 3743
f 3384 3744 5871
f 5871 5872 3384
f 3422 3385 3386
f 3385 3422 3403
f 3388 3405 3386
f 3386 3745 3388
f 3404 3386 3405
f 3404 3422 3386
f 3728 3745 3386
f 3729 3387 3388
f 3388 3389 3405
f 3389 3388 3747
f 3730 3729 3388
f 3746 3388 3745
f 3747 3388 3746
f 3407 3389 3390
f 3390 3389 3748
f 3406 3405 3389
f 3406 3389 3423
f 3423 3389 3407
f 3747 3748 3389
f 3390 3391 3407
f 3390 3749 3391
f 3748 3749 3390
f 3391 3392 3732
f 3391 3393 3409
f 3391 3750 3393
f 3407 3391 3408
f 3408 3391 3409
f 3731 3391 3732
f 3749 3750 3391
f 3428 3393 3394
f 3409 3393 3428
f 3393 3750 3733
f 3395 3410 3394
f 4088 3395 3394
f 3428 3394 3410
f 3394 5861 4088
f 3410 3395 4088
f 3396 3414 3397
f 3397 3415 3396
f 3396 3397 3751
f 3397 3396 3752
f 3414 3396 3415
f 3751 3396 3734
f 3751 3752 3396
f 3397 3414 3415
f 3735 3397 3752
f 3397 3752 3751
f 3753 3416 3398
f 3398 3736 3753
f 3400 3418 3399
f 3399 3418 3417
f 3417 3754 3399
f 3419 3418 3400
f 3401 3403 3402
f 3402 3420 3401
f 3419 3401 3420
f 3402 3403 3421
f 3420 3402 3421
f 3421 3403 3422
f 3404 3405 3422
f 3405 3406 3423
f 3423 3422 3405
f 3407 3408 3423
f 3408 3409 3423
f 3428 3423 3409
f 3429 3428 3410
f 4072 3410 4088
f 4356 3410 4072
f 3770 3411 3412
f 3411 3769 3755
f 3755 4391 3411
f 3770 3769 3411
f 3412 3413 3756
f 3412 3756 3770
f 3413 3434 3757
f 3757 3756 3413
f 3758 3414 3415
f 3772 3435 3414
f 3758 3772 3414
f 3416 3760 3415
f 3415 3759 3758
f 3760 3759 3415
f 3753 3760 3416
f 3437 3417 3418
f 3437 3761 3417
f 3761 3754 3417
f 3418 3436 3437
f 3763 3424 3425
f 3763 3762 3424
f 3762 4142 3424
f 3439 3425 3426
f 3439 3438 3425
f 3425 3438 3763
f 3765 3426 3427
f 3426 3764 3439
f 3765 3764 3426
f 3440 3427 3429
f 3427 3440 3765
f 3767 3429 3430
f 3429 3441 3440
f 3429 3766 3441
f 3767 3766 3429
f 3431 3432 3430
f 3432 3442 3430
f 3430 3442 3767
f 3769 3432 3433
f 3432 3443 3442
f 3432 3768 3443
f 3769 3768 3432
f 4117 3769 3433
f 3444 3757 3434
f 3435 3772 3436
f 3437 3436 3773
f 3773 3436 3772
f 3761 3437 3774
f 3774 3437 3773
f 3777 3438 3439
f 3438 3776 3763
f 3777 3776 3438
f 3439 3764 3777
f 3440 3441 3778
f 3440 3778 3765
f 3441 3766 3780
f 3780 3778 3441
f 3443 3781 3442
f 3442 3781 3767
f 3443 3768 3782
f 3443 3782 3781
f 3789 3444 3446
f 3784 3757 3444
f 3789 3784 3444
f 3445 3793 5282
f 3445 5470 3793
f 3449 3790 3446
f 3789 3446 3790
f 3447 3791 5289
f 3447 5290 3791
f 5289 5275 3447
f 5290 3447 5276
f 3448 3792 5291
f 3448 5292 3792
f 5291 5279 3448
f 5292 3448 5280
f 3453 3805 3449
f 3449 3794 3790
f 3449 3805 3794
f 3795 3450 5300
f 5301 3450 3795
f 3451 5303 3796
f 5304 3451 3796
f 3452 5305 3797
f 3452 3797 5497
f 5305 3452 5317
f 3463 3814 3453
f 3453 3814 3805
f 3455 3464 3454
f 3807 3455 3454
f 3807 3454 3806
f 3808 3456 3455
f 3455 3465 3464
f 3808 3455 3807
f 3457 3466 3456
f 3809 3457 3456
f 3809 3456 3808
f 3810 3458 3457
f 3457 3467 3466
f 3810 3457 3809
f 3468 3458 3459
f 3811 3459 3458
f 3811 3458 3810
f 3459 3461 3460
f 3459 3460 3470
f 3812 3461 3459
f 3469 3468 3459
f 3812 3459 3811
f 3461 3471 3460
f 3470 3460 3471
f 3461 3462 3471
f 3813 3462 3461
f 3813 3461 3812
f 3472 3471 3462
f 3462 4117 3472
f 3813 4117 3462
f 3474 3817 3463
f 3463 3817 3814
f 3816 3473 3472
f 3816 3472 3815
f 3817 3474 3473
f 3817 3473 3816
f 3475 3819 3818
f 3476 3818 3482
f 3480 3478 3477
f 3819 3477 3825
f 3480 3479 3478
f 3479 3485 3478
f 3484 3478 3485
f 3478 3830 3484
f 3478 3820 3830
f 3486 3480 3479
f 3821 3479 3480
f 3485 3486 3479
f 3481 3480 3501
f 3822 3480 3481
f 3486 3827 3480
f 3480 3855 3501
f 3822 3821 3480
f 3480 3827 3822
f 3480 3822 3855
f 3481 3501 3502
f 3823 3481 3502
f 3822 3481 3823
f 3482 3828 3487
f 3818 3824 3482
f 3828 3482 3824
f 3483 3484 3488
f 3488 3825 3483
f 3486 3484 3485
f 3484 3486 3491
f 3491 3488 3484
f 3830 3489 3484
f 3485 3490 3486
f 3491 3486 3490
f 3491 3832 3486
f 3832 3827 3486
f 3825 3488 3829
f 3488 3828 3829
f 3490 3831 3491
f 3832 3491 3831
f 3494 3492 3493
f 3496 3492 3494
f 3492 3494 3833
f 3496 3495 3492
f 3835 3833 3494
f 3495 3496 3841
f 3495 3839 3497
f 3839 3495 3841
f 3496 3499 3848
f 3496 3848 3841
f 3498 3497 3846
f 3497 3839 3846
f 3847 3504 3498
f 3847 3498 3846
f 3499 3500 3848
f 3500 3506 3858
f 3849 3848 3500
f 3858 3849 3500
f 3854 3501 3855
f 3823 3502 3862
f 3504 3512 3503
f 3511 3503 3512
f 3504 3857 3505
f 3857 3504 3847
f 3857 3513 3505
f 3506 3514 3858
f 3507 3508 3515
f 3516 3515 3508
f 3518 3509 3510
f 3509 3518 3517
f 3863 3511 3512
f 3511 3864 3512
f 3528 3511 3881
f 3864 3511 3863
f 3881 3511 3863
f 3882 3512 3529
f 3512 3864 3863
f 3882 3864 3512
f 3513 3883 3530
f 3857 3864 3513
f 3513 3864 3865
f 3883 3513 3865
f 3866 3514 3531
f 3866 3858 3514
f 3515 3516 3535
f 3537 3535 3516
f 3517 3518 3538
f 3538 3537 3517
f 3519 3520 3542
f 3520 3519 3543
f 3519 3520 3873
f 3542 3543 3519
f 3519 3872 3542
f 3873 3872 3519
f 3543 3542 3520
f 3520 3543 3873
f 3521 3522 3547
f 3522 3548 3521
f 3547 3521 3548
f 3548 3547 3522
f 3548 3874 3522
f 3523 3524 3875
f 3523 3903 3549
f 3875 3903 3523
f 3550 3904 3524
f 3876 3875 3524
f 3876 3524 3904
f 3525 3526 3551
f 3525 3553 3526
f 3525 3526 3877
f 3525 3551 3553
f 3525 4212 3551
f 3525 3877 4212
f 3526 3527 4423
f 3553 3551 3526
f 3553 3526 3554
f 3526 3553 3907
f 3526 3879 3554
f 3526 3879 3877
f 3907 3879 3526
f 4423 3879 3526
f 4680 4423 3527
f 3558 3528 3912
f 3528 3881 3912
f 3913 3529 3559
f 3529 3913 3882
f 3530 3883 4443
f 3531 3533 3532
f 3531 3532 4444
f 3884 3866 3531
f 4444 3884 3531
f 3532 3561 3533
f 3885 3532 3533
f 3532 3885 4445
f 4445 4444 3532
f 3534 3887 3533
f 3562 3533 3561
f 3885 3533 3886
f 3886 3533 3887
f 4450 3534 3535
f 4447 3887 3534
f 3888 3534 4932
f 4447 3534 4450
f 4932 3534 4931
f 3534 5137 4931
f 3535 3537 3536
f 3536 4450 3535
f 3536 3537 3889
f 3538 3536 3564
f 4450 3536 3889
f 3537 3538 3890
f 3890 3889 3537
f 3892 3538 3539
f 3538 3564 3565
f 3538 3891 3890
f 3891 3538 3892
f 3539 3566 3922
f 3539 3893 3892
f 3539 3922 3893
f 3540 3542 3894
f 3923 3567 3540
f 3540 3894 3923
f 3541 3568 3544
f 3896 3542 3872
f 3896 3894 3542
f 3544 3897 3543
f 3897 3873 3543
f 3545 3899 3544
f 3569 3544 3568
f 3898 3897 3544
f 3899 3898 3544
f 3899 3545 3546
f 3546 3547 3899
f 3548 3901 3547
f 3549 3547 3570
f 3899 3547 3901
f 3549 3903 3548
f 3874 3548 3902
f 3902 3901 3548
f 3548 3903 3902
f 3570 3571 3549
f 3932 3550 3572
f 3550 3932 3904
f 3553 3551 3552
f 3552 3551 3906
f 3905 3906 3551
f 3551 4212 3905
f 3879 4423 3554
f 4685 3554 4423
f 4685 9349 3554
f 3555 3577 3556
f 3555 3556 3909
f 3577 3555 3576
f 3576 3555 3909
f 3577 3557 3556
f 3557 3910 3556
f 3910 3909 3556
f 3577 3578 3557
f 3578 3911 3557
f 3911 3910 3557
f 3579 3913 3559
f 3914 3561 3560
f 3560 3580 3941
f 3941 3914 3560
f 3562 3561 3916
f 3914 3916 3561
f 3916 3563 3562
f 3944 3581 3563
f 3917 3563 3916
f 3563 3917 3944
f 3564 3918 3565
f 3945 3564 3582
f 3945 3918 3564
f 3585 3565 3946
f 3918 3921 3565
f 3946 3565 3921
f 3922 3566 3567
f 3923 3922 3567
f 3569 3568 3927
f 3586 3947 3568
f 3568 3924 3927
f 3568 3947 3924
f 3950 3589 3569
f 3950 3569 3927
f 3571 3570 3931
f 3590 3951 3570
f 3928 3931 3570
f 3928 3570 3951
f 3571 3952 3591
f 3571 3931 3952
f 3934 3932 3572
f 3573 3593 3574
f 3573 3574 4480
f 3573 3592 3593
f 4480 3905 3573
f 3574 3593 3592
f 3574 3935 3593
f 3593 5160 3574
f 3935 3574 3906
f 5160 4480 3574
f 3575 3594 3936
f 3936 3907 3575
f 3596 3577 3576
f 3596 3576 3595
f 3576 3909 3595
f 3597 3578 3577
f 3577 3911 3578
f 3597 3577 3596
f 3596 3956 3577
f 3577 3910 3911
f 3937 3910 3577
f 3937 3577 3956
f 3940 3579 3598
f 3940 3913 3579
f 3941 3580 3599
f 3944 3603 3581
f 3583 3605 3582
f 3604 3582 3605
f 3945 3582 3604
f 3606 3584 3585
f 3606 3585 3607
f 3585 3946 3607
f 3586 3587 3608
f 3608 3947 3586
f 3609 3608 3587
f 3589 3611 3588
f 3610 3588 3611
f 3589 3950 3611
f 3612 3951 3590
f 3615 3591 3952
f 3593 3592 3617
f 3953 3592 3593
f 3616 3617 3592
f 3953 3616 3592
f 3973 3592 3616
f 3953 3592 3973
f 3593 3617 3594
f 3593 3617 3641
f 3954 3593 3935
f 3954 3953 3593
f 3954 4496 3593
f 5160 3593 4496
f 3618 3594 3617
f 3594 3618 3936
f 3595 3620 3596
f 3620 3595 3619
f 3909 3619 3595
f 3621 3597 3596
f 3957 3596 3597
f 3596 3620 3621
f 3957 3956 3596
f 3597 3621 3957
f 3598 3958 3940
f 3599 3600 3623
f 3599 3959 3941
f 3599 5666 3959
f 3624 3623 3600
f 3626 3601 3602
f 3626 3625 3601
f 3602 3603 3626
f 3626 3603 3627
f 3962 3603 3944
f 3603 3962 5670
f 3628 3604 3605
f 3604 3963 3945
f 3963 3604 5672
f 3628 3605 3629
f 3630 3606 3607
f 3630 3607 3631
f 3946 3964 3607
f 3964 5676 3607
f 3608 3609 3632
f 3608 3966 3947
f 3608 5679 3966
f 3633 3632 3609
f 3611 3635 3610
f 3634 3610 3635
f 3967 3611 3950
f 5682 3611 3967
f 3612 3613 3637
f 3612 3637 3636
f 3612 3969 3951
f 3612 5685 3969
f 4773 3613 3614
f 3637 3613 3970
f 4535 3970 3613
f 3613 4772 4535
f 3613 4773 4772
f 3614 3615 3639
f 3614 3639 3638
f 3971 3614 3638
f 3614 3971 4773
f 3972 3615 3952
f 3972 5688 3615
f 3616 3973 3617
f 3973 3616 3640
f 3616 3953 3973
f 3654 3641 3617
f 3617 3641 3678
f 3617 3974 3654
f 3617 3973 3974
f 3975 3936 3618
f 3619 3976 3620
f 3619 3909 3976
f 3977 3621 3620
f 3977 3620 3976
f 3978 3957 3621
f 3977 3978 3621
f 3646 3622 4276
f 4260 4276 3622
f 3623 3624 3990
f 3991 3624 3626
f 3991 3990 3624
f 3626 3625 3992
f 3626 4278 3625
f 4278 3992 3625
f 3626 3627 3993
f 3991 3626 3993
f 3626 3992 3993
f 3626 3993 4279
f 4279 4278 3626
f 3994 3993 3627
f 3665 3628 3629
f 3666 3665 3629
f 3631 3667 3630
f 3668 3667 3631
f 3632 3633 3996
f 3997 3996 3633
f 3635 3999 3634
f 3998 3634 3999
f 3673 3636 3637
f 3674 3673 3637
f 3637 3970 4535
f 4535 4560 3637
f 3639 3676 3638
f 3675 3638 3676
f 3971 3638 4536
f 4536 3638 4561
f 3640 3653 3986
f 3986 3973 3640
f 3654 3678 3641
f 3655 3679 3642
f 3642 3703 3655
f 3987 3642 3679
f 3642 4036 3703
f 3987 4036 3642
f 3645 3657 3644
f 3645 3658 3657
f 3646 4303 3659
f 4289 3646 4276
f 4303 3646 4289
f 3979 3958 3647
f 3979 3647 3989
f 3989 3647 4005
f 3649 3661 3648
f 3649 3648 3990
f 3660 3648 3661
f 3661 3649 3651
f 3649 3993 3651
f 3991 3649 3990
f 3649 3991 3993
f 3662 3651 3650
f 3650 3651 3992
f 3650 4305 3662
f 3992 4305 3650
f 3651 3652 3663
f 3652 3651 3994
f 3651 3663 3661
f 3662 3663 3651
f 4306 3651 3663
f 3993 3992 3651
f 3993 3994 3651
f 3993 3651 4306
f 3664 3663 3652
f 3653 3677 4001
f 3986 3653 4001
f 3678 3654 3974
f 3679 3655 3703
f 4004 3656 4037
f 3656 4004 5393
f 3658 3681 3657
f 3658 3682 3681
f 3659 4303 4317
f 3660 3661 3684
f 3685 3684 3661
f 3663 3687 3662
f 3663 3662 4305
f 3686 3662 3687
f 3663 3664 3688
f 3663 3688 3687
f 4306 3663 4305
f 3690 3666 4007
f 4007 3666 4549
f 3667 3691 4008
f 3667 4008 4550
f 4550 4525 3667
f 3670 3694 3669
f 3670 3669 3996
f 3694 3693 3669
f 3670 3996 3997
f 3695 3671 3672
f 3999 3672 3671
f 3999 3671 3998
f 3672 3696 3695
f 3674 3698 3673
f 3697 3673 3698
f 3699 3675 3676
f 3676 3700 3699
f 4015 3677 3701
f 3677 4015 4001
f 3679 3678 3975
f 3975 3678 3974
f 3975 3987 3679
f 3683 3705 4039
f 4018 3683 4039
f 4019 3684 3706
f 3684 4019 5753
f 3688 4022 3707
f 3688 5757 4022
f 3708 4023 3689
f 4023 5759 3689
f 3690 4802 3691
f 4007 3690 4024
f 3690 4007 4802
f 4008 4025 3691
f 3691 4803 4008
f 4803 3691 4802
f 4026 3709 3692
f 3692 5763 4026
f 4028 3693 3712
f 3693 4028 5766
f 4031 3713 3696
f 4031 3696 5769
f 4032 3697 3714
f 3697 4032 5772
f 4033 3715 3700
f 4033 3700 5775
f 3702 3701 3716
f 3701 3702 4034
f 4034 3716 3701
f 4015 3701 4034
f 3717 3703 3702
f 4036 3702 3703
f 3717 3702 3716
f 4035 4034 3702
f 3702 4036 4035
f 3718 4036 3703
f 3720 4039 3705
f 3721 4041 3706
f 4019 3706 4040
f 4041 4040 3706
f 4043 3724 3707
f 3707 4022 4043
f 3708 3725 4044
f 3708 4044 4023
f 3726 3709 4045
f 3709 4026 4045
f 3710 4341 3711
f 3710 3727 4046
f 4046 4341 3710
f 3711 4047 3728
f 3711 4342 4047
f 4342 3711 4341
f 3712 3729 4048
f 4028 3712 4048
f 3713 4049 3730
f 3713 4031 4049
f 3731 4050 3714
f 4032 3714 4050
f 4051 3732 3715
f 3715 4033 4051
f 3716 3717 4034
f 3716 4608 3717
f 3716 4034 3718
f 3716 4356 4618
f 4618 4608 3716
f 4035 4034 3717
f 4035 3717 5810
f 3717 4608 5810
f 4036 3718 4034
f 4052 3734 3719
f 4053 3720 3735
f 4053 4039 3720
f 3722 4041 3721
f 3723 4054 3722
f 4054 4041 3722
f 3723 3724 4043
f 4043 4056 3723
f 4054 3723 4056
f 3726 4057 3725
f 3725 4057 4044
f 3726 4045 4060
f 3726 4060 4057
f 4061 4046 3727
f 5868 4061 3727
f 3728 4062 3745
f 4062 3728 4047
f 4063 3729 3730
f 4063 4048 3729
f 4049 4066 3730
f 3730 4066 4063
f 3731 3732 4067
f 3731 4067 4050
f 3732 4051 4070
f 4067 3732 4070
f 3733 3750 4071
f 3733 4071 4617
f 3734 3735 4074
f 3735 3734 4075
f 4074 3751 3734
f 4089 3751 3734
f 4052 4074 3734
f 4074 4075 3734
f 3734 4074 4089
f 4075 3752 3735
f 4090 3735 3752
f 4053 3735 4075
f 4075 4074 3735
f 3735 4090 4075
f 3736 4076 3753
f 3738 3739 3737
f 3737 4622 3738
f 3739 3740 3737
f 4077 3737 3754
f 4077 4361 3737
f 4622 3737 4361
f 4078 3739 3738
f 3738 4623 4078
f 3738 4622 4623
f 4080 3740 3739
f 3739 4078 4080
f 4626 3741 3740
f 3740 4080 4625
f 4625 4626 3740
f 3743 3741 3742
f 4626 3742 3741
f 3742 4081 3743
f 3742 5848 4081
f 4626 4850 3742
f 5848 3742 4850
f 3744 3743 4082
f 4082 3743 4081
f 5871 3744 4082
f 3746 3745 4085
f 4062 4084 3745
f 4085 3745 4084
f 3747 3746 5857
f 3746 4085 5854
f 5854 5857 3746
f 3749 3748 3747
f 5857 3749 3747
f 4086 3750 3749
f 3749 5857 4086
f 4087 4071 3750
f 4087 3750 4086
f 3751 4089 3752
f 4090 3752 4089
f 3760 3753 3759
f 3759 3753 4090
f 4076 4091 3753
f 3753 4091 4090
f 3754 3761 4092
f 4092 4077 3754
f 3769 4391 3755
f 3756 3757 3770
f 3771 3770 3757
f 3757 3784 3771
f 4093 3758 3759
f 4093 3772 3758
f 3759 4090 4094
f 4093 3759 4094
f 3774 4096 3761
f 4096 4092 3761
f 3776 3762 3763
f 3762 3776 3775
f 3775 4142 3762
f 3764 3765 3777
f 3778 3777 3765
f 3781 3766 3767
f 3766 3781 3780
f 3783 3768 3769
f 3783 3782 3768
f 4098 3769 3770
f 4117 3783 3769
f 4098 4097 3769
f 4391 3769 4097
f 3770 3771 4098
f 3771 3784 4099
f 4099 4098 3771
f 3772 4095 3773
f 4095 3772 4093
f 3774 3773 4096
f 4095 4096 3773
f 4101 3775 3776
f 4101 4100 3775
f 4100 4142 3775
f 4101 3776 3777
f 3777 3778 4102
f 3777 4102 4101
f 3779 3778 3780
f 3779 4103 3778
f 4103 4102 3778
f 3786 3779 3780
f 3786 3785 3779
f 4104 3779 3785
f 3779 4104 4103
f 3780 3781 4105
f 3780 4105 3786
f 3788 3781 3782
f 3788 3787 3781
f 3781 3787 4106
f 4106 4105 3781
f 4108 3782 3783
f 3782 4107 3788
f 4108 4107 3782
f 4117 4108 3783
f 3789 4370 3784
f 4099 3784 4370
f 4113 3785 3786
f 4113 4104 3785
f 4105 4114 3786
f 4114 4113 3786
f 3788 4116 3787
f 4106 3787 4115
f 4115 3787 4116
f 4107 4116 3788
f 3790 4118 3789
f 4118 4370 3789
f 3794 4138 3790
f 4127 4118 3790
f 4138 4127 3790
f 4128 3791 5290
f 3791 4128 5480
f 5480 5289 3791
f 3792 4129 5291
f 3792 5483 4129
f 3792 5292 5483
f 3793 4130 5294
f 3793 5485 4130
f 5294 5282 3793
f 5485 3793 5470
f 3805 4152 3794
f 4152 4138 3794
f 3795 4139 5301
f 5491 4139 3795
f 5491 3795 5300
f 3796 5303 4140
f 3796 4140 5495
f 5495 5304 3796
f 3797 5305 4141
f 4141 5497 3797
f 3799 3807 3798
f 3799 3798 4144
f 4143 3798 3807
f 3798 4143 4144
f 3799 3808 3807
f 4144 3808 3799
f 3800 3801 3802
f 3800 4145 3801
f 3802 3809 3800
f 4145 3800 3809
f 3802 3801 4147
f 4146 3801 4145
f 4146 4147 3801
f 3802 3810 3809
f 3810 3802 4147
f 3804 3811 3803
f 3804 3803 4148
f 3811 4148 3803
f 3804 3812 3811
f 4149 3812 3804
f 3804 4148 4149
f 3805 3814 4156
f 4152 3805 4393
f 4156 4398 3805
f 4393 3805 4398
f 3807 3806 4142
f 3807 4142 4143
f 3809 3808 4144
f 3809 4144 4145
f 3811 3810 4147
f 3811 4147 4148
f 3813 3812 4149
f 4150 4117 3813
f 3813 4149 4150
f 4159 3814 3817
f 4159 4156 3814
f 4155 3816 3815
f 4155 3815 4154
f 4154 3815 4157
f 4159 3817 3816
f 4155 4158 3816
f 4159 3816 4158
f 3819 3825 3818
f 3824 3818 3825
f 3821 3822 3820
f 3820 3822 3826
f 3826 3830 3820
f 3822 3823 3855
f 3827 3826 3822
f 3862 3855 3823
f 3825 3828 3824
f 3828 3825 3829
f 3827 3831 3826
f 3830 3826 3831
f 3827 3832 3831
f 3835 3834 3833
f 3834 3840 3833
f 3835 3833 3839
f 3840 3839 3833
f 3834 3835 3840
f 3839 3841 3835
f 3841 3840 3835
f 3837 3836 3843
f 4161 3836 3837
f 3842 3850 3836
f 3842 3836 4166
f 3850 3843 3836
f 3836 3850 3868
f 3836 4161 4160
f 4160 4166 3836
f 3837 3844 3838
f 3837 3838 4163
f 3837 3843 3851
f 3837 3851 3844
f 4161 3837 4162
f 3837 4163 4162
f 3852 3838 3844
f 3838 3853 3845
f 3845 4167 3838
f 3853 3838 3852
f 3838 3870 3852
f 4163 3838 4164
f 4164 3838 4167
f 3840 4172 3839
f 4172 3846 3839
f 3841 4174 3840
f 4172 3840 4173
f 4173 3840 4174
f 3841 3848 4168
f 3841 4168 4174
f 4166 3850 3842
f 3843 3850 3851
f 3844 3851 3852
f 3853 4167 3845
f 3847 3846 3857
f 3856 3857 3846
f 3856 3846 4172
f 3849 4174 3848
f 3848 4174 4168
f 3858 4175 3849
f 3849 4175 4174
f 3850 3868 3851
f 3850 4170 3868
f 4170 3850 4166
f 3869 3852 3851
f 3869 3851 3868
f 3852 3870 3853
f 3852 3869 3870
f 3871 3853 3870
f 4171 3853 3871
f 3853 4171 4167
f 3861 3854 3855
f 3862 3861 3855
f 3856 4181 3857
f 4180 3856 4172
f 4181 3856 4180
f 3864 3857 4181
f 4183 3858 3866
f 3858 4183 4175
f 3860 3859 3889
f 3860 3859 3890
f 3860 3919 3859
f 3889 3890 3859
f 3918 3889 3859
f 3918 3859 3919
f 3890 3889 3860
f 3860 3890 3919
f 3864 3882 3863
f 3882 3881 3863
f 4181 3865 3864
f 3883 3865 4182
f 4182 3865 4181
f 4183 3866 3884
f 3868 3867 3892
f 3867 3868 4185
f 3920 3892 3867
f 3920 3867 4224
f 4184 3867 4185
f 4184 4224 3867
f 3869 3868 3892
f 3893 3869 3868
f 4185 3868 3869
f 3893 3868 3892
f 3892 3868 4185
f 4201 3868 3892
f 4185 3868 4170
f 3868 4201 4185
f 3870 3893 3869
f 3894 3870 3869
f 3923 3870 3869
f 3869 3892 3893
f 3894 3869 3893
f 3893 3922 3869
f 3893 3869 4185
f 3869 3893 4201
f 3922 3923 3869
f 3869 4201 4185
f 3870 3877 3871
f 3894 3871 3870
f 3871 4187 3870
f 3870 3875 3877
f 3875 3870 3903
f 3877 3905 3870
f 3870 3894 3893
f 3894 3903 3870
f 3894 3870 3905
f 3923 3894 3870
f 4187 3894 3870
f 4203 3870 3894
f 4203 4187 3870
f 3871 4188 3877
f 3895 3871 3894
f 3871 3895 4188
f 4188 4171 3871
f 4187 3871 4188
f 4189 4188 3871
f 3873 3897 3872
f 3896 3872 3897
f 3876 3877 3875
f 3905 3877 3876
f 3905 3876 3904
f 3879 3878 3877
f 3878 4193 3877
f 4192 3877 4188
f 4192 3877 4193
f 3877 4192 4212
f 4179 3878 3879
f 4178 3878 4179
f 3878 4178 4193
f 3879 3908 3880
f 4194 3879 3880
f 3879 3907 3908
f 3879 4194 4179
f 3880 3908 4195
f 4194 3880 4195
f 3881 3882 4196
f 3882 4197 3881
f 3912 3881 4196
f 4196 3881 4197
f 3882 3913 4197
f 3882 4196 4197
f 4198 3883 4182
f 4443 3883 4198
f 3884 4199 4183
f 4199 3884 4444
f 3885 3886 3915
f 3915 3914 3885
f 3885 3914 4445
f 3887 4447 3886
f 3915 3886 3916
f 3886 4446 3916
f 4446 3886 4447
f 4932 4933 3888
f 4933 5139 3888
f 3889 3918 4450
f 3891 3919 3890
f 3920 3891 3892
f 3919 3891 3920
f 3893 3892 4201
f 3892 3893 4202
f 4185 4201 3892
f 4201 3892 4202
f 3893 3894 4202
f 3893 4935 3894
f 3893 4185 4201
f 4201 4935 3893
f 3895 3894 4203
f 3898 3894 3896
f 3898 3894 3899
f 3898 4206 3894
f 3899 3894 3900
f 3903 3894 3899
f 3905 3900 3894
f 4187 4203 3894
f 4202 3894 4203
f 4203 3894 4206
f 3894 4935 4203
f 4204 4188 3895
f 4203 4204 3895
f 3897 3898 3896
f 4206 3898 4229
f 3899 3901 3903
f 3900 3905 3901
f 3901 3902 3903
f 3905 4212 3901
f 4209 3901 4212
f 4209 5158 3901
f 3905 3904 3934
f 3904 3932 3934
f 3906 3905 3935
f 3934 3935 3905
f 4233 3934 3905
f 4233 3905 4212
f 4212 3905 4480
f 4214 3908 3907
f 4235 3907 3936
f 4214 3907 4235
f 4195 3908 4215
f 4214 4215 3908
f 4217 3909 3910
f 4273 3976 3909
f 3909 4217 4216
f 4465 3909 4216
f 4515 4273 3909
f 4465 4481 3909
f 4497 3909 4481
f 4515 3909 4497
f 4218 3910 3911
f 4217 3910 3937
f 4218 4217 3910
f 3912 4238 3939
f 4196 4219 3912
f 3912 4219 4238
f 3940 4239 3913
f 4197 3913 4220
f 3913 4239 4220
f 3915 4471 3914
f 3914 3942 3916
f 3941 3942 3914
f 3914 4221 4470
f 4470 4445 3914
f 4470 3914 4471
f 3915 3916 4471
f 3943 3917 3916
f 3943 3916 3942
f 3916 4472 4222
f 4472 3916 4446
f 3916 4472 4471
f 3917 3943 3944
f 3919 4474 3918
f 3921 3918 3946
f 3918 3945 3946
f 3918 4223 4473
f 3918 4473 4450
f 4473 3918 4474
f 3919 3920 4474
f 4224 4475 3920
f 4475 4474 3920
f 3924 3927 3925
f 4228 3924 3925
f 3927 3924 3947
f 3924 4227 3927
f 3924 4228 4227
f 3925 3927 3926
f 3926 5619 3925
f 4478 4228 3925
f 5618 4478 3925
f 5618 3925 5619
f 5619 3926 3927
f 3947 3950 3927
f 4229 3927 4227
f 3927 4229 5620
f 5620 5619 3927
f 3931 3929 3928
f 3929 5624 3928
f 3931 3928 3930
f 3931 3928 3952
f 3928 4231 3931
f 3951 3952 3928
f 4230 4231 3928
f 3928 5623 4230
f 3928 5624 5623
f 3929 3931 3930
f 5624 3929 3930
f 5625 3930 3931
f 5625 5624 3930
f 5626 3931 4231
f 5626 5625 3931
f 3934 3933 3932
f 3932 3933 4232
f 3932 4233 3934
f 4232 4233 3932
f 3934 4480 3933
f 3933 4480 4232
f 3934 4233 3935
f 4480 3934 4233
f 4234 3954 3935
f 4234 3935 4233
f 4235 3936 3975
f 3938 3937 3957
f 3937 3938 4236
f 3956 3957 3937
f 3937 4236 4217
f 4259 3938 3957
f 4237 4236 3938
f 4259 4237 3938
f 3958 4239 3940
f 3959 3942 3941
f 3942 4241 3943
f 3959 3960 3942
f 3942 3960 4240
f 4240 4241 3942
f 4242 3944 3943
f 4242 3943 4241
f 4243 3962 3944
f 4243 3944 4242
f 3946 3945 4245
f 3945 3963 4244
f 4245 3945 4244
f 3946 4247 3964
f 4245 4246 3946
f 4247 3946 4246
f 3947 3967 3948
f 3948 4490 3947
f 3950 3947 4249
f 3966 3967 3947
f 4248 3947 3966
f 3947 4506 3966
f 4248 4249 3947
f 4489 3947 4490
f 3947 4489 4506
f 3948 3967 3949
f 4491 3948 3949
f 4491 4490 3948
f 3967 4491 3949
f 3967 3950 4251
f 4249 4250 3950
f 4251 3950 4250
f 3951 4254 3952
f 3951 3969 4252
f 4252 4253 3951
f 4253 4254 3951
f 4255 3972 3952
f 4254 4255 3952
f 3953 3954 3973
f 3954 3953 4495
f 3953 3973 4495
f 3954 3974 3973
f 3954 4234 3974
f 4495 4496 3954
f 3975 3955 4235
f 3978 3956 3957
f 4258 3957 3956
f 3978 3977 3956
f 3956 3977 4274
f 3956 4274 4258
f 4259 3957 4258
f 3958 3979 4261
f 4261 4239 3958
f 3960 3959 4262
f 3959 5666 4262
f 4240 3960 4262
f 3962 4243 4264
f 4264 5670 3962
f 4265 4244 3963
f 3963 5673 4265
f 5673 3963 5672
f 3964 4247 4266
f 4266 5676 3964
f 3966 3965 3981
f 3966 4506 3965
f 3965 3980 3981
f 3980 3965 4280
f 3965 4267 4280
f 4505 4267 3965
f 4505 3965 4506
f 3966 4506 3967
f 3966 3981 4506
f 4248 3966 4268
f 4268 3966 5679
f 3967 3984 3968
f 4270 3967 3968
f 3967 4509 3984
f 4269 3967 4251
f 4269 5682 3967
f 4509 3967 4270
f 3967 4509 4491
f 4509 3967 4506
f 3985 3968 3984
f 3968 3985 4270
f 4252 3969 4271
f 3969 5685 4271
f 4536 4773 3971
f 4272 3972 4255
f 4272 5688 3972
f 3975 3973 3974
f 3973 4034 3974
f 3975 4036 3973
f 3986 4286 3973
f 4034 3973 4036
f 4495 3973 4286
f 3974 4035 3975
f 3974 4234 3975
f 4034 4035 3974
f 3987 3975 4036
f 4036 3975 4035
f 4235 3975 4234
f 3975 4256 4235
f 4274 3977 3976
f 4274 3976 4273
f 3978 4274 3977
f 4275 3978 3977
f 4275 3977 4274
f 4275 4274 3978
f 3979 3989 4290
f 4261 3979 4277
f 4277 3979 4290
f 3996 3981 3980
f 3996 3980 3995
f 3980 4293 3995
f 4293 3980 4280
f 3996 4294 3981
f 4294 4281 3981
f 3981 4281 4528
f 3981 4528 4506
f 3982 4295 3997
f 4295 3982 4282
f 3983 3998 4296
f 4296 4283 3983
f 4000 3985 3984
f 4000 3984 3999
f 3999 3984 4297
f 4297 3984 4284
f 3984 4531 4284
f 4531 3984 4509
f 4000 4298 3985
f 4270 3985 4285
f 4285 3985 4298
f 4001 3987 3986
f 3987 4287 3986
f 4286 3986 4287
f 4002 3988 3987
f 3988 4288 3987
f 4002 3987 4001
f 4002 4541 3987
f 3987 4819 4002
f 4287 3987 4288
f 3987 4541 4287
f 4287 4819 3987
f 4003 3988 4002
f 3988 4003 4301
f 4301 4288 3988
f 3989 4005 4304
f 4290 3989 4304
f 4278 4291 3992
f 4305 3992 4291
f 4292 4279 3993
f 4306 4292 3993
f 4010 3996 3995
f 4010 3995 4009
f 3995 4293 4009
f 4010 4294 3996
f 4011 3997 4295
f 4012 4296 3998
f 3999 4014 4000
f 3999 4013 4014
f 4013 3999 4297
f 4014 4298 4000
f 4300 4002 4001
f 4001 4015 4299
f 4300 4001 4299
f 4301 4003 4002
f 4301 4002 4300
f 4300 4541 4002
f 4002 4819 4300
f 4004 4037 4017
f 4316 4004 4017
f 4316 4302 4004
f 4302 5393 4004
f 4018 4318 4005
f 4304 4005 4318
f 4549 4570 4007
f 4570 4802 4007
f 4550 4008 4571
f 4571 4008 4803
f 4009 4027 4010
f 4594 4027 4009
f 4307 4009 4293
f 4009 4307 4573
f 4594 4009 4573
f 4028 4010 4027
f 4028 4595 4010
f 4294 4010 4308
f 4574 4308 4010
f 4574 4010 4595
f 4295 4309 4011
f 4011 4309 4310
f 4296 4012 4310
f 4031 4014 4013
f 4031 4013 4598
f 4297 4311 4013
f 4013 4311 4577
f 4577 4598 4013
f 4014 4031 4312
f 4312 4298 4014
f 4015 4034 4016
f 4015 4016 4604
f 4015 4313 4299
f 4604 4313 4015
f 4016 4034 4035
f 4035 4605 4016
f 4605 4604 4016
f 4016 4830 4605
f 4017 4037 4316
f 4039 4318 4018
f 4020 4019 4040
f 4019 4020 4319
f 4019 4319 5753
f 4020 4040 4041
f 4041 4320 4020
f 4320 4319 4020
f 4323 4043 4022
f 4323 4022 5757
f 4023 4044 4324
f 4023 4324 5760
f 5760 5759 4023
f 4026 4327 4045
f 4327 4026 5763
f 4028 4027 4595
f 4595 4027 4594
f 4028 4029 4031
f 4029 4028 4596
f 4031 4598 4028
f 4048 4328 4028
f 4028 4328 5766
f 4595 4596 4028
f 4595 4028 4598
f 4029 4030 4031
f 4030 4029 4596
f 4597 4031 4030
f 4030 4596 4597
f 4331 4049 4031
f 4598 4312 4031
f 4331 4031 5769
f 4031 4597 4598
f 4332 4032 4050
f 4032 4332 5772
f 4335 4051 4033
f 4335 4033 5775
f 4035 4336 4034
f 4337 4336 4035
f 4605 4337 4035
f 4035 4830 4605
f 4035 5779 4830
f 4035 5810 5779
f 4037 4338 4316
f 4052 4038 4343
f 4317 4339 4038
f 4343 4038 4339
f 4344 4039 4053
f 4318 4039 4340
f 4340 4039 4344
f 4042 4041 4056
f 4041 4042 4321
f 4054 4056 4041
f 4321 4320 4041
f 4042 4056 4043
f 4043 4323 4042
f 4322 4321 4042
f 4042 4323 4322
f 4044 4057 4045
f 4045 4325 4044
f 4325 4324 4044
f 4057 4060 4045
f 4325 4045 4326
f 4327 4326 4045
f 4046 4061 4341
f 4046 5795 4341
f 4047 4342 4062
f 4047 5796 4342
f 4063 4049 4048
f 4048 4049 4329
f 4328 4048 4329
f 4063 4066 4049
f 4330 4329 4049
f 4331 4330 4049
f 4051 4050 4070
f 4051 4334 4050
f 4050 4067 4070
f 4332 4050 4333
f 4333 4050 4334
f 4335 4334 4051
f 4052 4343 4074
f 4344 4053 4075
f 4054 4055 4078
f 4054 4612 4055
f 4078 4623 4054
f 4054 4611 4345
f 4054 4611 4612
f 4611 4054 4623
f 4055 4056 4079
f 4055 4612 4056
f 4078 4055 4079
f 4079 4056 4624
f 4056 4346 4613
f 4056 4612 4613
f 4613 4624 4056
f 4057 4058 4081
f 4058 4057 5822
f 5848 4057 4081
f 4057 5821 4347
f 5821 5822 4057
f 4057 5848 5821
f 4058 4059 4082
f 4058 5822 4059
f 4082 4081 4058
f 4060 4082 4059
f 4059 5823 4060
f 5823 4059 5822
f 4060 4061 4082
f 4349 4061 4060
f 4348 4349 4060
f 4348 4060 5824
f 5824 4060 5823
f 4083 4082 4061
f 4083 4061 5868
f 4341 4061 4349
f 4064 4062 4063
f 4063 4062 4351
f 4062 4064 4084
f 4350 4062 4342
f 4351 4062 4350
f 4064 4063 5827
f 4063 4351 5826
f 5826 5827 4063
f 4064 4065 4085
f 4064 5827 4065
f 4085 4084 4064
f 4085 4065 4066
f 4065 5828 4066
f 5828 4065 5827
f 4085 4066 5854
f 4066 5829 4352
f 5829 4066 5828
f 5829 5854 4066
f 4067 4068 4086
f 4068 4067 4615
f 4086 5857 4067
f 4067 4353 4614
f 4840 4353 4067
f 4615 4067 4614
f 5083 4840 4067
f 5832 5083 4067
f 4067 5857 5832
f 4069 4086 4068
f 4068 4354 4069
f 4068 4615 4354
f 4070 4087 4069
f 4069 5834 4070
f 4087 4086 4069
f 4354 5084 4069
f 5834 4069 5084
f 4071 4087 4070
f 4071 4070 4616
f 5835 4355 4070
f 4842 4616 4070
f 5085 4842 4070
f 5085 4070 5835
f 5835 4070 5834
f 4616 4617 4071
f 5862 4072 4088
f 4072 5838 4356
f 5862 5838 4072
f 4073 4619 4357
f 4075 4089 4074
f 4074 4090 4075
f 4075 4074 4358
f 4359 4075 4074
f 4090 4074 4089
f 4074 4343 4358
f 4074 4358 4359
f 4089 4075 4090
f 4075 4359 4344
f 4075 4358 4359
f 4091 4076 4360
f 4361 4077 4092
f 4079 4080 4078
f 4080 4079 4625
f 4624 4625 4079
f 5868 4082 4083
f 5867 4082 5868
f 5867 5871 4082
f 5862 4088 5861
f 4094 4090 4089
f 4090 4363 4089
f 4089 4093 4094
f 4093 4089 4365
f 4362 4089 4363
f 4089 4362 4365
f 4360 4090 4091
f 4363 4090 4360
f 4096 4364 4092
f 4364 4361 4092
f 4093 4365 4095
f 4367 4096 4095
f 4366 4095 4365
f 4367 4095 4366
f 4367 4364 4096
f 4097 4098 4108
f 4368 4097 4108
f 4368 4391 4097
f 4098 4099 4369
f 4109 4108 4098
f 4369 4109 4098
f 4370 4369 4099
f 4102 4100 4101
f 4100 4102 4103
f 4111 4100 4103
f 4110 4100 4111
f 4110 4119 4100
f 4142 4100 4119
f 4103 4104 4112
f 4111 4103 4651
f 4103 4112 4646
f 4646 4651 4103
f 4112 4104 4113
f 4106 4114 4105
f 4115 4114 4106
f 4107 4108 4116
f 4369 4108 4109
f 4117 4116 4108
f 4369 4368 4108
f 4111 4869 4110
f 4868 4119 4110
f 4869 4868 4110
f 4111 4650 4371
f 4111 4371 4869
f 4651 4650 4111
f 4112 4113 4372
f 4112 4372 4646
f 4114 4123 4113
f 4122 4113 4123
f 4113 4122 4373
f 4372 4113 4373
f 4124 4114 4115
f 4124 4123 4114
f 4116 4124 4115
f 4126 4116 4117
f 4116 4125 4124
f 4126 4125 4116
f 4150 4126 4117
f 4127 4376 4118
f 4370 4118 4376
f 4120 4131 4119
f 4120 4119 4871
f 4131 4142 4119
f 4119 4868 4870
f 4870 4871 4119
f 4120 4121 4653
f 4120 4655 4121
f 4120 4653 4131
f 4120 4377 4655
f 4377 4120 4871
f 4121 4122 4132
f 4378 4122 4121
f 4121 4132 4657
f 4378 4121 4655
f 4121 4654 4653
f 4121 4657 4654
f 4122 4123 4134
f 4132 4122 4133
f 4134 4133 4122
f 4373 4122 4379
f 4122 4378 4379
f 4135 4123 4124
f 4135 4134 4123
f 4136 4124 4125
f 4136 4135 4124
f 4137 4125 4126
f 4137 4136 4125
f 4150 4137 4126
f 4138 4387 4127
f 4376 4127 4382
f 4382 4127 4387
f 4139 4128 5301
f 4139 5491 4128
f 4128 5290 5301
f 5480 4128 5491
f 4140 5303 4129
f 4140 4129 5495
f 5291 4129 5303
f 5483 5495 4129
f 4130 4383 5295
f 5485 4383 4130
f 5295 5294 4130
f 4144 4142 4131
f 4144 4131 4659
f 4656 4131 4653
f 4656 4659 4131
f 4132 4133 4658
f 4132 4658 4657
f 4147 4133 4134
f 4147 4146 4133
f 4146 4661 4133
f 4658 4133 4661
f 4148 4134 4135
f 4148 4147 4134
f 4149 4135 4136
f 4149 4148 4135
f 4150 4136 4137
f 4150 4149 4136
f 4152 4393 4138
f 4387 4138 4393
f 4141 5306 4388
f 4141 4388 5497
f 5306 4141 5305
f 4144 4143 4142
f 4145 4142 4144
f 4145 4144 4390
f 4390 4144 4389
f 4144 4659 4389
f 4146 4145 4661
f 4145 4394 4153
f 4395 4145 4153
f 4145 4390 4394
f 4390 4145 4395
f 4145 4390 4660
f 4660 4661 4145
f 4155 4150 4151
f 4151 4150 4392
f 4155 4154 4150
f 4154 4396 4150
f 4150 4391 4392
f 4391 4150 4396
f 4397 4155 4151
f 4392 4397 4151
f 4395 4153 4394
f 4156 4158 4155
f 4156 4155 4397
f 4156 4159 4158
f 4156 4397 4398
f 4160 4161 4399
f 4169 4160 4165
f 4165 4160 4403
f 4166 4160 4170
f 4169 4170 4160
f 4160 4184 4169
f 4399 4403 4160
f 4400 4161 4162
f 4400 4399 4161
f 4162 4163 4400
f 4164 4400 4163
f 4167 4164 4171
f 4404 4164 4167
f 4164 4188 4171
f 4401 4400 4164
f 4164 4402 4401
f 4164 4404 4402
f 4409 4169 4165
f 4403 4409 4165
f 4171 4404 4167
f 4169 4184 4170
f 4169 4431 4184
f 4409 4431 4169
f 4185 4170 4184
f 4188 4435 4171
f 4404 4171 4410
f 4410 4171 4435
f 4174 4172 4173
f 4174 4416 4172
f 4172 4415 4180
f 4415 4172 4416
f 4175 4416 4174
f 4175 4183 4427
f 4175 4426 4416
f 4175 4427 4426
f 4176 4187 4177
f 4177 4226 4176
f 4176 4186 4187
f 4176 4433 4186
f 4225 4176 4226
f 4176 4225 4476
f 4176 4418 4433
f 4418 4176 4476
f 4187 4434 4177
f 4226 4177 4419
f 4434 4419 4177
f 4178 4422 4193
f 4179 4194 4423
f 4424 4181 4180
f 4424 4180 4415
f 4197 4182 4181
f 4181 4425 4197
f 4425 4181 4424
f 4198 4182 4197
f 4183 4199 4427
f 4200 4185 4184
f 4184 4185 4431
f 4452 4200 4184
f 4184 4475 4224
f 4452 4184 4431
f 4475 4184 4431
f 4200 4201 4185
f 4201 4185 4431
f 4452 4185 4201
f 4452 4431 4185
f 4186 4202 4187
f 4202 4186 4454
f 4433 4454 4186
f 4188 4203 4187
f 4204 4188 4187
f 4203 4187 4202
f 4204 4187 4203
f 4203 4434 4187
f 4188 4192 4189
f 4188 4189 4435
f 4188 4204 4192
f 4188 4204 4203
f 4435 4204 4188
f 4456 4188 4204
f 4456 4435 4188
f 4189 4192 4190
f 4189 4190 4205
f 4189 4205 4228
f 4478 4189 4228
f 4189 4436 4435
f 4436 4189 4478
f 4191 4190 4192
f 4190 4191 4437
f 4210 4205 4190
f 4210 4190 4437
f 4191 4192 4211
f 4211 4438 4191
f 4438 4437 4191
f 4192 4193 4212
f 4212 4192 4204
f 4212 4211 4192
f 4213 4212 4193
f 4213 4193 4440
f 4193 4422 4440
f 4214 4194 4195
f 4214 4441 4194
f 4423 4194 4441
f 4214 4195 4215
f 4197 4219 4196
f 4197 4220 4196
f 4220 4219 4196
f 4197 4443 4198
f 4220 4219 4197
f 4443 4197 4425
f 4427 4199 4444
f 4200 4452 4201
f 4202 4454 4201
f 4201 4431 4452
f 4201 4453 4452
f 4452 4708 4201
f 4453 4201 4454
f 4708 4709 4201
f 4934 4201 4709
f 4935 4201 4934
f 4212 4204 4203
f 4203 4204 4455
f 4203 4935 4204
f 4206 4207 4203
f 4208 4203 4207
f 4203 4208 4212
f 4203 4455 4434
f 4435 4456 4204
f 4456 4455 4204
f 4456 4204 4935
f 4206 4205 4209
f 4206 4229 4205
f 4210 4209 4205
f 4228 4205 4229
f 4207 4206 5142
f 4209 4940 4206
f 4229 5155 4206
f 4206 5620 4229
f 4939 4938 4206
f 5141 4206 4938
f 4939 4206 4940
f 5141 5142 4206
f 5141 4206 5155
f 5592 4206 5141
f 5592 5620 4206
f 4207 4940 4208
f 4939 4940 4207
f 4939 4207 5142
f 4208 4209 4212
f 4208 5143 4209
f 4940 5143 4208
f 4209 4210 4230
f 4230 5623 4209
f 4941 4940 4209
f 5144 4941 4209
f 5144 4209 5143
f 4209 5144 5158
f 4209 5595 5144
f 5595 4209 5623
f 4231 4230 4210
f 4231 4210 4479
f 4437 4479 4210
f 4211 4212 4232
f 4232 4461 4211
f 4438 4211 4461
f 4214 4213 4212
f 4212 4213 4234
f 4233 4232 4212
f 4234 4233 4212
f 4233 4212 4480
f 4462 4480 4212
f 4462 4212 4718
f 4718 4212 4480
f 4213 4214 4235
f 4214 4213 4441
f 4235 4234 4213
f 4441 4213 4440
f 4217 4465 4216
f 4217 4237 4218
f 4467 4217 4218
f 4217 4236 4237
f 4217 4466 4465
f 4467 4466 4217
f 4218 4237 4467
f 4220 4469 4219
f 4219 4484 4238
f 4468 4219 4469
f 4468 4484 4219
f 4220 4239 4485
f 4220 4485 4469
f 4225 4226 4477
f 4225 4730 4476
f 4225 4477 4731
f 4730 4225 4731
f 4419 4477 4226
f 4229 4227 4228
f 5626 4231 4479
f 4461 4232 4717
f 4232 4480 4735
f 4735 4717 4232
f 4237 4258 4236
f 4237 4236 4482
f 4236 4258 4482
f 4237 4259 4258
f 4237 4483 4467
f 4237 4482 4483
f 4238 4500 4260
f 4238 4484 4500
f 4239 4261 4501
f 4485 4239 4501
f 4241 4240 5637
f 4240 4262 5636
f 5636 5637 4240
f 4241 5637 4242
f 4242 4263 4243
f 4242 5638 4263
f 5638 4242 5637
f 4264 4243 4263
f 4245 4244 5643
f 4244 4265 5642
f 4244 5642 5643
f 4245 5643 4246
f 4266 4247 4246
f 4246 5644 4266
f 5644 4246 5643
f 4249 4248 5649
f 4248 4268 5648
f 5648 5649 4248
f 4249 5649 4250
f 4250 4269 4251
f 4250 5650 4269
f 5650 4250 5649
f 4271 4253 4252
f 4254 4253 5656
f 4253 4271 5655
f 4253 5655 5656
f 4254 5656 4255
f 4255 5657 4272
f 5657 4255 5656
f 4258 4273 4257
f 4497 4258 4257
f 4257 4273 4515
f 4497 4257 4515
f 4259 4258 4274
f 4498 4258 4259
f 4273 4258 4274
f 4274 4258 4516
f 4498 4482 4258
f 4497 4498 4258
f 4498 4516 4258
f 4259 4274 4275
f 4517 4259 4275
f 4498 4259 4499
f 4259 4517 4499
f 4260 4518 4276
f 4260 4500 4518
f 4277 4519 4261
f 4261 4519 4501
f 5667 5636 4262
f 5667 4262 5666
f 4264 4263 5670
f 5669 4263 5638
f 5669 5670 4263
f 5673 5642 4265
f 5676 4266 5644
f 4505 4280 4267
f 5679 5648 4268
f 4269 5650 5682
f 4510 4270 4285
f 4270 4510 4509
f 5685 5655 4271
f 5688 4272 5657
f 4517 4275 4274
f 4517 4274 4516
f 4518 4289 4276
f 4277 4290 4544
f 4544 4519 4277
f 5185 4278 4279
f 4278 4520 4291
f 4997 4520 4278
f 4278 5404 4997
f 4278 5185 5404
f 4546 4279 4292
f 4279 4546 4521
f 4279 4521 5185
f 4281 4294 4280
f 4528 4281 4280
f 4280 4282 4293
f 4527 4282 4280
f 4285 4280 4298
f 4285 4532 4280
f 4293 4280 4294
f 4293 4298 4280
f 4527 4280 4505
f 4527 4528 4280
f 4527 4280 4532
f 4282 4283 4295
f 4529 4282 4283
f 4295 4293 4282
f 4529 4295 4282
f 4527 4529 4282
f 4285 4298 4283
f 4530 4285 4283
f 4296 4295 4283
f 4296 4283 4298
f 4283 4296 4530
f 4529 4283 4530
f 4298 4284 4285
f 4284 4531 4285
f 4297 4284 4298
f 4532 4510 4285
f 4530 4532 4285
f 4532 4285 4531
f 4539 4286 4287
f 4539 4495 4286
f 4542 4287 4288
f 4541 4539 4287
f 4542 4541 4287
f 4777 4287 4541
f 4796 4287 4777
f 4819 4287 4796
f 4301 4315 4288
f 4586 4288 4315
f 4797 4542 4288
f 4565 4288 4586
f 4565 4797 4288
f 4543 4303 4289
f 4518 4543 4289
f 4567 4290 4304
f 4544 4290 4567
f 4545 4305 4291
f 4545 4291 4520
f 4292 4306 4546
f 4293 4294 4308
f 4295 4554 4293
f 4293 4307 4298
f 4552 4293 4298
f 4293 4557 4298
f 4293 4308 4307
f 4573 4307 4293
f 4552 4293 4554
f 4293 4552 4557
f 4293 4552 4573
f 4295 4296 4309
f 4529 4554 4295
f 4296 4298 4557
f 4310 4309 4296
f 4530 4296 4555
f 4557 4555 4296
f 4297 4298 4312
f 4312 4311 4297
f 4307 4312 4298
f 4312 4578 4298
f 4552 4298 4557
f 4557 4298 4578
f 4299 4313 4300
f 4539 4299 4301
f 4301 4299 4565
f 4299 4539 4564
f 4299 4564 4565
f 4314 4301 4300
f 4314 4300 4313
f 4314 4541 4300
f 4300 4819 4314
f 4301 4314 4315
f 4542 4539 4301
f 4542 4301 4565
f 5232 4302 4316
f 5232 4821 4302
f 4821 5393 4302
f 4303 4587 4317
f 4566 4303 4543
f 4303 4566 4587
f 4318 4588 4304
f 4567 4304 4588
f 4306 4305 5215
f 5215 4305 4545
f 4306 5216 4546
f 4306 5215 5417
f 5417 5216 4306
f 4308 4574 4307
f 4307 4578 4312
f 4573 4307 4574
f 4307 4573 4578
f 4575 4310 4309
f 4576 4309 4310
f 4576 4575 4309
f 4575 4576 4310
f 4311 4312 4577
f 4578 4577 4312
f 4598 4578 4312
f 4585 4314 4313
f 4585 4313 4583
f 4313 4604 4583
f 4586 4315 4314
f 4585 4541 4314
f 4586 4314 4585
f 4819 4585 4314
f 4821 4316 4338
f 4821 5232 4316
f 4317 4587 4339
f 4588 4318 4340
f 4319 4320 5753
f 4321 5755 4320
f 5754 5753 4320
f 4320 5755 5754
f 4321 4322 5755
f 4323 5757 4322
f 5756 5755 4322
f 5756 4322 5757
f 4325 5761 4324
f 5760 4324 5761
f 4326 5761 4325
f 4326 4327 5762
f 4326 5762 5761
f 4327 5763 5762
f 4328 4329 5767
f 4328 5767 5766
f 4329 4330 5767
f 4330 4331 5768
f 5768 5767 4330
f 5769 5768 4331
f 4333 5773 4332
f 5772 4332 5773
f 4334 5774 4333
f 5773 4333 5774
f 4335 5774 4334
f 4335 5775 5774
f 4831 4821 4338
f 5244 4831 4338
f 4834 5244 4338
f 4606 4343 4339
f 4339 4587 4606
f 4344 4607 4340
f 4588 4340 4607
f 4342 4341 5073
f 5795 4341 4349
f 5072 5073 4341
f 4341 5795 5072
f 4342 5796 4350
f 5796 4342 5073
f 4344 4359 4343
f 4609 4344 4343
f 4358 4343 4359
f 4606 4609 4343
f 4607 4344 4610
f 4344 4609 4610
f 4348 5795 4349
f 5824 5795 4348
f 4350 5826 4351
f 5825 4350 5796
f 5825 5826 4350
f 4614 4353 4840
f 4841 4354 4615
f 4354 4841 5084
f 4356 5838 4618
f 4844 4619 4357
f 4360 4359 4363
f 4363 4359 4621
f 4622 4361 4364
f 4363 4621 4362
f 4365 4362 4641
f 4362 4621 4620
f 4620 4641 4362
f 4367 4366 4364
f 4366 4634 4364
f 4635 4622 4364
f 4635 4364 4634
f 4366 4365 4642
f 4365 4641 4642
f 4366 4642 4634
f 4375 4368 4369
f 4375 4374 4368
f 4368 4374 4391
f 4376 4369 4370
f 4376 4375 4369
f 4371 4650 4377
f 4371 4377 4869
f 4373 4651 4372
f 4646 4372 4651
f 4651 4379 4373
f 4373 4379 5925
f 4651 4373 4652
f 4373 5915 4652
f 5915 4373 5925
f 4381 4374 4375
f 4381 4380 4374
f 4374 4380 4385
f 4391 4374 4385
f 4382 4375 4376
f 4382 4381 4375
f 4654 4377 4650
f 4377 4654 4655
f 4871 4869 4377
f 4651 4378 4379
f 4379 4378 5924
f 4651 4655 4378
f 4378 4655 5923
f 5923 5924 4378
f 5924 5925 4379
f 4386 4380 4381
f 4386 4385 4380
f 4387 4381 4382
f 4387 4386 4381
f 5295 4383 4384
f 4383 5306 4384
f 4384 4383 5485
f 4388 5306 4383
f 4388 4383 5497
f 5485 5497 4383
f 5295 4384 5306
f 4385 4386 4391
f 4386 4387 4392
f 4392 4391 4386
f 4393 4392 4387
f 4389 4394 4390
f 4390 4389 4659
f 4395 4394 4390
f 4660 4390 4659
f 4397 4392 4393
f 4398 4397 4393
f 4663 4399 4400
f 4403 4399 4409
f 4403 4399 4665
f 4662 4399 4663
f 4662 4665 4399
f 4663 4400 4401
f 4402 4664 4401
f 4873 4663 4401
f 4664 4874 4401
f 4874 4873 4401
f 4405 4402 4404
f 4404 4667 4402
f 4411 4405 4402
f 4664 4402 4667
f 4671 4409 4403
f 4665 4671 4403
f 4404 4405 4411
f 4410 4411 4404
f 4667 4404 4411
f 4406 4413 4407
f 4406 4407 4668
f 4413 4406 4412
f 4412 4406 4668
f 4408 4407 4414
f 4407 4408 4670
f 4413 4414 4407
f 4668 4407 4669
f 4407 4670 4669
f 4670 4408 4414
f 4409 4671 4431
f 4411 4410 4436
f 4435 4436 4410
f 4436 4674 4411
f 4411 4673 4667
f 4673 4411 4674
f 4412 4458 4413
f 4412 4675 4458
f 4412 4668 4675
f 4459 4414 4413
f 4459 4413 4458
f 4460 4414 4459
f 4460 4676 4414
f 4670 4414 4676
f 4901 4415 4416
f 4415 4899 4424
f 4415 4901 4899
f 4416 4426 4686
f 4416 4686 4901
f 4417 4432 4418
f 4418 4433 4417
f 4417 4682 4418
f 4433 4432 4417
f 4417 4681 4682
f 4433 4418 4432
f 4682 4433 4418
f 4418 4476 4682
f 4693 4419 4434
f 4477 4419 4683
f 4419 4693 4683
f 4420 4441 4423
f 4420 4423 4676
f 4441 4420 4437
f 4437 4420 4696
f 4420 4676 4907
f 4907 4696 4420
f 4421 4423 4422
f 4421 4439 4422
f 4421 4422 4440
f 4421 4423 4677
f 4423 4421 4678
f 4421 4440 4439
f 4677 4678 4421
f 4422 4423 4440
f 4440 4422 4439
f 4441 4440 4423
f 4423 4441 4697
f 4678 4676 4423
f 4677 4423 4678
f 4680 4678 4423
f 4678 4684 4423
f 4678 4423 4908
f 4684 4685 4423
f 4697 4908 4423
f 4424 4443 4425
f 4442 4443 4424
f 4442 4424 4899
f 4426 4427 4428
f 4428 4687 4426
f 4686 4426 4687
f 4428 4427 4444
f 4428 4429 4430
f 4447 4429 4428
f 4687 4428 4430
f 4445 4428 4444
f 4471 4428 4445
f 4447 4428 4446
f 4472 4446 4428
f 4448 4447 4428
f 4447 4449 4428
f 4449 4448 4428
f 4472 4428 4471
f 4429 4447 4430
f 4431 4430 4451
f 4430 4431 4689
f 4447 4451 4430
f 4687 4430 4689
f 4451 4452 4431
f 4431 4452 4475
f 4452 4431 4690
f 4708 4452 4431
f 4690 4431 4671
f 4431 4690 4689
f 4708 4431 4690
f 4433 4432 4453
f 4433 4454 4432
f 4433 4432 4692
f 4453 4432 4454
f 4692 4691 4432
f 4454 4433 4453
f 4692 4454 4433
f 4433 4682 4692
f 4434 4455 4711
f 4434 4711 4693
f 4436 4456 4435
f 4457 4436 4435
f 4435 4436 4694
f 4457 4435 4456
f 4694 4456 4435
f 4435 4456 4712
f 4435 4712 4694
f 4436 4457 4456
f 4695 4457 4436
f 4713 4436 4457
f 4436 4478 4695
f 4674 4436 4695
f 4695 4694 4436
f 4713 4695 4436
f 4437 4438 4441
f 4437 4925 4479
f 4925 4437 4696
f 4461 4441 4438
f 4463 4439 4440
f 4463 4462 4439
f 4441 4461 4464
f 4441 4464 4697
f 4442 4722 4443
f 4722 4442 4899
f 4469 4443 4723
f 4723 4443 4722
f 4445 4470 4471
f 4447 4448 4451
f 4447 4450 4449
f 4448 4449 4451
f 4451 4449 4450
f 4451 4450 4473
f 4451 4474 4452
f 4473 4474 4451
f 4708 4452 4453
f 4452 4474 4475
f 4452 4690 4708
f 4454 4709 4453
f 4710 4454 4453
f 4708 4453 4709
f 4710 4709 4453
f 4710 4454 4692
f 4454 4710 4709
f 4456 4712 4455
f 4711 4455 4712
f 4456 4712 4457
f 4694 4712 4456
f 4712 4456 4935
f 4695 4713 4457
f 4713 4457 4712
f 4715 4459 4458
f 4714 4458 4675
f 4715 4458 4714
f 4459 4715 4460
f 4676 4460 4716
f 4716 4460 4715
f 4461 4462 4464
f 4461 4717 4462
f 4718 4464 4462
f 4462 4718 4480
f 4717 4718 4462
f 4926 4697 4464
f 4718 4719 4464
f 4719 4926 4464
f 4466 4482 4465
f 4481 4465 4482
f 4467 4482 4466
f 4483 4482 4467
f 4468 4469 4485
f 4485 4484 4468
f 4730 4682 4476
f 4683 4731 4477
f 4732 4695 4478
f 4732 4478 5618
f 4942 4479 4925
f 5145 4479 4942
f 4479 5145 5626
f 4480 4736 4718
f 4736 4735 4480
f 4736 4480 4962
f 4962 4480 5159
f 5159 4480 5160
f 4482 4497 4481
f 4482 4499 4483
f 4482 4498 4497
f 4482 4498 4499
f 4485 4739 4484
f 4500 4484 4745
f 4738 4484 4739
f 4738 4745 4484
f 4501 4746 4485
f 4739 4485 4746
f 4486 4504 4487
f 4487 5164 4486
f 4503 4504 4486
f 4486 5170 4503
f 5163 4486 5164
f 4486 5163 5170
f 4487 4504 4488
f 5165 4487 4488
f 5165 5164 4487
f 4504 5165 4488
f 4489 4506 4490
f 4490 4507 4489
f 4490 4741 4489
f 4506 4489 4507
f 4489 4750 4506
f 4489 4741 4740
f 4489 4740 4750
f 4491 4741 4490
f 4507 4490 4506
f 4507 4741 4490
f 4509 4491 4508
f 4508 4742 4491
f 4491 4752 4508
f 4491 4509 4753
f 4491 4742 4741
f 4491 4742 4752
f 4491 4753 4742
f 4492 4513 4493
f 4493 5166 4492
f 4512 4513 4492
f 4492 5175 4512
f 4492 5166 5175
f 4494 4493 4513
f 4494 5168 4493
f 4493 5167 5166
f 5167 4493 5168
f 4513 5168 4494
f 4495 4539 4496
f 4540 4496 4539
f 4496 4540 4744
f 4496 4744 5661
f 4496 5661 5160
f 4498 4499 4516
f 4517 4516 4499
f 4501 4519 4500
f 4501 4745 4500
f 4518 4500 4519
f 4745 4746 4501
f 4502 4503 4504
f 4523 4503 4502
f 4503 5170 4502
f 4502 4522 4523
f 4522 4502 4759
f 4502 4747 4759
f 5169 4747 4502
f 5169 4502 5170
f 4504 4503 4986
f 4985 4503 4523
f 4503 4985 4986
f 4504 4526 4748
f 4504 4986 4526
f 5173 4504 4748
f 4504 5173 5165
f 4527 4506 4505
f 4505 4506 4750
f 4527 4505 4749
f 4505 4750 4749
f 4506 4507 4750
f 4506 4751 4507
f 4528 4509 4506
f 4527 4750 4506
f 4506 4750 4751
f 4507 4751 4741
f 4751 4750 4507
f 4508 4753 4509
f 4508 4752 4742
f 4508 4752 4753
f 4510 4509 4531
f 4510 4753 4509
f 4528 4531 4509
f 4768 4531 4509
f 4768 4509 4753
f 4531 4532 4510
f 4532 4754 4510
f 4510 4754 4753
f 4512 4511 4534
f 4512 5175 4511
f 4511 4533 4534
f 4533 4511 4770
f 4511 4755 4770
f 5174 4755 4511
f 5174 4511 5175
f 4512 4988 4513
f 4512 4534 4988
f 4513 4537 4514
f 5178 4513 4514
f 4513 4989 4537
f 4989 4513 4988
f 4513 5178 5168
f 4538 4514 4537
f 4514 4538 4756
f 5179 4514 4756
f 4514 5179 5178
f 4519 4758 4518
f 4779 4543 4518
f 4757 4518 4758
f 4779 4518 4757
f 4519 4544 4780
f 4758 4519 4780
f 4545 4520 4997
f 4521 4546 4998
f 4998 5185 4521
f 4548 4523 4522
f 4548 4522 4547
f 4522 4781 4547
f 4781 4522 4759
f 4548 4782 4523
f 4782 4760 4523
f 5001 4523 4760
f 4523 5001 4985
f 4524 4783 4549
f 4761 4783 4524
f 4525 4550 4784
f 4762 4761 4525
f 4784 4762 4525
f 4551 4785 4526
f 4748 4526 4763
f 4785 4763 4526
f 4526 5004 4763
f 5004 4526 4986
f 4527 4552 4528
f 4527 4552 4529
f 4532 4557 4527
f 4552 4527 4557
f 4527 4573 4552
f 4552 4527 4764
f 4527 4749 4764
f 4527 4764 4750
f 4528 4574 4531
f 4553 4528 4552
f 4553 4574 4528
f 4554 4529 4530
f 4530 4529 4555
f 4554 4529 4552
f 4554 4555 4529
f 4557 4532 4530
f 4554 4530 4555
f 4555 4557 4530
f 4532 4531 4557
f 4769 4532 4531
f 4556 4557 4531
f 4531 4577 4556
f 4574 4577 4531
f 4769 4531 4768
f 4578 4532 4557
f 4532 4557 4769
f 4532 4557 4787
f 4532 4769 4754
f 4532 4787 4769
f 4559 4534 4533
f 4559 4533 4558
f 4533 4788 4558
f 4788 4533 4770
f 4559 4789 4534
f 4771 4534 4789
f 5007 4534 4771
f 4534 5007 4988
f 4535 4790 4560
f 4772 4790 4535
f 4791 4536 4561
f 4773 4536 4791
f 4563 4538 4537
f 4563 4537 4562
f 4562 4537 4792
f 4774 4792 4537
f 4537 5010 4774
f 4537 4989 5010
f 4563 4793 4538
f 4756 4538 4775
f 4775 4538 4793
f 4541 4540 4539
f 4564 4539 4542
f 4776 4540 4541
f 4776 4744 4540
f 4542 4778 4541
f 4541 4585 4819
f 4777 4776 4541
f 4777 4541 4778
f 4796 4777 4541
f 4796 4541 4819
f 4565 4564 4542
f 4797 4778 4542
f 4543 4779 4566
f 4567 4780 4544
f 4997 5018 4545
f 4545 5018 5215
f 4998 4546 5019
f 5019 4546 5216
f 4569 4548 4547
f 4569 4547 4568
f 4547 4781 4568
f 4569 4782 4548
f 4549 4550 4783
f 4783 4570 4549
f 4550 4571 4784
f 4783 4550 4784
f 4572 4785 4551
f 4552 4573 4553
f 4552 4557 4578
f 4573 4552 4578
f 4573 4552 4786
f 4552 4764 4786
f 4574 4553 4573
f 4554 4575 4555
f 4555 4576 4554
f 4575 4554 4576
f 4576 4555 4575
f 4557 4556 4578
f 4577 4578 4556
f 4578 4787 4557
f 4557 4810 4578
f 4557 4787 4769
f 4557 4787 4810
f 4580 4559 4558
f 4580 4558 4579
f 4558 4788 4579
f 4580 4789 4559
f 4561 4791 4560
f 4790 4560 4791
f 4560 4790 4813
f 4560 4813 4814
f 4561 4814 4791
f 4562 4582 4563
f 4562 4581 4582
f 4581 4562 4792
f 4582 4793 4563
f 4820 4565 4586
f 4565 4820 4797
f 4566 4798 4567
f 4567 4799 4566
f 4587 4566 4822
f 4798 4566 4779
f 4798 4566 4799
f 4798 4822 4566
f 4588 4823 4567
f 4780 4567 4799
f 4799 4567 4798
f 4799 4567 4823
f 4589 4569 4568
f 4589 4568 5233
f 4800 4568 4781
f 4568 4800 5218
f 5218 5233 4568
f 4590 4569 4589
f 4590 5063 4569
f 4782 4569 4801
f 5042 4801 4569
f 5042 4569 5063
f 4802 4570 4783
f 4803 4784 4571
f 4804 4572 4593
f 4593 4572 5064
f 4804 4785 4572
f 4572 4804 5045
f 5045 5064 4572
f 4574 4573 4594
f 4574 4805 4573
f 4594 4573 4824
f 4573 4786 4805
f 4824 4573 4805
f 4577 4574 4595
f 4595 4574 4594
f 4595 4806 4574
f 4595 4574 4825
f 4574 4806 4805
f 4806 4825 4574
f 4598 4578 4577
f 4578 4809 4577
f 4577 4595 4598
f 4577 4598 4809
f 4577 4828 4598
f 4577 4809 4828
f 4578 4598 4828
f 4578 4810 4787
f 4578 4810 4809
f 4578 4828 4810
f 4599 4580 4579
f 4599 4579 5238
f 4811 4579 4788
f 4579 4811 5224
f 5224 5238 4579
f 4599 5065 4580
f 4789 4580 4812
f 5048 4812 4580
f 5048 4580 5065
f 4603 4582 4581
f 4602 4603 4581
f 4602 4581 5066
f 4792 4815 4581
f 4581 4815 5051
f 4581 5051 5066
f 4816 4582 4603
f 4816 4793 4582
f 4585 4583 4584
f 4583 4604 4584
f 4818 4585 4584
f 4605 4584 4604
f 4584 4605 4818
f 4820 4586 4585
f 4585 4818 4819
f 4820 4585 4819
f 4588 4606 4587
f 4822 4588 4587
f 4606 4588 4607
f 4823 4588 4822
f 4590 4593 4589
f 4590 4589 5234
f 5233 5234 4589
f 4590 4591 4593
f 4591 4590 5234
f 5063 4590 4593
f 4591 4592 4593
f 4592 4591 5235
f 4591 5234 5235
f 5236 4593 4592
f 4592 5235 5236
f 5237 4804 4593
f 5064 5063 4593
f 4593 5236 5237
f 4824 4595 4594
f 4596 4595 4825
f 4595 4825 4806
f 4824 4825 4595
f 4597 4596 4826
f 4596 4825 4826
f 4598 4827 4597
f 4598 4597 4828
f 4597 4826 4827
f 4828 4597 4827
f 4598 4828 4809
f 4598 4828 4827
f 4599 4600 4602
f 4599 5238 4600
f 5065 4599 4602
f 4600 4601 4602
f 4601 4600 5240
f 5239 4600 5238
f 5239 5240 4600
f 4602 4601 5241
f 5240 5241 4601
f 4603 4602 5241
f 5066 5065 4602
f 5242 4816 4603
f 4603 5241 5242
f 4830 4818 4605
f 4607 4610 4606
f 4609 4606 4610
f 5838 4608 4618
f 4608 5809 5810
f 5809 4608 5838
f 4621 4610 4836
f 4611 4623 4612
f 4613 4612 4624
f 4624 4612 4623
f 4625 4624 4613
f 4614 4615 4627
f 4615 4614 4840
f 4851 4614 4627
f 4851 4614 4840
f 4628 4615 4627
f 4628 4841 4615
f 4841 4615 4840
f 4617 4616 4630
f 4842 4630 4616
f 4843 4630 4616
f 4854 4616 4630
f 4843 4616 4842
f 4854 4842 4616
f 4617 4630 4631
f 4855 4617 4631
f 4843 4617 4855
f 4619 5088 4844
f 4844 4619 9349
f 4620 4621 4836
f 4641 4620 5094
f 4620 4836 4835
f 4620 4835 5094
f 4623 4622 4624
f 4624 4622 4635
f 4624 4626 4625
f 4626 4624 4850
f 4635 4634 4624
f 4624 4634 4848
f 4848 4850 4624
f 4629 4628 4637
f 4852 4628 4629
f 4628 4636 4637
f 4628 4859 4636
f 4841 4628 4852
f 4859 4628 4852
f 4638 4631 4629
f 4631 4853 4629
f 4629 4637 4638
f 4852 4629 4853
f 4855 4631 4630
f 4842 4854 4630
f 4843 4855 4630
f 4632 4631 4638
f 4855 4631 4632
f 4853 4631 4855
f 4633 4632 4639
f 4632 4633 4856
f 4639 4632 4638
f 4855 4632 4856
f 4640 4633 4639
f 4640 4644 4633
f 4633 4644 4857
f 4856 4633 4857
f 4642 4858 4634
f 4634 4858 4848
f 4859 4637 4636
f 4860 4638 4637
f 4860 4637 4859
f 4639 4638 4862
f 4638 4860 4861
f 4638 4861 4862
f 4639 4644 4640
f 4643 4644 4639
f 4639 4863 4643
f 4639 4862 4863
f 4641 5094 4642
f 4642 5095 4858
f 5095 4642 5094
f 4643 4649 4644
f 4643 4647 4649
f 4647 4643 5447
f 4643 4863 5264
f 4643 5264 5442
f 5442 5447 4643
f 4645 4644 4649
f 4645 5875 4644
f 4644 4864 4857
f 4644 5265 4864
f 4644 5874 5265
f 5874 4644 5875
f 5448 4645 4649
f 5444 4645 5448
f 5875 4645 5444
f 4648 4649 4647
f 4647 4865 4648
f 4647 5474 4865
f 4647 5447 5474
f 4649 4648 5098
f 4866 4648 4865
f 5097 4648 4866
f 5097 5098 4648
f 4867 4649 5098
f 4867 5100 4649
f 4649 5100 5448
f 4651 4650 4654
f 4650 4651 6319
f 4650 6336 4654
f 6336 4650 6319
f 4652 5914 4651
f 4651 4654 4655
f 6320 4651 5914
f 4651 6320 6319
f 5914 4652 5915
f 4654 4660 4653
f 4656 4653 4660
f 5923 4655 4654
f 4660 4654 4657
f 4654 6336 5923
f 4659 4656 4660
f 4661 4657 4658
f 4660 4657 4661
f 4872 4662 4663
f 4671 4665 4662
f 4666 4672 4662
f 4666 4662 4877
f 4662 4672 4671
f 4662 4690 4671
f 4662 4872 4877
f 4872 4663 4873
f 4667 4673 4664
f 4880 4664 4667
f 4664 4694 4673
f 4664 4880 4874
f 4666 4888 4672
f 4877 4888 4666
f 4880 4667 4673
f 4668 4669 4882
f 4675 4668 4893
f 4668 4882 4893
f 4669 4670 4884
f 4883 4882 4669
f 4884 4883 4669
f 4676 4894 4670
f 5106 4884 4670
f 4885 4670 4894
f 4670 4885 5520
f 5520 5106 4670
f 4690 4671 4672
f 4672 4691 4690
f 4691 4672 4888
f 4673 4674 4694
f 4891 4673 4694
f 4673 4891 4880
f 4695 4694 4674
f 4714 4675 4904
f 4893 4904 4675
f 4678 4895 4676
f 4676 4716 4696
f 4676 4696 4925
f 4894 4676 4895
f 4676 4907 4894
f 4907 4676 4925
f 4684 4678 4679
f 4678 4895 4679
f 4898 4678 4680
f 4898 4895 4678
f 4678 4908 4895
f 4684 4679 4685
f 4685 4679 9349
f 4895 4897 4679
f 4679 4897 9349
f 4898 4680 4887
f 5109 4887 4680
f 5335 5109 4680
f 4680 6015 5335
f 5391 4680 5393
f 4680 5391 6027
f 6027 6015 4680
f 4683 4693 4682
f 4731 4683 4682
f 4692 4682 4693
f 4682 4730 4731
f 4685 4684 4698
f 4684 4685 4908
f 4698 4684 4697
f 4697 4684 4926
f 4908 4926 4684
f 4698 4927 4685
f 4909 4908 4685
f 4927 4909 4685
f 4686 4687 4700
f 4700 4699 4686
f 4910 4686 4699
f 4910 4901 4686
f 4689 4688 4687
f 4703 4687 4688
f 4701 4700 4687
f 4724 4701 4687
f 4703 4702 4687
f 4726 4687 4702
f 4703 4704 4687
f 4705 4703 4687
f 4705 4687 4704
f 4725 4724 4687
f 4726 4725 4687
f 4688 4689 4703
f 4689 4690 4707
f 4707 4703 4689
f 4708 4690 4691
f 4709 4690 4691
f 4690 4691 4915
f 4690 4708 4707
f 4709 4708 4690
f 4729 4708 4690
f 4690 4915 4729
f 4708 4691 4709
f 4709 4691 4916
f 4934 4691 4709
f 4888 4916 4691
f 4691 4916 4915
f 4934 4916 4691
f 4692 4693 4710
f 4711 4710 4693
f 4712 4694 4695
f 4694 4713 4695
f 4920 4694 4695
f 4713 4694 4712
f 4712 4919 4694
f 4937 4694 4712
f 4891 4694 4919
f 4694 4920 4919
f 4937 4919 4694
f 4712 4695 4713
f 4732 4920 4695
f 4907 4697 4696
f 4696 4697 4925
f 4926 4697 4696
f 4696 4716 4925
f 4926 4696 4925
f 4697 4719 4698
f 4719 4697 4926
f 4697 4907 4908
f 4697 4926 4908
f 4926 4925 4697
f 4721 4719 4698
f 4721 4927 4698
f 4929 4699 4700
f 4910 4699 4928
f 4699 4929 4928
f 4700 4701 4929
f 5136 4701 4724
f 4930 4929 4701
f 4701 5136 4930
f 4703 5587 4702
f 4726 4702 5607
f 5587 5607 4702
f 4707 4704 4703
f 4706 4703 4705
f 4703 4706 4932
f 4932 4931 4703
f 5137 4703 4931
f 5588 4703 5137
f 4703 5588 5587
f 4704 4707 4705
f 4705 4707 4706
f 4727 4706 4707
f 4706 4727 5591
f 4933 4932 4706
f 5139 4933 4706
f 5140 5139 4706
f 4706 5591 5140
f 4707 4708 4728
f 4727 4707 4728
f 4729 4728 4708
f 4709 4710 4934
f 4709 4916 4934
f 4711 4936 4710
f 4935 4934 4710
f 4936 4935 4710
f 4712 4937 4711
f 4937 4936 4711
f 4937 4919 4712
f 4935 4937 4712
f 5596 4715 4714
f 4904 4924 4714
f 4714 4924 5595
f 5595 5596 4714
f 4733 4716 4715
f 4715 5596 4733
f 4734 4716 4733
f 4716 4734 5597
f 4925 4716 4942
f 4716 5145 4942
f 4716 5597 5145
f 4718 4717 4736
f 4717 4735 4736
f 4718 4736 4719
f 4719 4720 4721
f 4721 4947 4719
f 4719 4736 4737
f 4737 4945 4719
f 4945 4719 4926
f 4945 4719 4947
f 4947 4927 4721
f 4738 4723 4722
f 5556 4738 4722
f 4899 5535 4722
f 5556 4722 5535
f 4723 4738 4739
f 4725 5605 4724
f 5136 4724 5370
f 5605 5370 4724
f 4725 4726 5607
f 4725 5606 5605
f 5607 5606 4725
f 4728 5611 4727
f 5611 5591 4727
f 4729 5613 4728
f 4728 5612 5611
f 5612 4728 5613
f 4915 4952 4729
f 4729 4952 5613
f 4957 4920 4732
f 4732 5618 4957
f 4734 4733 5626
f 5624 4733 5596
f 5624 5626 4733
f 5626 5597 4734
f 4962 4737 4736
f 4737 4963 4945
f 4962 4963 4737
f 4746 4738 4739
f 4738 4978 4739
f 4738 4746 4745
f 5556 4978 4738
f 4739 4979 4746
f 4739 4978 4979
f 4741 4740 4750
f 4740 4741 4751
f 4751 4750 4740
f 4741 4742 4767
f 4750 4751 4741
f 4751 4741 4766
f 4741 4767 4766
f 4742 4753 4752
f 4752 4767 4742
f 4795 4743 4744
f 4744 4743 4977
f 4794 4743 4795
f 4743 4794 5013
f 4743 4992 4977
f 4992 4743 5013
f 4795 4744 4776
f 5661 4744 4977
f 4759 4747 5000
f 4984 5000 4747
f 4747 5169 4984
f 4763 5004 4748
f 4986 4748 5004
f 4748 4986 5173
f 4750 4764 4749
f 4749 4750 4765
f 4749 4765 4764
f 4751 4766 4750
f 4765 4750 4766
f 4753 4767 4752
f 4753 4754 4768
f 4768 4767 4753
f 4768 4754 4769
f 4770 4755 5006
f 4987 5006 4755
f 4755 5174 4987
f 4775 5011 4756
f 4990 4756 5011
f 4756 4990 5179
f 4758 4780 4757
f 4780 4779 4757
f 4760 4782 4759
f 5001 4760 4759
f 4759 4761 4781
f 5002 4761 4759
f 4763 4759 4785
f 4759 4763 5000
f 4781 4759 4782
f 4785 4759 4781
f 5000 5001 4759
f 5000 5002 4759
f 4762 4784 4761
f 4761 4762 5002
f 4762 4761 5003
f 4783 4781 4761
f 4783 4761 4784
f 4761 5023 4783
f 5002 5003 4761
f 5002 5023 4761
f 4785 4762 4763
f 5003 4763 4762
f 4785 4784 4762
f 4784 5024 4762
f 5003 5002 4762
f 4762 5024 5003
f 5000 4763 5004
f 5003 5004 4763
f 4786 4764 4765
f 4766 4806 4765
f 4786 4765 4806
f 4766 4767 4808
f 4806 4766 4807
f 4807 4766 4808
f 4768 4808 4767
f 4787 4768 4769
f 4787 4809 4768
f 4808 4768 4809
f 4771 4789 4770
f 5007 4771 4770
f 4770 4772 4788
f 5006 4772 4770
f 4775 4770 4788
f 4775 5011 4770
f 4788 4770 4789
f 5006 5007 4770
f 5006 4770 5011
f 4791 4772 4773
f 5008 4772 4773
f 5009 4773 4772
f 4790 4788 4772
f 4791 4790 4772
f 5008 4790 4772
f 5006 5008 4772
f 5008 5009 4772
f 4775 4793 4773
f 5011 4775 4773
f 4791 4773 4793
f 4773 4791 5009
f 5008 4773 5009
f 5009 5011 4773
f 4793 4774 4775
f 4774 5010 4775
f 4792 4774 4793
f 4788 4793 4775
f 5011 4775 5010
f 4777 4796 4776
f 4776 4796 4795
f 4778 4796 4777
f 4797 4796 4778
f 4779 4780 4798
f 4799 4798 4780
f 4781 4782 4801
f 4781 4783 5021
f 4781 4800 4785
f 5021 4781 4785
f 4781 5025 4785
f 4781 4801 4800
f 4781 5021 4800
f 4781 5021 5025
f 4803 4783 4784
f 4803 4802 4783
f 5023 5021 4783
f 4785 5025 4784
f 5024 4784 5025
f 4804 4785 4800
f 4785 4804 5025
f 5021 4785 5025
f 4805 4786 4806
f 4787 4810 4809
f 4788 4789 4812
f 4790 5027 4788
f 4788 4811 4793
f 5027 4788 4793
f 4788 5032 4793
f 4788 4812 4811
f 4788 5027 4811
f 4788 5027 5032
f 4790 4791 5029
f 5049 4813 4790
f 5029 4790 5008
f 5029 5027 4790
f 4790 5029 5049
f 5032 4791 4793
f 5050 4791 4814
f 5009 4791 5030
f 5030 5029 4791
f 5032 5030 4791
f 4791 5050 5030
f 4792 4793 4816
f 4816 4815 4792
f 4816 4793 4811
f 4793 4816 5032
f 5027 4793 5032
f 4794 4796 4795
f 4794 4795 4817
f 4817 5034 4794
f 4794 5034 5013
f 4795 4796 4818
f 4795 4818 4817
f 4820 4796 4797
f 4819 4818 4796
f 4820 4819 4796
f 4799 4822 4798
f 4823 4822 4799
f 4801 5042 4800
f 4804 4800 5041
f 5041 4800 5021
f 5041 4800 5042
f 4800 5041 5218
f 5043 4803 4802
f 5044 4802 4803
f 5044 5043 4802
f 5043 5044 4803
f 4804 5045 5025
f 5041 5045 4804
f 4804 5222 5045
f 5237 5222 4804
f 4806 4824 4805
f 4806 4807 4825
f 4825 4824 4806
f 4826 4807 4808
f 4826 4825 4807
f 4808 4809 4828
f 4827 4826 4808
f 4828 4827 4808
f 4828 4809 4810
f 4812 5048 4811
f 4816 4811 5047
f 5047 4811 5027
f 5047 4811 5048
f 4811 5047 5224
f 5050 4814 4813
f 4813 5049 5050
f 5051 4815 4816
f 4816 5052 5032
f 5047 5052 4816
f 5052 5051 4816
f 4816 5229 5052
f 5242 5229 4816
f 5746 4817 4818
f 5034 4817 5054
f 5745 5054 4817
f 5746 5745 4817
f 5779 4818 4830
f 5746 4818 5779
f 4821 4831 5232
f 5232 5393 4821
f 4833 4823 5057
f 5037 5057 4823
f 4830 5068 4829
f 4830 4829 5779
f 5067 4829 5068
f 4829 5067 5778
f 5778 5779 4829
f 5068 4830 5779
f 5244 5232 4831
f 4836 4833 4832
f 4832 4833 5057
f 4835 4836 4832
f 4832 5257 4835
f 4832 5057 5056
f 5056 5865 4832
f 5257 4832 5865
f 5257 5094 4835
f 4837 4838 4848
f 4838 4837 5816
f 4847 4837 4848
f 4837 4847 5844
f 5815 5816 4837
f 5844 5815 4837
f 4839 4848 4838
f 4839 4838 5817
f 5816 5817 4838
f 4848 4839 5845
f 5817 5845 4839
f 4840 4841 4851
f 4840 5084 4841
f 5084 4840 5083
f 4852 4841 4851
f 4842 4854 4843
f 4843 4855 4842
f 4843 4842 5086
f 4855 4854 4842
f 5085 5086 4842
f 4854 4855 4843
f 5087 4843 5086
f 4843 5087 5837
f 5249 4857 4844
f 4857 7362 4844
f 5249 4844 5088
f 4844 9349 5088
f 4858 4845 4846
f 5842 4846 4845
f 4858 5258 4845
f 5842 4845 5258
f 4847 4848 4846
f 4846 5843 4847
f 4858 4846 4848
f 4846 5842 5843
f 5844 4847 5843
f 4849 4850 4848
f 4848 5845 4849
f 4849 5846 4850
f 5846 4849 5845
f 5848 4850 5846
f 4852 4853 5252
f 4859 4852 5251
f 4852 5252 5251
f 4853 4855 5252
f 4855 4856 5254
f 5254 5252 4855
f 4856 4857 5255
f 5254 4856 5255
f 5256 4857 4864
f 4857 5256 5093
f 5093 7362 4857
f 4857 5249 5256
f 5256 5255 4857
f 5095 5258 4858
f 4859 5259 4860
f 5251 5259 4859
f 4860 5260 4861
f 5260 4860 5259
f 5262 4862 4861
f 5261 4861 5260
f 5261 5262 4861
f 4862 5262 4863
f 5264 4863 5262
f 4864 5265 5256
f 4865 5474 4866
f 4866 5474 5097
f 5100 4867 5098
f 4868 4869 4870
f 4871 4870 4869
f 4873 4878 4872
f 4877 4872 4878
f 4877 4872 4888
f 4916 4888 4872
f 4873 4874 4879
f 4889 4878 4873
f 4889 4873 4879
f 4890 4879 4874
f 4880 4891 4874
f 4891 4890 4874
f 4874 4918 4890
f 4875 4883 4876
f 4876 4905 4875
f 4883 4875 5105
f 5103 4875 4905
f 5105 4875 5103
f 4876 4883 4884
f 4884 5106 4876
f 4906 4905 4876
f 5104 4906 4876
f 5104 4876 5106
f 4877 4878 4889
f 4889 4888 4877
f 4890 4889 4879
f 4892 4882 4881
f 4882 5516 4881
f 5516 4892 4881
f 4882 4883 5330
f 4893 4882 4892
f 5330 5517 4882
f 4882 5517 5516
f 4883 5105 5330
f 4885 4895 4886
f 4885 4886 5107
f 4885 4894 4895
f 4894 4885 4907
f 4885 4894 5520
f 4907 4885 5121
f 4885 5107 5121
f 4887 4886 4895
f 4887 5109 4886
f 4895 4908 4886
f 4886 5108 4895
f 4908 5122 4886
f 5108 5107 4886
f 5109 5108 4886
f 4886 5122 5108
f 4887 4895 4898
f 4888 4889 4917
f 4917 4916 4888
f 4890 4917 4889
f 4918 4890 4891
f 4918 4917 4890
f 4891 4919 4918
f 4893 4892 4904
f 4903 4904 4892
f 4892 5547 4903
f 4892 5516 5527
f 4892 5527 5547
f 5121 4894 4907
f 5531 4894 5121
f 5531 5520 4894
f 4897 4895 4896
f 4908 4897 4895
f 4909 4895 4897
f 4897 5115 4895
f 4909 4908 4895
f 4926 4908 4895
f 4926 4895 5379
f 5113 4895 5108
f 5115 5113 4895
f 5113 5379 4895
f 4908 4909 4897
f 5123 4897 4909
f 4897 5123 5115
f 5115 9349 4897
f 4899 4901 4900
f 4899 4900 5116
f 5535 4899 5116
f 4902 4900 4901
f 4902 5118 4900
f 5117 5116 4900
f 5117 4900 5118
f 4902 4901 4911
f 4910 4911 4901
f 4911 5341 4902
f 5118 4902 5341
f 4923 4904 4903
f 5547 4923 4903
f 4904 4923 4924
f 4905 4906 5119
f 5103 4905 5119
f 5104 5120 4906
f 5120 5119 4906
f 4907 4925 4908
f 4907 4908 5121
f 4926 4908 4925
f 4926 4945 4908
f 4945 5122 4908
f 5122 5121 4908
f 5123 4909 4927
f 4911 4910 4930
f 4928 4930 4910
f 4930 5341 4911
f 4913 4912 4931
f 4913 4912 4932
f 4912 4913 5125
f 4932 4912 4931
f 5124 4931 4912
f 4912 4931 5137
f 5124 4912 5125
f 4912 5137 5124
f 4914 4913 4932
f 4914 5125 4913
f 4913 4931 4932
f 4914 4932 4933
f 5126 4914 4933
f 5139 4914 4933
f 5126 5125 4914
f 4914 5139 5126
f 4915 4916 4952
f 4916 4917 4934
f 4935 4917 4916
f 4917 5128 4916
f 4935 4916 4934
f 4953 4952 4916
f 4916 5128 4953
f 4917 4935 4918
f 4936 4917 4918
f 4917 4918 5130
f 4935 4934 4917
f 4936 4935 4917
f 5129 5128 4917
f 5130 5129 4917
f 4936 4918 4919
f 4937 4919 4918
f 5130 4918 4919
f 4936 4918 4935
f 4937 4918 4936
f 4920 4957 4919
f 4936 4919 4937
f 4956 4919 4957
f 4919 4956 5130
f 4921 4938 4922
f 4921 4922 5132
f 5131 4938 4921
f 5131 4921 5132
f 4923 4922 4939
f 4923 5133 4922
f 4922 4938 4939
f 5132 4939 4922
f 5133 5132 4922
f 4924 4923 4941
f 4924 5133 4923
f 4924 4923 5573
f 4923 4939 4940
f 4940 4941 4923
f 5133 4923 4940
f 4923 5547 5572
f 5572 5573 4923
f 5144 4924 4941
f 4924 5134 5133
f 5134 4924 5144
f 5573 5595 4924
f 4925 4926 4942
f 4925 4945 4926
f 4925 4942 4945
f 4945 4942 4926
f 4926 5148 4945
f 4926 5379 5148
f 4927 4947 5135
f 5135 5123 4927
f 4928 4929 4930
f 4930 5136 5341
f 4932 4931 5139
f 5124 5137 4931
f 5137 5139 4931
f 4933 4932 5139
f 5126 4933 5139
f 4935 4936 4937
f 5131 5141 4938
f 4940 4939 5144
f 5132 5142 4939
f 4939 5142 5144
f 5133 4940 5143
f 4940 5144 5143
f 4945 4942 5148
f 5145 5148 4942
f 4943 4944 4960
f 4944 4943 5147
f 4943 4960 5627
f 5146 5147 4943
f 4943 5598 5146
f 5598 4943 5627
f 4960 4944 4961
f 4962 4961 4944
f 4944 5629 4962
f 5599 4944 5147
f 5599 5629 4944
f 4947 4946 4945
f 4945 4963 4947
f 4945 4963 5148
f 4945 5161 4963
f 5122 4945 5354
f 5148 5161 4945
f 4945 5148 5367
f 5354 4945 5367
f 4964 4947 4963
f 4947 4964 5162
f 5135 4947 5149
f 5149 4947 5162
f 5603 4965 4948
f 4950 5383 4949
f 5382 5150 4949
f 5382 4949 5383
f 4950 4951 4969
f 4969 5609 4950
f 5609 5383 4950
f 4970 4969 4951
f 5641 4970 4951
f 5151 5384 4951
f 5610 4951 5384
f 5610 5641 4951
f 4952 4953 5613
f 5152 4953 5128
f 4953 5152 5614
f 5614 5613 4953
f 4955 4971 4954
f 4955 4954 5154
f 4954 4971 5615
f 5153 5154 4954
f 4954 5615 5153
f 4972 4971 4955
f 4972 4955 5647
f 4955 5154 5616
f 4955 5616 5647
f 4956 4957 5618
f 5154 5130 4956
f 4956 5617 5154
f 5617 4956 5618
f 4958 4959 4973
f 4973 5652 4958
f 5155 5156 4958
f 5385 5155 4958
f 5386 5385 4958
f 5621 5386 4958
f 5621 4958 5652
f 4959 4974 4973
f 4974 4959 5653
f 5157 5387 4959
f 4959 5387 5622
f 5622 5653 4959
f 4961 4976 4960
f 4961 4960 5628
f 4976 4975 4960
f 4960 4975 5627
f 5627 5628 4960
f 4962 5629 4961
f 5659 4976 4961
f 5628 4961 5629
f 5659 4961 5628
f 5161 4963 4962
f 5159 5161 4962
f 4963 5161 4964
f 4963 5161 5148
f 5162 4964 5161
f 5634 4965 5603
f 4966 4983 4967
f 4967 5636 4966
f 4981 4983 4966
f 4966 5667 4981
f 4966 5636 5667
f 4968 4967 4983
f 5637 4967 4968
f 4967 5637 5636
f 4983 4982 4968
f 4982 5638 4968
f 5637 4968 5638
f 4970 5640 4969
f 4969 5640 5609
f 5641 5640 4970
f 4971 4972 5646
f 5646 5615 4971
f 5647 5646 4972
f 4974 5653 4973
f 5652 4973 5653
f 5658 4975 4976
f 5658 5627 4975
f 4976 5659 5658
f 4977 4992 5181
f 5181 5400 4977
f 4977 5400 5660
f 5661 4977 5660
f 4979 4978 4995
f 4994 4995 4978
f 4978 5556 4994
f 4981 4982 4980
f 4980 4983 4981
f 4981 4980 5396
f 4981 5667 4980
f 4983 4980 4982
f 4996 4980 5183
f 4996 5395 4980
f 4980 5395 5183
f 5395 5396 4980
f 5666 5395 4980
f 5666 4980 5667
f 5397 4982 4981
f 4981 5396 5397
f 4982 5397 4983
f 5669 4982 4983
f 4982 5669 5638
f 5398 4999 4983
f 5398 4983 5397
f 5670 4983 5398
f 5669 4983 5670
f 5000 4984 5169
f 5001 4986 4985
f 5001 5004 4986
f 4986 5004 5005
f 5005 5173 4986
f 5006 4987 5174
f 5007 4989 4988
f 5007 5010 4989
f 5011 5179 4990
f 4991 4993 5012
f 4991 5180 4993
f 5180 4991 5012
f 4992 5014 4993
f 4993 5182 4992
f 5013 5014 4992
f 5181 4992 5182
f 5014 5012 4993
f 5182 4993 5180
f 4994 5016 4995
f 5016 4994 5015
f 5015 4994 5556
f 5017 5202 4996
f 5183 4996 5202
f 5183 5402 4996
f 4996 5402 5395
f 5018 4997 5203
f 5184 5203 4997
f 5184 4997 5404
f 5019 5204 4998
f 5185 4998 5204
f 5020 4999 5205
f 5205 4999 5186
f 4999 5186 5398
f 5186 4999 5406
f 4999 5398 5406
f 5021 5001 5000
f 5002 5000 5023
f 5025 5000 5004
f 5021 5023 5000
f 5025 5021 5000
f 5000 5041 5021
f 5187 5041 5000
f 5169 5187 5000
f 5045 5004 5001
f 5022 5001 5021
f 5001 5022 5042
f 5001 5042 5045
f 5023 5002 5003
f 5025 5004 5003
f 5023 5003 5024
f 5024 5025 5003
f 5005 5004 5026
f 5025 5026 5004
f 5004 5045 5025
f 5046 5005 5026
f 5046 5192 5005
f 5005 5192 5173
f 5027 5007 5006
f 5029 5008 5006
f 5011 5032 5006
f 5027 5029 5006
f 5027 5006 5032
f 5006 5047 5027
f 5224 5047 5006
f 5193 5006 5174
f 5193 5224 5006
f 5007 5048 5010
f 5028 5007 5027
f 5028 5048 5007
f 5029 5009 5008
f 5009 5030 5008
f 5029 5008 5030
f 5032 5011 5009
f 5029 5030 5009
f 5030 5032 5009
f 5011 5010 5032
f 5031 5032 5010
f 5010 5051 5031
f 5051 5010 5048
f 5052 5011 5032
f 5198 5011 5052
f 5011 5198 5179
f 5012 5014 5199
f 5180 5012 5199
f 5013 5200 5014
f 5200 5013 5034
f 5201 5199 5014
f 5201 5014 5200
f 5016 5015 5037
f 5015 5036 5037
f 5036 5015 5865
f 5865 5015 5556
f 5017 5038 5202
f 5203 5215 5018
f 5204 5019 5216
f 5020 5205 5040
f 5021 5041 5022
f 5021 5025 5045
f 5045 5041 5021
f 5042 5022 5041
f 5024 5023 5043
f 5023 5024 5044
f 5023 5044 5043
f 5043 5044 5024
f 5026 5025 5045
f 5026 5045 5046
f 5027 5047 5028
f 5032 5052 5027
f 5047 5027 5052
f 5048 5028 5047
f 5050 5029 5030
f 5049 5029 5050
f 5032 5031 5052
f 5051 5052 5031
f 5033 5035 5053
f 5035 5033 5055
f 5033 5035 5211
f 5035 5033 5213
f 5053 5055 5033
f 5211 5213 5033
f 5054 5035 5034
f 5035 5213 5034
f 5034 5212 5200
f 5212 5034 5213
f 5053 5035 5055
f 5054 5055 5035
f 5055 5231 5035
f 5213 5211 5035
f 5035 5231 5213
f 5056 5037 5036
f 5056 5036 5865
f 5056 5057 5037
f 5039 5038 5058
f 5415 5038 5039
f 5058 5038 5753
f 5214 5202 5038
f 5414 5038 5202
f 5414 5214 5038
f 5038 5415 5414
f 5038 5414 5731
f 5731 5753 5038
f 5059 5039 5058
f 5059 5421 5039
f 5415 5039 5421
f 5040 5062 5418
f 5062 5040 5423
f 5205 5217 5040
f 5217 5418 5040
f 5418 5423 5040
f 5218 5041 5187
f 5045 5042 5063
f 5046 5045 5222
f 5063 5064 5045
f 5223 5192 5046
f 5223 5046 5222
f 5051 5048 5065
f 5065 5066 5051
f 5229 5198 5052
f 5230 5055 5054
f 5054 5745 5230
f 5230 5231 5055
f 5059 5058 5061
f 5058 5059 5062
f 5059 5058 5754
f 5062 5061 5058
f 5754 5058 5753
f 5059 5060 5062
f 5060 5059 5754
f 5059 5061 5421
f 5060 5061 5062
f 5060 5755 5061
f 5060 5754 5755
f 5062 5422 5061
f 5756 5062 5061
f 5421 5061 5422
f 5756 5061 5755
f 5757 5418 5062
f 5062 5423 5422
f 5062 5756 5757
f 5068 5779 5067
f 5778 5067 5779
f 5069 5783 5078
f 5078 5813 5069
f 5783 5069 5813
f 5080 5070 5071
f 5070 5789 5071
f 5079 5070 5080
f 5789 5070 5079
f 5080 5071 5790
f 5790 5071 5789
f 5796 5073 5072
f 5796 5072 5795
f 5074 5075 5081
f 5802 5075 5074
f 5801 5074 5081
f 5802 5074 5801
f 5082 5081 5075
f 5082 5075 5831
f 5802 5831 5075
f 5087 5076 5077
f 5807 5077 5076
f 5087 5086 5076
f 5076 5086 5807
f 5077 5808 5087
f 5077 5807 5808
f 5783 5813 5078
f 5079 5080 5819
f 5079 5819 5789
f 5080 5790 5820
f 5820 5819 5080
f 5831 5081 5082
f 5081 5830 5801
f 5831 5830 5081
f 5083 5089 5084
f 5246 5084 5083
f 5083 5245 5089
f 5083 5089 5246
f 5083 5832 5245
f 5090 5084 5089
f 5251 5084 5090
f 5246 5084 5251
f 5084 5246 5833
f 5833 5834 5084
f 5085 5835 5086
f 5086 5091 5087
f 5086 5087 5836
f 5086 5091 5247
f 5091 5086 5253
f 5247 5253 5086
f 5247 5086 5835
f 5836 5807 5086
f 5091 5092 5087
f 5248 5087 5092
f 5248 5837 5087
f 5808 5837 5087
f 5087 5837 5836
f 5088 9349 5249
f 5250 5089 5245
f 5251 5246 5089
f 5251 5089 5250
f 5254 5092 5091
f 5247 5253 5091
f 5091 5253 5254
f 5248 5092 5254
f 5430 5093 5256
f 5256 7362 5093
f 5095 5094 5258
f 5257 5258 5094
f 5099 5096 5269
f 5096 5099 5450
f 5267 5269 5096
f 5096 5450 5267
f 5097 5100 5098
f 5100 5097 5474
f 5099 5271 5101
f 5101 5458 5099
f 5271 5099 5269
f 5458 5450 5099
f 5448 5100 5455
f 5475 5455 5100
f 5100 5474 5475
f 5102 5101 5271
f 5101 5102 5458
f 5271 5286 5102
f 5286 5458 5102
f 5103 5104 5105
f 5103 5119 5104
f 5106 5105 5104
f 5120 5104 5119
f 5105 5106 5331
f 5331 5330 5105
f 5519 5331 5106
f 5520 5519 5106
f 5108 5334 5107
f 5332 5121 5107
f 5332 5107 5334
f 5335 5108 5109
f 5334 5113 5108
f 5334 5108 5122
f 5335 5334 5108
f 5111 5110 5117
f 5336 5110 5111
f 5116 5117 5110
f 5110 5535 5116
f 5110 5336 5535
f 5112 5111 5118
f 5338 5111 5112
f 5117 5118 5111
f 5111 5337 5336
f 5338 5337 5111
f 5112 5118 5341
f 5112 5340 5338
f 5341 5340 5112
f 5113 5115 5114
f 5115 5346 5113
f 5113 5334 5345
f 5345 5113 5346
f 5345 5379 5113
f 5115 5123 5346
f 5115 5346 9349
f 5121 5122 5354
f 5343 5121 5332
f 5121 5343 5353
f 5353 5121 5354
f 5121 5353 5531
f 5345 5334 5122
f 5122 5354 5345
f 5123 5135 5356
f 5346 5123 5356
f 5358 5124 5125
f 5358 5137 5124
f 5137 5371 5124
f 5358 5124 5371
f 5126 5139 5125
f 5138 5125 5139
f 5138 5359 5125
f 5358 5125 5359
f 5127 5126 5139
f 5126 5127 5140
f 5126 5140 5139
f 5126 5359 5139
f 5360 5126 5139
f 5373 5139 5126
f 5126 5360 5359
f 5360 5373 5126
f 5127 5139 5140
f 5128 5129 5152
f 5129 5130 5153
f 5129 5153 5152
f 5154 5153 5130
f 5131 5142 5132
f 5131 5132 5361
f 5131 5141 5142
f 5361 5141 5131
f 5141 5374 5131
f 5361 5131 5374
f 5133 5142 5132
f 5142 5363 5132
f 5361 5132 5362
f 5363 5362 5132
f 5134 5133 5143
f 5134 5144 5133
f 5364 5133 5134
f 5133 5143 5142
f 5143 5133 5144
f 5133 5363 5143
f 5363 5133 5364
f 5134 5143 5144
f 5364 5134 5144
f 5377 5144 5134
f 5364 5377 5134
f 5381 5135 5149
f 5356 5135 5369
f 5381 5369 5135
f 5540 5341 5136
f 5136 5370 5586
f 5540 5136 5561
f 5561 5136 5586
f 5371 5139 5137
f 5608 5137 5150
f 5358 5371 5137
f 5371 5588 5137
f 5608 5588 5137
f 5372 5138 5139
f 5138 5372 5359
f 5591 5139 5140
f 5151 5139 5610
f 5372 5139 5359
f 5360 5139 5373
f 5371 5372 5139
f 5373 5139 5372
f 5139 5373 5590
f 5373 5139 5591
f 5139 5590 5610
f 5142 5141 5144
f 5377 5144 5141
f 5155 5620 5141
f 5361 5374 5141
f 5141 5374 5376
f 5374 5592 5141
f 5377 5141 5376
f 5592 5141 5620
f 5142 5143 5376
f 5142 5376 5363
f 5376 5143 5363
f 5158 5144 5623
f 5364 5144 5377
f 5144 5377 5595
f 5144 5595 5623
f 5145 5146 5147
f 5148 5147 5145
f 5145 5378 5148
f 5145 5148 5379
f 5379 5378 5145
f 5145 5597 5378
f 5145 5378 5626
f 5147 5146 5598
f 5599 5147 5598
f 5148 5149 5161
f 5149 5148 5162
f 5148 5379 5149
f 5161 5148 5162
f 5390 5148 5161
f 5367 5148 5379
f 5379 5148 5378
f 5148 5390 5379
f 5162 5161 5149
f 5149 5379 5381
f 5150 5382 5608
f 5384 5151 5610
f 5152 5153 5614
f 5615 5614 5153
f 5616 5154 5617
f 5155 5385 5620
f 5158 5387 5157
f 5158 5388 5387
f 5388 5158 5623
f 5161 5159 5160
f 5160 5629 5159
f 5389 5161 5159
f 5159 5629 5389
f 5160 5630 5629
f 5630 5160 5661
f 5389 5390 5161
f 5163 5164 5170
f 5164 5163 5171
f 5170 5171 5163
f 5164 5165 5190
f 5171 5170 5164
f 5171 5164 5189
f 5189 5164 5190
f 5165 5173 5172
f 5172 5190 5165
f 5166 5167 5196
f 5166 5175 5176
f 5195 5176 5166
f 5166 5196 5195
f 5168 5167 5177
f 5168 5167 5178
f 5177 5178 5167
f 5177 5196 5167
f 5177 5178 5168
f 5169 5170 5188
f 5169 5188 5187
f 5170 5171 5188
f 5189 5188 5171
f 5191 5172 5173
f 5172 5191 5190
f 5192 5191 5173
f 5175 5174 5194
f 5193 5194 5174
f 5175 5176 5195
f 5194 5175 5195
f 5178 5196 5177
f 5178 5179 5197
f 5197 5196 5178
f 5198 5197 5179
f 5182 5180 5201
f 5199 5201 5180
f 5200 5181 5182
f 5181 5200 5408
f 5400 5181 5408
f 5200 5182 5201
f 5183 5184 5203
f 5184 5183 5402
f 5183 5202 5186
f 5186 5402 5183
f 5203 5202 5183
f 5402 5183 5395
f 5185 5204 5184
f 5185 5184 5405
f 5203 5184 5204
f 5203 5184 5404
f 5402 5404 5184
f 5404 5405 5184
f 5186 5204 5185
f 5186 5185 5406
f 5405 5185 5204
f 5405 5404 5185
f 5405 5406 5185
f 5205 5186 5202
f 5205 5204 5186
f 5406 5398 5186
f 5402 5186 5406
f 5206 5187 5188
f 5187 5206 5218
f 5188 5189 5220
f 5219 5206 5188
f 5219 5188 5220
f 5189 5190 5221
f 5221 5220 5189
f 5190 5191 5222
f 5222 5221 5190
f 5207 5191 5192
f 5207 5222 5191
f 5223 5207 5192
f 5208 5193 5194
f 5193 5208 5224
f 5195 5226 5194
f 5225 5208 5194
f 5226 5225 5194
f 5195 5196 5209
f 5209 5227 5195
f 5226 5195 5227
f 5196 5197 5209
f 5198 5210 5197
f 5228 5209 5197
f 5210 5228 5197
f 5229 5210 5198
f 5200 5212 5408
f 5202 5203 5410
f 5202 5214 5205
f 5410 5202 5205
f 5202 5413 5205
f 5202 5410 5214
f 5214 5414 5202
f 5202 5410 5413
f 5203 5204 5215
f 5411 5203 5404
f 5411 5410 5203
f 5412 5204 5205
f 5216 5215 5204
f 5405 5204 5412
f 5217 5205 5214
f 5205 5217 5413
f 5410 5205 5413
f 5413 5412 5205
f 5206 5219 5218
f 5207 5223 5222
f 5208 5225 5224
f 5228 5227 5209
f 5210 5229 5228
f 5213 5230 5212
f 5212 5230 5745
f 5745 5408 5212
f 5230 5213 5231
f 5414 5217 5214
f 5214 5410 5414
f 5215 5216 5417
f 5215 5416 5417
f 5418 5413 5217
f 5414 5418 5217
f 5233 5218 5219
f 5234 5233 5218
f 5219 5220 5235
f 5233 5219 5234
f 5235 5234 5219
f 5236 5220 5221
f 5236 5235 5220
f 5221 5222 5237
f 5237 5236 5221
f 5224 5238 5225
f 5225 5226 5238
f 5240 5226 5227
f 5239 5238 5226
f 5240 5239 5226
f 5228 5241 5227
f 5240 5227 5241
f 5229 5242 5228
f 5241 5228 5242
f 5229 5241 5242
f 5232 5244 5243
f 5232 5243 5424
f 5419 5393 5232
f 5419 5232 5424
f 5424 5243 5244
f 5426 5424 5244
f 5426 5244 6192
f 5245 5246 5250
f 5245 5832 5246
f 5251 5250 5246
f 5833 5246 5832
f 5248 5254 5247
f 5247 5837 5248
f 5247 5254 5253
f 5837 5247 5835
f 5249 9349 5256
f 5427 5251 5252
f 5259 5251 5427
f 5254 5427 5252
f 5428 5254 5255
f 5427 5254 5428
f 5430 5255 5256
f 5428 5255 5429
f 5430 5429 5255
f 5255 5436 5429
f 5265 5443 5256
f 5443 5430 5256
f 5863 5256 5430
f 5256 6218 5430
f 5430 7362 5256
f 5256 9349 5430
f 6218 5256 5863
f 5258 5257 5866
f 5257 5865 5866
f 5866 5842 5258
f 5259 5434 5260
f 5434 5259 5427
f 5261 5260 5434
f 5262 5261 5435
f 5435 5261 5434
f 5262 5442 5264
f 5262 5435 5436
f 5436 5442 5262
f 5446 5267 5263
f 5267 5450 5263
f 5263 5431 5439
f 5263 5450 5431
f 5439 5446 5263
f 5443 5265 5874
f 5266 5268 5267
f 5267 5445 5266
f 5266 5449 5268
f 5445 5449 5266
f 5269 5267 5268
f 5267 5446 5445
f 5271 5269 5268
f 5271 5268 5270
f 5270 5268 5477
f 5268 5449 5477
f 5286 5271 5270
f 5286 5270 5285
f 5457 5285 5270
f 5270 5477 5457
f 5288 5272 5273
f 5273 5272 5300
f 5459 5272 5273
f 5288 5287 5272
f 5272 5287 5300
f 5459 5287 5272
f 5273 5274 5288
f 5274 5273 5300
f 5274 5461 5273
f 5460 5459 5273
f 5461 5460 5273
f 5288 5274 5275
f 5275 5274 5289
f 5274 5275 5461
f 5289 5274 5480
f 5491 5274 5300
f 5491 5480 5274
f 5288 5275 5289
f 5275 5289 5461
f 5276 5277 5290
f 5277 5276 5301
f 5462 5276 5277
f 5290 5301 5276
f 5462 5290 5276
f 5278 5277 5301
f 5278 5313 5277
f 5463 5277 5278
f 5290 5277 5301
f 5301 5277 5312
f 5313 5312 5277
f 5462 5277 5463
f 5279 5313 5278
f 5291 5278 5301
f 5278 5291 5464
f 5463 5278 5464
f 5291 5313 5279
f 5281 5293 5280
f 5281 5280 5317
f 5467 5280 5281
f 5292 5280 5293
f 5280 5466 5292
f 5292 5483 5280
f 5304 5315 5280
f 5495 5304 5280
f 5315 5316 5280
f 5316 5317 5280
f 5467 5466 5280
f 5483 5495 5280
f 5281 5282 5293
f 5282 5281 5317
f 5282 5468 5281
f 5281 5468 5467
f 5294 5293 5282
f 5294 5282 5317
f 5282 5294 5468
f 5283 5284 5486
f 5486 5471 5283
f 5296 5473 5284
f 5284 5296 5486
f 5284 5497 5296
f 5471 5284 5472
f 5284 5471 5497
f 5472 5284 5473
f 5478 5286 5285
f 5457 5477 5285
f 5478 5285 5477
f 5298 5458 5286
f 5286 5478 5298
f 5288 5299 5287
f 5299 5300 5287
f 5299 5287 5479
f 5459 5479 5287
f 5288 5289 5480
f 5288 5309 5299
f 5288 5300 5311
f 5288 5491 5300
f 5288 5310 5309
f 5310 5288 5311
f 5288 5480 5491
f 5907 5461 5289
f 5289 5480 5907
f 5492 5301 5290
f 5481 5290 5462
f 5492 5290 5481
f 5303 5291 5301
f 5303 5313 5291
f 5291 5303 5482
f 5465 5464 5291
f 5465 5291 5482
f 5483 5292 5293
f 5910 5292 5466
f 5292 5910 5483
f 5294 5295 5293
f 5295 5306 5293
f 5293 5315 5304
f 5304 5495 5293
f 5306 5305 5293
f 5305 5317 5293
f 5293 5316 5315
f 5317 5316 5293
f 5495 5483 5293
f 5295 5294 5317
f 5469 5294 5295
f 5468 5294 5469
f 5295 5305 5306
f 5317 5305 5295
f 5484 5295 5306
f 5295 5484 5469
f 5296 5297 5486
f 5297 5487 5296
f 5296 5497 5297
f 5296 5487 5473
f 5487 5297 5307
f 5297 5497 5307
f 5297 5308 5486
f 5298 5499 5458
f 5489 5298 5478
f 5298 5489 5499
f 5299 5310 5300
f 5310 5299 5490
f 5479 5490 5299
f 5300 5310 5311
f 5300 5311 5928
f 5491 5300 5918
f 5918 5300 5928
f 5303 5301 5302
f 5302 5301 5314
f 5312 5313 5301
f 5501 5312 5301
f 5313 5314 5301
f 5501 5301 5492
f 5302 5314 5303
f 5494 5303 5302
f 5493 5302 5314
f 5494 5302 5493
f 5314 5313 5303
f 5482 5303 5494
f 5315 5304 5931
f 5304 5495 5920
f 5931 5304 5920
f 5305 5496 5306
f 5317 5496 5305
f 5484 5306 5496
f 5308 5307 5486
f 5307 5319 5486
f 5319 5307 5497
f 5498 5307 5319
f 5487 5307 5498
f 5310 5927 5311
f 5490 5500 5310
f 5927 5310 5500
f 5928 5311 5927
f 5312 5929 5313
f 5929 5312 5501
f 5930 5314 5313
f 5930 5313 5929
f 5502 5493 5314
f 5502 5314 5930
f 5931 5316 5315
f 5503 5317 5316
f 5503 5316 5932
f 5932 5316 5931
f 5496 5317 5503
f 5319 5318 5486
f 5505 5486 5318
f 5497 5504 5319
f 5319 5935 5498
f 5504 5505 5319
f 5505 5934 5319
f 5935 5319 5934
f 5320 5327 5321
f 5321 5348 5320
f 5326 5327 5320
f 5337 5326 5320
f 5320 5506 5337
f 5347 5320 5348
f 5320 5347 5536
f 5536 5506 5320
f 5327 5513 5321
f 5348 5321 5537
f 5507 5321 5513
f 5507 5537 5321
f 5323 5322 5329
f 5323 5350 5322
f 5328 5329 5322
f 5328 5322 5508
f 5349 5322 5350
f 5349 5538 5322
f 5538 5508 5322
f 5340 5323 5329
f 5509 5323 5340
f 5323 5509 5350
f 5331 5325 5324
f 5325 5352 5324
f 5324 5330 5331
f 5518 5330 5324
f 5351 5324 5352
f 5324 5351 5510
f 5518 5324 5510
f 5325 5331 5511
f 5352 5325 5550
f 5511 5550 5325
f 5337 5327 5326
f 5327 5329 5328
f 5514 5327 5328
f 5327 5338 5329
f 5337 5338 5327
f 5327 5514 5513
f 5514 5328 5508
f 5340 5329 5338
f 5518 5517 5330
f 5519 5511 5331
f 5343 5332 5334
f 5345 5334 5333
f 5333 5334 8986
f 5345 5333 5344
f 5344 5333 8986
f 5335 8990 5334
f 5343 5334 5345
f 8990 8986 5334
f 6015 6411 5335
f 6411 6774 5335
f 6774 7100 5335
f 7499 5335 7100
f 8990 5335 7499
f 5521 5336 5337
f 5521 5535 5336
f 5522 5337 5506
f 5521 5337 5522
f 5339 5351 5342
f 5524 5339 5342
f 5339 5349 5351
f 5349 5339 5538
f 5339 5524 5538
f 5525 5340 5341
f 5340 5525 5509
f 5525 5341 5526
f 5341 5540 5526
f 5342 5351 5549
f 5524 5342 5529
f 5529 5342 5549
f 5343 5345 5531
f 5343 5531 5353
f 5344 5533 5345
f 5532 5533 5344
f 5532 5344 8986
f 5356 5346 5345
f 5345 5534 5346
f 5354 5356 5345
f 5354 5379 5345
f 5534 5345 5354
f 5534 5531 5345
f 5534 5345 5533
f 5346 5534 8989
f 5346 8989 9349
f 5347 5348 5537
f 5536 5347 5537
f 5538 5349 5350
f 5349 5365 5351
f 5349 5357 5365
f 5357 5349 5538
f 5509 5539 5350
f 5539 5538 5350
f 5351 5352 5549
f 5351 5365 5549
f 5549 5510 5351
f 5550 5549 5352
f 5354 5367 5353
f 5366 5353 5367
f 5366 5551 5353
f 5551 5531 5353
f 5354 5356 5355
f 5356 5555 5354
f 5367 5379 5354
f 5367 5554 5354
f 5367 5354 5580
f 5534 5354 5554
f 5554 5354 5555
f 5554 5580 5354
f 5369 5581 5356
f 5581 5555 5356
f 5357 5574 5365
f 5559 5357 5538
f 5357 5559 5574
f 5359 5371 5358
f 5359 5358 5372
f 5358 5371 5372
f 5359 5360 5373
f 5360 5563 5359
f 5359 5372 5371
f 5359 5373 5372
f 5563 5372 5359
f 5563 5360 5373
f 5362 5374 5361
f 5362 5375 5361
f 5375 5374 5361
f 5376 5362 5363
f 5363 5571 5362
f 5362 5375 5374
f 5376 5375 5362
f 5571 5375 5362
f 5363 5364 5377
f 5363 5377 5376
f 5572 5363 5376
f 5571 5363 5572
f 5365 5574 5549
f 5378 5366 5367
f 5378 5597 5366
f 5378 5366 5626
f 5576 5366 5551
f 5597 5551 5366
f 5576 5626 5366
f 5369 5367 5368
f 5367 5369 5379
f 5369 5367 5381
f 5367 5580 5369
f 5369 5581 5367
f 5378 5367 5379
f 5379 5381 5367
f 5379 5601 5367
f 5554 5367 5580
f 5580 5581 5367
f 5580 5367 5601
f 5381 5379 5369
f 5581 5369 5580
f 5605 5586 5370
f 5371 5588 5372
f 5372 5590 5373
f 5563 5589 5372
f 5372 5589 5588
f 5590 5372 5588
f 5563 5373 5589
f 5373 5591 5589
f 5374 5375 5376
f 5374 5375 5592
f 5375 5593 5376
f 5571 5593 5375
f 5375 5593 5592
f 5377 5376 5595
f 5572 5376 5594
f 5593 5594 5376
f 5594 5376 5595
f 5381 5379 5380
f 5631 5379 5390
f 5601 5379 5631
f 5382 5383 5608
f 5383 5384 5610
f 5609 5608 5383
f 5610 5383 5609
f 5385 5386 5620
f 5386 5387 5621
f 5621 5620 5386
f 5387 5388 5623
f 5622 5621 5387
f 5622 5387 5623
f 5629 5390 5389
f 5629 5631 5390
f 5391 5393 5392
f 5391 5392 5632
f 5632 6050 5391
f 6050 6027 5391
f 5394 5392 5393
f 5392 5394 5633
f 5392 5633 5632
f 5393 5419 5394
f 5394 5419 5420
f 5420 5749 5394
f 5664 5633 5394
f 5394 5749 5664
f 5396 5395 5403
f 5402 5403 5395
f 5402 5395 5666
f 5396 5667 5397
f 5403 5697 5396
f 5667 5396 5697
f 5397 5699 5398
f 5667 5669 5397
f 5699 5397 5669
f 5406 5670 5398
f 5699 5406 5398
f 5401 5399 5407
f 5401 5400 5408
f 5691 5400 5401
f 5691 5660 5400
f 5409 5401 5407
f 5408 5409 5401
f 5409 5692 5401
f 5691 5401 5692
f 5402 5414 5403
f 5404 5402 5411
f 5406 5413 5402
f 5410 5411 5402
f 5410 5402 5413
f 5402 5414 5410
f 5414 5402 5731
f 5696 5402 5666
f 5402 5696 5731
f 5415 5403 5414
f 5415 5697 5403
f 5411 5404 5405
f 5405 5404 5412
f 5411 5412 5404
f 5413 5406 5405
f 5411 5405 5412
f 5412 5413 5405
f 5413 5406 5418
f 5418 5406 5735
f 5418 5736 5406
f 5670 5406 5700
f 5406 5699 5700
f 5406 5701 5700
f 5700 5735 5406
f 5406 5736 5701
f 5408 5710 5409
f 5710 5408 5709
f 5709 5408 5745
f 5692 5409 5710
f 5410 5413 5418
f 5414 5410 5418
f 5411 5416 5412
f 5412 5417 5411
f 5716 5411 5412
f 5411 5717 5412
f 5416 5411 5417
f 5411 5716 5717
f 5417 5412 5416
f 5716 5412 5717
f 5422 5417 5415
f 5417 5734 5415
f 5422 5415 5421
f 5697 5415 5732
f 5734 5732 5415
f 5422 5418 5417
f 5417 5418 5734
f 5423 5418 5422
f 5418 5735 5734
f 5736 5418 5735
f 5757 5735 5418
f 5419 5425 5420
f 5425 5419 5424
f 5425 5781 5420
f 5749 5420 5781
f 5781 5425 5424
f 5780 5424 5426
f 5780 5781 5424
f 6167 5780 5426
f 5811 6167 5426
f 5811 5426 6192
f 5435 5427 5428
f 5427 5435 5434
f 5428 5429 5436
f 5428 5436 5435
f 5429 5430 5436
f 5429 5430 6218
f 5430 5429 9356
f 5429 6218 9327
f 9356 5429 9327
f 5436 5430 5437
f 5437 5430 5443
f 5430 9349 5863
f 9356 7362 5430
f 5870 5439 5431
f 5877 5431 5450
f 5431 5864 5870
f 5877 5864 5431
f 5433 5868 5432
f 5440 5432 5871
f 5868 5867 5432
f 5867 5871 5432
f 5441 5872 5433
f 5868 5433 5872
f 5436 5437 5442
f 5443 5436 5442
f 5443 5442 5437
f 5439 5438 5445
f 5439 5869 5438
f 5438 5876 5445
f 5869 5876 5438
f 5439 5445 5446
f 5439 5870 5869
f 5440 5871 5441
f 5871 5872 5441
f 5442 5443 5873
f 5442 6622 5447
f 5442 5873 6622
f 5874 5873 5443
f 5444 5448 5445
f 5445 5876 5444
f 5444 5876 5875
f 5449 5445 5448
f 5445 5477 5449
f 5445 5449 6638
f 5445 5876 5477
f 5445 6638 5876
f 6622 5474 5447
f 5448 5455 5449
f 5457 5449 5455
f 5449 5457 6651
f 6638 5449 6651
f 5458 5905 5450
f 5877 5450 5905
f 5460 5451 5459
f 5451 5879 5459
f 5451 5460 5880
f 5879 5451 5880
f 5452 5464 5453
f 5882 5452 5453
f 5464 5452 5463
f 5463 5452 5893
f 5882 5881 5452
f 5452 5881 5893
f 5464 5894 5453
f 5883 5882 5453
f 5883 5453 5894
f 5885 5454 5468
f 5455 5456 5457
f 5475 5456 5455
f 5456 5476 5457
f 5475 5476 5456
f 5476 5456 5477
f 5476 5477 5457
f 5457 5477 6651
f 5905 5458 5499
f 5479 5459 5891
f 5891 5459 5879
f 5461 5880 5460
f 5880 5461 5892
f 5892 5461 6298
f 5461 5907 6298
f 5893 5462 5463
f 5481 5462 5893
f 5894 5464 5465
f 5482 5895 5465
f 5894 5465 5895
f 5467 5897 5466
f 5466 5897 5896
f 6301 5466 5896
f 5910 5466 6301
f 5467 5468 5885
f 5467 5885 5884
f 5884 5897 5467
f 5886 5468 5469
f 5885 5468 5886
f 5469 5484 5898
f 5886 5469 5898
f 5470 5471 5486
f 5471 5470 5497
f 5899 5470 5471
f 5485 5470 5486
f 5470 5485 5497
f 5485 5470 5899
f 5472 5887 5471
f 5471 5887 5899
f 5900 5472 5473
f 5887 5472 5900
f 5900 5473 5487
f 5903 5475 5474
f 5902 5903 5474
f 5902 5474 6306
f 5474 6660 6306
f 6622 6635 5474
f 5474 6635 6660
f 5476 5475 6338
f 5903 6321 5475
f 5475 6321 6338
f 6339 5477 5476
f 5476 6338 6339
f 5489 5478 5477
f 5489 5477 5488
f 5477 5904 5488
f 5876 6272 5477
f 5904 5477 6309
f 5477 6323 5904
f 5904 6651 5477
f 6272 6625 5477
f 6309 5477 6663
f 6323 5477 6340
f 6339 6340 5477
f 6638 5477 6625
f 6638 6651 5477
f 6663 5477 6651
f 5906 5490 5479
f 5891 5890 5479
f 5906 5479 5890
f 5480 5491 5919
f 5919 5907 5480
f 5908 5492 5481
f 5908 5481 5893
f 5909 5482 5494
f 5895 5482 5909
f 5483 5920 5495
f 5483 5910 5920
f 5911 5484 5496
f 5484 5911 5898
f 5497 5485 5486
f 5485 5921 5497
f 5912 5485 5899
f 5921 5485 5912
f 5504 5497 5486
f 5505 5504 5486
f 5498 5913 5487
f 5487 5901 5900
f 5901 5487 5913
f 5917 5489 5488
f 5904 5916 5488
f 5917 5488 5916
f 5917 5499 5489
f 5500 5490 6325
f 5490 5906 6325
f 5491 5918 5919
f 5492 6328 5501
f 5492 5908 6312
f 6328 5492 6312
f 5494 5493 6313
f 6330 5493 5502
f 6330 6313 5493
f 5909 5494 6313
f 5496 5503 6333
f 5496 6333 5911
f 5504 5497 5933
f 5933 5497 5921
f 5922 5913 5498
f 5922 5498 5935
f 5499 5926 5905
f 5499 5917 5926
f 5927 5500 6325
f 5929 5501 6329
f 6328 6329 5501
f 5502 5930 6330
f 5932 6333 5503
f 5934 5505 5504
f 5934 5504 5933
f 5507 5513 5506
f 5506 5536 5507
f 5512 5506 5513
f 5522 5506 5512
f 5537 5507 5536
f 5515 5508 5509
f 5508 5538 5509
f 5515 5514 5508
f 5525 5515 5509
f 5539 5509 5538
f 5510 5511 5518
f 5510 5549 5511
f 5511 5519 5518
f 5550 5511 5549
f 5513 5522 5512
f 5513 5514 5515
f 5513 5515 5525
f 5522 5513 5523
f 5525 5523 5513
f 5516 5517 5527
f 5517 5519 5518
f 5528 5517 5519
f 5527 5517 5528
f 5530 5519 5520
f 5528 5519 5530
f 5531 5530 5520
f 5522 5535 5521
f 5557 5522 5523
f 5522 5536 5535
f 5557 5536 5522
f 5523 5525 5558
f 5558 5557 5523
f 5538 5524 5529
f 5539 5525 5526
f 5525 5539 5560
f 5560 5558 5525
f 5539 5526 5540
f 5528 5548 5527
f 5547 5527 5548
f 5530 5549 5528
f 5548 5528 5549
f 5538 5529 5549
f 5531 5597 5530
f 5549 5530 5597
f 5531 5534 5551
f 5597 5531 5551
f 5553 5533 5532
f 5553 5532 5552
f 5532 8986 5552
f 5533 8987 5534
f 5533 5553 8987
f 5551 5534 5554
f 5534 8987 8989
f 5536 5557 5535
f 5556 5535 5557
f 5559 5538 5549
f 5540 5561 5539
f 5560 5539 5561
f 5541 5542 5939
f 5968 5542 5541
f 5951 5541 5939
f 5951 5967 5541
f 5968 5541 5967
f 6359 5939 5542
f 6359 5542 5968
f 5543 5544 5941
f 5543 5971 5544
f 5543 5941 5954
f 5954 5972 5543
f 5543 5972 5971
f 5942 5941 5544
f 6362 5942 5544
f 5544 5971 5973
f 6362 5544 5973
f 5546 5958 5545
f 5545 5977 5546
f 5957 5545 5958
f 5957 5978 5545
f 5978 5977 5545
f 5546 5945 5958
f 6365 5945 5546
f 5979 5546 5977
f 6365 5546 5979
f 5572 5547 5548
f 5549 5574 5548
f 5573 5572 5548
f 5573 5548 5574
f 5962 5549 5550
f 5550 5549 5984
f 5559 5549 5574
f 5549 5596 5574
f 5597 5596 5549
f 5549 5962 5961
f 5984 5549 5961
f 5550 5948 5962
f 6368 5948 5550
f 5983 5550 5984
f 5985 5550 5983
f 6368 5550 5985
f 5554 5580 5551
f 5576 5551 5580
f 5551 5597 5576
f 5578 5553 5552
f 5552 8986 5578
f 5578 5579 5553
f 5553 5579 8987
f 5555 5580 5554
f 5580 5555 5581
f 5556 5557 5582
f 5582 5602 5556
f 5602 5812 5556
f 5865 5556 5812
f 5557 5558 5583
f 5583 5582 5557
f 5560 5559 5558
f 5558 5559 5583
f 5560 5584 5559
f 5584 5583 5559
f 5561 5586 5560
f 5585 5584 5560
f 5585 5560 5586
f 5562 5561 5606
f 5562 5992 5561
f 5605 5606 5561
f 5561 5992 5605
f 5607 5562 5606
f 5607 5993 5562
f 5562 5993 5992
f 5565 5564 5612
f 5997 5564 5565
f 5612 5564 5611
f 6034 5611 5564
f 5997 6034 5564
f 5565 5612 5566
f 5565 5566 5999
f 5565 5999 5997
f 5612 5613 5566
f 5613 5614 5566
f 5614 6037 5566
f 6000 5999 5566
f 6000 5566 6037
f 5568 5567 5618
f 5568 6004 5567
f 5617 5618 5567
f 5567 6003 5617
f 5567 6004 6003
f 5569 5568 5618
f 5569 6004 5568
f 5569 5619 5570
f 5570 6005 5569
f 5618 5619 5569
f 5569 6005 6004
f 5619 5620 5570
f 6006 5570 5620
f 6006 6005 5570
f 5594 5571 5572
f 5594 5593 5571
f 5574 5596 5573
f 5574 5573 5624
f 5574 6010 5573
f 5595 5573 5596
f 5624 5573 5623
f 5573 6009 5623
f 6009 5573 6010
f 5574 5625 5575
f 5575 6011 5574
f 5574 5624 5625
f 6010 5574 6011
f 5625 5576 5575
f 5575 5576 6011
f 5576 5578 5577
f 5576 5577 5598
f 5580 5578 5576
f 5578 5576 5598
f 5576 5578 5599
f 5597 5598 5576
f 5576 5626 5597
f 5598 5576 5599
f 5598 5626 5576
f 5626 5576 5625
f 5626 6047 5576
f 6012 6011 5576
f 6047 6012 5576
f 5577 5578 5599
f 5599 5598 5577
f 5599 5579 5578
f 5599 5578 5580
f 5598 5599 5578
f 5599 5629 5578
f 5578 5809 5599
f 5599 5578 9025
f 5809 5578 5629
f 9025 5578 8986
f 5599 5600 5579
f 5600 9026 5579
f 9026 8987 5579
f 5599 5580 5601
f 5582 5603 5583
f 7502 5582 5583
f 5602 5603 5582
f 5602 5582 7528
f 5582 7502 7501
f 5582 7501 7528
f 5585 5583 5584
f 5583 5603 5584
f 5584 6016 5583
f 5583 5585 5603
f 6412 5583 6016
f 5583 6412 7502
f 5584 5603 5585
f 5584 5585 6017
f 6016 5584 6017
f 5586 5585 5603
f 5586 5585 5604
f 5586 5605 5585
f 5585 5586 6017
f 5585 5603 5604
f 5585 5605 5603
f 5586 5603 5605
f 5605 5586 5604
f 6018 5586 5605
f 6018 6017 5586
f 5588 5587 5608
f 5587 5588 6019
f 5587 5607 5608
f 6031 5607 5587
f 6019 6031 5587
f 5588 5589 5591
f 5588 5591 5590
f 5591 5588 5609
f 5591 6022 5588
f 5608 5609 5588
f 6020 6019 5588
f 6022 6020 5588
f 5590 5591 5610
f 5609 5610 5591
f 5610 5611 5591
f 5611 6023 5591
f 6022 5591 6023
f 5594 5593 5592
f 5595 5592 5593
f 5592 5595 5594
f 5595 5592 5622
f 5595 6025 5592
f 5620 5621 5592
f 5620 5592 6042
f 5621 5622 5592
f 5592 6025 6024
f 6042 5592 6024
f 5595 5593 5594
f 5623 5595 5622
f 5595 5623 6026
f 6025 5595 6026
f 5596 5597 5624
f 5626 5598 5597
f 5624 5597 5626
f 5627 5626 5598
f 5600 5599 9026
f 5629 5599 5601
f 5809 5629 5599
f 9025 9026 5599
f 5629 5601 5631
f 5602 5634 5603
f 5602 5665 5634
f 5602 5695 5634
f 5812 5602 5634
f 5602 5713 5665
f 5695 5602 5714
f 7195 5713 5602
f 5602 5729 5714
f 5602 5714 5782
f 5602 5812 5729
f 5812 5602 5782
f 5602 7120 7150
f 5602 7528 7120
f 7150 7195 5602
f 5604 5635 5603
f 5604 5603 5667
f 5636 5605 5603
f 5634 5603 5635
f 5603 5634 5636
f 5603 5634 5667
f 7122 5603 5634
f 5634 5603 7152
f 7122 7152 5603
f 5604 5605 5636
f 5604 5667 5605
f 5635 5604 5636
f 5606 5605 5637
f 5606 5605 5668
f 5636 5637 5605
f 5668 5605 5667
f 6029 5605 5992
f 6018 5605 6029
f 5607 5606 5637
f 5606 5668 5607
f 5609 5608 5607
f 5607 5608 5638
f 5607 5668 5608
f 5609 5607 5639
f 5637 5638 5607
f 5638 5639 5607
f 6031 5993 5607
f 5608 5609 5639
f 5670 5609 5608
f 5639 5638 5608
f 5670 5608 5668
f 5609 7128 5610
f 5640 5609 5639
f 5609 5670 5640
f 7158 5609 5640
f 7158 7128 5609
f 5611 5610 5642
f 5611 5610 5673
f 5610 5641 5642
f 5641 5672 5610
f 5610 7129 5641
f 5610 5672 5673
f 7129 5610 7128
f 5612 5643 5611
f 5611 5674 5612
f 5642 5643 5611
f 5673 5674 5611
f 6023 5611 6034
f 5613 5612 5643
f 5613 5612 5674
f 5614 5613 5644
f 5614 5613 5674
f 5643 5644 5613
f 5615 5645 5614
f 5614 5676 5615
f 5614 5615 6426
f 5644 5614 5645
f 5674 5676 5614
f 6426 6037 5614
f 5615 5646 5645
f 5646 5615 5676
f 5615 5646 7134
f 6427 6426 5615
f 5615 7134 6427
f 5616 5648 5617
f 5616 5679 5617
f 5617 6039 5616
f 5616 5648 5647
f 5616 5647 5679
f 5647 5616 7165
f 6039 6038 5616
f 5616 6038 7135
f 5616 7135 7165
f 5617 5649 5618
f 5618 5617 5680
f 5649 5648 5617
f 5680 5617 5679
f 6039 5617 6003
f 5619 5618 5649
f 5618 5680 5619
f 5620 5650 5619
f 5620 5619 5680
f 5649 5650 5619
f 5621 5651 5620
f 5682 5621 5620
f 5650 5651 5620
f 5682 5620 5680
f 6042 6006 5620
f 5622 5621 7141
f 5652 5651 5621
f 5682 5652 5621
f 5621 5652 7140
f 7140 7141 5621
f 5622 5623 5654
f 5622 5685 5623
f 5653 5622 5654
f 5653 5685 5622
f 5622 7141 5653
f 5624 5655 5623
f 5624 5623 5687
f 5655 5654 5623
f 5685 5687 5623
f 6044 5623 6009
f 6026 5623 6044
f 5625 5656 5624
f 5625 5624 5687
f 5655 5624 5656
f 5626 5656 5625
f 5625 5687 5626
f 5627 5628 5626
f 5626 5627 5657
f 5626 5688 5627
f 5629 5626 5628
f 5626 5629 6048
f 5656 5626 5657
f 5688 5626 5687
f 6048 6047 5626
f 5627 7146 5628
f 5658 5627 5657
f 5658 5627 5689
f 5658 7176 5627
f 5627 5688 5689
f 6048 5627 6439
f 7146 5627 6048
f 7146 6439 5627
f 7146 5627 7176
f 5628 5659 5629
f 5659 5628 7177
f 7147 5628 7146
f 5628 7147 7177
f 5660 5630 5629
f 5630 5661 5629
f 5630 7556 5629
f 5629 5659 5660
f 5689 5659 5629
f 5629 5659 5809
f 5660 5629 5661
f 5709 5629 5660
f 5689 5629 5708
f 5709 5708 5629
f 5629 6049 6048
f 6049 5629 6440
f 5629 7555 6440
f 7555 5629 7556
f 5661 5630 5660
f 5661 7584 5630
f 5630 7584 7556
f 5633 5662 5632
f 5632 5662 6050
f 5662 5633 5664
f 5635 5636 5634
f 5666 5635 5634
f 5665 5634 5666
f 5665 5667 5634
f 5695 5634 5665
f 5665 5634 8557
f 5714 5634 5695
f 5812 5634 5714
f 5634 7152 7122
f 7562 5634 7152
f 5634 7562 9062
f 8524 8557 5634
f 9062 8524 5634
f 5636 5635 5667
f 5666 5667 5635
f 5636 5637 5667
f 5637 5638 5669
f 5667 5637 5668
f 5668 5637 5698
f 5699 5637 5669
f 5698 5637 5699
f 5639 5638 5669
f 5639 5670 5640
f 5669 5670 5639
f 5641 5640 5672
f 5640 5641 7158
f 5640 9068 5641
f 5640 5670 5671
f 5672 5671 5640
f 5671 8563 5640
f 8530 5640 8563
f 9068 5640 8530
f 5672 5641 5642
f 5672 5641 8564
f 7159 5641 7129
f 5641 7159 7158
f 8531 8564 5641
f 5641 9069 8531
f 9069 5641 9068
f 5642 5673 5672
f 5676 5644 5645
f 5645 5646 5677
f 5645 5677 5676
f 5646 5647 5678
f 7165 5646 5647
f 5647 5646 9075
f 5677 5646 5676
f 5677 5646 5678
f 5677 8569 5646
f 7164 7134 5646
f 7165 7164 5646
f 8536 5646 8569
f 9074 5646 8536
f 9074 9075 5646
f 5648 5679 5647
f 5678 5679 5647
f 5678 5647 8570
f 8537 8570 5647
f 5647 9075 8537
f 5682 5650 5651
f 5651 5652 5683
f 5651 5683 5682
f 5653 5683 5652
f 5652 5653 7170
f 5652 9080 5653
f 5652 5682 5683
f 5683 8575 5652
f 5652 7170 7140
f 8542 5652 8575
f 8542 9079 5652
f 5652 9079 9080
f 5684 5653 5654
f 5683 5653 5684
f 5653 5684 5685
f 5684 5653 8576
f 5653 7141 7171
f 7171 7170 5653
f 8543 8576 5653
f 8543 5653 9080
f 5685 5654 5655
f 5654 5685 5684
f 5688 5657 5658
f 5659 5658 5689
f 5658 5659 7176
f 5658 9084 5659
f 5689 5688 5658
f 8580 5658 5689
f 8580 8548 5658
f 8548 9084 5658
f 5659 5690 5660
f 5690 5659 5689
f 5708 5689 5659
f 5690 5809 5659
f 5690 5659 8581
f 5725 5708 5659
f 5659 5809 5725
f 7177 7176 5659
f 8549 8581 5659
f 9085 8549 5659
f 5659 9084 9085
f 7584 5661 5660
f 5660 5690 5777
f 5709 5660 5691
f 5660 5777 5778
f 5660 5778 6500
f 6500 6482 5660
f 5660 6482 6837
f 7583 5660 6837
f 7583 7584 5660
f 5662 5664 5663
f 5693 5662 5663
f 5662 5693 5711
f 5662 5711 5747
f 5747 6167 5662
f 6050 5662 6167
f 5664 6799 5663
f 5693 5663 6818
f 6818 5663 6799
f 5712 5694 5664
f 5694 6819 5664
f 5664 5749 5712
f 5664 6800 6799
f 6800 5664 6819
f 5666 5667 5665
f 5696 5666 5665
f 5696 5695 5665
f 5665 5714 5696
f 5714 5665 5713
f 8557 8025 5665
f 5697 5666 5667
f 5666 6052 5667
f 5696 5666 5697
f 5696 6051 5666
f 5666 6051 6052
f 5697 5667 5668
f 5668 6052 5667
f 5667 6449 5668
f 5667 5697 5669
f 5667 6074 6052
f 5667 6052 6449
f 5668 5669 5670
f 5668 6053 5669
f 5668 5669 6054
f 6076 5669 5668
f 5668 5698 5697
f 5668 6053 6052
f 5668 6052 6074
f 5668 6054 6053
f 6074 6053 5668
f 6076 5668 6053
f 5668 6450 6053
f 6450 5668 6449
f 5669 5670 5699
f 5670 6054 5669
f 6055 5670 5669
f 5670 5669 6076
f 5699 5669 5697
f 5669 6053 6451
f 5669 6076 6054
f 5669 6451 6055
f 5670 5700 5671
f 5700 5699 5670
f 5670 6055 5700
f 5670 6055 6054
f 6055 5670 6076
f 5672 5671 5702
f 5672 8032 5671
f 5700 5701 5671
f 5701 5702 5671
f 8031 5671 8032
f 8563 5671 8031
f 5672 6056 5673
f 5672 5702 6056
f 8564 8032 5672
f 5674 5673 6057
f 5673 6453 5674
f 5673 6056 6057
f 6080 5673 6057
f 5673 6057 6453
f 5676 5674 5675
f 6059 5675 5674
f 6057 6058 5674
f 5674 6080 6057
f 5674 6058 6059
f 6058 5674 6080
f 6058 5674 6454
f 6454 5674 6453
f 5676 6059 5675
f 5675 6455 5676
f 6082 5675 6059
f 6455 5675 6059
f 5676 5703 5677
f 5676 6060 5703
f 6059 5676 6060
f 6082 5676 6059
f 6082 6060 5676
f 5676 6456 6060
f 6456 5676 6455
f 5703 5678 5677
f 5678 5677 5704
f 8037 5677 5678
f 5704 5677 5703
f 8036 5677 8037
f 8569 5677 8036
f 5678 6062 5679
f 5704 5678 5703
f 5678 5704 6061
f 5678 6061 6062
f 5678 8570 8037
f 5679 5680 6063
f 5680 5679 6087
f 6458 5680 5679
f 6063 6062 5679
f 6062 6087 5679
f 5679 6062 6457
f 6087 6063 5679
f 6457 6458 5679
f 5680 5681 5682
f 5681 5680 6064
f 6064 5680 6063
f 5680 6063 6087
f 6458 6063 5680
f 6064 5681 5682
f 6088 5682 5681
f 5681 6459 5682
f 5681 6064 6088
f 5681 6064 6459
f 6065 5683 5682
f 5682 6065 6064
f 5682 6088 6064
f 6088 6065 5682
f 5682 6460 6065
f 6460 5682 6459
f 5684 5683 5705
f 5706 5683 5684
f 8041 5683 5684
f 5705 5683 5706
f 6066 5705 5683
f 6065 6066 5683
f 8575 5683 8041
f 5684 6068 5685
f 5705 5706 5684
f 5706 6067 5684
f 5684 6067 6068
f 8041 5684 8042
f 8576 8042 5684
f 5685 5686 5687
f 6069 5685 5686
f 6093 5686 5685
f 5686 5685 6462
f 5685 6069 6068
f 6093 5685 6068
f 6461 5685 6068
f 6093 6069 5685
f 6461 6462 5685
f 5686 6069 5687
f 6069 5686 6093
f 5686 6462 6069
f 6070 5687 5688
f 5688 5687 6094
f 6463 5688 5687
f 5687 6069 6070
f 5687 6070 6094
f 6463 5687 6070
f 5688 6071 5689
f 5688 6071 6070
f 5688 6070 6094
f 6071 5688 6094
f 5688 6464 6071
f 6463 6464 5688
f 5690 5689 5707
f 5689 5708 5690
f 5689 5690 8046
f 5708 5707 5689
f 5689 6072 5707
f 6072 5689 6071
f 8046 8580 5689
f 5724 5690 5707
f 5690 5708 5809
f 5777 5690 5724
f 8047 8046 5690
f 8047 5690 8581
f 5692 5710 5691
f 5709 5691 5710
f 5694 5712 5693
f 5693 6819 5694
f 5711 5693 5712
f 5693 6818 6819
f 5714 5696 5695
f 5696 5697 5732
f 5715 5696 5714
f 5731 5714 5696
f 6073 5696 5714
f 5696 5715 5731
f 5732 5731 5696
f 5696 6073 6051
f 5698 5732 5697
f 5697 5732 5699
f 5699 5734 5698
f 5732 5698 5733
f 5734 5733 5698
f 5700 5734 5699
f 5734 5699 5732
f 5718 5700 5701
f 5700 6077 5701
f 5700 5718 5735
f 5734 5700 5735
f 6077 5700 6055
f 5718 5701 5702
f 5719 5702 5701
f 5701 5718 5719
f 5736 5718 5701
f 5701 6078 5718
f 6077 6078 5701
f 5702 5719 5718
f 5719 6104 5702
f 6079 6056 5702
f 6079 5702 6104
f 5721 5704 5703
f 5703 5720 5721
f 5703 6084 5720
f 6084 5703 6060
f 6085 5704 5721
f 6085 6061 5704
f 5722 5705 5706
f 5723 5706 5705
f 5705 5722 5723
f 6115 5722 5705
f 6066 6090 5705
f 5705 6090 6115
f 5706 5723 5722
f 5723 6116 5706
f 6067 5706 6091
f 6091 5706 6116
f 5708 5725 5707
f 5724 5725 5707
f 5707 6096 5724
f 6096 5707 6072
f 5708 5709 5725
f 5725 5809 5708
f 5709 5809 5725
f 5709 5745 5809
f 5711 5712 5726
f 5747 5711 5726
f 5727 5726 5712
f 5712 5749 5727
f 5714 5713 5730
f 5713 5728 5730
f 7650 5728 5713
f 7195 7215 5713
f 5713 7215 7629
f 7629 7650 5713
f 5730 5715 5714
f 5715 5714 5731
f 5715 6098 5714
f 5730 5714 5729
f 5714 5730 5731
f 5730 5782 5714
f 5714 5730 5783
f 5812 5714 5783
f 5714 6097 6073
f 6097 5714 6098
f 5715 5730 5731
f 5731 6122 5715
f 6098 5715 6122
f 5736 5718 5719
f 5719 5718 5737
f 5718 5736 5735
f 5718 5736 5737
f 5736 5718 6127
f 6103 5718 6078
f 6103 6127 5718
f 5719 5737 5736
f 5737 6128 5719
f 6104 5719 6128
f 5739 5720 5721
f 5721 5720 5740
f 5720 5739 5740
f 5739 5720 6133
f 6109 5720 6084
f 5720 6109 6133
f 5740 5739 5721
f 5740 6134 5721
f 5721 6110 6085
f 6110 5721 6134
f 5722 5741 5723
f 5742 5722 5723
f 5722 5742 5741
f 6139 5741 5722
f 6139 5722 6115
f 5723 5741 5742
f 5742 6140 5723
f 6140 6116 5723
f 5724 5725 5743
f 5724 5743 5777
f 5743 5724 6145
f 6096 6121 5724
f 6121 6145 5724
f 5744 5743 5725
f 5744 5809 5725
f 6850 5726 5727
f 5748 5747 5726
f 5748 5726 6871
f 5726 6850 6871
f 5727 5749 6851
f 5727 6851 6850
f 5730 5728 5752
f 5782 5728 5751
f 6521 5751 5728
f 5728 5782 5752
f 7650 6521 5728
f 5752 5730 5729
f 5729 5783 5752
f 5812 5783 5729
f 5731 5730 5752
f 5782 5730 5752
f 5730 5752 5783
f 5753 5731 5732
f 5731 5752 5753
f 5753 6146 5731
f 6122 5731 6146
f 5733 5755 5732
f 5754 5753 5732
f 5755 5754 5732
f 5733 5734 5755
f 5734 5735 5757
f 5755 5734 5756
f 5757 5756 5734
f 5736 5735 5757
f 5736 5735 5758
f 5736 6126 5735
f 5735 5757 5758
f 5735 6150 5757
f 5735 6126 6150
f 5758 5737 5736
f 5736 5737 5759
f 5757 5736 5758
f 5736 5759 5758
f 5736 6127 6126
f 5759 5737 5758
f 5759 6151 5737
f 6128 5737 6151
f 5739 5738 5764
f 5739 6132 5738
f 5738 5763 5764
f 5763 5738 6155
f 6132 6155 5738
f 5764 5740 5739
f 5739 6133 6132
f 5765 5740 5764
f 5765 6156 5740
f 6134 5740 6156
f 5741 5742 5770
f 5771 5742 5741
f 5741 5769 5770
f 5741 6160 5769
f 5770 5771 5741
f 5741 6139 6160
f 5742 5771 5770
f 5772 5742 5771
f 5772 6162 5742
f 6140 5742 6162
f 5743 5776 5744
f 5744 5808 5743
f 5743 5744 5809
f 5776 5777 5743
f 5743 5808 5776
f 5743 6166 5776
f 5743 5838 5808
f 5809 5838 5743
f 5743 6145 6166
f 5808 5744 5776
f 5744 5808 5809
f 5746 5778 5745
f 5778 5809 5745
f 5746 5779 5778
f 5747 5748 5749
f 5747 5749 5780
f 5780 6167 5747
f 5748 6871 5749
f 5781 5780 5749
f 6872 6851 5749
f 6872 5749 6871
f 5751 5750 5812
f 5750 5751 6520
f 5750 5839 5812
f 5750 6520 5839
f 5751 5812 5782
f 6521 6520 5751
f 5754 5753 5752
f 5752 5753 5783
f 5814 5754 5752
f 5782 5783 5752
f 5752 5783 5814
f 8649 5752 8123
f 9220 5752 8649
f 5753 5754 5785
f 5753 5754 6147
f 5785 5783 5753
f 6146 5753 6147
f 5755 5785 5754
f 5754 5814 5755
f 5755 6123 5754
f 5755 5754 6147
f 5754 5755 6523
f 6123 6147 5754
f 5754 6523 6147
f 5757 5756 5755
f 5755 5756 5786
f 6125 5755 5756
f 5756 6148 5755
f 5756 5755 6149
f 5757 5755 5817
f 5785 5755 5786
f 5815 5755 5814
f 5815 5816 5755
f 5816 5817 5755
f 5755 6148 6123
f 6125 6148 5755
f 5755 6147 6148
f 5755 6148 6149
f 5755 6148 6524
f 6524 6523 5755
f 5757 5788 5756
f 6125 5756 5757
f 5757 5756 6149
f 6150 5756 5757
f 5787 5786 5756
f 5787 5756 5788
f 5756 6525 6148
f 5756 6150 6525
f 5757 5789 5758
f 5757 5789 5788
f 5818 5789 5757
f 5817 5818 5757
f 6125 5757 6150
f 5757 6149 6150
f 5759 5758 5789
f 5759 5758 8130
f 5758 5759 9226
f 8129 8130 5758
f 8655 8129 5758
f 9226 8655 5758
f 5760 5759 5789
f 5760 5790 5759
f 6151 5759 5760
f 5789 5759 5790
f 8656 5759 8130
f 5759 8656 9227
f 9227 9226 5759
f 5760 5791 5761
f 5760 5821 5761
f 5760 5761 6129
f 5760 6152 5761
f 5760 5761 6528
f 5789 5790 5760
f 5760 5791 5790
f 5790 5820 5760
f 5820 5821 5760
f 5760 6129 6152
f 5760 6152 6151
f 6528 6152 5760
f 5761 5763 5762
f 5792 5762 5761
f 5762 6154 5761
f 5763 5761 5824
f 5792 5761 5791
f 5821 5822 5761
f 5822 5823 5761
f 5823 5824 5761
f 6129 5761 6130
f 5761 6153 6129
f 6152 6153 5761
f 6153 5761 6154
f 5761 6153 6529
f 6529 6528 5761
f 5763 5794 5762
f 5763 6131 5762
f 5763 5762 6154
f 5763 6530 5762
f 5792 5793 5762
f 5793 5762 5794
f 6131 6154 5762
f 6530 6154 5762
f 5763 5795 5764
f 5763 5794 5795
f 5824 5795 5763
f 6131 5763 6155
f 5763 6154 6155
f 6531 5763 6155
f 5763 6531 6530
f 5765 5764 5795
f 5764 5796 5765
f 5765 5764 8136
f 5764 5765 9232
f 5795 5796 5764
f 8135 8136 5764
f 8661 8135 5764
f 5764 9232 8661
f 5766 5796 5765
f 5825 5766 5765
f 5766 6157 5765
f 5796 5795 5765
f 5825 5765 5796
f 6156 5765 6157
f 8662 5765 8136
f 5765 8662 9233
f 9233 9232 5765
f 5766 5767 5798
f 5766 5826 5767
f 5767 6136 5766
f 5767 5766 6158
f 5767 6534 5766
f 5797 5766 5796
f 5797 5766 5798
f 5826 5766 5825
f 5766 6136 6135
f 6157 5766 6136
f 5766 6157 6158
f 5766 6533 6157
f 5766 6534 6533
f 5768 5767 5769
f 5767 5768 5798
f 5768 6159 5767
f 5769 5767 5829
f 5826 5827 5767
f 5828 5767 5827
f 5828 5829 5767
f 6136 5767 6158
f 5767 6159 6158
f 5767 6158 6534
f 5799 5768 5769
f 6137 5768 5769
f 5769 5768 6159
f 5769 6535 5768
f 5799 5798 5768
f 6159 5768 6137
f 5768 6535 6159
f 5769 5801 5770
f 5800 5799 5769
f 5769 5801 5800
f 5801 5769 5830
f 5830 5769 5829
f 6137 5769 6160
f 5769 6159 6160
f 5769 6160 6536
f 5769 6536 6535
f 5771 5770 5802
f 5770 8141 5771
f 5771 9239 5770
f 5801 5802 5770
f 8667 8141 5770
f 9238 8667 5770
f 9238 5770 9239
f 5772 5771 5802
f 8142 5771 8141
f 8668 5771 8142
f 9239 5771 8668
f 5773 5772 5774
f 5772 5773 5804
f 6142 5772 5773
f 5772 6163 5773
f 5773 6539 5772
f 5772 5832 5774
f 5803 5802 5772
f 5832 5772 5802
f 5803 5772 5804
f 5772 6142 6162
f 5772 6162 6163
f 5772 6538 6162
f 6538 5772 6539
f 5773 5774 5805
f 6163 5773 5774
f 5805 5804 5773
f 6142 5773 6163
f 5773 6163 6539
f 5775 5805 5774
f 5775 5774 5835
f 6143 5774 5775
f 5774 6164 5775
f 6540 5774 5775
f 5833 5774 5832
f 5834 5774 5833
f 5834 5835 5774
f 6164 5774 6143
f 6163 5774 6164
f 5774 6540 6164
f 5775 5807 5776
f 5776 6165 5775
f 5805 5775 5806
f 5775 5807 5806
f 5775 5835 5806
f 5835 5775 5807
f 5836 5807 5775
f 5835 5836 5775
f 5775 6143 6144
f 5775 6165 6143
f 5775 6164 6165
f 5775 6165 6541
f 6541 6540 5775
f 5777 5776 5807
f 5776 8147 5777
f 5777 9244 5776
f 5807 5808 5776
f 5776 6166 6165
f 8147 5776 8673
f 9243 8673 5776
f 9243 5776 9244
f 5778 5777 5808
f 5807 5808 5777
f 8148 5777 8147
f 8148 8674 5777
f 9244 5777 8674
f 5779 5778 5809
f 5779 7685 5778
f 5809 5778 5808
f 6518 6500 5778
f 6869 6518 5778
f 7684 6869 5778
f 7684 5778 7685
f 5779 5809 5810
f 7717 5779 5810
f 7717 7685 5779
f 5782 5812 5783
f 5783 5785 5784
f 5783 5813 5784
f 5814 5783 5784
f 5783 5815 5785
f 5813 5783 5812
f 5783 5813 5815
f 5813 5783 7261
f 5813 7289 5783
f 7261 5783 7289
f 5784 5785 5814
f 5784 5813 5814
f 5785 5786 5815
f 5814 5785 5815
f 5787 5786 5817
f 5816 5815 5786
f 5816 5786 5817
f 5788 5787 5817
f 5788 5818 5787
f 5817 5787 5818
f 5817 5788 5789
f 5818 5788 5789
f 5819 5789 5788
f 5817 5818 5788
f 5818 5819 5788
f 5790 5789 7268
f 5819 5817 5789
f 5789 5818 5819
f 5789 5819 7267
f 7267 7268 5789
f 5820 5790 5791
f 5821 5790 5791
f 5820 5790 5821
f 5790 7268 5820
f 5792 5791 5821
f 5821 5820 5791
f 5793 5792 5822
f 5821 5822 5792
f 5793 5824 5794
f 5822 5823 5793
f 5823 5824 5793
f 5824 5795 5794
f 5795 7273 5796
f 5795 5824 6168
f 5795 6168 7273
f 5796 5797 5825
f 5825 5796 6181
f 6181 5796 6169
f 7274 6169 5796
f 7274 5796 7273
f 5798 5826 5797
f 5825 5797 5826
f 5799 5798 5827
f 5826 5798 5827
f 5799 5800 5829
f 5827 5799 5828
f 5828 5799 5829
f 5829 5801 5800
f 5801 5830 5800
f 5830 5829 5800
f 5802 5801 7280
f 5830 5801 5829
f 5830 7307 5801
f 7279 7280 5801
f 5801 7307 7279
f 5802 5831 5803
f 5802 5803 5832
f 5832 5802 5831
f 5831 5802 7308
f 7280 7308 5802
f 5804 5832 5803
f 5831 5832 5803
f 5804 5805 5834
f 5832 5804 5833
f 5834 5833 5804
f 5806 5805 5835
f 5834 5835 5805
f 5835 5807 5806
f 5807 5836 5806
f 5836 5835 5806
f 5807 7285 5808
f 5807 5835 5836
f 6170 5807 5836
f 7285 5807 6170
f 5809 5808 5838
f 5837 5838 5808
f 5837 5808 7286
f 7286 5808 7285
f 7717 5810 5809
f 5809 5838 7751
f 5809 7716 7717
f 5809 7751 7716
f 6167 5811 6171
f 6192 6171 5811
f 5812 5840 5813
f 5812 5839 5840
f 5865 5812 5840
f 5814 5815 5813
f 5814 5813 5844
f 5815 5813 5844
f 5840 5841 5813
f 5843 5813 5841
f 5844 5813 5843
f 5813 7261 7289
f 5815 5814 5844
f 5816 5815 5844
f 5815 6195 5844
f 5815 6172 6195
f 5817 5816 5845
f 5844 5845 5816
f 5817 5819 5818
f 5846 5818 5817
f 5845 5819 5817
f 5817 5846 5845
f 6174 5845 5817
f 5845 6197 5817
f 6174 5817 6197
f 5819 5848 5820
f 7296 5819 5820
f 5845 5846 5819
f 5846 5848 5819
f 5819 7295 7267
f 5819 7296 7295
f 5847 5820 5821
f 5820 5848 5821
f 5820 7268 7296
f 5822 5821 5848
f 5821 5848 5847
f 5821 5848 6176
f 5848 5821 6201
f 6201 5821 6176
f 5823 5822 5849
f 5822 5848 5849
f 5824 5823 5850
f 5849 5850 5823
f 5824 5850 6179
f 6168 5824 6179
f 5826 5825 6182
f 6181 6182 5825
f 5826 5851 5827
f 5851 5826 6206
f 6182 6206 5826
f 5828 5827 5853
f 5851 5852 5827
f 5852 5853 5827
f 5829 5828 5854
f 5853 5854 5828
f 5829 5854 5830
f 5854 5829 6185
f 5854 6209 5829
f 6185 5829 6209
f 5831 5830 5854
f 5831 7308 5830
f 7307 5830 7308
f 5832 5831 5857
f 5854 5857 5831
f 5833 5832 5857
f 5832 6211 5857
f 6186 5832 6211
f 5833 5858 5834
f 5833 5857 5858
f 5835 5834 5860
f 5858 5859 5834
f 5859 5860 5834
f 5837 5836 5835
f 5835 6190 5837
f 5835 5860 6189
f 6189 6190 5835
f 5836 5837 7313
f 6190 6170 5836
f 7313 6190 5836
f 5838 5837 8741
f 5861 5837 6191
f 8238 5837 5861
f 6190 6191 5837
f 7314 5837 7286
f 7314 7313 5837
f 5837 8238 8207
f 5837 8207 8740
f 8740 8741 5837
f 5838 5862 7751
f 5862 5838 8239
f 8208 8239 5838
f 8741 8208 5838
f 5841 5840 5839
f 5841 5839 6569
f 6567 5839 6520
f 5839 6567 6569
f 5841 5865 5840
f 5843 5842 5841
f 5841 5842 5866
f 5841 6194 5843
f 5865 5841 5866
f 5841 6569 6194
f 5843 6194 5844
f 5845 5844 6196
f 6195 5844 6194
f 6195 6196 5844
f 5846 5845 6198
f 6174 6197 5845
f 6197 5845 6196
f 6197 6198 5845
f 5847 5848 5846
f 5846 6200 5848
f 5846 6198 6200
f 5849 5848 6201
f 6176 5848 6201
f 6201 5848 6200
f 5850 5849 6202
f 5849 6201 6202
f 6203 6179 5850
f 5850 6202 6203
f 5852 5851 6206
f 5852 6207 5853
f 5852 6206 6207
f 5854 5853 6209
f 5853 6207 6208
f 6208 6209 5853
f 5856 5855 5854
f 5854 5855 5857
f 5857 5856 5854
f 5857 5854 6211
f 5854 6185 6209
f 5854 6209 6210
f 6210 6211 5854
f 5856 5857 5855
f 6211 5858 5857
f 5858 6212 5859
f 5858 6211 6212
f 5860 5859 6214
f 5859 6212 6213
f 6213 6214 5859
f 6214 6189 5860
f 5862 5861 6216
f 5861 5862 8771
f 5861 6191 6216
f 8771 8238 5861
f 6216 6217 5862
f 5862 6217 7779
f 7779 7751 5862
f 5862 8239 8772
f 8772 8771 5862
f 5863 9349 6218
f 5870 5864 6247
f 5864 5877 6219
f 6219 6247 5864
f 5868 5872 5867
f 5867 5872 5871
f 5868 6232 5872
f 6257 5868 5872
f 6257 6232 5868
f 6246 5869 5870
f 6272 5876 5869
f 6246 6272 5869
f 6246 5870 6247
f 5872 6256 5871
f 6257 5872 5871
f 5871 6256 6257
f 6232 6257 5872
f 6256 5872 6257
f 5874 6270 5873
f 6270 6269 5873
f 6269 6622 5873
f 5874 5875 5876
f 5874 5876 6270
f 5874 6270 8816
f 6272 6270 5876
f 5876 6638 6272
f 5877 5905 6639
f 6219 5877 6586
f 5877 6639 6586
f 5878 5891 5879
f 5878 5879 6286
f 5891 5878 5890
f 6297 5890 5878
f 6297 5878 6286
f 5879 5880 6275
f 6275 6274 5879
f 6286 5879 6274
f 5880 5892 6287
f 5880 6287 6275
f 5881 5882 6276
f 6288 5893 5881
f 6276 6288 5881
f 6277 5882 5883
f 6276 5882 6277
f 5883 5894 5895
f 6290 5883 5895
f 6277 5883 6278
f 5883 6289 6278
f 5883 6290 6289
f 5884 5885 6279
f 6291 5897 5884
f 6279 6291 5884
f 5885 5886 6280
f 6279 5885 6280
f 5898 6302 5886
f 5886 6281 6280
f 6281 5886 6292
f 6292 5886 6302
f 5887 5900 5888
f 6283 5887 5888
f 6294 5899 5887
f 6282 5887 6283
f 6294 5887 6282
f 5888 5900 5889
f 6295 5888 5889
f 6283 5888 6295
f 5901 5889 5900
f 6295 5889 5901
f 5906 5890 6297
f 6287 5892 6298
f 6299 5908 5893
f 6299 5893 6288
f 6300 5895 5909
f 5895 6300 6290
f 5896 5897 6291
f 6301 5896 6291
f 5898 5911 6302
f 6304 5912 5899
f 6304 5899 6294
f 5901 5913 6305
f 6305 6295 5901
f 5903 5902 6307
f 6306 6307 5902
f 6307 6321 5903
f 5916 5904 6323
f 5904 6323 6309
f 6309 6663 5904
f 6663 6651 5904
f 5926 6341 5905
f 6341 6687 5905
f 6652 6639 5905
f 6652 5905 6687
f 6310 5906 6297
f 6325 5906 6310
f 5907 5919 6311
f 6298 5907 6311
f 6654 5908 6299
f 6312 5908 6669
f 5908 6654 6669
f 6655 6300 5909
f 5909 6313 6655
f 5910 6314 5920
f 6314 5910 6301
f 6303 6302 5911
f 6303 5911 6316
f 6333 6316 5911
f 6676 5921 5912
f 6317 5912 6304
f 6676 5912 6317
f 6318 5913 5922
f 6305 5913 6318
f 5914 5915 6322
f 6320 5914 6680
f 6322 6680 5914
f 5925 6322 5915
f 6324 5917 5916
f 6324 5916 6323
f 5917 6324 5926
f 6311 5919 5918
f 6326 5918 5928
f 5918 6327 6311
f 6326 6327 5918
f 5931 5920 6331
f 6315 5920 6314
f 6315 6331 5920
f 6683 5933 5921
f 6676 6683 5921
f 5922 5935 6335
f 6318 5922 6678
f 6678 5922 6335
f 5923 5936 5924
f 6342 5936 5923
f 6336 6342 5923
f 5925 5924 6339
f 5937 5924 5936
f 5937 6339 5924
f 6322 5925 6339
f 6341 5926 6324
f 6326 5928 5927
f 6325 6326 5927
f 5930 5929 6330
f 6330 5929 6329
f 6332 5932 5931
f 6331 6332 5931
f 6333 5932 6332
f 5934 5933 6334
f 6683 6334 5933
f 6335 5935 5934
f 5934 6334 6335
f 6342 5937 5936
f 6685 6339 5937
f 6342 6343 5937
f 6343 6685 5937
f 5951 5939 5938
f 5938 5939 6345
f 5950 5951 5938
f 6358 5950 5938
f 6344 5938 6345
f 6344 6358 5938
f 6346 6345 5939
f 6346 5939 6360
f 6359 6360 5939
f 5940 5954 5941
f 6349 5940 5941
f 5954 5940 5953
f 6361 5953 5940
f 5940 6349 6348
f 5940 6348 6361
f 5942 6362 5941
f 5941 6350 6349
f 6362 6350 5941
f 5943 5957 5944
f 6352 5943 5944
f 5943 5956 5957
f 6364 5956 5943
f 6352 6364 5943
f 5945 5944 5958
f 6353 5944 5945
f 5957 5958 5944
f 6352 5944 6353
f 6353 5945 6354
f 6354 5945 6365
f 5946 5961 5947
f 6355 5946 5947
f 5946 5960 5961
f 6367 5960 5946
f 6355 6367 5946
f 5962 5948 5947
f 6356 5947 5948
f 5961 5962 5947
f 6355 5947 6356
f 6356 5948 6357
f 6357 5948 6368
f 5950 5949 5967
f 6358 5949 5950
f 5966 5967 5949
f 5949 6369 5966
f 5991 6369 5949
f 6395 5991 5949
f 5949 6358 6369
f 6395 5949 6369
f 5951 5950 5967
f 5953 5952 5971
f 5996 5953 5952
f 5953 6361 5952
f 5953 6371 5952
f 5970 5971 5952
f 5970 5952 6370
f 6398 5996 5952
f 5952 6361 6370
f 6371 6370 5952
f 6398 5952 6370
f 5954 5953 5971
f 5996 5997 5953
f 5997 6371 5953
f 5971 5972 5954
f 6002 5956 5955
f 6372 5955 5956
f 6402 6002 5955
f 6402 5955 6372
f 5957 5956 5977
f 5956 6373 5977
f 6002 6003 5956
f 6003 6373 5956
f 6363 5956 6364
f 5956 6363 6372
f 6373 6372 5956
f 5977 5978 5957
f 6008 5960 5959
f 6376 5959 5960
f 6407 6008 5959
f 6407 5959 6376
f 5983 5961 5960
f 5960 6376 5983
f 6008 6009 5960
f 6009 6376 5960
f 5960 6367 6376
f 5961 5983 5984
f 6013 6377 5963
f 6409 6013 5963
f 6409 5963 6377
f 5965 5964 5966
f 6378 5964 5965
f 5966 5964 5991
f 5989 5991 5964
f 5989 5964 6394
f 6378 6394 5964
f 5990 5965 5966
f 5965 5990 6378
f 5967 5966 5991
f 5966 5991 5990
f 6395 5991 5966
f 6379 5966 6369
f 6379 6395 5966
f 5967 5968 5993
f 5968 5967 5994
f 5968 5967 6738
f 5991 5994 5967
f 5993 5992 5967
f 5967 5992 6395
f 5967 6395 6379
f 5967 6379 7057
f 7058 6738 5967
f 7057 7058 5967
f 5969 5968 5994
f 5968 5969 6360
f 5969 5968 6738
f 5993 5968 5994
f 5968 6360 6359
f 5994 5970 5969
f 5969 5970 6381
f 6380 5994 5969
f 6380 6360 5969
f 6380 5969 6381
f 6380 5969 6738
f 5969 6380 6740
f 5970 5994 5971
f 6382 5970 6370
f 6382 6381 5970
f 5971 5973 5997
f 5999 5973 5971
f 5971 6742 5973
f 5999 5971 5994
f 5971 5997 6383
f 5971 6383 6742
f 5999 5974 5973
f 5974 6362 5973
f 5974 5973 6743
f 5999 5997 5973
f 6743 5973 6742
f 5974 5976 5975
f 5974 5975 6384
f 6002 5976 5974
f 5974 6000 5999
f 6002 5974 5999
f 6384 6000 5974
f 6362 5974 6384
f 6384 5974 6743
f 6385 5975 5976
f 6385 6384 5975
f 5976 6002 5977
f 5977 6387 5976
f 6386 6385 5976
f 6387 6386 5976
f 5978 6003 5977
f 5978 5977 7067
f 5980 5979 5977
f 5977 6002 5980
f 5977 6003 6403
f 6387 5977 6373
f 5977 6403 6387
f 6387 7067 5977
f 5979 6004 5978
f 5979 5978 6747
f 5978 6004 6003
f 6747 5978 7068
f 7067 7068 5978
f 6005 5979 5980
f 5979 5980 6365
f 5980 5979 6748
f 5979 6005 6004
f 6747 6748 5979
f 5981 5980 6008
f 5980 5981 6388
f 6008 5980 6002
f 6005 5980 6006
f 6388 6006 5980
f 5980 6365 6374
f 5980 6388 6365
f 6388 5980 6748
f 5982 5981 6008
f 5981 5982 6389
f 6388 5981 6389
f 6008 5983 5982
f 6391 5982 5983
f 5982 6390 6389
f 5982 6391 6390
f 5984 6009 5983
f 5984 5983 6753
f 5986 5985 5983
f 6008 5986 5983
f 5983 6009 6407
f 6391 5983 6376
f 5983 6391 6390
f 5983 6390 6751
f 5983 6407 6391
f 6752 5983 6751
f 7073 5983 6752
f 7074 6753 5983
f 7074 5983 7073
f 5985 6011 5984
f 5985 5984 6754
f 5984 6010 6009
f 6010 5984 6011
f 6754 5984 6753
f 5986 6011 5985
f 5985 5986 6368
f 5986 5985 6754
f 6013 5986 5987
f 5987 5986 6014
f 6008 6014 5986
f 5986 6012 6011
f 6013 6012 5986
f 6392 6012 5986
f 6408 5986 6012
f 6392 6368 5986
f 6408 6392 5986
f 5986 7076 6392
f 6754 7075 5986
f 7076 5986 7075
f 6014 5988 5987
f 6393 5987 5988
f 6013 5987 6409
f 6393 6409 5987
f 6014 6393 5988
f 5991 5989 5990
f 5989 6394 5990
f 5990 5991 5992
f 6016 5991 5990
f 6394 5990 5991
f 5990 5996 5992
f 5996 5998 5990
f 5990 6008 5996
f 6007 5990 5998
f 6008 5990 6007
f 6412 6016 5990
f 6394 6378 5990
f 6412 5990 6394
f 5991 5992 5994
f 5992 5991 6017
f 5992 6395 5991
f 6016 6017 5991
f 5991 6028 6395
f 6028 5991 6419
f 5991 6395 6369
f 5991 6395 6394
f 5991 6395 6419
f 5993 5994 5992
f 5996 5992 5993
f 5993 6030 5992
f 5992 6017 6018
f 6029 5992 6018
f 6029 5992 6030
f 5992 6029 6419
f 5992 6419 6395
f 5993 5994 5996
f 5994 5993 6020
f 6031 5993 5994
f 6020 5993 6019
f 6019 5993 6031
f 5993 6031 6030
f 5994 5996 5999
f 6396 5996 5994
f 5996 5994 6397
f 6020 6414 5994
f 6031 5994 6032
f 6032 5994 6421
f 6380 6396 5994
f 6396 6397 5994
f 6396 5994 6414
f 6396 6421 5994
f 5995 6022 5996
f 6397 5995 5996
f 6021 6022 5995
f 6415 6021 5995
f 6415 5995 6397
f 5997 5998 5996
f 5999 5996 5997
f 6002 5997 5996
f 6023 5997 5996
f 5997 6034 5996
f 6399 5997 5996
f 6002 5996 6008
f 6023 5996 6022
f 6033 5996 6034
f 5996 6033 6398
f 6397 6396 5996
f 5996 6398 6397
f 6398 6399 5996
f 5999 5998 5997
f 6002 5999 5997
f 5997 5999 6035
f 6023 6034 5997
f 6035 6034 5997
f 5997 6399 6034
f 6034 6423 5997
f 5997 6399 6371
f 6399 6383 5997
f 6399 5997 6423
f 6001 5998 5999
f 6007 5998 6001
f 5999 6000 6001
f 5999 6002 6000
f 6036 5999 6000
f 6036 6035 5999
f 6001 6002 6000
f 6400 6001 6000
f 6000 6002 6400
f 6000 6037 6036
f 6400 6000 6037
f 6037 6000 6426
f 6384 6400 6000
f 6400 6426 6000
f 6007 6001 6002
f 6401 6002 6001
f 6001 6402 6002
f 6001 6400 6401
f 6402 6001 6401
f 6003 6004 6002
f 6007 6002 6003
f 6008 6003 6002
f 6038 6002 6003
f 6039 6003 6002
f 6002 6402 6003
f 6003 6002 6403
f 6002 6004 6006
f 6008 6002 6006
f 6038 6039 6002
f 6402 6002 6038
f 6038 6002 6428
f 6402 6400 6002
f 6002 6401 6403
f 6402 6428 6002
f 6004 6003 6005
f 6004 6040 6003
f 6007 6003 6005
f 6003 6008 6005
f 6039 6038 6003
f 6039 6003 6040
f 6003 6403 6039
f 6039 6429 6003
f 6003 6403 6373
f 6402 6403 6003
f 6429 6403 6003
f 6005 6006 6004
f 6005 6041 6004
f 6041 6040 6004
f 6005 6006 6007
f 6005 6008 6006
f 6041 6005 6006
f 6007 6008 6006
f 6006 6404 6007
f 6006 6008 6404
f 6042 6024 6006
f 6024 6416 6006
f 6006 6042 6041
f 6006 6432 6042
f 6388 6404 6006
f 6405 6404 6006
f 6006 6404 6432
f 6405 6006 6416
f 6009 6007 6008
f 6007 6012 6008
f 6405 6008 6007
f 6406 6008 6007
f 6012 6007 6009
f 6007 6404 6405
f 6404 6406 6007
f 6010 6008 6009
f 6013 6009 6008
f 6009 6008 6026
f 6008 6009 6043
f 6008 6407 6009
f 6008 6010 6012
f 6013 6008 6012
f 6014 6008 6013
f 6025 6026 6008
f 6008 6417 6025
f 6008 6043 6406
f 6406 6404 6008
f 6405 6407 6008
f 6417 6008 6406
f 6012 6009 6010
f 6013 6010 6009
f 6044 6009 6010
f 6044 6009 6026
f 6044 6043 6009
f 6407 6044 6009
f 6009 6044 6435
f 6009 6407 6376
f 6435 6407 6009
f 6010 6011 6012
f 6010 6013 6011
f 6010 6011 6045
f 6010 6045 6044
f 6011 6013 6012
f 6047 6011 6012
f 6046 6045 6011
f 6046 6011 6047
f 6012 6014 6013
f 6013 6012 6047
f 6012 6013 6408
f 6012 6408 6047
f 6392 6408 6012
f 6049 6014 6013
f 6409 6014 6013
f 6410 6013 6014
f 6047 6048 6013
f 6049 6013 6048
f 6048 6013 6409
f 6439 6013 6048
f 6013 6409 6377
f 6409 6408 6013
f 6013 6410 6409
f 6439 6409 6013
f 6014 6049 6410
f 6014 6409 6393
f 6411 6015 6027
f 6020 6022 6414
f 6021 6414 6022
f 6415 6414 6021
f 6024 6025 6416
f 6417 6416 6025
f 6441 6027 6050
f 6418 6411 6027
f 6027 6441 6418
f 6395 6028 6419
f 6449 6029 6030
f 6419 6029 6449
f 6420 6030 6031
f 6450 6030 6420
f 6030 6450 6449
f 6031 6032 6451
f 6451 6420 6031
f 6451 6032 6421
f 6422 6033 6034
f 6398 6033 6422
f 6453 6034 6035
f 6423 6034 6399
f 6034 6423 6422
f 6034 6453 6423
f 6425 6035 6036
f 6035 6425 6424
f 6454 6035 6424
f 6454 6453 6035
f 6037 6455 6036
f 6036 6455 6425
f 6426 6400 6037
f 6456 6037 6426
f 6456 6455 6037
f 6039 6428 6038
f 6428 6402 6038
f 6038 6428 6786
f 6786 7135 6038
f 6040 6458 6039
f 6429 6039 6403
f 6429 6428 6039
f 6457 6429 6039
f 6458 6457 6039
f 6430 6040 6041
f 6458 6040 6430
f 6459 6041 6042
f 6041 6431 6430
f 6459 6431 6041
f 6432 6460 6042
f 6460 6459 6042
f 6434 6043 6044
f 6434 6406 6043
f 6045 6462 6044
f 6435 6044 6407
f 6435 6434 6044
f 6435 6044 6461
f 6044 6462 6461
f 6046 6437 6045
f 6436 6045 6437
f 6436 6462 6045
f 6047 6464 6046
f 6463 6437 6046
f 6463 6046 6464
f 6438 6047 6408
f 6047 6438 6464
f 6439 6048 6409
f 6048 6439 7146
f 6440 6410 6049
f 6167 6441 6050
f 6073 6051 6052
f 6074 6052 6051
f 6052 6051 6449
f 6074 6051 6073
f 6448 6051 6073
f 6449 6051 6448
f 6053 6052 6074
f 6053 6075 6052
f 6073 6052 6074
f 6052 6075 6074
f 6074 8492 6052
f 7966 8492 6052
f 6075 6053 6054
f 6076 6054 6053
f 6074 6075 6053
f 6076 6053 6075
f 6450 6053 6075
f 6450 6451 6053
f 6055 6054 6076
f 6077 6054 6055
f 6054 6076 6075
f 6077 6076 6054
f 8494 6054 6076
f 7968 8494 6054
f 6076 6077 6055
f 6452 6077 6055
f 6451 6452 6055
f 6057 6056 6080
f 6079 6080 6056
f 6080 6058 6057
f 6057 6058 6081
f 6058 7972 6057
f 6057 8498 6058
f 6057 6081 6080
f 6057 6080 6453
f 6057 6080 8498
f 7972 8498 6057
f 6081 6058 6059
f 6058 6082 6059
f 6455 6059 6058
f 6080 6081 6058
f 6082 6058 6081
f 6454 6058 6081
f 6455 6058 6454
f 6058 7973 7972
f 7973 6058 8499
f 8498 8499 6058
f 6060 6059 6082
f 6083 6059 6060
f 6059 6082 6081
f 6059 6083 6082
f 6059 6082 8500
f 7974 8500 6059
f 6083 6060 6082
f 6084 6060 6083
f 6060 6456 6083
f 6086 6062 6061
f 6085 6086 6061
f 6087 6063 6062
f 6062 6063 7978
f 6087 6062 6086
f 6062 6086 6457
f 8504 6086 6062
f 7978 8504 6062
f 6063 6064 6087
f 6088 6064 6063
f 6064 6063 6459
f 6088 6063 6087
f 6458 6063 6087
f 6063 6087 8505
f 6459 6063 6458
f 7979 7978 6063
f 7979 6063 8505
f 6064 6088 6065
f 6065 6089 6064
f 6065 7980 6064
f 6064 8507 6065
f 6087 6064 6088
f 6064 6089 6088
f 6088 8506 6064
f 7980 8506 6064
f 6064 8506 8507
f 6089 6066 6065
f 6089 6065 6088
f 6065 6460 6089
f 7980 6065 7981
f 7981 6065 8507
f 6066 6089 6090
f 6067 6092 6068
f 6067 6091 6092
f 6068 6069 6092
f 6069 6068 6093
f 7984 6068 6069
f 6069 6068 7985
f 6093 6068 6092
f 6068 6092 6461
f 7984 7985 6068
f 6070 6069 6093
f 6094 6069 6070
f 6462 6070 6069
f 6069 6093 6092
f 6093 6069 6094
f 8511 6069 6093
f 6069 7985 7984
f 7985 8511 6069
f 6071 6094 6070
f 6071 7987 6070
f 6093 6094 6070
f 6463 6070 6094
f 6070 8512 6094
f 6463 6070 6462
f 7986 6070 7987
f 7986 8512 6070
f 6095 6072 6071
f 6094 6095 6071
f 6464 6095 6071
f 8513 6071 6095
f 7987 6071 8513
f 6096 6072 6095
f 6099 6074 6073
f 6465 6073 6074
f 6097 6099 6073
f 6465 6448 6073
f 6075 6074 6100
f 6074 6075 6467
f 6100 6074 6099
f 6465 6074 6466
f 6074 6467 6466
f 6076 6075 6100
f 6075 6076 6467
f 6075 7199 6100
f 6450 6075 6467
f 6076 6078 6077
f 6077 6469 6076
f 6103 6078 6076
f 6101 6076 6100
f 6103 6076 6101
f 6076 6468 6467
f 6468 6076 6469
f 6077 6452 6469
f 6079 6104 6080
f 6081 6080 6105
f 6470 6080 6081
f 6080 6104 6105
f 6080 6470 6453
f 6081 6107 6082
f 6081 6082 6471
f 6081 6105 6106
f 6081 6106 7204
f 6107 6081 7223
f 6454 6081 6471
f 6081 6471 6470
f 7204 7223 6081
f 6083 6082 6107
f 6083 6472 6082
f 6472 6471 6082
f 6084 6083 6109
f 6107 6108 6083
f 6109 6083 6108
f 6083 6456 6473
f 6083 6473 6472
f 6110 6086 6085
f 6086 6112 6087
f 6086 6087 6474
f 6087 6086 8505
f 6110 6111 6086
f 6112 6086 6111
f 6474 6457 6086
f 6086 8504 8505
f 6087 6088 6475
f 6088 6087 7207
f 6112 7224 6087
f 6475 6458 6087
f 6475 6474 6087
f 7206 7207 6087
f 6087 7224 7206
f 6089 6088 6113
f 6089 6477 6088
f 6113 6088 7225
f 6476 6475 6088
f 6476 6088 6477
f 7207 7225 6088
f 6114 6090 6089
f 6113 6114 6089
f 6477 6089 6460
f 6090 6114 6115
f 6116 6092 6091
f 6093 6092 6117
f 6092 6093 6478
f 6116 6117 6092
f 6092 6478 6461
f 6093 6094 6479
f 7211 6094 6093
f 6117 6118 6093
f 6093 6118 7210
f 6479 6478 6093
f 6093 7210 7211
f 6095 6094 6119
f 6094 6095 6481
f 6094 8513 6095
f 6119 6094 7229
f 6480 6463 6094
f 6480 6479 6094
f 6094 6481 6480
f 7211 7229 6094
f 8513 6094 8512
f 6120 6096 6095
f 6119 6120 6095
f 6481 6095 6464
f 6121 6096 6120
f 6098 6099 6097
f 6099 6098 6123
f 6122 6123 6098
f 6099 6100 6123
f 6100 6099 6484
f 6123 6503 6099
f 6484 6099 6503
f 6485 6101 6100
f 6100 6101 7217
f 7218 6101 6100
f 6124 6123 6100
f 6124 6504 6100
f 6100 6484 6485
f 6485 6100 6504
f 7217 7199 6100
f 7218 6100 7217
f 6101 6102 6103
f 6102 6101 6487
f 6101 6485 6486
f 6487 6101 6486
f 7218 7217 6101
f 6102 6126 6103
f 6126 6102 6505
f 6487 6505 6102
f 6127 6103 6126
f 6129 6105 6104
f 6104 6128 6129
f 6105 6106 6129
f 6106 6105 6488
f 6129 6506 6105
f 6488 6105 6506
f 6131 6107 6106
f 7222 6106 6107
f 6106 6130 6129
f 6131 6106 6130
f 6130 6106 6507
f 6106 6488 6489
f 6489 6507 6106
f 7222 7204 6106
f 6491 6108 6107
f 6132 6131 6107
f 6131 6508 6107
f 6491 6107 6490
f 6490 6107 6508
f 6107 7223 7222
f 6108 6132 6109
f 6509 6132 6108
f 6509 6108 6491
f 6133 6109 6132
f 6135 6111 6110
f 6110 6134 6135
f 6112 6136 6111
f 6112 6111 6492
f 6136 6135 6111
f 6135 6510 6111
f 6111 6510 6492
f 6112 6136 6113
f 6113 6112 6493
f 6113 6112 6494
f 6112 6113 7224
f 6136 6112 6511
f 6112 6492 6493
f 6493 6112 6494
f 6493 6511 6112
f 6137 6114 6113
f 6113 6495 6114
f 6137 6113 6136
f 6137 6512 6113
f 6493 6494 6113
f 6494 6495 6113
f 6113 6512 6494
f 6113 7225 7224
f 6114 6138 6115
f 6137 6138 6114
f 6138 6114 6513
f 6513 6114 6495
f 6115 6138 6139
f 6141 6117 6116
f 6116 6140 6141
f 6117 6118 6142
f 6497 6118 6117
f 6141 6142 6117
f 6141 6514 6117
f 6497 6117 6496
f 6117 6514 6496
f 6142 6119 6118
f 6119 6118 6497
f 6119 6118 6498
f 7229 6118 6119
f 6142 6118 6515
f 6497 6118 6498
f 6497 6515 6118
f 7228 7210 6118
f 7228 6118 7229
f 6119 6120 6143
f 6499 6120 6119
f 6119 6142 6143
f 6143 6516 6119
f 6497 6498 6119
f 6498 6499 6119
f 6119 6516 6498
f 6120 6144 6121
f 6120 6144 6143
f 6144 6120 6517
f 6517 6120 6499
f 6121 6144 6145
f 6146 6123 6122
f 6123 6147 6122
f 6122 6502 6123
f 6147 6146 6122
f 6522 6122 6146
f 6522 6502 6122
f 6147 6123 6124
f 6124 6123 6148
f 6146 6147 6123
f 8184 6147 6123
f 6503 6123 6502
f 8184 6123 8157
f 8157 8683 6123
f 6124 6148 6125
f 6124 6125 6149
f 6148 6147 6124
f 6148 6124 6149
f 6148 6524 6124
f 6504 6124 6524
f 6149 6125 6126
f 6125 6150 6126
f 6149 8186 6125
f 6125 8186 8159
f 8159 8685 6125
f 6150 6149 6126
f 6526 6150 6126
f 6505 6526 6126
f 6151 6129 6128
f 6129 6153 6130
f 6129 6130 8689
f 6129 6151 6152
f 6152 6528 6129
f 6129 8190 6152
f 6506 6129 6528
f 8190 6129 8162
f 8162 6129 8689
f 6130 6153 6131
f 6131 6154 6130
f 6130 6507 6131
f 6130 6154 6153
f 6153 6529 6130
f 6153 8191 6130
f 6507 6130 6529
f 8191 8163 6130
f 8163 8690 6130
f 8689 6130 8690
f 6154 6131 6132
f 6131 6155 6132
f 6131 6153 6154
f 6154 8192 6131
f 6131 6507 6508
f 8192 6131 8164
f 8164 6131 8691
f 6155 6154 6132
f 6155 6132 6531
f 6509 6531 6132
f 6134 6156 6135
f 6136 6135 6157
f 6136 8696 6135
f 6156 6157 6135
f 6157 6533 6135
f 8196 6157 6135
f 6510 6135 6533
f 8196 6135 8167
f 8167 6135 8695
f 8696 8695 6135
f 6136 6137 6159
f 6136 6511 6137
f 6512 6136 6137
f 6136 6158 6159
f 6158 6136 6534
f 6158 8197 6136
f 6512 6511 6136
f 6511 6534 6136
f 8197 8168 6136
f 6136 8168 8696
f 6138 6137 6160
f 6137 6138 8698
f 6159 6535 6137
f 6159 6137 8198
f 6512 6137 6511
f 6512 6137 6535
f 6137 8169 8198
f 8169 6137 8697
f 6137 8698 8697
f 6160 6139 6138
f 6536 6160 6138
f 6160 8199 6138
f 6536 6138 6513
f 8199 8170 6138
f 8170 8698 6138
f 6162 6141 6140
f 6141 6162 6142
f 6142 8174 6141
f 6162 6538 6141
f 8202 6162 6141
f 6514 6141 6538
f 8173 6141 8174
f 8202 6141 8173
f 6163 6142 6143
f 6143 6142 6164
f 6143 6142 6515
f 6163 6164 6142
f 6163 8203 6142
f 8203 8174 6142
f 8174 6142 8702
f 6144 6143 6165
f 6143 6144 8704
f 6164 6163 6143
f 6164 6540 6143
f 8204 6164 6143
f 6516 6143 6515
f 6516 6143 6540
f 8204 6143 8175
f 8175 6143 8703
f 8704 8703 6143
f 6166 6145 6144
f 6165 6166 6144
f 6165 6144 6541
f 6165 8205 6144
f 6541 6144 6517
f 8205 8176 6144
f 8176 8704 6144
f 6147 6523 6146
f 6146 6194 6522
f 6194 6146 6571
f 6522 6146 6523
f 6571 6146 6522
f 6524 6148 6525
f 6525 6150 6526
f 6200 6151 6152
f 6528 6152 6151
f 6151 6200 6574
f 6527 6528 6151
f 6151 6574 6527
f 6153 6152 8190
f 6200 6152 6201
f 6201 6152 6528
f 6154 6530 6153
f 6529 6153 6530
f 8190 8191 6153
f 6156 6157 6205
f 6156 6532 6157
f 6205 6577 6156
f 6532 6156 6577
f 6157 8196 6158
f 6206 6205 6157
f 6206 6157 6533
f 6533 6157 6532
f 8196 8197 6158
f 6160 6159 8198
f 6160 8198 8199
f 6210 6161 6162
f 6162 6161 6538
f 6161 6210 6581
f 6537 6538 6161
f 6581 6537 6161
f 6163 6162 8202
f 6210 6162 6211
f 6211 6162 6538
f 6163 6164 6539
f 6163 8202 8203
f 6165 6164 8205
f 6540 6539 6164
f 8204 8205 6164
f 6166 6170 6215
f 6542 6170 6166
f 6166 6215 6542
f 6167 6171 6552
f 6167 6543 6441
f 6552 6543 6167
f 6179 6180 6168
f 6180 7273 6168
f 6169 6205 6181
f 6169 7274 6181
f 6170 6190 6215
f 6190 7313 6170
f 6215 6170 6584
f 6542 6551 6170
f 6170 6551 6584
f 6170 7285 6551
f 7285 6170 7313
f 6552 6171 6192
f 6172 6173 6195
f 6172 6523 6173
f 6172 6195 6571
f 6553 6523 6172
f 6172 6571 6553
f 6173 6174 6196
f 6544 6174 6173
f 6195 6173 6196
f 6523 6524 6173
f 6524 6544 6173
f 6175 6198 6174
f 6174 6525 6175
f 6197 6196 6174
f 6197 6174 6198
f 6174 6544 6525
f 6198 6175 6554
f 6525 6554 6175
f 6177 6201 6176
f 6528 6177 6176
f 6176 6201 6575
f 6528 6176 6556
f 6575 6556 6176
f 6177 6178 6202
f 6546 6178 6177
f 6202 6201 6177
f 6529 6177 6528
f 6545 6177 6529
f 6545 6546 6177
f 6179 6203 6178
f 6178 6530 6179
f 6202 6178 6203
f 6178 6546 6530
f 6205 6180 6179
f 6179 6203 6205
f 6203 6179 6557
f 6179 6530 6531
f 6557 6179 6531
f 6181 6180 6205
f 7301 6180 6181
f 7301 7273 6180
f 6181 6205 6182
f 7302 6181 7274
f 6181 7302 7301
f 6183 6207 6182
f 6534 6183 6182
f 6182 6205 6206
f 6206 6182 6207
f 6182 6206 6578
f 6534 6182 6533
f 6559 6533 6182
f 6182 6578 6559
f 6183 6184 6208
f 6548 6184 6183
f 6208 6207 6183
f 6534 6547 6183
f 6183 6547 6548
f 6185 6208 6184
f 6185 6184 6535
f 6184 6548 6535
f 6185 6209 6208
f 6185 6579 6209
f 6185 6535 6536
f 6536 6560 6185
f 6560 6579 6185
f 6187 6211 6186
f 6187 6186 6539
f 6186 6211 6563
f 6186 6538 6539
f 6538 6186 6563
f 6188 6213 6187
f 6550 6188 6187
f 6211 6187 6212
f 6212 6187 6213
f 6187 6539 6549
f 6187 6549 6550
f 6189 6214 6188
f 6541 6189 6188
f 6213 6188 6214
f 6188 6540 6541
f 6188 6550 6540
f 6190 6189 6215
f 6215 6189 6214
f 6564 6214 6189
f 6541 6564 6189
f 6216 6191 6190
f 6216 6190 6215
f 6566 6552 6192
f 6566 6192 7362
f 6193 6195 6194
f 6193 6194 6199
f 6193 6570 6194
f 6194 6571 6193
f 6193 6222 6195
f 6220 6222 6193
f 6570 6220 6193
f 6570 6193 6571
f 6194 6195 6199
f 6195 6194 6571
f 6588 6194 6221
f 6248 6571 6194
f 6607 6248 6194
f 6571 6522 6194
f 6194 6569 6571
f 6571 6194 6570
f 6194 6588 6571
f 6607 6194 6571
f 6199 6195 6197
f 6195 6200 6197
f 6195 6197 6222
f 6195 6222 6200
f 6195 6222 6588
f 6571 6195 6588
f 6198 6199 6197
f 6197 6200 6198
f 6197 6198 6224
f 6224 6222 6197
f 6572 6199 6198
f 6198 6572 6200
f 6225 6224 6198
f 6225 6198 6591
f 6198 6554 6572
f 6572 6591 6198
f 6199 6200 6204
f 6199 6200 6572
f 6199 6573 6200
f 6199 6200 6574
f 6204 6199 6205
f 6199 6204 6210
f 6199 6210 6205
f 6199 6573 6572
f 6199 6574 6573
f 6200 6203 6201
f 6200 6204 6201
f 6201 6228 6200
f 6252 6201 6200
f 6574 6201 6200
f 6201 6575 6200
f 6200 6227 6203
f 6222 6227 6200
f 6227 6200 6228
f 6593 6200 6227
f 6611 6252 6200
f 6574 6200 6572
f 6200 6573 6574
f 6574 6200 6575
f 6593 6574 6200
f 6611 6200 6574
f 6201 6203 6202
f 6204 6201 6202
f 6201 6202 6230
f 6228 6201 6230
f 6201 6228 6575
f 6594 6228 6201
f 6252 6253 6201
f 6253 6575 6201
f 6528 6575 6201
f 6575 6201 6574
f 6575 6594 6201
f 6202 6203 6204
f 6203 6202 6205
f 6202 6203 6231
f 6231 6230 6202
f 6576 6204 6203
f 6205 6203 6233
f 6576 6205 6203
f 6577 6203 6205
f 6233 6203 6227
f 6231 6203 6595
f 6203 6557 6576
f 6203 6577 6576
f 6576 6595 6203
f 6205 6210 6204
f 6205 6204 6576
f 6205 6206 6210
f 6212 6206 6205
f 6206 6233 6205
f 6258 6206 6205
f 6577 6206 6205
f 6206 6578 6205
f 6212 6205 6238
f 6233 6236 6205
f 6205 6233 6577
f 6236 6238 6205
f 6616 6258 6205
f 6205 6576 6577
f 6578 6577 6205
f 6616 6205 6577
f 6207 6208 6206
f 6235 6206 6207
f 6210 6206 6208
f 6212 6208 6206
f 6233 6206 6234
f 6234 6206 6235
f 6206 6234 6597
f 6258 6259 6206
f 6259 6578 6206
f 6533 6578 6206
f 6577 6578 6206
f 6578 6597 6206
f 6208 6236 6207
f 6236 6235 6207
f 6208 6209 6210
f 6208 6212 6209
f 6208 6209 6236
f 6209 6579 6210
f 6212 6581 6209
f 6237 6236 6209
f 6237 6209 6598
f 6579 6209 6581
f 6579 6598 6209
f 6211 6210 6212
f 6215 6210 6211
f 6210 6211 6239
f 6263 6211 6210
f 6210 6581 6211
f 6582 6210 6211
f 6210 6213 6212
f 6210 6216 6213
f 6215 6216 6210
f 6600 6210 6239
f 6619 6263 6210
f 6580 6210 6579
f 6210 6579 6581
f 6581 6210 6580
f 6210 6582 6581
f 6600 6581 6210
f 6619 6210 6582
f 6215 6211 6212
f 6211 6212 6240
f 6581 6212 6211
f 6240 6239 6211
f 6240 6211 6582
f 6263 6264 6211
f 6264 6582 6211
f 6538 6582 6211
f 6582 6563 6211
f 6581 6582 6211
f 6213 6212 6214
f 6215 6212 6213
f 6212 6213 6242
f 6212 6216 6214
f 6216 6212 6243
f 6243 6212 6238
f 6241 6240 6212
f 6241 6212 6242
f 6214 6213 6215
f 6214 6213 6216
f 6214 6242 6213
f 6214 6583 6215
f 6214 6216 6583
f 6214 6243 6242
f 6243 6214 6602
f 6564 6583 6214
f 6214 6583 6602
f 6216 6215 6585
f 7339 6216 6215
f 6244 6215 6584
f 6244 6603 6215
f 6268 6584 6215
f 6621 6268 6215
f 6584 6542 6215
f 6584 6215 6583
f 6215 6584 6585
f 6584 6215 6603
f 6621 6215 6584
f 6215 6584 7339
f 6216 7339 6217
f 6245 6216 6243
f 6245 6585 6216
f 6583 6216 6584
f 6216 6585 6584
f 7339 7779 6217
f 9328 9327 6218
f 9328 6218 9346
f 9346 6218 9349
f 6586 6247 6219
f 6586 6606 6219
f 6220 6221 6222
f 6220 6587 6221
f 6570 6587 6220
f 6222 6221 6589
f 6221 6587 6588
f 6588 6589 6221
f 6224 6222 6223
f 6223 6222 6250
f 6222 6224 6227
f 6224 7343 6222
f 6250 6222 6249
f 6222 6589 6249
f 6222 7341 6588
f 7343 7341 6222
f 6223 6251 6224
f 6250 6251 6223
f 6224 6225 6226
f 6225 6224 6590
f 6591 6224 6225
f 6226 6227 6224
f 6251 6609 6224
f 6224 6609 6590
f 6929 6224 6591
f 6929 7344 6224
f 7343 6224 7344
f 6225 6591 6226
f 6590 6591 6225
f 6592 6227 6226
f 6592 6226 6591
f 6227 6228 6233
f 6227 6592 6593
f 6230 6228 6229
f 6228 6254 6229
f 6233 6228 6230
f 6228 6230 7348
f 6253 6254 6228
f 6228 6594 6253
f 6594 6575 6228
f 6228 6930 6594
f 6930 6228 7345
f 7346 7345 6228
f 7348 7346 6228
f 6229 6254 6230
f 6230 6231 6233
f 6230 6595 6231
f 6231 7349 6230
f 6255 6230 6254
f 6230 6255 6595
f 7348 6230 7349
f 6595 6233 6231
f 6595 7349 6231
f 6236 6233 6234
f 6596 6577 6233
f 6233 6595 6596
f 6236 6234 6235
f 6235 6234 6260
f 6234 6235 6597
f 6234 6259 6260
f 6259 6234 6617
f 6597 6617 6234
f 6235 6260 6236
f 6236 7352 6235
f 6596 6597 6235
f 6596 6235 6934
f 6934 6235 6935
f 6935 6235 7351
f 7351 6235 7352
f 6236 6237 6238
f 6237 6236 6262
f 6237 7353 6236
f 6260 6261 6236
f 6261 6262 6236
f 7352 6236 7353
f 6237 6598 6238
f 6237 6262 6598
f 6237 6598 6936
f 6936 7354 6237
f 7353 6237 7354
f 6240 6238 6239
f 6600 6239 6238
f 6240 6241 6238
f 6243 6238 6241
f 6238 6598 6600
f 6265 6241 6240
f 6240 6241 7357
f 6265 6240 6264
f 6240 6619 6264
f 6582 6601 6240
f 6240 6601 6619
f 6601 6240 7357
f 6241 6242 6243
f 6242 6241 6266
f 6242 7358 6241
f 6265 6266 6241
f 7357 6241 7358
f 6243 6242 6266
f 6242 6243 7359
f 7358 6242 7359
f 6245 6243 6244
f 6243 6602 6244
f 6267 6243 6266
f 6243 6267 6602
f 6243 6602 7359
f 6604 6245 6244
f 6244 6584 6603
f 6603 6244 6602
f 6244 6603 6604
f 6245 6604 6585
f 6606 6246 6247
f 6605 6272 6246
f 6606 6605 6246
f 6247 6586 6606
f 6248 6607 6571
f 6273 6250 6249
f 6627 6273 6249
f 6608 6249 6589
f 6608 6627 6249
f 6274 6251 6250
f 6273 6274 6250
f 6274 6275 6251
f 6251 6275 6609
f 6612 6253 6252
f 6611 6612 6252
f 6255 6253 6254
f 6254 6253 6277
f 6253 6947 6254
f 6612 6253 6255
f 6277 6253 6276
f 6253 6612 6276
f 6253 6612 6575
f 6612 6253 6594
f 6612 6947 6253
f 6254 6278 6255
f 6255 6254 6947
f 6278 6254 6277
f 6278 6613 6255
f 6614 6595 6255
f 6255 6613 6612
f 6255 6947 6614
f 6257 6256 6614
f 6614 6615 6257
f 6258 6616 6259
f 6260 6259 6617
f 6259 6617 6578
f 6616 6617 6259
f 6260 6281 6261
f 6281 6260 6280
f 6260 6617 6280
f 6262 6261 6281
f 6632 6262 6281
f 6618 6598 6262
f 6618 6262 6632
f 6263 6619 6264
f 6619 6265 6264
f 6264 6619 6582
f 6265 6284 6266
f 6284 6265 6283
f 6265 6619 6283
f 6267 6266 6285
f 6266 6284 6285
f 6267 6285 6634
f 6620 6602 6267
f 6620 6267 6634
f 6268 6621 6584
f 6270 6622 6269
f 6271 6270 6272
f 6270 6271 8816
f 6270 8270 6622
f 6270 6623 8270
f 6270 8816 8270
f 6271 6272 6624
f 6271 6624 8817
f 8817 8816 6271
f 6625 6272 6605
f 6625 6624 6272
f 6625 6272 6638
f 6286 6274 6273
f 6627 6286 6273
f 6275 6287 6628
f 6275 6628 6609
f 6629 6288 6276
f 6276 6612 6629
f 6278 6289 6290
f 6290 6630 6278
f 6613 6278 6630
f 6617 6279 6280
f 6291 6279 6631
f 6279 6617 6631
f 6281 6292 6293
f 6632 6281 6293
f 6282 6283 6619
f 6647 6294 6282
f 6633 6282 6619
f 6282 6633 6647
f 6295 6284 6283
f 6295 6285 6284
f 6285 6295 6296
f 6285 6296 6634
f 6286 6640 6297
f 6640 6286 6627
f 6298 6641 6287
f 6287 6641 6628
f 6288 6642 6299
f 6629 6642 6288
f 6290 6300 6643
f 6290 6643 6630
f 6301 6291 6644
f 6644 6291 6631
f 6292 6302 6293
f 6293 6302 6303
f 6293 6303 6645
f 6632 6293 6645
f 6646 6304 6294
f 6646 6294 6647
f 6296 6295 6305
f 6305 6648 6296
f 6296 6648 6634
f 6640 6310 6297
f 6298 6311 6653
f 6298 6653 6641
f 6299 6642 6654
f 6300 6655 6643
f 6656 6314 6301
f 6656 6301 6644
f 6645 6303 6316
f 6317 6304 6658
f 6657 6304 6646
f 6657 6658 6304
f 6305 6318 6648
f 6307 6306 6308
f 6662 6308 6306
f 6306 6660 6662
f 6307 6308 6679
f 6679 6321 6307
f 6309 6308 6663
f 6309 6681 6308
f 6663 6308 6662
f 6680 6679 6308
f 6308 6681 6680
f 6309 6323 6681
f 6309 6663 6681
f 6310 6665 6325
f 6640 6665 6310
f 6311 6327 6667
f 6668 6653 6311
f 6668 6311 6667
f 6328 6312 6669
f 6672 6313 6330
f 6672 6655 6313
f 6315 6314 6673
f 6673 6314 6656
f 6673 6331 6315
f 6316 6333 6675
f 6645 6316 6675
f 6658 6676 6317
f 6318 6678 6648
f 6680 6319 6320
f 6336 6319 6679
f 6680 6679 6319
f 6684 6338 6321
f 6679 6684 6321
f 6340 6323 6322
f 6322 6323 6680
f 6340 6322 6339
f 6682 6324 6323
f 6339 6323 6340
f 6339 6686 6323
f 6323 6340 6680
f 6682 6323 6681
f 6686 6681 6323
f 6341 6324 6687
f 6324 6682 6687
f 6666 6326 6325
f 6325 6665 6666
f 6327 6326 6667
f 6667 6326 6666
f 6670 6329 6328
f 6669 6670 6328
f 6671 6330 6329
f 6329 6670 6671
f 6672 6330 6671
f 6331 6674 6332
f 6331 6673 6674
f 6333 6332 6675
f 6674 6675 6332
f 6335 6334 6677
f 6677 6334 6991
f 6334 6683 6991
f 6678 6335 6677
f 6337 6343 6336
f 6337 6336 6685
f 6342 6336 6343
f 6336 6679 6684
f 6336 6684 6685
f 6343 6337 6685
f 6338 6680 6339
f 6680 6338 6684
f 6685 6340 6339
f 6680 6686 6339
f 6686 6680 6340
f 6340 6685 6686
f 6341 6682 6687
f 6345 6688 6344
f 6703 6358 6344
f 6344 6688 6703
f 6689 6345 6346
f 6688 6345 6689
f 6346 6360 6347
f 6347 6690 6346
f 6346 6690 6689
f 6704 6347 6360
f 6347 6691 6690
f 6704 6691 6347
f 6349 6692 6348
f 6705 6361 6348
f 6692 6705 6348
f 6350 6693 6349
f 6692 6349 6693
f 6362 6351 6350
f 6694 6350 6351
f 6694 6693 6350
f 6351 6362 6706
f 6694 6351 6695
f 6695 6351 6706
f 6697 6352 6353
f 6707 6364 6352
f 6696 6352 6697
f 6696 6707 6352
f 6698 6353 6354
f 6353 6698 6697
f 6354 6365 6708
f 6698 6354 6699
f 6699 6354 6708
f 6356 6700 6355
f 6709 6367 6355
f 6700 6709 6355
f 6701 6356 6357
f 6356 6701 6700
f 6357 6368 6710
f 6702 6701 6357
f 6710 6702 6357
f 6369 6358 6719
f 6711 6358 6703
f 6358 6711 6719
f 6380 6720 6360
f 6704 6360 6712
f 6720 6712 6360
f 6721 6370 6361
f 6713 6361 6705
f 6721 6361 6713
f 6362 6384 6722
f 6706 6362 6714
f 6714 6362 6722
f 6707 6363 6364
f 6723 6372 6363
f 6715 6363 6707
f 6363 6715 6723
f 6388 6389 6365
f 6389 6724 6365
f 6708 6365 6716
f 6724 6716 6365
f 6366 6376 6367
f 6366 6367 6717
f 6375 6376 6366
f 6726 6375 6366
f 6726 6366 6717
f 6717 6367 6709
f 6392 6393 6368
f 6368 6393 6728
f 6718 6710 6368
f 6368 6728 6718
f 6369 6730 6379
f 6730 6369 6719
f 6399 6370 6371
f 6370 6733 6382
f 6399 6398 6370
f 6370 6721 6733
f 6373 6372 6387
f 6403 6372 6373
f 6386 6387 6372
f 6372 6734 6386
f 6403 6402 6372
f 6372 6723 6734
f 6376 6375 6390
f 6375 6736 6390
f 6736 6375 6726
f 6390 6391 6376
f 6395 6379 6378
f 6737 6378 6379
f 6395 6378 6394
f 6737 6394 6378
f 6395 6756 6379
f 6379 6730 6737
f 6737 6379 6756
f 6379 6737 7057
f 6381 6740 6380
f 6396 6380 6740
f 6720 6380 6740
f 6738 6739 6380
f 6380 6739 7059
f 6740 6380 7060
f 7059 7060 6380
f 6382 6741 6381
f 6381 6741 6740
f 6383 6398 6382
f 6382 6742 6383
f 6382 6398 6741
f 6382 6733 6741
f 6741 7062 6382
f 7063 6742 6382
f 7062 7063 6382
f 6383 6399 6398
f 6385 6744 6384
f 6384 6744 6400
f 6722 6384 6744
f 6744 6384 6743
f 6386 6745 6385
f 6385 7066 6744
f 6745 7066 6385
f 6387 6402 6386
f 7067 6387 6386
f 6386 6402 6745
f 6386 6734 6745
f 7067 6386 6745
f 6387 6403 6402
f 6389 6404 6388
f 6388 7069 6389
f 6748 7069 6388
f 6390 6751 6389
f 6389 6405 6404
f 6389 6750 6405
f 6724 6389 6750
f 6750 6389 6751
f 6389 7069 6750
f 6391 6407 6390
f 6406 6390 6407
f 6390 6406 6769
f 6390 6736 6751
f 6390 6769 6751
f 6393 6408 6392
f 6409 6393 6392
f 6393 6392 7076
f 6409 6392 6408
f 6393 6409 6408
f 6755 6393 6409
f 6755 6728 6393
f 6755 6393 7076
f 6395 6412 6394
f 6756 6395 6394
f 6737 6756 6394
f 6413 6412 6395
f 6395 6756 6413
f 6419 6781 6395
f 6756 6395 6781
f 6398 6396 6397
f 6396 6415 6397
f 6758 6396 6397
f 6759 6396 6398
f 6396 6414 6415
f 6782 6421 6396
f 6396 6740 6758
f 6396 6759 6758
f 6758 6782 6396
f 6398 6397 6759
f 7484 6397 6398
f 6758 6759 6397
f 7484 6758 6397
f 7485 6397 6758
f 7485 6759 6397
f 6398 6422 6399
f 6398 6422 6783
f 6741 6398 6759
f 6759 6398 6783
f 7484 6398 6759
f 6423 6399 6422
f 6402 6401 6400
f 6400 6762 6401
f 6400 6427 6402
f 6763 6400 6402
f 6400 6426 6427
f 6426 6400 6762
f 6762 6400 6744
f 6400 6763 6762
f 6403 6401 6402
f 6402 6401 6763
f 7489 6401 6402
f 6763 6401 6762
f 7489 6762 6401
f 6402 6403 6428
f 6402 6429 6403
f 6427 6428 6402
f 6402 6428 6429
f 6786 6402 6428
f 6745 6402 6763
f 6402 6786 6763
f 6402 6763 7489
f 6429 6428 6403
f 6405 6406 6404
f 6404 6405 6433
f 6404 6433 6432
f 6406 6407 6405
f 6406 6405 6417
f 6405 6768 6406
f 6406 6769 6405
f 6405 6416 6417
f 6789 6433 6405
f 6768 6405 6750
f 6768 6405 6769
f 6789 6405 6768
f 6405 6768 7495
f 6769 6405 6770
f 7495 6770 6405
f 6434 6406 6407
f 6407 6406 6435
f 6434 6435 6406
f 6790 6406 6434
f 6769 6406 6768
f 7494 6768 6406
f 6769 6406 6790
f 7494 6406 6769
f 6407 6435 6434
f 6409 6438 6408
f 6773 6409 6410
f 6409 6439 6438
f 6792 6439 6409
f 6409 6773 6755
f 6773 6792 6409
f 6410 6440 6792
f 6410 6792 6773
f 6418 6774 6411
f 6412 6413 7502
f 6775 6413 6756
f 6775 7502 6413
f 6780 6418 6441
f 6774 6418 6780
f 6449 6448 6419
f 6801 6419 6448
f 6781 6419 6801
f 6420 6442 6450
f 6442 6420 6451
f 6451 6421 6452
f 6452 6421 6805
f 6782 6805 6421
f 6422 6423 6453
f 6422 6453 6806
f 6422 6806 6783
f 6425 6455 6424
f 6424 6443 6454
f 6424 6455 6443
f 6426 6809 6456
f 6762 6784 6426
f 6784 6809 6426
f 6427 6785 6428
f 6785 6427 7134
f 6429 6457 6428
f 6810 6428 6457
f 6786 6428 6785
f 6786 6428 6810
f 6431 6445 6430
f 6444 6430 6445
f 6444 6458 6430
f 6459 6445 6431
f 6460 6432 6433
f 6433 6813 6460
f 6789 6813 6433
f 6461 6434 6435
f 6461 6814 6434
f 6434 6814 6790
f 6437 6447 6436
f 6446 6436 6447
f 6462 6436 6446
f 6437 6463 6447
f 6438 6439 6464
f 6439 6817 6464
f 6792 6817 6439
f 6792 6440 7555
f 6543 6892 6441
f 6441 6793 6780
f 6892 6793 6441
f 6450 6442 6451
f 6454 6443 6455
f 6459 6444 6445
f 6444 6459 6458
f 6447 6462 6446
f 6463 6462 6447
f 6801 6448 6465
f 6450 6467 6803
f 6805 6469 6452
f 6470 6806 6453
f 6454 6471 6807
f 6456 6809 6473
f 6457 6474 6810
f 6475 6458 6811
f 6477 6460 6813
f 6478 6814 6461
f 6816 6463 6480
f 6464 6817 6481
f 6465 6466 6820
f 6820 6801 6465
f 6467 6821 6466
f 6466 6821 6820
f 6823 6467 6468
f 6467 6822 6485
f 6840 6485 6467
f 6822 6803 6467
f 6821 6467 6822
f 6823 6822 6467
f 6840 6467 6822
f 6469 6823 6468
f 6469 6805 6824
f 6824 6823 6469
f 6470 6471 6825
f 6825 6806 6470
f 6472 6826 6471
f 6490 6471 6489
f 6471 6826 6489
f 6843 6489 6471
f 6490 6826 6471
f 6826 6807 6471
f 6825 6471 6826
f 6843 6471 6826
f 6473 6827 6472
f 6827 6826 6472
f 6809 6828 6473
f 6828 6827 6473
f 6474 6475 6829
f 6829 6810 6474
f 6811 6475 6476
f 6475 6830 6476
f 6830 6475 6493
f 6845 6493 6475
f 6811 6830 6475
f 6830 6829 6475
f 6845 6475 6830
f 6476 6477 6831
f 6476 6831 6494
f 6831 6811 6476
f 6830 6831 6476
f 6813 6832 6477
f 6832 6831 6477
f 6479 6833 6478
f 6833 6814 6478
f 6834 6479 6480
f 6480 6835 6479
f 6834 6479 6497
f 6847 6497 6479
f 6479 6834 6833
f 6834 6479 6835
f 6847 6479 6834
f 6481 6835 6480
f 6480 6835 6498
f 6480 6816 6834
f 6835 6816 6480
f 6834 6835 6480
f 6481 6817 6836
f 6835 6481 6836
f 6482 6483 6500
f 6501 6483 6482
f 6838 6482 6483
f 6501 6482 6500
f 6482 6500 7212
f 6500 6482 7242
f 6838 6837 6482
f 6482 7212 6837
f 6837 7242 6482
f 6501 6500 6483
f 6849 6483 6501
f 6483 6849 6838
f 6853 6485 6484
f 6853 6484 6503
f 6504 6486 6485
f 6485 6840 6486
f 6486 6841 6485
f 6854 6504 6485
f 6840 6485 6822
f 6840 6485 6841
f 6485 6853 6854
f 6487 6486 6505
f 6486 6504 6855
f 6486 6855 6505
f 6841 6486 6840
f 6489 6488 6857
f 6506 6857 6488
f 6490 6843 6489
f 6844 6490 6489
f 6489 6858 6507
f 6843 6489 6826
f 6844 6489 6843
f 6489 6857 6858
f 6859 6491 6490
f 6490 6508 6859
f 6490 6844 6826
f 6490 6844 6843
f 6860 6509 6491
f 6491 6859 6860
f 6861 6493 6492
f 6510 6861 6492
f 6845 6494 6493
f 6493 6846 6494
f 6862 6511 6493
f 6845 6830 6493
f 6845 6846 6493
f 6493 6861 6862
f 6863 6495 6494
f 6494 6512 6863
f 6846 6494 6831
f 6846 6494 6845
f 6513 6495 6864
f 6495 6863 6864
f 6865 6497 6496
f 6865 6496 6514
f 6847 6498 6497
f 6866 6515 6497
f 6847 6834 6497
f 6497 6865 6866
f 6867 6499 6498
f 6498 6516 6867
f 6848 6498 6835
f 6848 6498 6847
f 6517 6499 6868
f 6499 6867 6868
f 6519 6501 6500
f 6519 6500 6518
f 6518 6500 6869
f 6518 7242 6500
f 7242 6869 6500
f 7230 7212 6500
f 7242 7230 6500
f 6501 6519 6849
f 6503 6502 6852
f 6522 6875 6502
f 6875 6852 6502
f 6852 6853 6503
f 6524 6877 6504
f 6855 6504 6854
f 6877 6854 6504
f 6879 6526 6505
f 6855 6856 6505
f 6879 6505 6856
f 6528 6880 6506
f 6880 6857 6506
f 6508 6507 6858
f 6529 6881 6507
f 6881 6858 6507
f 6858 6859 6508
f 6883 6531 6509
f 6860 6883 6509
f 6533 6884 6510
f 6510 6884 6861
f 6535 6511 6512
f 6511 6862 6512
f 6535 6534 6511
f 6534 6885 6511
f 6885 6862 6511
f 6512 6862 6863
f 6887 6536 6513
f 6864 6887 6513
f 6538 6888 6514
f 6888 6865 6514
f 6866 6516 6515
f 6540 6516 6539
f 6540 6890 6516
f 6516 6866 6867
f 6890 6867 6516
f 6517 6891 6541
f 6517 6868 6891
f 6518 6869 6519
f 6870 6519 6518
f 6870 6518 6869
f 6869 7242 6518
f 6519 6870 6849
f 6870 6519 6869
f 6873 6520 6521
f 6567 6520 6912
f 6520 6873 6912
f 6873 6521 6874
f 6874 6521 7650
f 6522 6523 6553
f 6522 6553 6875
f 6524 6525 6544
f 6525 6526 6554
f 6879 6554 6526
f 6527 6574 6528
f 6528 6556 6555
f 6528 6555 6880
f 6575 6528 6574
f 6529 6530 6545
f 6545 6530 6546
f 6557 6531 6883
f 6578 6533 6532
f 6532 6577 6578
f 6558 6533 6559
f 6884 6533 6558
f 6547 6534 6535
f 6535 6548 6547
f 6560 6536 6561
f 6536 6887 6561
f 6538 6537 6581
f 6562 6538 6563
f 6538 6562 6888
f 6538 6581 6582
f 6540 6550 6539
f 6550 6549 6539
f 6541 6565 6564
f 6541 6891 6565
f 6542 6584 6551
f 6892 6543 6552
f 6566 6898 6552
f 6892 6552 6898
f 6571 6914 6553
f 6553 6900 6875
f 6900 6553 6914
f 6572 6554 6915
f 6554 6879 6901
f 6901 6915 6554
f 6555 6556 6574
f 6574 6916 6555
f 6555 6902 6880
f 6902 6555 6916
f 6575 6574 6556
f 6903 6576 6557
f 6557 6883 6903
f 6577 6558 6559
f 6904 6558 6577
f 6904 6884 6558
f 6577 6559 6578
f 6561 6580 6560
f 6579 6560 6580
f 6907 6580 6561
f 6887 6907 6561
f 6563 6582 6562
f 6581 6562 6582
f 6581 6923 6562
f 6908 6888 6562
f 6908 6562 6923
f 6565 6583 6564
f 6565 6584 6583
f 6584 6565 6925
f 6565 6891 6910
f 6910 6925 6565
f 6566 6911 6898
f 7362 6911 6566
f 6569 6567 6568
f 6568 6567 6913
f 6912 6913 6567
f 6569 6568 7757
f 6568 6913 7757
f 6914 6571 6569
f 6569 7757 6914
f 6588 6570 6571
f 6588 6587 6570
f 6571 6588 6914
f 6588 6571 6926
f 6571 6914 6926
f 6915 6573 6572
f 6916 6574 6572
f 6591 6572 6929
f 6572 6915 6916
f 6915 6929 6572
f 6593 6573 6574
f 6593 6592 6573
f 6592 6929 6573
f 6573 6929 6915
f 6575 6593 6574
f 6612 6574 6575
f 6574 6916 6593
f 6593 6930 6574
f 6612 6611 6574
f 6916 6574 6930
f 6575 6594 6593
f 6917 6577 6576
f 6919 6577 6576
f 6576 6917 6595
f 6903 6917 6576
f 6576 6917 6919
f 6577 6578 6596
f 6617 6577 6578
f 6577 6596 6918
f 6596 6934 6577
f 6617 6616 6577
f 6904 6577 6919
f 6918 6577 6917
f 6577 6919 6934
f 6597 6596 6578
f 6580 6581 6579
f 6579 6580 6598
f 6581 6580 6582
f 6922 6581 6580
f 6923 6581 6580
f 6599 6598 6580
f 6580 6937 6599
f 6907 6922 6580
f 6922 6923 6580
f 6922 6937 6580
f 6581 6582 6601
f 6600 6581 6601
f 6581 6600 6922
f 6581 6600 6923
f 6600 6581 6938
f 6923 6938 6581
f 6584 6603 6583
f 6603 6602 6583
f 6925 6584 6585
f 6584 6925 6603
f 6925 7338 6584
f 7338 7339 6584
f 6585 6604 6925
f 6606 6586 6639
f 6589 6588 6927
f 6926 6914 6588
f 6926 6927 6588
f 6926 6588 7341
f 6608 6589 6943
f 6589 6927 6943
f 6591 6590 6609
f 6929 6592 6591
f 6609 6610 6591
f 6591 6610 6929
f 6593 6594 6930
f 6594 6593 6931
f 6916 6930 6593
f 6930 6931 6593
f 6594 6931 6612
f 6595 6933 6596
f 6614 6947 6595
f 6932 6595 6917
f 6933 6595 6932
f 6932 6595 6947
f 7349 6595 6932
f 6596 6935 6597
f 6933 6918 6596
f 6933 6596 6932
f 6935 6596 6934
f 6597 6949 6617
f 6949 6597 6935
f 6598 6599 6600
f 6598 6936 6599
f 6618 6950 6598
f 6598 6950 6936
f 6937 6600 6599
f 6937 6936 6599
f 6601 6938 6600
f 6600 6939 6601
f 6937 6922 6600
f 6938 6923 6600
f 6939 6600 6938
f 6601 6939 6619
f 6938 6601 6939
f 6939 6601 7357
f 6603 6602 6940
f 6603 7359 6602
f 6952 6602 6620
f 6602 6952 6940
f 6941 6604 6603
f 6941 6603 6925
f 6940 6941 6603
f 6941 7359 6603
f 6941 6925 6604
f 6626 6605 6606
f 6626 6625 6605
f 6606 6942 6626
f 6942 6606 6639
f 6627 6608 6943
f 6610 6609 6628
f 6610 6628 6945
f 6945 6929 6610
f 6613 6614 6612
f 6614 6947 6612
f 6629 6612 6946
f 6946 6612 6931
f 6946 6947 6612
f 6946 6612 7370
f 6947 7370 6612
f 6614 6613 6630
f 6615 6948 6614
f 6615 6614 6959
f 6630 6947 6614
f 6947 6614 6948
f 6958 6614 6947
f 6614 6958 6959
f 6959 6948 6615
f 6617 6949 6631
f 6950 6618 6632
f 6951 6633 6619
f 6951 6619 6939
f 6620 6634 6952
f 6622 8269 6635
f 8269 6622 8270
f 6624 6625 6636
f 6624 6636 8817
f 6954 6625 6626
f 6638 6636 6625
f 6638 6625 6953
f 6954 6953 6625
f 6942 6954 6626
f 6955 6640 6627
f 6955 6627 6943
f 6628 6641 6956
f 6628 6956 6945
f 6957 6642 6629
f 6957 6629 6946
f 6630 6643 6958
f 6947 6630 6958
f 6631 6960 6644
f 6631 6949 6960
f 6645 6961 6632
f 6961 6950 6632
f 6962 6647 6633
f 6962 6633 6951
f 6634 6648 6659
f 6634 6659 6963
f 6963 6952 6634
f 6635 8828 6660
f 8278 6635 8269
f 6635 8278 8828
f 6638 6637 6636
f 7401 6636 6637
f 6636 6649 6964
f 6964 7400 6636
f 6636 7401 7400
f 7400 8830 6636
f 8830 8817 6636
f 7401 6637 6638
f 6965 6651 6638
f 6651 7406 6638
f 6953 6965 6638
f 7402 7401 6638
f 7402 6638 7406
f 6639 6652 7403
f 6954 6942 6639
f 6954 6639 7381
f 7403 7381 6639
f 6975 6665 6640
f 6955 6975 6640
f 6641 6653 6968
f 6641 6968 6956
f 6969 6654 6642
f 6957 6969 6642
f 6655 6672 6643
f 6643 6672 6970
f 6643 6970 6958
f 6971 6656 6644
f 6960 6971 6644
f 6984 6645 6675
f 6645 6984 6961
f 6972 6646 6647
f 6657 6646 6972
f 6972 6647 6962
f 6648 6678 6659
f 6649 6650 6651
f 6650 6649 7405
f 6651 6661 6649
f 6649 6661 7404
f 6964 6649 7404
f 7404 7405 6649
f 6651 6650 7405
f 6651 6663 6661
f 6651 6988 6663
f 6651 6965 6973
f 6988 6651 6973
f 6651 7405 7406
f 6687 6682 6652
f 6682 6992 6652
f 6992 6989 6652
f 7408 6652 6989
f 7407 7403 6652
f 7408 7407 6652
f 6967 6653 6668
f 6653 6967 6968
f 6669 6654 6969
f 6656 6971 6673
f 6658 6657 6972
f 6990 6676 6658
f 6658 6972 6990
f 6659 6678 6987
f 6963 6659 6987
f 6660 6661 6662
f 7404 6661 6660
f 7404 6660 7806
f 8279 7806 6660
f 8278 8279 6660
f 8278 6660 8828
f 6661 6663 6662
f 6664 6681 6663
f 6989 6664 6663
f 6989 6663 6988
f 6664 6682 6681
f 6992 6682 6664
f 6992 6664 6989
f 6665 6975 6666
f 6666 6976 6667
f 6666 6975 6976
f 6668 6667 6977
f 6667 6976 6977
f 6967 6668 6977
f 6670 6669 6979
f 6669 6969 6978
f 6979 6669 6978
f 6671 6670 6980
f 6980 6670 6979
f 6671 6970 6672
f 6970 6671 6980
f 6674 6673 6982
f 6981 6673 6971
f 6982 6673 6981
f 6983 6675 6674
f 6982 6983 6674
f 6984 6675 6983
f 6683 6676 6990
f 6986 6678 6677
f 6986 6677 6991
f 6678 6986 6987
f 6679 6680 6684
f 6681 6686 6680
f 6680 6685 6684
f 6680 6686 6685
f 6683 6990 6991
f 6689 6688 7002
f 6688 6689 7003
f 6688 6689 7833
f 6688 7001 6703
f 7002 6688 6993
f 6993 6688 7854
f 7001 6688 7003
f 7833 7854 6688
f 6689 7002 6690
f 6690 7003 6689
f 6689 6690 7834
f 7834 7833 6689
f 6691 6690 7002
f 6690 6691 7003
f 6690 6691 7835
f 6690 7835 7834
f 6691 6704 6712
f 7003 6691 6712
f 6994 6691 7002
f 7855 6691 6994
f 7835 6691 7836
f 6691 7855 7836
f 6693 6695 6692
f 6692 7006 6693
f 6693 7840 6692
f 7004 6692 6695
f 7004 6705 6692
f 7006 6692 6995
f 7856 6995 6692
f 7839 6692 7840
f 6692 7839 7856
f 6694 6695 6693
f 7006 6694 6693
f 6694 7841 6693
f 6693 7841 7840
f 6694 7006 6695
f 6694 6695 7841
f 6695 6706 6714
f 7007 6695 6714
f 6996 6695 7006
f 7857 6695 6996
f 6695 7007 7004
f 7842 7841 6695
f 6695 7857 7842
f 7009 6697 6696
f 6697 7010 6696
f 6696 6697 7844
f 7008 6707 6696
f 6997 7009 6696
f 6997 6696 7858
f 7008 6696 7010
f 6696 7844 7858
f 6698 6699 6697
f 7009 6698 6697
f 6697 6698 7846
f 6699 7010 6697
f 7845 7844 6697
f 7846 7845 6697
f 6699 6698 7009
f 6698 6699 7846
f 6699 6708 6716
f 7010 6699 6716
f 6998 6699 7009
f 7859 6699 6998
f 7846 6699 7847
f 6699 7859 7847
f 6700 6701 7011
f 6701 6700 7012
f 6700 6701 7851
f 7011 6709 6700
f 6999 7012 6700
f 6999 6700 7860
f 6700 7851 7850
f 7850 7861 6700
f 7861 7860 6700
f 6701 6702 7011
f 6702 6701 7012
f 6701 6702 7851
f 6718 6702 6710
f 6718 7013 6702
f 7012 7000 6702
f 6702 7000 7862
f 6702 7013 7011
f 7852 7851 6702
f 6702 7862 7852
f 6703 7001 6711
f 6705 7004 6713
f 6707 7008 6715
f 7011 6717 6709
f 6711 7014 6719
f 6711 7001 7014
f 6720 7017 6712
f 7017 7003 6712
f 7018 6721 6713
f 7018 6713 7004
f 7020 6714 6722
f 6714 7020 7007
f 6715 7022 6723
f 6715 7008 7022
f 6716 6724 7023
f 7023 7010 6716
f 7024 6726 6717
f 6717 7011 7024
f 7026 6718 6728
f 7026 7013 6718
f 7027 6730 6719
f 7027 6719 7014
f 6721 6720 6731
f 6720 6721 7030
f 6732 6731 6720
f 6740 6732 6720
f 6720 7030 7017
f 6732 6721 6731
f 6721 6732 6733
f 7018 7031 6721
f 7031 7030 6721
f 6722 6744 7065
f 6722 7034 7020
f 6722 7065 7034
f 7035 6734 6723
f 7022 7035 6723
f 6724 6725 6726
f 6735 6725 6724
f 6750 6725 6724
f 6724 6726 7038
f 6750 6735 6724
f 7023 6724 7038
f 6735 6726 6725
f 6727 7038 6726
f 7039 6727 6726
f 6750 6726 6735
f 6736 6726 6750
f 7025 6726 7024
f 7039 6726 7025
f 7039 7038 6727
f 6755 6728 6729
f 6755 7077 6728
f 7041 7026 6728
f 6728 7076 7041
f 7076 6728 7077
f 6737 6730 7056
f 7027 7042 6730
f 7042 7056 6730
f 6740 6733 6732
f 6741 6733 6740
f 6745 6734 7066
f 7036 6734 7035
f 7036 7049 6734
f 7049 7067 6734
f 7066 6734 7067
f 6750 6751 6736
f 7056 6756 6737
f 7057 6737 7056
f 6738 6739 7058
f 6738 7081 6739
f 7080 6738 6757
f 6757 7081 6738
f 6738 7058 7080
f 6738 7880 7058
f 7880 6738 7446
f 7059 7058 6739
f 6739 7081 7059
f 6740 7060 6758
f 6759 7061 6741
f 7061 7062 6741
f 6742 6760 6743
f 6742 6743 7063
f 6760 6742 7085
f 6742 7063 7085
f 7884 6742 7063
f 7884 6742 7449
f 6744 6743 7065
f 7085 6743 6760
f 6743 7085 6761
f 6761 7086 6743
f 7063 6743 7064
f 7064 7065 6743
f 6743 7086 7064
f 7065 6762 6744
f 6744 7472 7065
f 7472 6744 7066
f 6745 6764 6746
f 6746 7067 6745
f 6745 6763 6764
f 6746 6764 7089
f 6746 7089 7067
f 6748 6747 6765
f 6748 7069 6747
f 7452 6748 6747
f 6765 6747 7090
f 7068 6747 7069
f 6747 7068 7090
f 6747 7068 7886
f 7886 7452 6747
f 6766 6748 6765
f 7091 6748 6766
f 7069 6748 7091
f 6748 7887 7069
f 7453 6748 7452
f 7887 6748 7453
f 6749 6768 6750
f 6750 7070 6749
f 6749 6767 6768
f 7070 6767 6749
f 7069 7070 6750
f 6751 6770 6752
f 6751 6769 6770
f 6752 6770 7095
f 6752 7095 7073
f 6772 6754 6753
f 7075 6753 6754
f 6754 6753 7456
f 6771 6772 6753
f 6771 6753 7096
f 6753 7075 7074
f 6753 7074 7096
f 6753 7074 7888
f 7888 7456 6753
f 7097 6754 6772
f 7075 6754 7097
f 7889 7075 6754
f 7889 6754 7456
f 7076 6773 6755
f 6773 7099 6755
f 7077 6755 7099
f 7078 6775 6756
f 6781 7078 6756
f 7056 7078 6756
f 7081 6757 7080
f 6758 6759 6777
f 7083 6759 6758
f 6777 6776 6758
f 6758 6776 7082
f 6758 7082 6782
f 6758 7060 7082
f 6758 7082 7083
f 6758 7484 7082
f 7082 7485 6758
f 7106 6777 6759
f 6759 6783 7083
f 6759 7083 7061
f 7083 7106 6759
f 6759 7083 7484
f 6759 7485 7083
f 6761 6760 7085
f 6760 6761 7086
f 7086 7085 6760
f 7085 7086 6761
f 6764 6763 6762
f 6762 6763 6785
f 7490 6763 6762
f 7089 6764 6762
f 6762 6785 6784
f 6784 6762 7087
f 6784 7133 6762
f 7065 7087 6762
f 7087 6762 7133
f 7087 6762 7489
f 6762 7087 7490
f 7491 6762 7087
f 7491 7089 6762
f 6764 6763 6786
f 6764 7088 6763
f 6763 6764 7489
f 6764 6763 7490
f 6786 6785 6763
f 7135 6786 6763
f 7135 6763 7088
f 6787 6764 6786
f 7136 6764 6787
f 7089 7088 6764
f 7136 7089 6764
f 7089 7489 6764
f 7089 6764 7490
f 6765 7090 6766
f 6766 7090 7091
f 6768 6767 6769
f 6767 6788 6768
f 7093 6767 6768
f 6768 7494 6767
f 6768 6767 7495
f 6788 6767 7139
f 7070 7092 6767
f 7092 6767 7093
f 7092 7139 6767
f 7092 6767 7494
f 6767 7092 7495
f 6769 6768 6770
f 6769 6779 6768
f 7495 6770 6768
f 6778 6768 6779
f 7093 6768 6778
f 6789 6768 6788
f 6791 6770 6769
f 6769 6770 7094
f 6770 7494 6769
f 7094 6779 6769
f 6791 6769 6790
f 6791 7095 6770
f 7094 6770 7095
f 6770 7095 7494
f 7095 6770 7495
f 6771 7097 6772
f 6771 7096 7097
f 6792 6773 7098
f 6792 7146 6773
f 7076 7098 6773
f 6773 7099 7098
f 7099 6773 7146
f 7100 6774 6780
f 7101 6775 7078
f 6775 7101 7502
f 7105 6776 6777
f 7105 7082 6776
f 7507 7105 6777
f 7106 7507 6777
f 6779 7114 6778
f 6778 7113 7093
f 6778 7520 7113
f 7114 7115 6778
f 7520 6778 7115
f 7114 6779 7094
f 7118 6780 6793
f 7100 6780 7118
f 6801 6802 6781
f 7123 6781 6802
f 7123 7078 6781
f 7127 6805 6782
f 7127 6782 7082
f 7129 6783 6806
f 7129 7083 6783
f 6785 7541 6784
f 7133 6809 6784
f 6784 7087 7133
f 7133 6784 7541
f 6785 7134 7541
f 6787 6786 6810
f 6786 7542 7135
f 7136 6787 6810
f 6789 6788 6813
f 6788 7139 6813
f 6790 6814 6791
f 7142 6791 6814
f 7142 7095 6791
f 6817 6792 7145
f 7098 7145 6792
f 6792 7555 7146
f 7259 6793 6892
f 7118 6793 7148
f 6793 7259 7148
f 6803 7155 6794
f 6807 6808 6795
f 6807 6795 7161
f 6808 7161 6795
f 6797 6796 6812
f 6797 7168 6796
f 6796 6811 6812
f 7167 6811 6796
f 7167 6796 7168
f 7168 6797 6812
f 6816 6798 6815
f 6798 7173 6815
f 7174 6798 6816
f 6798 7174 7173
f 6800 7192 6799
f 6818 6799 7192
f 7192 7178 6799
f 7192 6800 6819
f 6801 6821 6802
f 6801 6820 6821
f 6802 6822 6803
f 6803 7125 6802
f 6821 6822 6802
f 6802 7124 7123
f 7124 6802 7154
f 7125 7154 6802
f 7179 6802 7154
f 6804 6803 6823
f 7125 6803 6804
f 6823 6803 6822
f 6803 7125 7155
f 6805 6804 6823
f 6805 7127 6804
f 7126 7125 6804
f 7127 7126 6804
f 7126 7156 6804
f 6804 7156 7180
f 6823 6824 6805
f 6806 6826 6807
f 6806 6807 7181
f 6825 6826 6806
f 6806 7130 7129
f 7130 6806 7160
f 7181 7160 6806
f 6808 6807 6827
f 6827 6807 6826
f 7131 6807 7161
f 6807 7161 7182
f 7182 7181 6807
f 6808 6828 6809
f 7133 6808 6809
f 6808 6827 6828
f 6808 7132 7131
f 6808 7131 7161
f 6808 7162 7132
f 6808 7133 7162
f 7162 6808 7183
f 6830 6811 6810
f 6810 6811 7185
f 6810 6829 6830
f 7166 7136 6810
f 7166 6810 7184
f 7184 6810 7185
f 6812 6811 6831
f 7137 6811 7167
f 7167 7185 6811
f 6812 6832 6813
f 6812 6813 7187
f 6832 6812 6831
f 6812 7138 7168
f 7186 7168 6812
f 7186 6812 7187
f 7169 6813 7139
f 7169 7187 6813
f 6814 6834 6815
f 6815 7189 6814
f 6833 6834 6814
f 7142 6814 7172
f 7188 7172 6814
f 7188 6814 7189
f 6816 6815 6834
f 7143 6815 7173
f 7189 6815 7173
f 6836 6817 6816
f 6816 6817 7191
f 6835 6836 6816
f 7144 7174 6816
f 6816 7190 7174
f 6816 7191 7190
f 6817 7145 7175
f 6817 7175 7191
f 6818 7192 6819
f 7193 6819 7192
f 6821 6840 6822
f 7198 6821 6822
f 6839 6840 6821
f 6821 7198 6839
f 6822 6840 6823
f 7200 6822 6823
f 7198 6822 7199
f 7200 7199 6822
f 6840 6841 6823
f 6823 6841 7200
f 6842 6826 6825
f 6825 6826 7203
f 6825 7203 6842
f 6844 6827 6826
f 7204 6826 6827
f 6843 6826 6842
f 7204 7203 6826
f 6827 6844 7205
f 6827 7205 7204
f 6831 6830 6845
f 6831 7207 6830
f 6830 7206 6845
f 7206 6830 7207
f 6845 6846 6831
f 6831 6846 7207
f 6835 6834 6848
f 6834 6835 7210
f 6847 6848 6834
f 6834 7210 6847
f 6835 6848 7211
f 7211 7210 6835
f 6838 6837 7212
f 7213 6837 6838
f 7213 7212 6837
f 6837 7212 7242
f 6837 7212 7583
f 6838 6849 7213
f 6838 7212 7213
f 6839 6854 6840
f 6854 6839 7234
f 7198 7216 6839
f 7216 7234 6839
f 6855 6841 6840
f 6854 6855 6840
f 6841 6855 7218
f 6841 7218 7200
f 7222 6843 6842
f 7203 7221 6842
f 7221 7222 6842
f 6843 6859 6844
f 6858 6859 6843
f 6858 6843 7236
f 7222 7236 6843
f 6844 6859 7223
f 6844 7223 7205
f 6846 6845 6863
f 6862 6863 6845
f 6862 6845 7238
f 7206 7224 6845
f 7224 7238 6845
f 6846 6863 7225
f 6846 7225 7207
f 6848 6847 6866
f 6866 6847 7240
f 7210 7228 6847
f 7228 7240 6847
f 6867 6848 6866
f 6848 6867 7229
f 6848 7229 7211
f 6870 7243 6849
f 7213 6849 7231
f 7231 6849 7243
f 6851 7232 6850
f 6871 6850 7232
f 6872 7232 6851
f 6851 7233 7232
f 6853 6852 6875
f 6876 6854 6853
f 6853 6875 6876
f 6854 6877 6855
f 6855 6854 7235
f 6876 6877 6854
f 7234 7235 6854
f 6878 6856 6855
f 6877 6878 6855
f 7235 7218 6855
f 6856 6878 6879
f 6880 6858 6857
f 6881 6859 6858
f 7236 6859 6858
f 6881 6858 6880
f 6859 6882 6860
f 6859 6881 6882
f 7237 7223 6859
f 6859 7236 7237
f 6860 6882 6883
f 6884 6862 6861
f 6885 6863 6862
f 6863 6862 7239
f 6885 6862 6884
f 7238 7239 6862
f 6886 6864 6863
f 6885 6886 6863
f 7239 7225 6863
f 6887 6864 6886
f 6888 6866 6865
f 6866 6889 6867
f 7240 6867 6866
f 6889 6866 6888
f 6890 6868 6867
f 6890 6867 6889
f 7241 7229 6867
f 7240 7241 6867
f 6891 6868 6890
f 6869 6870 7242
f 7243 6870 6869
f 7243 6869 7242
f 6869 7684 7242
f 7243 7242 6870
f 7244 6872 6871
f 7232 7244 6871
f 7244 7232 6872
f 6874 6899 6873
f 6912 6873 6899
f 6874 7689 6899
f 7689 6874 7650
f 6876 6875 6900
f 6877 6876 7292
f 7290 6876 6900
f 6876 7291 7245
f 7292 6876 7245
f 7290 7291 6876
f 6877 7264 6878
f 7264 6877 6893
f 7264 6877 7292
f 6879 6878 7294
f 7293 7247 6878
f 6878 7264 7292
f 7293 6878 7292
f 7294 6878 7293
f 6901 6879 7294
f 6880 7248 6881
f 6880 6902 7296
f 6880 7297 7248
f 7296 7297 6880
f 6881 6894 6882
f 6881 7270 6894
f 7248 7249 6881
f 7298 6881 7249
f 6881 7298 7270
f 6883 6882 7300
f 7270 6882 6894
f 7299 7250 6882
f 7300 6882 7250
f 7271 6882 7270
f 7271 7299 6882
f 6883 7300 6903
f 6885 6884 7252
f 6905 6884 6904
f 6884 6905 7303
f 7252 6884 7251
f 6884 7303 7251
f 6885 6895 6886
f 7276 6895 6885
f 7304 6885 7252
f 7304 7276 6885
f 6886 7254 6887
f 6896 6886 6895
f 7277 6886 6896
f 7253 7254 6886
f 7305 7253 6886
f 7277 7305 6886
f 6887 6906 6907
f 6887 7306 6906
f 7306 6887 7254
f 6889 6888 7256
f 6888 6908 6909
f 6888 6909 7309
f 7255 7256 6888
f 7309 7255 6888
f 6890 6889 6897
f 6897 6889 7282
f 7310 6889 7256
f 7282 6889 7310
f 6890 7258 6891
f 6890 6897 7283
f 6890 7257 7258
f 7311 7257 6890
f 7283 7311 6890
f 6910 6891 7312
f 7312 6891 7258
f 7259 6892 6898
f 6896 6895 7277
f 6895 7276 7277
f 6897 7282 7283
f 6911 7287 6898
f 7259 6898 7287
f 6899 6913 6912
f 6899 7723 6913
f 7723 6899 7689
f 6900 6914 7316
f 6900 7316 7290
f 6915 6901 7320
f 7294 7320 6901
f 6902 6916 7296
f 6917 6903 7300
f 6920 6905 6904
f 6920 6904 6919
f 7327 6905 6920
f 7327 7303 6905
f 6922 6907 6906
f 6922 6906 6921
f 7306 6921 6906
f 6908 6924 6909
f 6908 6923 6924
f 7309 6909 6924
f 6925 6910 7336
f 7312 7336 6910
f 7287 6911 7315
f 6911 7362 7315
f 7723 7756 6913
f 7756 7757 6913
f 6926 7340 6914
f 7316 7340 6914
f 6914 7757 7316
f 7321 6916 6915
f 6929 6915 7320
f 6929 7344 6915
f 6915 7320 7322
f 7320 6915 7344
f 7322 7321 6915
f 6916 7345 6930
f 7321 7296 6916
f 7321 6916 7345
f 6917 6918 6933
f 6920 6919 6917
f 7327 6920 6917
f 6932 6917 6933
f 6932 6917 7325
f 6932 7349 6917
f 6917 7300 7325
f 6917 7325 7327
f 7325 6917 7349
f 6920 6919 6935
f 6920 6919 7326
f 6934 6935 6919
f 6934 6919 7350
f 7326 7350 6919
f 6935 7351 6920
f 7327 6920 7326
f 6920 7351 7327
f 6922 6921 6924
f 6922 6921 6937
f 7331 6922 6921
f 7333 6924 6921
f 6936 6937 6921
f 6921 7330 6936
f 7306 7330 6921
f 7330 7331 6921
f 6921 7330 7775
f 7775 7333 6921
f 6923 6922 6924
f 6937 7355 6922
f 7331 6922 7355
f 6923 6938 6924
f 7332 6923 6924
f 6923 7356 6938
f 6923 7332 7356
f 6939 6924 6938
f 6939 7357 6924
f 7333 7309 6924
f 7332 6924 7333
f 7333 6924 7357
f 6925 7336 6941
f 6941 7361 6925
f 6925 7337 7336
f 6925 7336 7338
f 7337 6925 7361
f 6927 6926 7340
f 7341 7340 6926
f 6927 7341 6943
f 7340 7341 6927
f 6929 6944 6928
f 6929 6928 7344
f 7343 6928 6944
f 7343 7344 6928
f 6945 6944 6929
f 7344 6929 7320
f 6930 7345 6931
f 6931 7346 6946
f 7346 6931 7345
f 7349 6932 6947
f 7325 7349 6932
f 6934 7351 6935
f 6934 7350 7351
f 6935 7351 6949
f 7355 6937 6936
f 6936 6950 7354
f 7354 6936 7330
f 6936 7354 7355
f 6938 7356 6939
f 6939 7357 6951
f 6939 7356 7357
f 7360 6941 6940
f 6940 6952 7360
f 7360 6941 7336
f 7359 6941 7360
f 6941 7360 7361
f 7384 6955 6943
f 6943 7341 7365
f 6943 7365 7384
f 6956 6944 6945
f 7367 6944 6956
f 7343 6944 7367
f 6946 7368 6947
f 7368 6957 6946
f 7368 6946 7346
f 6946 7370 7368
f 6948 7372 6947
f 6947 6958 7389
f 6947 7390 6958
f 6947 7371 7349
f 7368 7369 6947
f 7369 7370 6947
f 7371 6947 7370
f 7370 6947 7389
f 7372 7371 6947
f 7390 6947 7371
f 6959 7391 6948
f 7391 7372 6948
f 7373 6960 6949
f 6949 7351 7373
f 7395 6950 6961
f 6950 7376 7354
f 7376 6950 7395
f 6951 7377 6962
f 7377 6951 7357
f 7399 6952 6963
f 6952 7380 7360
f 6952 7399 7380
f 6966 6953 6954
f 6966 6965 6953
f 6966 6954 7381
f 6954 7403 7381
f 6955 7384 6975
f 7386 6956 6968
f 6956 7386 7367
f 7387 6969 6957
f 7368 7387 6957
f 7390 6958 6959
f 6958 7391 6959
f 6958 6970 6980
f 6958 6980 7389
f 7391 6958 7390
f 6971 6960 7392
f 6960 7373 7392
f 6961 6984 6983
f 6961 6983 7395
f 7396 6972 6962
f 7378 6962 7377
f 6962 7378 7396
f 6963 6987 6986
f 6963 6986 7399
f 7400 6964 7404
f 6973 6965 6966
f 6973 6966 6974
f 6966 7403 6974
f 7381 7403 6966
f 6968 6967 7386
f 6977 7386 6967
f 6978 6969 7387
f 6981 6971 7393
f 7393 6971 7392
f 6990 6972 6985
f 6972 7397 6985
f 7397 6972 7396
f 6989 6973 6974
f 6989 6988 6973
f 6974 7408 6989
f 7407 6974 7403
f 7408 6974 7407
f 6976 6975 7384
f 6977 6976 7385
f 6976 7384 7385
f 7386 6977 7385
f 7388 6979 6978
f 7388 6978 7387
f 6980 6979 7389
f 7389 6979 7388
f 6982 6981 7393
f 6982 7394 6983
f 7394 6982 7393
f 7395 6983 7394
f 6985 6986 6991
f 6986 6985 7398
f 6985 6991 6990
f 6985 7397 7398
f 7399 6986 7398
f 7408 6989 7407
f 7002 6993 7001
f 7854 7001 6993
f 7002 7003 6994
f 7003 7855 6994
f 7006 6995 7004
f 7004 6995 7856
f 7006 7007 6996
f 7857 6996 7007
f 7009 6997 7008
f 7008 6997 7858
f 7009 7010 6998
f 7859 6998 7010
f 7012 6999 7011
f 7011 6999 7860
f 7012 7013 7000
f 7862 7000 7013
f 7002 7001 7422
f 7422 7001 7003
f 7014 7001 7422
f 8356 7422 7001
f 8348 7001 7854
f 8348 8356 7001
f 7002 7423 7003
f 7002 7422 7430
f 7002 7433 7423
f 7431 7002 7430
f 7002 7431 7432
f 7002 7432 7433
f 7017 7423 7003
f 7003 7423 7422
f 7423 8357 7003
f 8349 7855 7003
f 8349 7003 8357
f 7006 7004 7005
f 7006 7004 7424
f 7424 7004 7007
f 7018 7004 7424
f 7424 7004 8358
f 8350 7004 7856
f 7004 8350 8358
f 7006 7425 7007
f 7006 7424 7434
f 7006 7437 7425
f 7006 7434 7435
f 7006 7435 7436
f 7006 7436 7437
f 7020 7425 7007
f 7007 7436 7424
f 7007 7425 7436
f 7007 7425 8361
f 8351 7857 7007
f 8361 8351 7007
f 7009 7008 7426
f 7010 7426 7008
f 7426 7022 7008
f 8362 7426 7008
f 8352 7008 7858
f 8352 8362 7008
f 7009 7427 7010
f 7009 7426 7439
f 7009 7441 7427
f 7009 7439 7440
f 7440 7441 7009
f 7023 7427 7010
f 7010 7439 7426
f 7010 7427 7439
f 7010 7427 8363
f 8353 7859 7010
f 8353 7010 8363
f 7012 7011 7428
f 7011 7013 7428
f 7024 7011 7428
f 8364 7428 7011
f 8354 7011 7860
f 8354 8364 7011
f 7012 7429 7013
f 7012 7428 7442
f 7012 7444 7429
f 7012 7442 7443
f 7443 7444 7012
f 7026 7429 7013
f 7428 7013 7442
f 7429 7444 7013
f 7013 7429 8366
f 7443 7442 7013
f 7444 7443 7013
f 7862 7013 8355
f 8355 7013 8366
f 7027 7014 7015
f 7014 7431 7015
f 7014 7422 7430
f 7431 7014 7430
f 7028 7027 7015
f 7445 7028 7015
f 7431 7445 7015
f 7029 7016 7017
f 7017 7016 7433
f 7029 7446 7016
f 7433 7016 7432
f 7446 7432 7016
f 7017 7030 7029
f 7423 7017 7433
f 7031 7018 7019
f 7018 7435 7019
f 7018 7424 7434
f 7435 7018 7434
f 7032 7031 7019
f 7448 7032 7019
f 7448 7019 7435
f 7022 7020 7021
f 7020 7034 7021
f 7437 7020 7022
f 7425 7020 7437
f 7022 7021 7035
f 7021 7034 7035
f 7438 7022 7426
f 7022 7438 7437
f 7038 7037 7023
f 7037 7452 7023
f 7023 7441 7427
f 7452 7441 7023
f 7024 7428 7025
f 7025 7454 7039
f 7025 7428 7442
f 7025 7442 7454
f 7041 7040 7026
f 7026 7040 7455
f 7429 7026 7444
f 7455 7444 7026
f 7028 7042 7027
f 7029 7043 7028
f 7029 7028 7446
f 7042 7028 7043
f 7446 7028 7445
f 7030 7044 7029
f 7044 7043 7029
f 7030 7031 7032
f 7030 7032 7045
f 7030 7045 7044
f 7033 7046 7032
f 7449 7033 7032
f 7046 7045 7032
f 7448 7449 7032
f 7033 7036 7034
f 7034 7048 7033
f 7036 7033 7451
f 7047 7046 7033
f 7047 7033 7048
f 7449 7451 7033
f 7036 7035 7034
f 7048 7034 7064
f 7034 7471 7064
f 7065 7471 7034
f 7037 7049 7036
f 7037 7036 7452
f 7451 7036 7439
f 7452 7036 7451
f 7038 7050 7037
f 7050 7049 7037
f 7038 7039 7051
f 7050 7038 7051
f 7040 7053 7039
f 7455 7040 7039
f 7053 7051 7039
f 7454 7455 7039
f 7041 7054 7040
f 7040 7054 7053
f 7055 7054 7041
f 7055 7041 7075
f 7075 7041 7480
f 7076 7480 7041
f 7043 7057 7042
f 7056 7042 7057
f 7043 7044 7879
f 7057 7043 7466
f 7057 7043 7879
f 7044 7045 7447
f 7044 7447 7446
f 7446 7880 7044
f 7880 7879 7044
f 7045 7046 7060
f 7060 7059 7045
f 7059 7468 7045
f 7045 7059 7881
f 7447 7045 7881
f 7062 7046 7047
f 7046 7062 7060
f 7469 7062 7046
f 7048 7450 7047
f 7062 7047 7883
f 7047 7450 7449
f 7449 7884 7047
f 7884 7883 7047
f 7048 7064 7885
f 7450 7048 7885
f 7049 7050 7473
f 7067 7049 7473
f 7050 7051 7453
f 7473 7050 7068
f 7068 7050 7886
f 7452 7050 7453
f 7050 7452 7886
f 7052 7051 7053
f 7051 7052 7070
f 7475 7069 7051
f 7051 7069 7887
f 7070 7476 7051
f 7051 7887 7453
f 7476 7475 7051
f 7052 7053 7070
f 7073 7053 7054
f 7070 7053 7071
f 7072 7071 7053
f 7053 7073 7072
f 7054 7055 7455
f 7073 7054 7478
f 7054 7074 7478
f 7074 7054 7888
f 7455 7888 7054
f 7055 7075 7889
f 7456 7455 7055
f 7055 7889 7456
f 7057 7078 7056
f 7057 7058 7457
f 7057 7466 7058
f 7058 7057 7880
f 7057 7079 7078
f 7057 7466 7079
f 7079 7879 7057
f 7466 7057 7457
f 7466 7057 7879
f 7879 7880 7057
f 7059 7081 7058
f 7058 7059 7458
f 7880 7059 7058
f 7080 7058 7081
f 7080 7058 7466
f 7458 7457 7058
f 7060 7059 7081
f 7060 7469 7059
f 7059 7081 7468
f 7081 7059 7892
f 7458 7059 7459
f 7468 7459 7059
f 7468 7059 7469
f 7468 7881 7059
f 7881 7059 7880
f 7881 7892 7059
f 7469 7060 7062
f 7060 7081 7082
f 7083 7062 7061
f 7062 7084 7063
f 7083 7084 7062
f 7469 7062 7883
f 7085 7063 7064
f 7064 7063 7086
f 7063 7064 7460
f 7884 7064 7063
f 7085 7063 7084
f 7063 7085 7086
f 7085 7063 7470
f 7085 7884 7063
f 7470 7063 7460
f 7086 7065 7064
f 7085 7064 7086
f 7064 7086 7471
f 7086 7064 7895
f 7461 7460 7064
f 7471 7461 7064
f 7064 7471 7885
f 7064 7884 7885
f 7885 7895 7064
f 7086 7087 7065
f 7471 7065 7472
f 7066 7067 7472
f 7067 7089 7068
f 7067 7473 7472
f 7069 7463 7068
f 7090 7068 7089
f 7090 7068 7474
f 7090 7886 7068
f 7462 7068 7463
f 7474 7068 7462
f 7474 7473 7068
f 7474 7068 7886
f 7091 7070 7069
f 7069 7091 7475
f 7091 7069 7897
f 7475 7463 7069
f 7069 7475 7887
f 7887 7897 7069
f 7071 7477 7070
f 7091 7092 7070
f 7070 7477 7476
f 7071 7072 7477
f 7477 7072 7073
f 7073 7096 7074
f 7073 7095 7096
f 7477 7073 7478
f 7074 7075 7464
f 7096 7074 7478
f 7096 7888 7074
f 7478 7074 7464
f 7888 7478 7074
f 7098 7076 7075
f 7098 7075 7097
f 7075 7097 7479
f 7097 7075 7899
f 7465 7464 7075
f 7479 7465 7075
f 7479 7075 7480
f 7075 7479 7889
f 7889 7899 7075
f 7076 7077 7098
f 7498 7076 7098
f 7480 7076 7498
f 7077 7099 7098
f 7079 7101 7078
f 7124 7079 7078
f 7124 7078 7123
f 7079 7102 7080
f 7079 7080 7481
f 7482 7080 7079
f 7079 7080 7890
f 7101 7079 7102
f 7102 7079 7124
f 7531 7124 7079
f 7481 7079 7466
f 7482 7079 7481
f 7531 7079 7481
f 7879 7079 7890
f 7468 7081 7080
f 7080 7081 7483
f 7081 7892 7080
f 7103 7080 7102
f 7080 7103 7125
f 7482 7103 7080
f 7125 7080 7532
f 7466 7467 7080
f 7467 7482 7080
f 7483 7468 7080
f 7481 7080 7482
f 7482 7483 7080
f 7532 7482 7080
f 7080 7891 7482
f 7891 7890 7080
f 7891 7080 7892
f 7082 7105 7081
f 7127 7082 7081
f 7081 7483 7082
f 7081 7082 7484
f 7485 7082 7081
f 7105 7104 7081
f 7081 7104 7126
f 7104 7081 7482
f 7127 7081 7126
f 7126 7533 7081
f 7482 7081 7483
f 7081 7484 7483
f 7483 7485 7081
f 7483 7081 7533
f 7084 7083 7082
f 7082 7483 7084
f 7083 7084 7106
f 7083 7129 7084
f 7084 7484 7083
f 7083 7485 7084
f 7085 7084 7130
f 7085 7131 7084
f 7483 7085 7084
f 7484 7084 7085
f 7085 7084 7486
f 7107 7106 7084
f 7130 7107 7084
f 7084 7129 7130
f 7130 7084 7131
f 7485 7486 7084
f 7085 7488 7086
f 7085 7130 7108
f 7085 7108 7131
f 7487 7108 7085
f 7131 7538 7085
f 7470 7487 7085
f 7487 7085 7483
f 7487 7484 7085
f 7487 7085 7486
f 7487 7488 7085
f 7538 7085 7487
f 7085 7487 7894
f 7085 7894 7884
f 7132 7086 7087
f 7087 7086 7133
f 7086 7488 7087
f 7086 7491 7087
f 7086 7132 7109
f 7109 7488 7086
f 7132 7133 7086
f 7132 7086 7538
f 7132 7539 7086
f 7488 7471 7086
f 7086 7488 7487
f 7487 7538 7086
f 7086 7488 7491
f 7488 7086 7539
f 7086 7895 7488
f 7132 7087 7133
f 7488 7087 7489
f 7490 7087 7488
f 7136 7088 7089
f 7135 7088 7136
f 7090 7137 7089
f 7489 7089 7090
f 7090 7089 7490
f 7089 7491 7090
f 7136 7089 7137
f 7492 7091 7090
f 7090 7137 7110
f 7110 7090 7492
f 7090 7544 7137
f 7474 7492 7090
f 7090 7492 7489
f 7492 7090 7490
f 7090 7491 7492
f 7544 7090 7492
f 7090 7492 7896
f 7886 7090 7896
f 7138 7091 7092
f 7091 7092 7493
f 7091 7495 7092
f 7091 7111 7138
f 7111 7493 7091
f 7138 7091 7545
f 7493 7475 7091
f 7091 7492 7493
f 7493 7495 7091
f 7493 7091 7545
f 7091 7897 7493
f 7092 7093 7112
f 7092 7112 7139
f 7139 7138 7092
f 7493 7092 7494
f 7495 7092 7493
f 7112 7093 7113
f 7094 7095 7114
f 7142 7096 7095
f 7096 7143 7095
f 7494 7095 7096
f 7495 7096 7095
f 7496 7096 7095
f 7115 7114 7095
f 7142 7115 7095
f 7142 7095 7143
f 7496 7095 7495
f 7097 7096 7496
f 7116 7096 7143
f 7496 7116 7096
f 7143 7096 7142
f 7143 7096 7550
f 7478 7496 7096
f 7096 7496 7494
f 7096 7495 7496
f 7496 7096 7550
f 7096 7496 7898
f 7888 7096 7898
f 7097 7098 7144
f 7498 7098 7097
f 7097 7144 7117
f 7117 7497 7097
f 7144 7097 7551
f 7497 7479 7097
f 7496 7497 7097
f 7498 7097 7497
f 7497 7551 7097
f 7097 7899 7497
f 7099 7145 7098
f 7145 7098 7144
f 7146 7145 7099
f 7118 7526 7100
f 7499 7100 7526
f 7101 7102 7503
f 7503 7502 7101
f 7103 7102 7124
f 7504 7102 7124
f 7102 7504 7503
f 7103 7126 7104
f 7103 7104 7482
f 7125 7103 7124
f 7125 7126 7103
f 7105 7507 7104
f 7506 7126 7104
f 7506 7104 7507
f 7106 7107 7507
f 7510 7107 7130
f 7510 7507 7107
f 7109 7132 7108
f 7131 7108 7130
f 7131 7108 7132
f 7111 7110 7137
f 7110 7111 7138
f 7110 7138 7137
f 7137 7138 7111
f 7113 7520 7112
f 7112 7517 7139
f 7517 7112 7520
f 7115 7142 7520
f 7116 7117 7143
f 7144 7143 7117
f 7560 7118 7148
f 7560 7526 7118
f 7119 7150 7120
f 7119 7120 7527
f 7119 7149 7150
f 7149 7119 7561
f 7527 7561 7119
f 7120 7528 7527
f 7122 7152 7121
f 8489 7122 7121
f 7151 7121 7152
f 7121 7151 8489
f 7122 7123 7152
f 7123 7122 7530
f 7529 7530 7122
f 7122 9032 7529
f 9032 7122 8489
f 7153 7152 7123
f 7123 8491 7153
f 8491 7123 7530
f 7124 7154 7125
f 7125 7124 7155
f 7125 7532 7124
f 7154 7124 7153
f 7124 7563 7153
f 7155 7124 7154
f 7124 7531 7504
f 7531 7532 7124
f 7124 7531 7563
f 7531 7124 7564
f 7124 7532 7564
f 7125 7155 7126
f 7125 7532 7126
f 7125 7126 7533
f 7125 7565 7155
f 7532 7125 7533
f 7125 7532 7565
f 7126 7157 7127
f 7126 7127 7533
f 7127 7126 7534
f 7156 7126 7155
f 7156 7157 7126
f 7533 7126 7506
f 7533 7126 7532
f 7533 7534 7126
f 7126 7533 7566
f 7567 7127 7157
f 7534 7533 7127
f 7567 7534 7127
f 7128 7535 7129
f 8496 7128 7158
f 8496 7535 7128
f 7129 8497 7159
f 7536 7129 7535
f 8497 7129 7536
f 7131 7130 7160
f 7130 7131 7537
f 7131 7130 7538
f 7131 7569 7130
f 7130 7569 7160
f 7537 7510 7130
f 7537 7538 7130
f 7537 7130 7569
f 7131 7161 7132
f 7131 7132 7538
f 7161 7131 7160
f 7131 7570 7161
f 7538 7537 7131
f 7131 7538 7569
f 7131 7538 7570
f 7132 7133 7162
f 7133 7132 7163
f 7133 7540 7132
f 7162 7132 7161
f 7162 7163 7132
f 7132 7539 7538
f 7540 7539 7132
f 7539 7132 7571
f 7132 7540 7571
f 7133 7163 7162
f 7572 7133 7163
f 7540 7133 7541
f 7572 7540 7133
f 8502 7134 7164
f 7134 8502 7541
f 7136 7542 7135
f 8503 7165 7135
f 7135 7542 8503
f 7137 7136 7167
f 7136 7544 7137
f 7136 7137 7575
f 7136 7166 7167
f 7136 7574 7166
f 7543 7542 7136
f 7136 7543 7544
f 7136 7543 7574
f 7543 7136 7575
f 7167 7138 7137
f 7545 7137 7138
f 7575 7137 7167
f 7544 7137 7545
f 7575 7544 7137
f 7138 7168 7139
f 7139 7138 7546
f 7139 7576 7138
f 7138 7167 7168
f 7138 7576 7168
f 7545 7546 7138
f 7545 7138 7576
f 7169 7139 7168
f 7577 7139 7169
f 7546 7139 7517
f 7139 7546 7576
f 7577 7546 7139
f 7141 7140 7548
f 7140 7170 8508
f 7547 7548 7140
f 8508 7547 7140
f 7141 8509 7171
f 7141 7548 8509
f 7143 7142 7173
f 7143 7549 7142
f 7142 7550 7143
f 7142 7143 7579
f 7142 7172 7173
f 7142 7578 7172
f 7549 7520 7142
f 7550 7142 7549
f 7142 7549 7578
f 7549 7142 7579
f 7173 7144 7143
f 7551 7143 7144
f 7580 7143 7173
f 7549 7143 7550
f 7143 7551 7550
f 7143 7550 7579
f 7580 7550 7143
f 7145 7144 7174
f 7551 7145 7144
f 7144 7145 7580
f 7144 7173 7174
f 7144 7580 7174
f 7551 7144 7580
f 7146 7555 7145
f 7174 7175 7145
f 7581 7145 7175
f 7552 7145 7551
f 7552 7145 7555
f 7581 7552 7145
f 7580 7145 7581
f 7554 7147 7146
f 8514 7146 7176
f 7146 7553 7554
f 8514 7553 7146
f 8515 7177 7147
f 8515 7147 7554
f 7148 7259 7560
f 7150 7149 7195
f 7153 7152 7149
f 7152 7562 7149
f 7194 7195 7149
f 7606 7194 7149
f 7562 7149 7561
f 7149 7561 7606
f 7151 7152 8523
f 8523 8489 7151
f 7152 7562 7153
f 9062 7152 7562
f 9062 8523 7152
f 7153 7154 7563
f 7153 7564 7154
f 7562 7563 7153
f 9063 7562 7153
f 7564 7153 7563
f 8525 7153 8491
f 9063 7153 8525
f 7155 7154 7565
f 7179 7564 7154
f 7154 7564 7563
f 7564 7588 7154
f 7589 7565 7154
f 7588 7589 7154
f 7565 7156 7155
f 7157 7156 7567
f 7566 7180 7156
f 7565 7566 7156
f 7566 7567 7156
f 7566 7590 7156
f 7159 9069 7158
f 7158 8530 8496
f 9068 8530 7158
f 9068 7158 9069
f 7159 8497 8531
f 9069 7159 8531
f 7161 7160 7182
f 7160 7161 7569
f 7570 7161 7160
f 7161 7160 7593
f 7569 7181 7160
f 7569 7182 7160
f 7160 7569 7570
f 7569 7592 7160
f 7160 7593 7569
f 7593 7160 7592
f 7162 7161 7571
f 7570 7569 7161
f 7570 7571 7161
f 7593 7570 7161
f 7163 7162 7572
f 7162 7183 7571
f 7571 7594 7162
f 7595 7572 7162
f 7594 7595 7162
f 7165 9075 7164
f 8502 7164 8536
f 9074 8536 7164
f 9074 7164 9075
f 7165 8503 8537
f 9075 7165 8537
f 7574 7166 7167
f 7575 7167 7166
f 7167 7166 7596
f 7166 7184 7574
f 7575 7166 7574
f 7574 7596 7166
f 7575 7185 7167
f 7167 7575 7574
f 7597 7575 7167
f 7596 7597 7167
f 7169 7168 7187
f 7169 7168 7577
f 7186 7187 7168
f 7168 7186 7576
f 7168 7576 7575
f 7168 7577 7576
f 7576 7598 7168
f 7168 7599 7576
f 7599 7577 7168
f 7598 7599 7168
f 7170 7171 9079
f 7170 8542 8508
f 9079 8542 7170
f 8543 7171 8509
f 9080 7171 8543
f 7171 9080 9079
f 7172 7188 7173
f 7578 7173 7172
f 7174 7580 7173
f 7173 7188 7189
f 7173 7189 7579
f 7578 7600 7173
f 7173 7579 7580
f 7579 7600 7173
f 7601 7579 7173
f 7600 7601 7173
f 7175 7580 7174
f 7581 7175 7174
f 7174 7603 7175
f 7174 7190 7580
f 7581 7174 7580
f 7580 7602 7174
f 7603 7174 7602
f 7581 7191 7175
f 7175 7581 7580
f 7603 7581 7175
f 7176 7177 9084
f 7176 8548 8514
f 9084 8548 7176
f 8515 8549 7177
f 9085 7177 8549
f 9085 9084 7177
f 7192 7178 7193
f 7569 7181 7182
f 7575 7184 7185
f 7184 7575 7574
f 7191 7581 7190
f 7580 7190 7581
f 7194 7215 7195
f 7197 7196 7194
f 7194 7196 7606
f 7608 7197 7194
f 7194 7214 7215
f 7194 7606 7214
f 7608 7194 7606
f 7607 7196 7197
f 7607 7606 7196
f 7197 7608 7607
f 7216 7198 7199
f 7198 7199 7217
f 9126 7199 7198
f 7198 7217 7216
f 7216 9159 7198
f 9126 7198 9159
f 7199 7200 7217
f 7218 7200 7199
f 7199 7200 7611
f 7200 7199 9128
f 7216 7217 7199
f 7216 7199 7610
f 7611 7610 7199
f 9127 7199 9126
f 9127 9128 7199
f 7218 7217 7200
f 7633 7200 7218
f 9160 7218 7200
f 7633 7611 7200
f 9160 7200 9128
f 7220 7201 7202
f 9131 7202 7201
f 7220 7219 7201
f 7219 9162 7201
f 9131 7201 9130
f 9130 7201 9162
f 9131 7220 7202
f 7221 7204 7203
f 7204 7222 7203
f 7203 9132 7204
f 7203 7222 7221
f 7203 7221 9132
f 7204 7205 7223
f 7204 7205 7615
f 7204 9133 7205
f 7204 7222 7221
f 7222 7204 7615
f 9133 7204 9132
f 7638 7205 7223
f 7205 9134 7223
f 7616 7615 7205
f 7638 7616 7205
f 9134 7205 9133
f 7620 7206 7207
f 9139 7207 7206
f 7224 7206 7620
f 7206 7224 9139
f 7643 7207 7225
f 7225 7207 9171
f 7207 7621 7620
f 7643 7621 7207
f 9140 7207 9139
f 9140 9171 7207
f 7208 7209 7226
f 7209 7208 9143
f 7226 9173 7208
f 9142 9143 7208
f 9142 7208 9173
f 7226 7209 7227
f 7209 9143 7227
f 7210 7211 7624
f 7210 9145 7211
f 7228 7210 7624
f 7228 9176 7210
f 9145 7210 9176
f 7647 7211 7229
f 9146 7229 7211
f 7625 7624 7211
f 7647 7625 7211
f 9146 7211 9145
f 7231 7212 7213
f 7231 7230 7212
f 7230 7242 7212
f 7583 7212 7230
f 7214 7628 7215
f 7628 7214 7606
f 7628 7629 7215
f 7216 7217 7234
f 7217 7216 7631
f 7234 9190 7216
f 7610 7631 7216
f 9159 7216 9190
f 7218 7217 7234
f 7218 7235 7217
f 7218 7217 7632
f 7235 7234 7217
f 7632 7234 7217
f 7652 7217 7234
f 7632 7217 7631
f 7217 7652 7632
f 7234 7218 7235
f 9160 7235 7218
f 7632 7633 7218
f 7220 9162 7219
f 9163 7220 9131
f 7220 9163 9162
f 7221 7222 9164
f 7221 9164 9132
f 7223 7236 7222
f 7223 7237 7222
f 7237 7236 7222
f 7637 7236 7222
f 7236 9165 7222
f 7615 7637 7222
f 9165 9164 7222
f 7237 7236 7223
f 7656 7223 7237
f 9166 7237 7223
f 7223 7656 7638
f 7223 9134 9166
f 7224 7238 7225
f 7224 7225 7239
f 7239 7238 7224
f 7642 7238 7224
f 7238 9170 7224
f 7620 7642 7224
f 7224 9170 9139
f 7225 7238 7239
f 7659 7225 7239
f 7225 9171 7239
f 7225 7659 7643
f 7226 7227 9173
f 9174 7227 9143
f 9174 9173 7227
f 7229 7240 7228
f 7228 7241 7240
f 7646 7240 7228
f 7240 9207 7228
f 7624 7646 7228
f 9176 7228 9207
f 7241 7240 7229
f 7662 7229 7241
f 7241 7229 9208
f 7229 7662 7647
f 7229 9146 9177
f 9177 9208 7229
f 7243 7230 7231
f 7243 7242 7230
f 7230 7242 7684
f 7684 7583 7230
f 7233 7232 7244
f 7235 9191 7234
f 7234 7632 7652
f 9190 7234 9191
f 9191 7235 9160
f 7236 7655 7237
f 7236 7237 9195
f 7236 7637 7655
f 9195 9165 7236
f 7656 7237 7655
f 9196 7237 9166
f 7237 9196 9195
f 7239 7238 7659
f 7238 7239 9201
f 7238 7642 7658
f 7659 7238 7658
f 7238 9201 9170
f 7239 9171 9202
f 9202 9201 7239
f 7241 7240 7662
f 7240 7241 9207
f 7240 7646 7661
f 7240 7661 7662
f 9207 7241 9208
f 7263 7245 7291
f 7245 7263 7292
f 7245 7263 7665
f 7263 7245 7666
f 7666 7245 7665
f 7246 7318 7264
f 7264 7666 7246
f 7247 7293 7265
f 7265 7247 7667
f 7248 7671 7249
f 7269 7248 7297
f 7269 7670 7248
f 7248 7670 7671
f 7250 7323 7249
f 7249 7671 7250
f 7249 7270 7298
f 7249 7323 7270
f 7270 7249 7671
f 7250 7299 7271
f 7271 7300 7250
f 7250 7271 7324
f 7250 7672 7271
f 7250 7324 7323
f 7672 7250 7671
f 7252 7251 7676
f 7275 7251 7303
f 7675 7251 7275
f 7675 7676 7251
f 7253 7329 7252
f 7252 7676 7253
f 7276 7304 7252
f 7328 7276 7252
f 7276 7676 7252
f 7328 7252 7329
f 7253 7277 7254
f 7253 7305 7277
f 7329 7253 7277
f 7277 7677 7253
f 7253 7678 7277
f 7677 7253 7676
f 7677 7678 7253
f 7278 7254 7277
f 7254 7278 7306
f 7256 7255 7282
f 7281 7282 7255
f 7281 7255 7309
f 7335 7256 7257
f 7256 7680 7257
f 7256 7282 7310
f 7256 7334 7282
f 7256 7282 7679
f 7282 7256 7680
f 7334 7256 7335
f 7679 7680 7256
f 7258 7257 7682
f 7257 7311 7283
f 7335 7257 7283
f 7283 7681 7257
f 7257 7680 7681
f 7257 7681 7682
f 7258 7284 7312
f 7284 7258 7682
f 7259 7287 7688
f 7688 7560 7259
f 7260 7261 7288
f 8681 7261 7260
f 7288 7690 7260
f 7260 7690 8681
f 7290 7261 7262
f 7262 7261 9252
f 7261 7289 7288
f 7261 7290 7289
f 9251 7261 8681
f 7261 9251 9252
f 7691 7263 7262
f 7692 7262 7263
f 7262 7691 7290
f 7262 7692 7691
f 8682 7691 7262
f 8682 7262 9252
f 7291 7264 7263
f 7263 7264 7666
f 7291 7292 7263
f 7263 7727 7291
f 7666 7665 7263
f 7665 7692 7263
f 7692 7263 7691
f 7263 7692 7727
f 7265 7666 7264
f 7264 7265 7728
f 7265 7264 7729
f 7292 7264 7291
f 7728 7264 7292
f 7318 7264 7760
f 7666 7693 7264
f 7728 7693 7264
f 7264 7693 7729
f 7693 7264 7760
f 7265 7266 7668
f 7266 7265 7729
f 7266 7730 7265
f 7729 7265 7293
f 7667 7666 7265
f 7668 7667 7265
f 7729 7728 7265
f 7729 7265 7730
f 7695 7668 7266
f 7729 7695 7266
f 7695 7730 7266
f 7268 7267 9258
f 7696 7267 7295
f 8687 7267 7696
f 8687 9257 7267
f 9257 9258 7267
f 7296 7268 7732
f 7697 7732 7268
f 7268 8688 7697
f 8688 7268 9258
f 7270 7269 7297
f 7270 7269 7298
f 7269 7270 7671
f 7270 7269 7698
f 7270 7699 7269
f 7297 7298 7269
f 7269 7733 7297
f 7269 7671 7670
f 7670 7698 7269
f 7698 7269 7699
f 7269 7698 7733
f 7298 7271 7270
f 7270 7271 7672
f 7271 7270 7699
f 7298 7270 7297
f 7734 7270 7298
f 7270 7323 7765
f 7699 7671 7270
f 7672 7699 7270
f 7698 7699 7270
f 7734 7699 7270
f 7765 7699 7270
f 7271 7272 7299
f 7300 7272 7271
f 7271 7272 7673
f 7299 7271 7298
f 7300 7271 7299
f 7271 7735 7299
f 7324 7271 7765
f 7673 7672 7271
f 7700 7271 7699
f 7271 7735 7699
f 7699 7765 7271
f 7271 7700 7735
f 7272 7300 7299
f 7736 7272 7300
f 7701 7673 7272
f 7736 7701 7272
f 9264 7274 7273
f 7273 7301 7300
f 7273 7300 7702
f 8693 7273 7702
f 9263 7273 8693
f 9263 9264 7273
f 7302 7274 7703
f 7274 8694 7703
f 9264 8694 7274
f 7275 7303 7276
f 7304 7276 7275
f 7275 7276 7675
f 7275 7704 7276
f 7276 7705 7275
f 7304 7275 7303
f 7275 7739 7303
f 7675 7704 7275
f 7275 7705 7704
f 7275 7704 7739
f 7304 7277 7276
f 7304 7276 7303
f 7740 7276 7304
f 7328 7770 7276
f 7676 7675 7276
f 7705 7676 7276
f 7705 7276 7704
f 7740 7705 7276
f 7705 7276 7770
f 7278 7277 7305
f 7278 7277 7306
f 7277 7278 7678
f 7707 7278 7277
f 7305 7277 7304
f 7305 7306 7277
f 7277 7741 7305
f 7277 7771 7329
f 7678 7677 7277
f 7677 7706 7277
f 7706 7277 7705
f 7707 7277 7706
f 7277 7706 7741
f 7771 7277 7706
f 7306 7278 7305
f 7742 7278 7306
f 7707 7678 7278
f 7742 7707 7278
f 9268 7280 7279
f 7708 7279 7307
f 7708 8171 7279
f 8699 7279 8171
f 9268 7279 8699
f 7744 7308 7280
f 7280 7709 7744
f 8700 7709 7280
f 8700 7280 9269
f 7280 9268 9269
f 7282 7281 7309
f 7310 7282 7281
f 7282 7679 7281
f 7309 7310 7281
f 7281 7745 7309
f 7679 7710 7281
f 7281 7710 7745
f 7311 7283 7282
f 7712 7283 7282
f 7310 7282 7309
f 7310 7311 7282
f 7746 7282 7310
f 7282 7334 7776
f 7680 7679 7282
f 7711 7680 7282
f 7711 7712 7282
f 7746 7711 7282
f 7776 7711 7282
f 7312 7284 7283
f 7682 7283 7284
f 7712 7284 7283
f 7284 7713 7283
f 7312 7283 7311
f 7283 7747 7311
f 7335 7283 7777
f 7283 7682 7681
f 7681 7712 7283
f 7283 7713 7712
f 7283 7712 7747
f 7712 7777 7283
f 7748 7284 7312
f 7713 7682 7284
f 7713 7284 7712
f 7748 7713 7284
f 7285 9273 7286
f 7313 7714 7285
f 7285 7714 8705
f 9273 7285 8705
f 8706 7314 7286
f 7286 7715 8706
f 9274 8706 7286
f 9274 7286 9273
f 7315 7754 7287
f 7721 7688 7287
f 7721 7287 7754
f 7289 7725 7288
f 7288 7724 7690
f 7724 7288 7725
f 7726 7289 7290
f 7725 7289 7726
f 7290 7316 7291
f 7726 7290 7691
f 7292 7291 7317
f 7728 7292 7291
f 7317 7291 7316
f 7291 7727 7317
f 7291 7727 7692
f 7728 7291 7692
f 7291 7728 7727
f 7319 7293 7292
f 7317 7319 7292
f 7320 7294 7293
f 7293 7319 7320
f 7293 7319 7729
f 7761 7319 7293
f 7729 7293 7694
f 7293 7729 7761
f 7732 7295 7296
f 7295 7731 7696
f 7732 7731 7295
f 7297 7296 7322
f 7321 7322 7296
f 7298 7297 7322
f 7298 7323 7297
f 7698 7298 7297
f 7733 7298 7297
f 7298 7734 7297
f 7297 7323 7322
f 7297 7322 7764
f 7297 7733 7698
f 7297 7734 7733
f 7297 7764 7733
f 7299 7298 7324
f 7322 7324 7298
f 7298 7734 7323
f 7734 7298 7698
f 7733 7734 7298
f 7300 7324 7299
f 7300 7299 7325
f 7736 7300 7299
f 7324 7325 7299
f 7324 7735 7299
f 7299 7735 7700
f 7736 7299 7700
f 7735 7736 7299
f 7300 7301 7324
f 7736 7702 7300
f 7302 7328 7301
f 7328 7324 7301
f 7328 7302 7303
f 7739 7303 7302
f 7302 7703 7738
f 7739 7302 7738
f 7303 7327 7304
f 7304 7328 7303
f 7304 7303 7705
f 7303 7739 7304
f 7303 7304 7740
f 7303 7739 7705
f 7739 7303 7740
f 7305 7304 7329
f 7327 7328 7304
f 7328 7329 7304
f 7304 7740 7328
f 7740 7304 7705
f 7740 7304 7739
f 7329 7305 7306
f 7305 7330 7306
f 7706 7306 7305
f 7306 7305 7742
f 7305 7329 7330
f 7305 7329 7741
f 7305 7741 7706
f 7741 7742 7305
f 7306 7330 7329
f 7330 7306 7742
f 7742 7306 7706
f 7743 7307 7308
f 7307 7743 7708
f 7308 7744 7743
f 7310 7334 7309
f 7310 7309 7711
f 7309 7745 7310
f 7309 7310 7746
f 7333 7309 7334
f 7309 7333 7745
f 7309 7745 7711
f 7309 7746 7745
f 7311 7310 7335
f 7334 7335 7310
f 7310 7746 7334
f 7746 7310 7711
f 7746 7310 7745
f 7312 7335 7311
f 7336 7312 7311
f 7312 7311 7712
f 7311 7747 7312
f 7336 7311 7335
f 7747 7311 7335
f 7311 7747 7712
f 7335 7312 7314
f 7312 7748 7314
f 7312 7712 7713
f 7748 7312 7713
f 7748 7312 7747
f 7314 7750 7313
f 7313 7749 7714
f 7749 7313 7750
f 7338 7335 7314
f 7338 7314 7778
f 7748 7750 7314
f 7750 7778 7314
f 9303 7750 7314
f 8740 7314 8706
f 9303 7314 8740
f 7315 7362 7754
f 7316 7317 7340
f 7341 7317 7316
f 7317 7316 7758
f 7341 7316 7340
f 7758 7316 7757
f 7317 7318 7319
f 7759 7318 7317
f 7319 7317 7343
f 7759 7317 7319
f 7340 7317 7341
f 7341 7343 7317
f 7783 7341 7317
f 7759 7317 7727
f 7317 7758 7759
f 7759 7783 7317
f 7319 7318 7761
f 7342 7318 7760
f 7784 7318 7342
f 7366 7760 7318
f 7794 7366 7318
f 7759 7760 7318
f 7760 7761 7318
f 7784 7760 7318
f 7794 7318 7760
f 7319 7343 7320
f 7320 7319 7761
f 7729 7319 7761
f 7759 7319 7760
f 7760 7319 7761
f 7762 7322 7320
f 7320 7343 7344
f 7785 7320 7344
f 7320 7761 7762
f 7785 7761 7320
f 7321 7345 7322
f 7324 7322 7323
f 7323 7346 7322
f 7322 7348 7324
f 7346 7345 7322
f 7346 7348 7322
f 7762 7764 7322
f 7324 7347 7323
f 7369 7324 7323
f 7765 7323 7324
f 7347 7346 7323
f 7323 7347 7765
f 7786 7347 7323
f 7795 7369 7323
f 7734 7765 7323
f 7786 7323 7765
f 7795 7323 7765
f 7324 7328 7325
f 7325 7324 7349
f 7325 7324 7766
f 7324 7348 7347
f 7348 7349 7324
f 7348 7324 7765
f 7369 7370 7324
f 7370 7765 7324
f 7735 7324 7766
f 7324 7765 7766
f 7328 7327 7325
f 7325 7349 7766
f 7327 7351 7326
f 7326 7351 7350
f 7327 7351 7328
f 7328 7329 7352
f 7329 7328 7353
f 7374 7329 7328
f 7329 7328 7770
f 7771 7329 7328
f 7352 7328 7351
f 7353 7328 7352
f 7788 7352 7328
f 7798 7374 7328
f 7770 7328 7740
f 7770 7771 7328
f 7328 7770 7788
f 7798 7328 7770
f 7329 7353 7330
f 7330 7329 7771
f 7353 7352 7329
f 7353 7329 7771
f 7374 7375 7329
f 7375 7771 7329
f 7771 7741 7329
f 7771 7329 7770
f 7331 7355 7330
f 7330 7353 7354
f 7330 7355 7354
f 7771 7330 7354
f 7330 7742 7772
f 7772 7775 7330
f 7333 7357 7332
f 7356 7332 7357
f 7334 7333 7357
f 7334 7358 7333
f 7357 7333 7358
f 7775 7745 7333
f 7334 7359 7335
f 7378 7335 7334
f 7776 7335 7334
f 7777 7335 7334
f 7358 7334 7357
f 7358 7334 7359
f 7358 7334 7790
f 7800 7378 7334
f 7776 7334 7746
f 7777 7334 7776
f 7776 7790 7334
f 7800 7334 7776
f 7335 7338 7336
f 7336 7335 7360
f 7777 7335 7336
f 7359 7360 7335
f 7359 7335 7777
f 7378 7379 7335
f 7379 7777 7335
f 7747 7335 7777
f 7777 7335 7776
f 7360 7336 7337
f 7336 7360 7777
f 7337 7361 7360
f 7779 7339 7338
f 7779 7338 7778
f 7342 7366 7341
f 7341 7783 7342
f 7366 7365 7341
f 7343 7366 7342
f 7785 7343 7342
f 7342 7760 7784
f 7784 7342 7783
f 7342 7784 7785
f 7344 7343 7785
f 7367 7366 7343
f 7347 7369 7346
f 7368 7346 7369
f 7348 7369 7347
f 7786 7765 7347
f 7348 7349 7370
f 7349 7348 7787
f 7370 7369 7348
f 7348 7765 7786
f 7348 7786 7787
f 7371 7370 7349
f 7787 7766 7349
f 7352 7374 7351
f 7351 7374 7373
f 7353 7374 7352
f 7353 7354 7375
f 7354 7353 7789
f 7375 7374 7353
f 7353 7771 7789
f 7376 7375 7354
f 7354 7789 7771
f 7357 7358 7378
f 7377 7357 7378
f 7359 7378 7358
f 7379 7359 7360
f 7360 7359 7791
f 7359 7379 7378
f 7359 7777 7791
f 7360 7380 7379
f 7791 7777 7360
f 9360 7754 7362
f 9360 7362 9356
f 7363 7382 7364
f 7364 7383 7363
f 7364 7757 7363
f 7364 7363 7793
f 7382 7363 7383
f 7755 7363 7756
f 7363 7755 7792
f 7756 7363 7757
f 7792 7793 7363
f 7383 7364 7382
f 7793 7757 7364
f 7385 7365 7366
f 7385 7384 7365
f 7386 7366 7367
f 7366 7386 7385
f 7366 7794 7760
f 7368 7370 7369
f 7368 7369 7387
f 7369 7370 7388
f 7795 7370 7369
f 7369 7388 7387
f 7388 7370 7389
f 7370 7795 7765
f 7371 7372 7804
f 7390 7371 7804
f 7805 7372 7391
f 7372 7797 7804
f 7797 7372 7805
f 7373 7374 7392
f 7393 7374 7375
f 7799 7375 7374
f 7374 7393 7392
f 7798 7799 7374
f 7375 7376 7394
f 7393 7375 7394
f 7375 7799 7771
f 7376 7395 7394
f 7378 7379 7397
f 7378 7800 7379
f 7396 7378 7397
f 7379 7380 7398
f 7397 7379 7398
f 7379 7801 7777
f 7800 7801 7379
f 7380 7399 7398
f 7382 7383 7803
f 7802 7803 7382
f 7391 7390 7805
f 7804 7805 7390
f 7401 7402 7400
f 7402 7406 7400
f 7400 7406 7404
f 7404 8830 7400
f 7404 7406 7405
f 7806 7807 7404
f 7807 8280 7404
f 8830 7404 8280
f 7409 7410 7810
f 7410 7409 7833
f 7832 7409 7810
f 7409 7832 7833
f 7410 7411 7814
f 7410 7834 7411
f 7810 7410 7811
f 7811 7410 7814
f 7410 7811 7833
f 7410 7833 7834
f 7411 7836 7814
f 7835 7411 7834
f 7836 7411 7835
f 7413 7817 7412
f 7413 7412 7841
f 7839 7412 7817
f 7412 7839 7840
f 7840 7841 7412
f 7413 7414 7820
f 7414 7413 7842
f 7820 7817 7413
f 7413 7842 7820
f 7413 7841 7842
f 7821 7820 7414
f 7414 7843 7821
f 7414 7842 7843
f 7415 7416 7822
f 7415 7846 7416
f 7844 7415 7822
f 7415 7844 7845
f 7845 7846 7415
f 7826 7416 7417
f 7416 7847 7417
f 7825 7822 7416
f 7416 7826 7825
f 7416 7847 7825
f 7847 7416 7846
f 7417 7848 7826
f 7848 7417 7847
f 7419 7827 7418
f 7419 7418 7849
f 7849 7418 7827
f 7830 7419 7420
f 7419 7851 7420
f 7827 7419 7828
f 7830 7828 7419
f 7419 7849 7850
f 7851 7419 7850
f 7421 7831 7420
f 7830 7420 7831
f 7420 7852 7831
f 7851 7852 7420
f 7421 7853 7831
f 7433 7422 7423
f 7422 7431 7430
f 8356 7430 7422
f 7432 7431 7422
f 7432 7422 7433
f 7433 8909 7423
f 8357 7423 8909
f 7434 7424 7436
f 8358 7434 7424
f 7437 7436 7425
f 8915 7437 7425
f 8361 7425 8915
f 7426 7439 7438
f 8362 7439 7426
f 7441 7439 7427
f 7441 8920 7427
f 8363 7427 8920
f 8365 7442 7428
f 8365 7428 8364
f 7429 7444 8366
f 7431 7430 8906
f 8356 8906 7430
f 7445 7431 7432
f 8907 7432 7431
f 7431 8906 8907
f 7432 8908 7433
f 7445 7432 7446
f 8907 8908 7432
f 8909 7433 8908
f 7434 7436 7435
f 7434 8912 7435
f 8358 8912 7434
f 7436 7448 7435
f 7436 7435 8913
f 8913 7435 8359
f 8913 7435 8912
f 7437 7451 7436
f 7436 8360 7437
f 7436 7449 7448
f 7449 7436 7451
f 8914 8360 7436
f 8913 8914 7436
f 7437 7438 7439
f 7439 7451 7437
f 8914 7437 8360
f 7437 8914 8915
f 7440 7439 7441
f 7451 7439 7440
f 8919 7440 7439
f 8362 8918 7439
f 7439 8918 8919
f 7452 7440 7441
f 7440 8919 7441
f 7452 7451 7440
f 8920 7441 8919
f 7454 7442 7443
f 7443 7442 8923
f 7442 8365 8923
f 7443 7444 7455
f 7443 8924 7444
f 7454 7443 7455
f 8923 8924 7443
f 8925 8366 7444
f 8925 7444 8924
f 7458 7447 7446
f 7447 7866 7446
f 7447 7880 7446
f 7880 7458 7446
f 7866 7446 7880
f 7458 7459 7447
f 7447 7459 7881
f 7867 7866 7447
f 7867 7447 7881
f 7880 7447 7881
f 7460 7450 7449
f 7450 7869 7449
f 7450 7884 7449
f 7884 7460 7449
f 7868 7449 7869
f 7884 7868 7449
f 7450 7460 7461
f 7450 7461 7885
f 7885 7869 7450
f 7885 7884 7450
f 7453 7452 7463
f 7871 7452 7453
f 7453 7886 7452
f 7462 7463 7452
f 7886 7462 7452
f 7886 7871 7452
f 7453 7463 7887
f 7872 7453 7871
f 7872 7887 7453
f 7887 7886 7453
f 7456 7455 7465
f 7456 7874 7455
f 7456 7455 7888
f 7456 7889 7455
f 7464 7465 7455
f 7888 7464 7455
f 7888 7455 7874
f 7889 7888 7455
f 7456 7465 7889
f 7875 7874 7456
f 7889 7456 7875
f 7889 7456 7888
f 7879 7457 7458
f 7457 7467 7466
f 7457 7890 7467
f 7890 7457 7879
f 7879 7458 7880
f 7468 7892 7459
f 7881 7459 7892
f 7460 7894 7470
f 7894 7460 7884
f 7471 7895 7461
f 7885 7461 7895
f 7462 7896 7474
f 7896 7462 7886
f 7475 7897 7463
f 7887 7463 7897
f 7464 7898 7478
f 7898 7464 7888
f 7479 7899 7465
f 7889 7465 7899
f 7467 7481 7466
f 7466 7890 7467
f 7879 7890 7466
f 7467 7482 7481
f 7900 7482 7467
f 7467 8398 7482
f 7891 7467 7890
f 7467 7891 7900
f 7891 8398 7467
f 7469 7485 7468
f 7468 7485 7483
f 7483 7892 7468
f 7483 7901 7468
f 7881 7468 7892
f 7468 7901 7892
f 7469 7470 7486
f 7469 7893 7470
f 7486 7485 7469
f 7469 7883 7893
f 7487 7486 7470
f 7902 7487 7470
f 7470 8401 7487
f 7893 7894 7470
f 7470 7894 7902
f 7470 7894 8401
f 7491 7471 7472
f 7471 7491 7488
f 7488 7895 7471
f 7488 7903 7471
f 7885 7471 7895
f 7471 7903 7895
f 7473 7491 7472
f 7473 7474 7491
f 7492 7491 7474
f 7904 7492 7474
f 7492 7474 8405
f 7886 7896 7474
f 7474 7896 7904
f 7474 7896 8405
f 7476 7477 7475
f 7477 7495 7475
f 7493 7475 7495
f 7493 7897 7475
f 7493 7905 7475
f 7887 7475 7897
f 7475 7905 7897
f 7477 7478 7495
f 7496 7495 7478
f 7906 7496 7478
f 8409 7496 7478
f 7888 7898 7478
f 7478 7898 7906
f 7898 8409 7478
f 7480 7498 7479
f 7479 7498 7497
f 7497 7899 7479
f 7497 7907 7479
f 7889 7479 7899
f 7479 7907 7899
f 7482 7532 7481
f 7531 7481 7532
f 7483 7482 7485
f 7482 7483 7532
f 7483 7482 7901
f 7483 7482 8398
f 7505 7532 7482
f 7901 7482 7900
f 7483 7484 7487
f 7533 7532 7483
f 7892 7483 8399
f 8399 7483 8398
f 7488 7487 7491
f 7487 7488 7538
f 7488 7894 7487
f 7902 7488 7487
f 7487 8401 7488
f 7487 7511 7538
f 7490 7488 7489
f 7539 7538 7488
f 7894 7488 7895
f 7488 8402 7895
f 7902 7903 7488
f 8402 7488 8401
f 7489 7492 7490
f 7492 7493 7516
f 7493 7492 7544
f 7493 7897 7492
f 7905 7493 7492
f 7493 7492 8406
f 7544 7492 7516
f 7896 7492 7897
f 7492 7904 7905
f 8405 8406 7492
f 7495 7493 7494
f 7545 7516 7493
f 7493 7544 7545
f 7493 8406 7897
f 7496 7495 7494
f 7551 7496 7497
f 7496 7497 7898
f 7906 7497 7496
f 8410 7497 7496
f 7550 7551 7496
f 8409 8410 7496
f 7551 7521 7497
f 7899 7898 7497
f 7899 7497 8410
f 7907 7497 7906
f 7526 8990 7499
f 7527 7501 7500
f 7500 7501 7928
f 7500 7928 7527
f 7501 7502 7529
f 7507 7501 7505
f 7505 7501 7529
f 7507 7910 7501
f 7527 7528 7501
f 7528 7501 7529
f 7908 7501 7910
f 7501 7908 8455
f 7929 7928 7501
f 8455 7929 7501
f 7502 7503 7529
f 7504 7530 7503
f 7507 7534 7503
f 7503 7931 7507
f 7530 7529 7503
f 7530 7503 7534
f 7931 7503 7530
f 7531 7530 7504
f 7505 7508 7507
f 7533 7508 7505
f 7505 7529 7530
f 7530 7531 7505
f 7532 7505 7531
f 7532 7533 7505
f 7507 7534 7506
f 7506 7534 7533
f 7508 7936 7507
f 7507 7510 7535
f 7535 7534 7507
f 7507 7935 7534
f 7910 7507 7935
f 7935 7507 7931
f 7507 7936 7935
f 7511 7509 7508
f 7937 7508 7509
f 7537 7511 7508
f 7533 7534 7508
f 7508 7534 7535
f 7535 7536 7508
f 7537 7508 7536
f 7936 7508 7937
f 7509 7511 7512
f 7512 7912 7509
f 7509 7912 7937
f 7510 7512 7540
f 7512 7510 7941
f 7535 7510 7536
f 7536 7510 7537
f 7510 7540 7537
f 7510 7537 7937
f 7937 7938 7510
f 7941 7510 7938
f 7511 7514 7512
f 7539 7514 7511
f 7538 7511 7537
f 7538 7539 7511
f 7513 7512 7514
f 7914 7512 7513
f 7540 7512 7941
f 7912 7512 7914
f 7513 7514 7942
f 7915 7914 7513
f 7513 7942 7915
f 7514 7516 7517
f 7544 7516 7514
f 7517 7918 7514
f 7540 7514 7539
f 7514 7540 7541
f 7514 7541 7542
f 7543 7514 7542
f 7543 7544 7514
f 7916 7514 7918
f 7943 7514 7916
f 7514 7943 7942
f 7515 7517 7545
f 7517 7515 7947
f 7545 7543 7515
f 7543 7944 7515
f 7947 7515 7944
f 7518 7517 7516
f 7518 7516 7545
f 7516 7544 7545
f 7918 7517 7518
f 7517 7520 7548
f 7546 7545 7517
f 7547 7546 7517
f 7546 7517 7947
f 7548 7547 7517
f 7520 7519 7518
f 7519 7949 7518
f 7518 7521 7520
f 7518 7550 7521
f 7546 7518 7545
f 7547 7518 7546
f 7548 7518 7547
f 7518 7548 7549
f 7550 7518 7549
f 7919 7918 7518
f 7919 7518 7948
f 7948 7518 7949
f 7920 7519 7520
f 7920 7949 7519
f 7520 7521 7523
f 7522 7550 7520
f 7522 7520 7953
f 7523 7924 7520
f 7520 7549 7548
f 7549 7520 7550
f 7950 7520 7549
f 7921 7920 7520
f 7921 7520 7924
f 7950 7953 7520
f 7521 7554 7523
f 7551 7521 7550
f 7552 7521 7551
f 7521 7552 7553
f 7554 7521 7553
f 7552 7550 7522
f 7552 7522 7953
f 7556 7523 7554
f 7556 8517 7523
f 7924 7523 8517
f 7525 7524 7559
f 7524 7525 7925
f 7958 7525 7524
f 7559 7524 7557
f 7557 7524 7992
f 7925 7958 7524
f 7958 7992 7524
f 7525 7559 7994
f 7927 7925 7525
f 7927 7525 7960
f 7960 7525 7958
f 7994 7960 7525
f 7560 7961 7526
f 7961 8990 7526
f 7527 7962 7561
f 7962 7527 7928
f 7530 7529 9033
f 9032 9033 7529
f 7530 7534 7531
f 7563 7531 7530
f 7530 7564 7531
f 7996 7530 7531
f 7530 7563 7564
f 7563 7965 7530
f 7996 7563 7530
f 7965 7931 7530
f 9033 8491 7530
f 7532 7531 7533
f 7534 7533 7531
f 7563 7531 7564
f 7997 7531 7564
f 7997 7966 7531
f 7996 7531 7997
f 7533 7532 7565
f 7566 7532 7533
f 7532 7533 7967
f 7532 7565 7564
f 7532 7565 7566
f 7998 7565 7532
f 7998 7532 7967
f 7534 7566 7533
f 7534 7567 7533
f 7565 7566 7533
f 7567 7566 7533
f 7999 7533 7566
f 7998 7967 7533
f 7998 7533 7999
f 7534 7567 7566
f 7567 7534 8000
f 7534 7935 7969
f 8000 7534 7969
f 7536 7535 9039
f 9038 7535 8496
f 9038 9039 7535
f 7537 7569 7536
f 7937 7537 7536
f 7568 7536 7569
f 7568 7971 7536
f 7971 7937 7536
f 8497 7536 9039
f 7538 7537 7539
f 7540 7539 7537
f 8002 7537 7569
f 8002 7972 7537
f 7538 7539 7570
f 7539 7538 7571
f 7974 7538 7539
f 7569 7538 7570
f 7571 7538 7570
f 8003 7570 7538
f 8004 7538 7974
f 8003 7538 8004
f 7539 7571 7570
f 8004 7539 7571
f 8004 7974 7539
f 7540 7572 7571
f 7572 7540 8005
f 7540 7941 7975
f 7975 8005 7540
f 7542 7541 9045
f 9044 7541 8502
f 9044 9045 7541
f 7543 7574 7542
f 7543 7542 7977
f 7573 7542 7574
f 7542 7573 7977
f 8503 7542 9045
f 7543 7545 7544
f 7575 7574 7543
f 8007 7543 7574
f 7943 7944 7543
f 7977 7943 7543
f 8007 7978 7543
f 7575 7545 7544
f 7544 7545 8009
f 8008 7575 7544
f 8009 8008 7544
f 7575 7576 7545
f 8009 7545 7576
f 8009 7980 7545
f 7577 7576 7546
f 7577 7546 8011
f 7546 7947 7981
f 7546 7981 7982
f 7982 8011 7546
f 7547 9049 7548
f 9049 7547 8508
f 9050 8509 7548
f 9050 7548 9049
f 7578 7549 7550
f 7549 7579 7578
f 7578 7984 7549
f 8013 7549 7578
f 7549 7984 7950
f 8013 7984 7549
f 7551 7550 7552
f 7550 7551 7579
f 7551 7550 7580
f 7579 7550 7580
f 7551 7580 7579
f 8015 7551 7580
f 8015 7986 7551
f 7553 7552 7554
f 7582 7552 7553
f 7553 7552 7953
f 7555 7554 7552
f 7582 7581 7552
f 7553 9054 7554
f 7582 7553 8017
f 7954 7553 7953
f 7988 7553 7954
f 7553 7988 8017
f 9054 7553 8514
f 7556 7554 7555
f 9055 8515 7554
f 9055 7554 9054
f 7556 7584 8049
f 8049 8583 7556
f 8517 7556 8551
f 8583 8551 7556
f 7557 7993 7558
f 7558 8020 7557
f 7557 7586 7559
f 7586 7557 7585
f 7557 8020 7585
f 7557 7992 7993
f 7993 8021 7558
f 7558 8021 8020
f 7559 7586 8022
f 7994 7559 8022
f 7688 8154 7560
f 7995 7961 7560
f 7995 7560 8154
f 7563 7562 7561
f 7587 7606 7561
f 7587 7561 8023
f 7561 7962 8555
f 8555 8023 7561
f 8524 7562 9062
f 7562 9063 9062
f 7608 7563 7564
f 7997 7564 7563
f 7563 7608 8053
f 7996 7965 7563
f 7563 7996 7997
f 8053 7996 7563
f 7588 7564 7565
f 7565 7589 7564
f 7588 7564 7589
f 7564 7588 7608
f 7565 7566 7590
f 7566 7610 7565
f 7998 7566 7565
f 7590 7589 7565
f 7589 7565 7610
f 7566 7590 7567
f 7567 7566 7591
f 7612 7566 7567
f 7590 7591 7566
f 7590 7610 7566
f 7612 7590 7566
f 7999 7566 7998
f 7591 7590 7567
f 7612 7567 8057
f 7567 8000 8057
f 7569 7614 7568
f 7613 7568 7614
f 7613 8058 7568
f 8001 7971 7568
f 8001 7568 8058
f 7592 7569 7570
f 7569 7570 7593
f 7593 7592 7569
f 7592 7614 7569
f 7570 7571 7593
f 7571 7570 7594
f 7570 8003 7571
f 7593 7592 7570
f 7594 7571 7572
f 7572 7595 7571
f 7593 7571 7615
f 7595 7594 7571
f 7571 7594 7615
f 7571 8003 8004
f 7595 7572 7617
f 7572 8062 7617
f 8062 7572 8005
f 7573 7574 7618
f 7618 8006 7573
f 8006 7977 7573
f 7596 7574 7575
f 7574 7597 7575
f 7574 7596 7597
f 7619 7574 7596
f 7619 7618 7574
f 7621 7575 7576
f 8008 7576 7575
f 7575 7597 7596
f 7597 7575 7620
f 7621 7620 7575
f 7598 7576 7577
f 7577 7576 7599
f 7599 7576 7598
f 7576 7598 7621
f 8009 7576 8008
f 7599 7598 7577
f 7599 7577 7622
f 7622 7577 8067
f 7577 8011 8010
f 8067 7577 8011
f 7600 7578 7579
f 7601 7579 7578
f 7578 7601 7600
f 7578 7600 7623
f 7623 8013 7578
f 8013 7984 7578
f 7580 7624 7579
f 7601 7600 7579
f 7579 7624 7601
f 7602 7580 7581
f 7580 7581 7603
f 7603 7602 7580
f 7602 7624 7580
f 7627 7581 7582
f 7603 7602 7581
f 7581 7626 7603
f 7626 7581 7627
f 7582 8072 7627
f 8017 8072 7582
f 7583 7684 7584
f 7584 7684 7685
f 7584 7685 8150
f 8643 8049 7584
f 8117 7584 8150
f 8643 7584 8117
f 7586 7585 7604
f 8050 7604 7585
f 8020 8050 7585
f 7604 7605 7586
f 7605 8052 7586
f 8022 7586 8052
f 8075 7606 7587
f 8075 7587 8023
f 7588 7589 7610
f 7608 7588 7609
f 7610 7609 7588
f 7610 7590 7611
f 7612 7611 7590
f 7593 7615 7592
f 7615 7614 7592
f 7594 7595 7617
f 7615 7594 7616
f 7617 7616 7594
f 7596 7597 7620
f 7620 7619 7596
f 7598 7599 7621
f 7622 7621 7599
f 7601 7624 7600
f 7623 7600 7624
f 7603 7625 7602
f 7625 7624 7602
f 7626 7625 7603
f 7604 8050 7605
f 7605 8052 7604
f 8050 7604 8052
f 8052 7605 8050
f 7608 7606 7607
f 7628 7606 8075
f 7609 8053 7608
f 7610 9126 7609
f 7609 9126 8053
f 7610 7611 8055
f 9128 7610 7611
f 7610 7632 7631
f 7632 7610 8079
f 8055 8079 7610
f 9126 7610 9127
f 7610 9128 9127
f 8057 7611 7612
f 7611 7633 8056
f 8056 8055 7611
f 7611 8057 9128
f 8058 7613 7614
f 7615 9133 7614
f 9132 8058 7614
f 9132 7614 9133
f 7616 8061 7615
f 7616 9134 7615
f 7637 7615 8084
f 7615 8061 8060
f 8060 8084 7615
f 9134 9133 7615
f 7617 9135 7616
f 7616 7638 8061
f 9134 7616 9135
f 9135 7617 8062
f 7619 8063 7618
f 8063 8006 7618
f 7619 7620 9138
f 9138 8063 7619
f 7621 8065 7620
f 9139 7620 7621
f 7642 7620 8088
f 7620 8065 8064
f 8064 8088 7620
f 7620 9139 9138
f 7622 9141 7621
f 7621 7643 8065
f 7621 9140 9139
f 9140 7621 9141
f 7622 8067 9141
f 7623 7624 9144
f 8013 7623 8069
f 7623 8068 8069
f 7623 9144 8068
f 7624 7625 8070
f 7624 7625 9145
f 7646 7624 8093
f 8070 8093 7624
f 9145 9144 7624
f 7625 7626 9146
f 7625 7647 8071
f 8070 7625 8071
f 7625 9146 9145
f 8072 7626 7627
f 9147 7626 8072
f 9147 9146 7626
f 7628 7722 7629
f 7722 7628 8155
f 8075 8155 7628
f 7629 7756 7650
f 7723 7629 7722
f 7756 7629 7723
f 7630 7631 7665
f 7631 7630 9159
f 7630 7665 7664
f 7664 8124 7630
f 7630 8124 8077
f 8077 9159 7630
f 7631 8079 7632
f 7651 7665 7631
f 7651 7631 9189
f 8078 8079 7631
f 9159 9189 7631
f 7632 8079 7633
f 7634 7668 7633
f 8081 7634 7633
f 7653 7633 7668
f 7633 7653 9160
f 7633 8080 8056
f 8079 8080 7633
f 7633 9160 8081
f 7668 7634 8081
f 7669 7635 7636
f 7635 9164 7636
f 7669 8082 7635
f 8082 9164 7635
f 7636 7654 7670
f 7654 7636 9194
f 7636 7670 7669
f 9194 7636 9164
f 7655 7637 7638
f 7637 8085 7638
f 8084 8085 7637
f 7638 7639 7656
f 9166 7639 7638
f 7656 7655 7638
f 7638 7656 9196
f 7638 8085 8061
f 9166 7638 9196
f 7639 7672 7656
f 7672 7639 7673
f 7673 7639 8134
f 8086 8134 7639
f 7639 9167 8086
f 9167 7639 9166
f 7675 7640 7641
f 8087 7641 7640
f 7674 7640 7675
f 7640 7674 8087
f 7641 7657 7675
f 9200 7657 7641
f 7641 8087 9169
f 9169 9200 7641
f 7658 7642 7643
f 7642 8088 7643
f 7658 7643 7659
f 7643 8089 8065
f 8089 7643 8088
f 7644 7678 7660
f 9172 7644 7660
f 7678 7644 8141
f 8090 8141 7644
f 7644 9172 8090
f 7645 7661 7679
f 7661 7645 9175
f 7645 7679 8092
f 7645 8092 9175
f 7646 7647 7662
f 7647 7646 8093
f 7662 7661 7646
f 7647 8094 8071
f 7647 8093 8094
f 7683 7648 7649
f 7649 7648 9178
f 7648 7682 7663
f 9178 7648 7663
f 7682 7648 7683
f 7649 8095 7683
f 9178 8095 7649
f 7756 7689 7650
f 7652 7665 7651
f 9189 7652 7651
f 7652 7653 7668
f 7653 7652 9191
f 7665 7652 7666
f 7666 7652 7667
f 7668 7667 7652
f 9190 7652 9189
f 9190 9191 7652
f 9191 9160 7653
f 7654 7655 7670
f 7655 7654 9194
f 7656 7672 7655
f 7656 7655 9195
f 7671 7670 7655
f 7655 7672 7671
f 7655 9194 9195
f 7656 9195 9196
f 7657 7658 7675
f 7658 7657 9201
f 7657 9200 9201
f 7658 7659 7677
f 7659 7658 9202
f 7676 7675 7658
f 7676 7658 7677
f 9202 7658 9201
f 7659 7660 7678
f 9202 7660 7659
f 7678 7677 7659
f 7660 9203 9172
f 7660 9202 9203
f 7661 7662 7681
f 7661 9207 7662
f 7680 7679 7661
f 7681 7680 7661
f 9207 7661 9175
f 7663 7682 7662
f 7663 7662 9209
f 7682 7681 7662
f 9208 7662 9207
f 7662 9208 9209
f 9209 9178 7663
f 7691 7665 7664
f 7692 7664 7665
f 7692 7691 7664
f 7664 7691 8156
f 8124 7664 8156
f 7665 7666 7692
f 7693 7666 7665
f 7665 7692 7691
f 7692 7693 7665
f 7693 7666 7667
f 7694 7667 7666
f 7666 7693 7692
f 7693 7694 7666
f 7667 7668 7694
f 7667 7668 7695
f 7693 7667 7694
f 7667 7695 7694
f 7694 7668 7695
f 7695 7668 8128
f 7668 8081 8128
f 7697 7669 7670
f 8161 7669 7697
f 8130 8082 7669
f 7669 8161 8130
f 7698 7671 7670
f 7699 7670 7671
f 7698 7697 7670
f 7698 7670 7699
f 7671 7672 7699
f 7700 7671 7672
f 7671 7698 7699
f 7700 7699 7671
f 7672 7673 7700
f 7673 7701 7672
f 7672 7700 7699
f 7672 7701 7700
f 7700 7673 7701
f 8134 7701 7673
f 7674 7675 7703
f 7703 8166 7674
f 7674 8136 8087
f 8136 7674 8166
f 7675 7704 7676
f 7676 7705 7675
f 7704 7703 7675
f 7675 7705 7704
f 7677 7705 7676
f 7676 7706 7677
f 7676 7704 7705
f 7705 7706 7676
f 7677 7678 7706
f 7677 7678 7707
f 7706 7705 7677
f 7677 7707 7706
f 7678 7707 7706
f 8141 7707 7678
f 7710 7680 7679
f 7679 7680 7711
f 7710 7679 7711
f 8173 7679 7710
f 8143 8092 7679
f 7679 8173 8143
f 7711 7680 7681
f 7712 7681 7680
f 7710 7711 7680
f 7712 7711 7680
f 7712 7682 7681
f 7713 7681 7682
f 7711 7681 7712
f 7712 7681 7713
f 7683 7714 7682
f 7682 7712 7713
f 7714 7713 7682
f 8147 7714 7683
f 8147 7683 8095
f 7685 7717 8150
f 7720 7687 7686
f 7686 7687 8118
f 8151 7687 7686
f 7718 7720 7686
f 7718 7686 8178
f 7686 8118 8151
f 8151 8178 7686
f 7687 7720 8180
f 8120 8118 7687
f 7687 8153 8120
f 8153 7687 8151
f 8180 8153 7687
f 7721 8154 7688
f 7689 7690 7723
f 7690 7689 7724
f 7689 7756 7724
f 7724 7723 7690
f 8681 7690 7724
f 7691 7692 7727
f 7691 8156 7692
f 7692 8157 7691
f 7727 7726 7691
f 7726 8156 7691
f 7691 8682 7726
f 8156 7691 8157
f 7692 7693 7727
f 7692 7728 7693
f 7727 7728 7692
f 7692 8156 8157
f 7694 7728 7693
f 7693 7729 7694
f 7694 7693 8158
f 7728 7727 7693
f 7693 7728 7729
f 7694 7729 7695
f 7729 7728 7694
f 7694 8158 8159
f 7729 7730 7695
f 7730 7695 8187
f 8160 7695 8128
f 8187 7695 8160
f 7731 7730 7696
f 8687 7696 7731
f 7698 7733 7697
f 7732 7697 7733
f 7732 8161 7697
f 7697 8688 7732
f 7733 7699 7698
f 7734 7698 7699
f 7733 7698 7734
f 7699 7700 7735
f 8163 7699 7700
f 7699 8164 7700
f 7699 7733 7734
f 7734 7699 7735
f 7699 8163 8164
f 7700 7701 7735
f 7700 7701 7736
f 8163 7700 8164
f 7701 7735 7736
f 7736 7701 8193
f 8165 7701 8134
f 8193 7701 8165
f 7737 7702 7736
f 7702 7737 8693
f 7704 7739 7703
f 7739 7738 7703
f 8166 7703 7738
f 7703 8694 7738
f 7704 7739 7705
f 7704 7705 7740
f 7704 7740 7739
f 7705 7706 7740
f 7705 7770 7706
f 7706 8168 7705
f 7706 7705 8169
f 7740 7705 7739
f 8168 8169 7705
f 7707 7741 7706
f 7706 7707 7742
f 7741 7740 7706
f 7771 7706 7770
f 7706 8169 8168
f 7741 7707 7742
f 7742 7707 8200
f 8171 7707 8141
f 8171 8170 7707
f 8200 7707 8171
f 7708 7743 8699
f 7708 8699 8171
f 7709 7745 7744
f 7709 8700 7744
f 7745 7711 7710
f 7710 7711 7746
f 7745 7710 7746
f 7745 8173 7710
f 7746 7712 7711
f 7712 7711 7777
f 7745 7746 7711
f 7711 7776 7777
f 7712 7747 7713
f 7712 7713 7748
f 7712 7747 7746
f 7712 7748 7747
f 7714 7749 7713
f 7748 7713 7747
f 7713 7749 7748
f 7749 7714 8206
f 7714 7749 8705
f 8177 7714 8147
f 7714 8177 8206
f 7716 7751 7717
f 7717 7751 7780
f 7717 7780 8742
f 8676 8150 7717
f 8708 8676 7717
f 8708 7717 8742
f 7718 8179 7719
f 7719 8210 7718
f 7718 7752 7720
f 7752 7718 8210
f 7718 8178 8179
f 8211 7719 8179
f 7719 8211 8210
f 7753 7720 7752
f 7753 8212 7720
f 8212 8180 7720
f 7721 7754 9360
f 8154 7721 8181
f 7721 9360 8181
f 7722 7755 7723
f 8155 7755 7722
f 7724 7725 7723
f 7756 7723 7725
f 7755 7756 7723
f 7724 7756 7725
f 8714 7724 7725
f 8714 8681 7724
f 7726 7727 7725
f 7760 7726 7725
f 7726 9281 7725
f 7727 7759 7725
f 7757 7756 7725
f 7760 7725 7756
f 7758 7757 7725
f 7759 7758 7725
f 7725 9280 8714
f 7725 9281 9280
f 7726 7727 7729
f 7726 7760 7727
f 7726 7729 7730
f 7726 7730 8215
f 8183 8156 7726
f 8183 7726 8215
f 8716 7726 8682
f 9281 7726 8716
f 7727 7728 7729
f 7727 7728 7759
f 7727 7760 7728
f 7729 7728 7760
f 7729 7761 7728
f 7760 7759 7728
f 7760 7728 7761
f 7730 7731 7729
f 7729 7763 7730
f 7729 7731 7761
f 7729 7760 7763
f 7763 7731 7730
f 7730 8187 8218
f 8215 7730 8218
f 7732 7731 7763
f 7731 7732 7764
f 7732 9287 7731
f 7761 7731 7762
f 7762 7731 7764
f 7731 8721 8687
f 7731 9286 8721
f 9286 7731 9287
f 7733 7732 7763
f 7733 7764 7732
f 7733 8189 7732
f 8189 8161 7732
f 8722 7732 8688
f 9287 7732 8722
f 7735 7733 7734
f 7733 7765 7734
f 7736 7733 7735
f 8221 7733 7736
f 7765 7733 7763
f 8189 7733 8221
f 7734 7765 7735
f 7735 7766 7734
f 7765 7734 7766
f 7736 7735 7769
f 7765 7769 7735
f 7736 7769 7737
f 7736 8193 8224
f 8224 8221 7736
f 7737 7769 7738
f 7738 9293 7737
f 8727 8693 7737
f 9292 8727 7737
f 9292 7737 9293
f 7739 7738 7769
f 8195 7738 7739
f 8166 7738 8195
f 8728 7738 8694
f 9293 7738 8728
f 7739 7740 7742
f 7739 7769 7740
f 7739 7742 8230
f 7739 8196 8195
f 8196 7739 8227
f 8230 8227 7739
f 7740 7741 7742
f 7740 7741 7770
f 7770 7740 7769
f 7742 7741 7774
f 7771 7770 7741
f 7770 7774 7741
f 7742 7743 7772
f 7774 7743 7742
f 8199 7742 8200
f 8199 8230 7742
f 7744 7772 7743
f 7743 7774 7744
f 7743 7744 9297
f 8733 8699 7743
f 9297 8733 7743
f 7774 7745 7744
f 7745 7775 7744
f 7772 7744 7775
f 8734 7744 8700
f 9298 7744 8734
f 9298 9297 7744
f 7748 7745 7746
f 7745 7774 7746
f 7745 7748 8236
f 8202 8173 7745
f 8202 7745 8233
f 8236 8233 7745
f 7747 7748 7746
f 7746 7747 7776
f 7747 7746 7777
f 7746 7774 7777
f 7748 7747 7777
f 7777 7776 7747
f 7749 7750 7748
f 7777 7749 7748
f 7748 7749 8206
f 8205 7748 8206
f 8205 8236 7748
f 7749 7777 7750
f 7749 7750 9302
f 8739 8705 7749
f 9302 8739 7749
f 7777 7778 7750
f 9303 9302 7750
f 7780 7751 7779
f 7752 7781 7753
f 8241 7781 7752
f 8210 8241 7752
f 7781 7782 7753
f 7782 8243 7753
f 8212 7753 8243
f 8712 7792 7755
f 7755 8155 8712
f 7760 7756 7757
f 7762 7760 7757
f 7757 8218 7762
f 8213 7757 7793
f 8218 7757 8213
f 7759 7760 7783
f 7760 7761 7784
f 7762 7763 7760
f 7784 7783 7760
f 7785 7784 7761
f 7762 8219 7763
f 8219 7762 8218
f 7763 7767 7765
f 7767 7763 8224
f 7763 8219 8220
f 7763 8220 8224
f 7787 7765 7766
f 7769 7765 7767
f 7787 7786 7765
f 7767 7768 7769
f 7768 7767 8225
f 8225 7767 8224
f 7768 8225 7769
f 7770 7769 7772
f 7769 8226 7772
f 7769 8225 8226
f 7770 7771 7788
f 7789 7771 7770
f 7799 7770 7771
f 7774 7770 7772
f 7789 7770 7788
f 7799 7798 7770
f 7789 7788 7771
f 7773 7774 7772
f 7772 8231 7773
f 8230 7772 8226
f 7772 8230 8231
f 7773 8231 7774
f 7777 7774 7775
f 7775 7774 8233
f 8232 7774 8231
f 7774 8232 8233
f 7775 7780 7777
f 8233 7780 7775
f 7777 7790 7776
f 7791 7777 7776
f 7801 7776 7777
f 7791 7776 7790
f 7801 7800 7776
f 7777 7779 7778
f 7779 7777 7780
f 7777 7791 7790
f 8233 8240 7780
f 8240 8742 7780
f 7781 8241 7782
f 7782 8243 7781
f 8241 7781 8243
f 8243 7782 8241
f 7793 7792 7803
f 7802 7803 7792
f 7792 8271 7802
f 8712 8271 7792
f 8272 7793 7803
f 8245 8213 7793
f 8272 8245 7793
f 7796 7797 7804
f 7796 7797 8264
f 7797 7796 8265
f 8264 8265 7796
f 7805 7804 7797
f 8265 8264 7797
f 7802 8271 7803
f 8272 7803 8271
f 7804 7808 7805
f 7809 7804 7805
f 7809 7808 7804
f 7809 7805 7808
f 7806 8829 7807
f 7806 8279 8829
f 8280 7807 8830
f 8830 7807 8829
f 7809 7808 8282
f 8281 8282 7808
f 7810 7811 8294
f 7811 7810 8315
f 7810 8315 7832
f 8294 8293 7810
f 8315 7810 8293
f 7814 7811 7812
f 7811 8317 7812
f 7811 7814 8294
f 8316 7811 7833
f 8294 7811 8316
f 8315 8316 7811
f 8316 8317 7811
f 7812 7813 7814
f 8317 7812 7813
f 7813 7812 8843
f 9371 7812 8317
f 7812 9371 8843
f 7813 8318 7814
f 8317 7813 8318
f 9372 8318 7813
f 7813 8843 8844
f 9372 7813 8844
f 7815 7814 7837
f 7815 8297 7814
f 7814 8320 7815
f 7836 7837 7814
f 8319 7836 7814
f 7814 8297 8294
f 8319 7814 8297
f 8319 7814 8318
f 7814 8319 8320
f 8320 7815 7837
f 8298 8297 7815
f 8320 8298 7815
f 7817 7816 7839
f 7817 8299 7816
f 7817 7816 8321
f 7839 7816 7838
f 7816 8321 7838
f 8321 7816 8299
f 7818 7819 7817
f 7817 8323 7818
f 7820 7817 7819
f 7817 7820 8300
f 8322 7817 7839
f 8300 8299 7817
f 8300 7817 8322
f 8321 8322 7817
f 7817 8322 8323
f 8324 7818 7819
f 8850 7819 7818
f 8324 8323 7818
f 9375 7818 8323
f 7818 8849 8850
f 7818 9375 8849
f 7819 8324 7820
f 9376 8324 7819
f 9376 7819 8850
f 7820 7821 8304
f 7820 8326 7821
f 8325 7820 7842
f 7820 8303 8300
f 8304 8303 7820
f 8325 7820 8303
f 7820 8324 8325
f 7820 8325 8326
f 7843 8326 7821
f 8326 8304 7821
f 7823 7824 7822
f 7822 8328 7823
f 7825 7822 7824
f 7822 7825 8305
f 7822 8327 7844
f 8327 7822 8305
f 7822 8327 8328
f 7823 7824 8328
f 8855 7824 7823
f 9379 7823 8328
f 7823 9379 8855
f 7824 8329 7825
f 8329 8328 7824
f 9380 8329 7824
f 9380 7824 8855
f 7825 7826 7847
f 8308 7826 7825
f 8309 7825 7826
f 8330 7825 7847
f 7825 8308 8305
f 8309 8308 7825
f 8308 7825 8330
f 7825 8329 8330
f 7848 7847 7826
f 7848 8331 7826
f 7826 8308 8309
f 8331 8309 7826
f 7827 7828 8311
f 8333 7828 7827
f 8332 7849 7827
f 8311 8310 7827
f 8332 7827 8310
f 7827 8332 8333
f 7830 7828 7829
f 7829 8333 7828
f 7828 9384 7829
f 7828 7830 8311
f 9383 7828 8333
f 9384 7828 9383
f 7829 7830 8334
f 7829 8335 7830
f 8333 7829 8334
f 9385 8335 7829
f 7829 9384 8860
f 7829 9384 9385
f 7830 7831 7852
f 8313 7831 7830
f 7830 7831 8314
f 8335 7830 7852
f 7830 8313 8311
f 8314 8313 7830
f 8313 7830 8335
f 8334 7830 8335
f 7853 8336 7831
f 8314 7831 8313
f 8336 8314 7831
f 7832 7854 7833
f 7854 7832 8348
f 7832 8315 8905
f 7832 8905 8348
f 7833 8294 8842
f 7855 7837 7836
f 7836 8845 8297
f 7855 8349 7837
f 7837 8910 8320
f 7837 8349 8910
f 7856 7839 7838
f 8350 7856 7838
f 7838 8321 8911
f 7838 8911 8350
f 7839 8300 8848
f 7842 7857 7843
f 7842 8851 8303
f 8351 7843 7857
f 7843 8916 8326
f 7843 8351 8916
f 8352 7858 7844
f 7844 8305 8853
f 7844 8327 8917
f 7844 8917 8352
f 7847 7859 7848
f 7848 8309 7847
f 7848 8331 7847
f 7848 7847 8856
f 8308 7847 8309
f 7847 8308 8856
f 8330 7847 8331
f 8353 7848 7859
f 7848 8857 8309
f 7848 8921 8331
f 8921 7848 8353
f 8857 7848 8856
f 7861 7850 7849
f 7861 7849 7860
f 8354 7860 7849
f 7849 8310 8858
f 7849 8332 8922
f 7849 8922 8354
f 7862 7853 7852
f 7852 7853 8314
f 8336 7852 7853
f 7853 7852 8861
f 8314 8313 7852
f 7852 8313 8861
f 7852 8336 8335
f 7862 8355 7853
f 7853 8862 8314
f 7853 8926 8336
f 8926 7853 8355
f 8861 8862 7853
f 7864 8367 7863
f 7864 7863 8397
f 8927 7863 8367
f 8396 8397 7863
f 8957 8396 7863
f 7863 8927 8957
f 7866 7864 7865
f 7879 7865 7864
f 7868 7864 7866
f 7868 7870 7864
f 7876 7864 7870
f 7864 7876 7873
f 7873 8372 7864
f 7879 7864 8386
f 8368 8367 7864
f 8372 8368 7864
f 8397 8386 7864
f 7865 7879 7866
f 7867 7868 7866
f 7867 7881 7866
f 7867 7866 8376
f 7880 7866 7879
f 7880 7866 7881
f 7880 8375 7866
f 8376 7866 8375
f 7868 7867 7882
f 7867 7881 7882
f 7867 8376 7881
f 7868 7869 7870
f 7868 7869 7884
f 7869 7868 8378
f 7884 7868 7882
f 7884 8377 7868
f 8377 8378 7868
f 7869 7885 7870
f 7885 7884 7869
f 7869 8378 7885
f 7870 7871 7872
f 7871 7870 7886
f 7870 7872 7876
f 7885 8391 7870
f 7886 7870 8392
f 8403 7870 8391
f 8403 8392 7870
f 8380 7872 7871
f 7871 7886 8379
f 8379 8380 7871
f 7874 7875 7872
f 7874 7872 7888
f 7872 7875 7876
f 7872 8380 7887
f 7872 7887 8394
f 8394 7888 7872
f 7876 8373 7873
f 8372 7873 8373
f 7875 7889 7874
f 7875 7874 8382
f 7888 7874 7889
f 7888 8381 7874
f 8381 8382 7874
f 7875 7889 7876
f 7875 8382 7889
f 7876 7877 8369
f 7876 8411 7877
f 8395 7876 7889
f 7876 8369 8373
f 8411 7876 8395
f 7878 8370 7877
f 8413 7878 7877
f 7877 8370 8369
f 8412 7877 8411
f 8413 7877 8412
f 7878 8371 8370
f 8371 7878 8939
f 7878 8413 8967
f 8939 7878 9484
f 8967 8954 7878
f 8954 9484 7878
f 7879 7880 7890
f 7879 8374 7880
f 8386 7890 7879
f 8386 8374 7879
f 7881 7892 7880
f 7880 7891 7890
f 7880 7892 7891
f 7891 7880 8387
f 8375 7880 8374
f 7881 8388 7882
f 7892 8388 7881
f 8376 8388 7881
f 7883 7884 7882
f 8389 7883 7882
f 7882 8388 8400
f 8400 8389 7882
f 7884 7883 7894
f 7893 7894 7883
f 7893 7883 8389
f 7885 8390 7884
f 7894 7884 8390
f 8390 8377 7884
f 8391 7885 7895
f 8391 7885 8378
f 8391 8390 7885
f 7886 7887 8392
f 7896 7886 8392
f 8392 8379 7886
f 8393 7887 7897
f 8393 7887 8380
f 7887 8393 8392
f 7887 8393 8394
f 7888 7889 8394
f 7898 7888 8394
f 8394 8381 7888
f 8395 7889 7899
f 8382 8395 7889
f 7889 8395 8394
f 7891 8387 7890
f 8386 8387 7890
f 7901 7891 7892
f 8387 7891 7892
f 7892 7891 8399
f 7891 7901 7900
f 8398 7891 8387
f 8399 7891 8398
f 8387 7892 8388
f 8399 8388 7892
f 7894 7893 8390
f 8389 8390 7893
f 7903 7894 7895
f 7894 7895 8390
f 7895 7894 8391
f 7894 8402 7895
f 7894 7903 7902
f 8390 8391 7894
f 8401 7894 8390
f 8401 8402 7894
f 8391 8390 7895
f 8402 8391 7895
f 7905 7896 7897
f 7896 8392 7897
f 7896 8405 7897
f 7897 8406 7896
f 7896 7905 7904
f 8405 7896 8392
f 8405 7896 8406
f 8393 7897 8392
f 8406 8393 7897
f 8406 7897 8405
f 7907 7898 7899
f 7898 8394 7899
f 7899 7898 8410
f 7898 7907 7906
f 8409 7898 8394
f 8410 7898 8409
f 8395 7899 8394
f 7899 8410 8395
f 8416 7908 7910
f 7908 8416 8455
f 7931 7909 7910
f 7909 8435 7910
f 7931 8434 7909
f 7909 8434 8435
f 7936 7911 7910
f 8436 7910 7911
f 7935 7931 7910
f 7910 7935 7936
f 7935 7910 8435
f 8416 7910 8419
f 8435 8419 7910
f 8435 7910 8436
f 8436 7911 7936
f 7912 7913 7938
f 8437 7913 7912
f 7914 8421 7912
f 7937 7912 7938
f 7912 7937 8437
f 8421 8437 7912
f 7913 7914 7941
f 8438 7914 7913
f 7938 7913 7941
f 8438 7913 8437
f 8422 7914 7915
f 7941 7914 8439
f 7914 8422 8421
f 8439 7914 8438
f 8440 7915 7942
f 8423 8422 7915
f 7915 8440 8423
f 7916 7917 7944
f 8441 7917 7916
f 7916 7918 8424
f 7943 7916 7944
f 8441 7943 7916
f 7916 8424 8441
f 7917 7918 7947
f 7918 7917 8442
f 7947 7944 7917
f 8441 8442 7917
f 7918 7919 8425
f 7947 7918 7948
f 7948 7918 8443
f 7918 8425 8424
f 8442 8443 7918
f 8444 7919 7948
f 8426 8425 7919
f 8444 8426 7919
f 8427 7920 7921
f 8445 7949 7920
f 8427 8445 7920
f 7921 7922 7950
f 7922 7921 8446
f 7924 8430 7921
f 8446 7921 7950
f 8428 8427 7921
f 8428 7921 8430
f 7954 7922 7923
f 7922 8447 7923
f 7953 7950 7922
f 7922 7954 7953
f 8446 8447 7922
f 8448 7954 7923
f 8447 8448 7923
f 8430 7924 8483
f 8517 8483 7924
f 7926 7958 7925
f 8451 7926 7925
f 7925 7927 7958
f 8451 7925 7927
f 7926 7959 7958
f 7959 7926 9028
f 8451 8452 7926
f 7926 8452 9028
f 7960 7958 7927
f 7960 8520 7927
f 7927 8453 8451
f 7927 8520 8453
f 7963 7928 7929
f 7928 7963 7962
f 7963 7929 8455
f 7930 9013 7964
f 7965 9033 7931
f 8457 8434 7931
f 8457 7931 9033
f 7933 7932 7965
f 7933 8459 7932
f 7966 7965 7932
f 8492 7966 7932
f 8458 7932 8459
f 7932 8458 8492
f 7965 8491 7933
f 7967 8493 7933
f 7967 7933 8526
f 8493 8459 7933
f 8491 8525 7933
f 8525 8526 7933
f 7968 7967 7934
f 7967 8493 7934
f 7934 7968 7969
f 7968 7934 8527
f 7969 8495 7934
f 7934 8460 8493
f 8495 8460 7934
f 8493 8527 7934
f 7969 7935 9037
f 7935 8435 8461
f 7935 8461 9037
f 7937 7970 7936
f 7936 7937 8462
f 7936 9014 7937
f 9015 7936 7937
f 9038 7936 7970
f 8436 7936 8462
f 9014 8462 7936
f 9015 9014 7936
f 9038 9014 7936
f 7971 9039 7937
f 7937 8437 8463
f 8463 8462 7937
f 7937 9039 8463
f 9015 7937 9014
f 7939 7938 7972
f 8464 7939 7938
f 7938 7939 8465
f 8498 7972 7938
f 7938 8465 8464
f 7938 8464 8498
f 7972 8498 7939
f 7973 8499 7939
f 7973 7939 8532
f 8464 8465 7939
f 8499 8465 7939
f 8498 8532 7939
f 7941 8467 7940
f 7941 7940 8533
f 7974 7973 7940
f 7973 8499 7940
f 8500 7974 7940
f 8467 8466 7940
f 7940 8466 8500
f 8499 8533 7940
f 7975 8501 7941
f 7975 7941 8533
f 7975 7941 9043
f 7941 8439 8467
f 8501 8467 7941
f 8467 9043 7941
f 7942 7943 7976
f 8468 7942 7943
f 7942 9016 7943
f 9016 7942 7976
f 8440 7942 8468
f 9016 8468 7942
f 7943 7977 7976
f 7977 9045 7943
f 8441 8469 7943
f 8469 8468 7943
f 7943 9045 8469
f 9017 7943 9016
f 9017 9045 7943
f 7945 7944 7978
f 8470 7945 7944
f 7945 8471 7944
f 8504 7978 7944
f 7944 8471 8470
f 7944 8470 8504
f 7978 8504 7945
f 7979 8505 7945
f 7979 7945 8538
f 8470 8471 7945
f 8505 8471 7945
f 8504 8538 7945
f 7947 7946 7979
f 7947 8472 7946
f 7946 7947 8473
f 7980 7979 7946
f 8506 7980 7946
f 8473 8472 7946
f 7946 8472 8506
f 7947 7948 7982
f 7979 8505 7947
f 7981 7947 7982
f 7981 8507 7947
f 7981 7947 8540
f 8473 8472 7947
f 8507 8473 7947
f 8505 8540 7947
f 7982 7948 7949
f 7948 7982 9021
f 7948 9049 7982
f 8444 7948 8443
f 7948 8474 8444
f 9021 8474 7948
f 7948 8474 9049
f 7984 7949 7950
f 8445 7950 7949
f 7949 7983 7982
f 7949 7984 7983
f 9050 7983 7949
f 7949 8445 8475
f 9022 7949 8475
f 7949 9050 8475
f 7949 9022 9050
f 7951 7950 7984
f 7950 7951 8476
f 7951 7950 8477
f 8510 7984 7950
f 7950 8445 8446
f 7950 8476 8477
f 7950 8476 8510
f 7984 8510 7951
f 7985 8511 7951
f 7985 7951 8544
f 7951 8477 8476
f 8511 8477 7951
f 8510 8544 7951
f 7953 7952 7986
f 7953 8478 7952
f 8479 7952 7953
f 8512 7986 7952
f 7952 8479 8478
f 7952 8478 8512
f 7986 8512 7953
f 7987 8513 7953
f 7987 7953 8546
f 8479 8478 7953
f 8513 8479 7953
f 8512 8546 7953
f 7954 7955 7988
f 7955 7954 9023
f 7988 9023 7954
f 7988 7954 9054
f 7954 8448 8480
f 7954 8480 9054
f 7989 7988 7955
f 7989 7955 9055
f 9024 7955 9023
f 9024 9055 7955
f 7991 7956 7957
f 7957 7956 9025
f 7990 7956 7991
f 7990 9025 7956
f 7957 9026 7991
f 9026 7957 9025
f 7959 7992 7958
f 7959 7993 7992
f 7993 7959 8519
f 8485 8519 7959
f 9028 8485 7959
f 7994 8520 7960
f 7961 7995 8990
f 7963 8487 7962
f 8487 8521 7962
f 8555 7962 8521
f 8488 7963 8455
f 8488 8487 7963
f 9032 7964 9013
f 7997 7965 7966
f 7966 8491 7965
f 7997 7996 7965
f 7965 7996 8525
f 8525 8491 7965
f 9033 7965 8491
f 7966 8492 8491
f 7998 7967 7968
f 7998 7967 8527
f 8493 7967 8526
f 7967 8493 8527
f 7999 7968 7969
f 7969 7968 8000
f 8495 7968 7969
f 7968 8527 7969
f 7999 7998 7968
f 7968 7999 8000
f 7999 7968 8528
f 7968 8495 8494
f 7968 8494 8528
f 7969 8000 7999
f 8529 7969 8000
f 8495 7969 8527
f 8495 7969 8529
f 8495 7969 9037
f 7971 8001 8531
f 8497 7971 8531
f 9039 7971 8497
f 7972 7973 8499
f 7972 8499 8498
f 7973 8003 7974
f 8004 7973 7974
f 7974 8500 7973
f 8004 8003 7973
f 8003 7973 8533
f 8500 8499 7973
f 8499 7973 8532
f 7973 8499 8533
f 8003 8004 7974
f 8005 7975 8535
f 8501 7975 8533
f 7975 8501 8535
f 9043 8501 7975
f 9045 7976 7977
f 7976 9044 9016
f 9045 9044 7976
f 8006 8537 7977
f 8503 7977 8537
f 9045 7977 8503
f 8504 7978 7979
f 8008 7980 7979
f 7979 7980 8009
f 7980 8505 7979
f 7979 8009 8008
f 8008 7979 8539
f 7979 8505 8504
f 8505 7979 8538
f 7979 8505 8539
f 7980 7981 8507
f 8008 8009 7980
f 7980 8506 8505
f 7980 8507 8506
f 8010 7981 8541
f 8507 7981 8540
f 7981 8507 8541
f 7983 9050 7982
f 8011 7982 8542
f 8508 8542 7982
f 8508 7982 9049
f 7982 9049 9021
f 9049 7982 9050
f 8013 7983 7984
f 8013 8012 7983
f 8012 8543 7983
f 8543 8509 7983
f 9050 7983 8509
f 8014 7986 7985
f 7985 7986 8015
f 8512 7985 7986
f 7986 7985 8544
f 8014 7985 8015
f 8014 7985 8545
f 7985 8512 8511
f 7985 8511 8545
f 8513 7986 7987
f 8015 7986 8014
f 8546 7986 8015
f 8512 7986 8513
f 8512 7986 8544
f 8512 7986 8546
f 8016 7987 8547
f 8513 7987 8546
f 7987 8513 8547
f 7988 7989 9054
f 7988 8548 8017
f 8514 8548 7988
f 9054 8514 7988
f 7988 9054 9023
f 9055 9054 7989
f 9056 7990 7991
f 7990 9056 9025
f 9057 7991 9026
f 7991 9057 9056
f 7993 7994 8022
f 7994 7993 8520
f 8022 8021 7993
f 8519 8520 7993
f 7995 8154 8990
f 7997 7996 8027
f 7996 7997 8526
f 8026 8027 7996
f 7996 8053 8026
f 7996 8525 8026
f 8558 7996 8026
f 8526 8525 7996
f 8525 7996 8558
f 7998 7997 8028
f 7998 8526 7997
f 8527 7998 7997
f 8027 8028 7997
f 8527 7997 8526
f 7999 7998 8029
f 7998 7999 8528
f 8028 8029 7998
f 8028 8527 7998
f 8527 8526 7998
f 8527 7998 8528
f 8000 7999 8029
f 7999 8000 8528
f 8529 8000 7999
f 8528 8029 7999
f 8529 7999 8528
f 8029 8030 8000
f 8057 8000 8030
f 8529 8000 8030
f 8030 8000 8562
f 8529 8528 8000
f 8562 8000 8529
f 8003 8001 8033
f 8001 8003 8533
f 8032 8033 8001
f 8001 8058 8032
f 8001 8531 8032
f 8564 8001 8032
f 8533 8531 8001
f 8531 8001 8564
f 8532 8002 8003
f 8533 8003 8002
f 8002 8532 8533
f 8004 8003 8034
f 8003 8004 8534
f 8033 8034 8003
f 8033 8533 8003
f 8532 8003 8533
f 8533 8003 8534
f 8005 8004 8034
f 8534 8004 8005
f 8535 8005 8004
f 8534 8034 8004
f 8535 8004 8534
f 8034 8035 8005
f 8062 8005 8035
f 8535 8005 8035
f 8035 8005 8568
f 8534 8005 8535
f 8568 8005 8535
f 8008 8006 8038
f 8006 8008 8539
f 8037 8038 8006
f 8063 8037 8006
f 8006 8537 8037
f 8037 8570 8006
f 8539 8537 8006
f 8537 8006 8570
f 8539 8007 8008
f 8538 8007 8539
f 8009 8008 8039
f 8008 8009 8540
f 8038 8039 8008
f 8038 8539 8008
f 8539 8008 8540
f 8010 8009 8039
f 8010 8540 8009
f 8541 8010 8009
f 8540 8039 8009
f 8009 8540 8541
f 8011 8010 8040
f 8010 8011 8542
f 8039 8040 8010
f 8541 8540 8010
f 8542 8541 8010
f 8041 8011 8040
f 8011 8041 8067
f 8542 8011 8041
f 8041 8011 8575
f 8575 8011 8542
f 8012 8042 8013
f 8012 8013 8068
f 8543 8012 8013
f 8012 8068 8042
f 8012 8543 8042
f 8576 8012 8042
f 8576 8543 8012
f 9080 8543 8012
f 8014 8013 8044
f 8013 8014 8545
f 8042 8043 8013
f 8043 8044 8013
f 8068 8013 8069
f 8544 8543 8013
f 8013 8545 8544
f 8015 8014 8045
f 8014 8545 8015
f 8014 8015 8546
f 8044 8045 8014
f 8044 8545 8014
f 8545 8014 8546
f 8547 8015 8016
f 8017 8015 8045
f 8015 8017 8546
f 8546 8045 8015
f 8545 8546 8015
f 8546 8015 8547
f 8045 8046 8017
f 8072 8017 8046
f 8548 8017 8046
f 8046 8017 8580
f 8548 8546 8017
f 8580 8017 8548
f 8548 8017 9084
f 8019 8048 8018
f 8018 9086 8019
f 8048 8582 8018
f 8550 8018 8582
f 9086 8018 8550
f 8019 8049 8048
f 8049 8019 8583
f 8551 8583 8019
f 8551 8019 9087
f 9087 8019 9086
f 8021 8050 8020
f 8554 8021 8022
f 8021 8051 8050
f 8553 8051 8021
f 8554 8553 8021
f 8554 8022 8052
f 8026 8023 8025
f 8023 8555 8025
f 8026 8558 8023
f 8023 8555 8075
f 8555 8023 8558
f 8048 8556 8024
f 8582 8048 8024
f 8582 8024 8556
f 8026 8025 8558
f 8557 8025 8555
f 8557 8558 8025
f 8026 8054 8027
f 8558 8026 8028
f 8028 8026 8560
f 8053 8054 8026
f 8026 8053 8558
f 8026 8586 8053
f 8558 8026 8525
f 8026 8558 8560
f 8586 8026 8558
f 8028 8027 8588
f 8027 8054 8587
f 8027 8587 8588
f 8028 8056 8029
f 8028 8560 8029
f 8561 8028 8029
f 8056 8028 8055
f 8028 8588 8055
f 8560 8527 8028
f 8028 8560 8558
f 8028 8561 8560
f 8588 8560 8028
f 8056 8030 8029
f 8030 8029 8561
f 8030 8562 8029
f 8056 8029 8589
f 8528 8561 8029
f 8029 8560 8561
f 8561 8029 8562
f 8561 8589 8029
f 8031 8032 8030
f 8031 8030 8562
f 8032 8564 8030
f 8056 8057 8030
f 8562 8057 8030
f 8590 8030 8057
f 8030 8562 8529
f 8562 8030 8561
f 8562 8030 8564
f 8030 8590 8562
f 8563 8031 8562
f 8032 8060 8033
f 8564 8032 8033
f 8033 8032 8566
f 8058 8060 8032
f 8564 8032 8058
f 8032 8591 8058
f 8564 8032 8531
f 8032 8564 8566
f 8591 8032 8564
f 8033 8060 8034
f 8033 8566 8034
f 8567 8033 8034
f 8033 8060 8592
f 8566 8533 8033
f 8033 8566 8564
f 8033 8567 8566
f 8592 8566 8033
f 8061 8035 8034
f 8035 8034 8567
f 8035 8568 8034
f 8061 8034 8060
f 8061 8034 8593
f 8534 8567 8034
f 8034 8566 8567
f 8567 8034 8568
f 8567 8593 8034
f 8037 8035 8036
f 8035 8568 8036
f 8035 8037 8568
f 8061 8062 8035
f 8568 8062 8035
f 8594 8035 8062
f 8035 8568 8535
f 8568 8035 8567
f 8035 8594 8568
f 8569 8036 8568
f 8037 8064 8038
f 8570 8037 8038
f 8038 8037 8572
f 8063 8064 8037
f 8037 8063 8570
f 8037 8595 8063
f 8570 8037 8537
f 8570 8568 8037
f 8037 8570 8572
f 8595 8037 8570
f 8038 8065 8039
f 8038 8572 8039
f 8573 8038 8039
f 8065 8038 8064
f 8038 8064 8596
f 8572 8539 8038
f 8038 8572 8570
f 8038 8573 8572
f 8596 8572 8038
f 8065 8040 8039
f 8041 8039 8573
f 8041 8575 8039
f 8065 8039 8597
f 8540 8573 8039
f 8039 8572 8573
f 8573 8039 8575
f 8573 8597 8039
f 8041 8040 8066
f 8065 8066 8040
f 8041 8042 8576
f 8599 8041 8066
f 8575 8067 8041
f 8041 8575 8542
f 8575 8041 8573
f 8575 8041 8576
f 8041 8599 8575
f 8043 8042 8601
f 8576 8042 8044
f 8044 8042 8578
f 8042 8068 8576
f 8576 8042 8543
f 8042 8576 8578
f 8600 8042 8576
f 8042 8600 8601
f 8043 8070 8044
f 8069 8070 8043
f 8043 8601 8069
f 8044 8070 8045
f 8044 8578 8045
f 8579 8044 8045
f 8044 8070 8602
f 8578 8545 8044
f 8044 8578 8576
f 8044 8579 8578
f 8602 8578 8044
f 8071 8046 8045
f 8046 8045 8579
f 8046 8580 8045
f 8071 8045 8070
f 8071 8045 8603
f 8546 8579 8045
f 8045 8578 8579
f 8579 8045 8580
f 8579 8603 8045
f 8049 8046 8047
f 8580 8046 8049
f 8071 8072 8046
f 8580 8072 8046
f 8604 8046 8072
f 8046 8580 8548
f 8580 8046 8579
f 8046 8604 8580
f 8049 8047 8048
f 8581 8048 8047
f 8048 8582 8556
f 8581 8582 8048
f 8580 8049 8583
f 8583 8049 8643
f 8051 8605 8050
f 8052 8050 8074
f 8073 8074 8050
f 8050 8605 8073
f 8553 9089 8051
f 8051 8606 8605
f 9119 8606 8051
f 9119 8051 9089
f 8607 8052 8074
f 8554 8052 9090
f 8052 8607 9120
f 9090 8052 9120
f 8053 8586 8054
f 8053 8586 8558
f 9125 8586 8053
f 9125 8053 9126
f 8055 8054 8078
f 8054 8055 10060
f 8078 8054 10088
f 8054 8586 8587
f 10060 10088 8054
f 8056 8080 8055
f 8055 8589 8056
f 8056 10062 8055
f 8055 8078 8079
f 8080 8079 8055
f 8589 8055 8588
f 10061 10060 8055
f 10061 8055 10062
f 8590 8057 8056
f 8080 10089 8056
f 8590 8056 8589
f 8056 10089 10062
f 9129 8057 8562
f 9129 9128 8057
f 8058 8591 8060
f 8058 9131 8564
f 8058 9132 9131
f 8060 8059 8083
f 8059 8060 10066
f 8083 8059 10066
f 8060 8061 8084
f 8060 8592 8061
f 8061 10067 8060
f 8060 8083 8084
f 8060 8591 8592
f 8060 10067 10066
f 8594 8062 8061
f 8085 8084 8061
f 8085 10094 8061
f 8593 8061 8592
f 8594 8061 8593
f 8061 10068 10067
f 8061 10094 10068
f 8062 8568 9135
f 8063 8595 8064
f 9137 8570 8063
f 9137 8063 9138
f 8065 8088 8064
f 8064 8597 8065
f 8064 8065 10073
f 8088 8064 10073
f 8064 8595 8596
f 8597 8064 8596
f 8598 8066 8065
f 8088 8065 8089
f 8089 10100 8065
f 8598 8065 8597
f 8065 10074 10073
f 8065 10100 10074
f 8066 8598 8599
f 9142 8067 8575
f 9142 9141 8067
f 9143 8576 8068
f 9143 8068 9144
f 8069 8601 8070
f 8070 8071 8094
f 8070 8602 8071
f 8070 8071 10079
f 8094 8093 8070
f 8093 8070 10079
f 8070 8601 8602
f 8604 8072 8071
f 8094 10105 8071
f 8603 8071 8602
f 8604 8071 8603
f 10080 10079 8071
f 8071 10105 10080
f 8072 8580 9148
f 9148 9147 8072
f 8073 8607 8074
f 8607 8073 8605
f 8076 8122 8075
f 8076 8075 8608
f 8121 8075 8122
f 8155 8075 8121
f 8608 8075 8555
f 8122 8076 8096
f 8096 8076 8620
f 8076 8608 9156
f 8609 8620 8076
f 8609 8076 9156
f 8124 8097 8077
f 8621 8077 8097
f 8077 8621 9158
f 8077 9158 9159
f 8078 8099 8079
f 8099 8078 10112
f 8078 10088 10112
f 8080 8079 8099
f 8099 8100 8080
f 8100 10113 8080
f 10089 8080 10113
f 8128 8081 8101
f 8625 8101 8081
f 8081 9161 8625
f 9161 8081 9160
f 8102 8082 8130
f 8626 8082 8102
f 8082 8626 9163
f 8082 9163 9164
f 8083 10092 8084
f 8083 10066 10092
f 8103 8085 8084
f 8084 8611 8085
f 8085 8084 8612
f 8084 10093 8103
f 8611 8612 8084
f 10093 8084 10092
f 8103 8104 8085
f 8085 8104 10094
f 8612 8085 8611
f 8105 8134 8086
f 8630 8105 8086
f 8086 9167 8630
f 8106 8087 8136
f 8106 8631 8087
f 9168 8087 8631
f 9168 9169 8087
f 8089 8088 8107
f 8089 8088 8613
f 8088 10099 8107
f 8088 10073 10099
f 8107 8108 8089
f 8108 10124 8089
f 8614 8089 8613
f 10100 8089 10124
f 8141 8090 8110
f 8636 8110 8090
f 9173 8636 8090
f 9173 8090 9172
f 8091 8092 8142
f 8091 9175 8092
f 8111 8091 8142
f 8637 8091 8111
f 9174 8091 8637
f 9174 9175 8091
f 8143 8142 8092
f 8114 8094 8093
f 8093 8615 8094
f 8094 8616 8093
f 8093 8113 8114
f 8093 10104 8113
f 8615 8093 8616
f 8093 10079 10104
f 8114 10130 8094
f 8616 8094 8615
f 10105 8094 10130
f 8147 8095 8115
f 8115 8095 8641
f 9179 8641 8095
f 8095 9178 9179
f 8097 8124 8096
f 8096 8620 8097
f 8122 8116 8096
f 8116 8642 8096
f 8122 8096 8124
f 8122 8096 8648
f 8096 8642 8620
f 8096 8620 8648
f 8125 8098 8097
f 8621 8097 8098
f 8097 8099 8124
f 8097 8621 8099
f 8097 8124 8125
f 8621 8097 8620
f 8125 8099 8098
f 8098 8099 8623
f 8621 8098 8622
f 8622 8098 8623
f 8099 8100 8126
f 8127 8100 8099
f 8624 8099 8100
f 10112 8100 8099
f 8126 8124 8099
f 8125 8126 8099
f 8099 8126 8127
f 8623 8099 8621
f 8099 8624 8623
f 8100 8127 8101
f 8100 8101 8128
f 8625 8101 8100
f 8100 8127 8126
f 8128 8127 8100
f 8100 8624 8625
f 8100 10112 10113
f 8101 8102 8130
f 8102 8101 8626
f 8128 8101 8127
f 8101 8130 8128
f 8625 8626 8101
f 8102 8103 8130
f 8132 8103 8102
f 8102 8626 8103
f 8102 8130 8132
f 8132 8104 8103
f 8629 8103 8104
f 8104 8103 10118
f 8132 8130 8103
f 8628 8103 8626
f 8103 8629 8628
f 10117 8103 10093
f 10117 10118 8103
f 8104 8133 8105
f 8104 8105 8134
f 8630 8105 8104
f 8104 8132 8133
f 8134 8133 8104
f 8104 8629 8630
f 8104 10118 10094
f 8105 8106 8134
f 8105 8630 8106
f 8134 8105 8133
f 8106 8107 8136
f 8138 8107 8106
f 8106 8631 8107
f 8136 8134 8106
f 8106 8136 8138
f 8631 8106 8630
f 8107 8108 8138
f 8139 8108 8107
f 8634 8107 8108
f 8108 8107 10123
f 8138 8136 8107
f 8107 8138 8139
f 8633 8107 8631
f 8107 8634 8633
f 10123 8107 10099
f 8108 8139 8109
f 8109 8635 8108
f 8108 8110 8141
f 8636 8110 8108
f 8108 8139 8138
f 8141 8139 8108
f 8108 8635 8634
f 8108 8634 8636
f 8108 10123 10124
f 8109 8141 8110
f 8110 8636 8109
f 8140 8109 8139
f 8140 8141 8109
f 8635 8109 8636
f 8110 8111 8141
f 8110 8637 8111
f 8110 8636 8637
f 8112 8111 8142
f 8111 8112 8638
f 8111 8113 8142
f 8111 8637 8113
f 8142 8141 8111
f 8637 8111 8638
f 8144 8113 8112
f 8638 8112 8113
f 8142 8143 8112
f 8112 8143 8144
f 8144 8114 8113
f 8640 8113 8114
f 10130 8114 8113
f 8144 8142 8113
f 8639 8113 8637
f 8638 8113 8639
f 8113 8640 8639
f 10129 8113 10104
f 10129 10130 8113
f 8114 8145 8115
f 8114 8115 8147
f 8641 8115 8114
f 8114 8144 8145
f 8147 8145 8114
f 8114 8640 8641
f 8115 8117 8147
f 8115 8641 8117
f 8147 8115 8145
f 8149 8116 8122
f 8116 8149 8675
f 8642 8116 8675
f 8147 8117 8150
f 8643 8117 8641
f 8119 8151 8118
f 8644 8119 8118
f 8644 8118 8120
f 8119 8152 8151
f 8152 8119 9248
f 8644 8645 8119
f 8119 8645 9248
f 8153 8679 8120
f 8120 8646 8644
f 8120 8679 8646
f 8121 8122 8123
f 8121 8123 8647
f 8121 8647 8155
f 8122 8124 8123
f 8648 8149 8122
f 8124 8650 8123
f 8649 8647 8123
f 8649 8123 8650
f 8125 8124 8651
f 8124 8126 8652
f 8124 8156 8650
f 8650 8651 8124
f 8650 8124 8652
f 8126 8125 8158
f 8125 8651 8126
f 8157 8158 8125
f 8652 8126 8127
f 8127 8126 8653
f 8651 8652 8126
f 8126 8652 8653
f 8128 8127 8653
f 8159 8158 8127
f 8160 8159 8127
f 8652 8127 8653
f 8128 8130 8129
f 8128 8129 8654
f 8160 8128 8654
f 8653 8654 8128
f 8655 8654 8129
f 8132 8130 8658
f 8130 8161 8688
f 8656 8658 8130
f 8130 8688 8656
f 8163 8132 8131
f 8163 8131 8162
f 8658 8132 8133
f 8133 8132 8659
f 8132 8658 8659
f 8134 8133 8165
f 8134 8133 8659
f 8164 8165 8133
f 8658 8133 8659
f 8136 8135 8134
f 8134 8135 8660
f 8134 8692 8165
f 8659 8660 8134
f 8134 8660 8692
f 8661 8660 8135
f 8138 8136 8664
f 8166 8662 8136
f 8662 8664 8136
f 8137 8167 8138
f 8138 8168 8137
f 8167 8137 8168
f 8664 8138 8139
f 8139 8138 8665
f 8138 8167 8168
f 8138 8664 8665
f 8169 8140 8139
f 8139 8140 8170
f 8140 8139 8665
f 8139 8141 8665
f 8139 8170 8169
f 8664 8139 8665
f 8141 8140 8667
f 8169 8170 8140
f 8665 8666 8140
f 8666 8667 8140
f 8141 8699 8171
f 8141 8667 8665
f 8141 8667 8699
f 8172 8142 8143
f 8142 8668 8143
f 8142 8144 8670
f 8142 8172 8668
f 8668 8142 8670
f 8144 8173 8143
f 8144 8143 8670
f 8143 8173 8172
f 8668 8669 8143
f 8669 8670 8143
f 8670 8144 8145
f 8145 8144 8671
f 8144 8174 8173
f 8144 8670 8671
f 8176 8146 8145
f 8147 8145 8671
f 8176 8145 8175
f 8670 8145 8671
f 8149 8148 8147
f 8147 8150 8149
f 8147 8705 8177
f 8671 8673 8147
f 8147 8673 8705
f 8674 8148 8149
f 8150 9245 8149
f 8675 8149 8648
f 8675 8674 8149
f 8149 9245 8675
f 8150 8676 9246
f 8150 9246 9245
f 8152 8178 8151
f 8152 8179 8178
f 8179 8152 8710
f 8678 8710 8152
f 9248 8678 8152
f 8180 8711 8153
f 8679 8153 8711
f 8181 9360 8154
f 8990 8154 9360
f 8647 8680 8155
f 8680 8712 8155
f 8156 8183 8157
f 8156 8157 8184
f 8183 8156 8184
f 8156 8183 8185
f 8183 8156 8682
f 8682 8156 8185
f 8156 9252 8650
f 9252 8156 8682
f 8683 8158 8157
f 8158 8684 8157
f 8157 8183 8184
f 8157 8683 8184
f 8157 8684 8683
f 8158 8159 8186
f 8159 8158 8685
f 8158 8186 8185
f 8683 8185 8158
f 8185 8158 8684
f 8185 8718 8158
f 8684 8158 8186
f 8683 8684 8158
f 8718 8684 8158
f 8186 8160 8159
f 8160 8187 8159
f 8160 8686 8159
f 8159 8187 8186
f 8186 8159 8685
f 8686 8159 8685
f 8186 8187 8160
f 8684 8187 8160
f 8160 8686 8187
f 8187 8720 8160
f 8160 8654 9256
f 8160 8686 8684
f 8720 8686 8160
f 9256 8686 8160
f 8161 8189 8688
f 8162 8689 8163
f 8163 8690 8162
f 8162 8190 8191
f 8190 8162 8689
f 8689 8162 8191
f 8689 8162 8690
f 8163 8164 8191
f 8164 8163 8192
f 8163 8191 8190
f 8690 8163 8190
f 8163 8191 8192
f 8689 8191 8163
f 8191 8163 8690
f 8191 8724 8163
f 8690 8163 8192
f 8163 8689 8690
f 8724 8690 8163
f 8164 8691 8165
f 8165 8692 8164
f 8191 8164 8192
f 8192 8691 8164
f 8164 8692 8691
f 8690 8193 8165
f 8193 8165 8692
f 8193 8726 8165
f 8165 8692 8690
f 8165 8691 8692
f 8726 8692 8165
f 8166 8195 8694
f 8166 9264 8662
f 9264 8166 8694
f 8167 8696 8168
f 8196 8167 8197
f 8196 8167 8695
f 8197 8167 8695
f 8167 8695 8696
f 8168 8169 8197
f 8169 8168 8198
f 8198 8168 8197
f 8168 8197 8199
f 8695 8197 8168
f 8197 8696 8168
f 8197 8730 8168
f 8696 8168 8199
f 8168 8696 8695
f 8730 8696 8168
f 8697 8170 8169
f 8170 8698 8169
f 8197 8169 8198
f 8169 8697 8198
f 8697 8169 8698
f 8170 8199 8198
f 8698 8170 8198
f 8697 8199 8170
f 8199 8732 8170
f 8697 8698 8170
f 8732 8698 8170
f 8200 8171 8699
f 8202 8172 8173
f 8201 8172 8202
f 8172 8201 8700
f 8172 9269 8668
f 9269 8172 8700
f 8173 8174 8203
f 8174 8173 8702
f 8202 8173 8203
f 8202 8173 8701
f 8701 8173 8203
f 8702 8173 8701
f 8174 8203 8175
f 8174 8204 8175
f 8702 8174 8175
f 8174 8703 8175
f 8203 8204 8174
f 8203 8174 8702
f 8703 8174 8702
f 8175 8704 8176
f 8203 8204 8175
f 8175 8204 8205
f 8701 8204 8175
f 8175 8703 8204
f 8204 8737 8175
f 8703 8175 8205
f 8175 8703 8701
f 8703 8702 8175
f 8175 8703 8704
f 8737 8703 8175
f 8176 8205 8204
f 8204 8704 8176
f 8703 8205 8176
f 8205 8738 8176
f 8176 8704 8703
f 8738 8704 8176
f 8206 8177 8705
f 8211 8179 8180
f 8180 8179 8711
f 8710 8711 8179
f 8212 8211 8180
f 8182 9280 8214
f 8184 8185 8183
f 8716 8184 8183
f 8215 9281 8183
f 8716 8183 8682
f 9281 8716 8183
f 8718 8185 8184
f 8184 8216 8748
f 8717 8184 8716
f 8184 8717 8718
f 8184 8748 8717
f 8185 8718 8186
f 8683 8682 8185
f 8718 8185 8684
f 8684 8186 8187
f 8720 8187 8186
f 8217 8186 8750
f 8719 8186 8718
f 8719 8720 8186
f 8750 8186 8719
f 8187 9285 8218
f 8686 8720 8187
f 8720 9285 8187
f 8189 8220 8188
f 8188 9286 8189
f 8220 8219 8188
f 9315 8188 8219
f 9286 8188 9315
f 8220 8189 8221
f 8189 8220 9287
f 9316 8220 8189
f 8722 8688 8189
f 8722 8189 9287
f 9287 8189 9286
f 9316 8189 9287
f 8221 8191 8190
f 8191 8723 8190
f 8191 8190 8724
f 8221 8190 8754
f 8689 8690 8190
f 8723 8190 8689
f 8724 8190 8723
f 8754 8190 8723
f 8725 8192 8191
f 8221 8222 8191
f 8191 8222 8755
f 8724 8191 8690
f 8724 8723 8191
f 8724 8725 8191
f 8191 8755 8724
f 8192 8193 8690
f 8726 8193 8192
f 8223 8192 8756
f 8725 8726 8192
f 8756 8192 8725
f 8193 9291 8224
f 8692 8726 8193
f 9291 8193 8726
f 8194 8195 8226
f 8194 9292 8195
f 8194 8226 8225
f 9318 8194 8225
f 9292 8194 9318
f 8227 8195 8196
f 8226 8195 8227
f 8195 8226 9293
f 9319 8226 8195
f 8728 8694 8195
f 8728 8195 9293
f 9293 8195 9292
f 8195 9293 9319
f 8227 8197 8196
f 8197 8729 8196
f 8730 8197 8196
f 8227 8196 8760
f 8729 8196 8695
f 8730 8196 8729
f 8760 8196 8729
f 8198 8199 8197
f 8730 8198 8197
f 8227 8228 8197
f 8197 8228 8761
f 8695 8696 8197
f 8730 8197 8696
f 8730 8729 8197
f 8197 8761 8730
f 8198 8230 8199
f 8199 8198 8732
f 8229 8230 8198
f 8229 8198 8762
f 8697 8698 8198
f 8731 8198 8730
f 8731 8732 8198
f 8762 8198 8731
f 8199 8200 8231
f 8230 8199 8231
f 8199 8230 8763
f 8697 8696 8199
f 8199 8763 8732
f 8232 8200 8201
f 8201 8200 9298
f 8200 8232 8231
f 8200 8231 9297
f 8699 8733 8200
f 9297 8200 8733
f 9297 9298 8200
f 8202 8233 8201
f 8232 8201 8233
f 8232 9298 8201
f 9324 8232 8201
f 8734 8700 8201
f 8734 8201 9298
f 9298 9324 8201
f 8203 8202 8234
f 8203 8202 8735
f 8202 8203 8736
f 8234 8202 8766
f 8735 8202 8701
f 8735 8202 8736
f 8766 8202 8735
f 8203 8204 8701
f 8204 8203 8737
f 8203 8234 8767
f 8736 8203 8735
f 8203 8736 8737
f 8203 8767 8736
f 8204 8236 8205
f 8204 8738 8205
f 8235 8236 8204
f 8235 8204 8768
f 8204 8703 8704
f 8737 8204 8703
f 8738 8204 8737
f 8768 8204 8737
f 8206 8237 8205
f 8205 8237 8236
f 8205 8236 8769
f 8205 8769 8738
f 8207 8238 8206
f 8206 9302 8207
f 8237 8206 8238
f 8206 9302 8237
f 8237 9325 8206
f 8705 8739 8206
f 9302 8206 8739
f 9302 8206 9325
f 9303 8740 8207
f 9303 8207 9302
f 8239 8208 8209
f 8208 9304 8209
f 9304 8208 8741
f 8239 8209 8240
f 9305 8240 8209
f 9305 8209 9304
f 8211 8241 8210
f 8745 8211 8212
f 8211 8242 8241
f 8744 8242 8211
f 8745 8744 8211
f 8745 8212 8243
f 8245 8218 8213
f 9312 8214 9280
f 8246 8215 8218
f 8747 8215 8246
f 8215 8747 9281
f 8248 8219 8218
f 8245 8247 8218
f 8246 8218 8247
f 8218 8247 8248
f 8218 8751 8247
f 8218 9285 8751
f 8219 8752 8220
f 8220 9315 8219
f 8219 8248 8752
f 9315 8752 8219
f 8220 8221 8250
f 8224 8220 8251
f 8249 8220 8250
f 8249 8251 8220
f 8753 8220 8249
f 8753 8220 8752
f 8753 9287 8220
f 9315 8220 9316
f 8221 8755 8222
f 8221 8224 8250
f 8754 8755 8221
f 8225 8224 8252
f 8250 8224 8251
f 8224 8251 8252
f 8757 8251 8224
f 8224 9291 8757
f 8758 8226 8225
f 8225 8226 9318
f 8758 8225 8252
f 9318 8225 8758
f 8254 8226 8227
f 8230 8226 8255
f 8253 8226 8254
f 8253 8255 8226
f 8253 8226 8759
f 8226 8758 8759
f 8226 8759 9293
f 9319 9318 8226
f 8227 8761 8228
f 8230 8255 8227
f 8254 8227 8255
f 8760 8761 8227
f 8762 8230 8229
f 8231 8230 8256
f 8230 8231 8764
f 8255 8256 8230
f 8255 8230 8763
f 8762 8763 8230
f 8230 8764 8763
f 8231 8256 8764
f 8231 9297 8764
f 9323 8231 8764
f 9323 9297 8231
f 8233 8232 8258
f 8232 8233 8766
f 8258 8232 8257
f 8257 8232 8765
f 8765 8232 8766
f 8232 8765 9298
f 9324 8765 8232
f 8236 8259 8233
f 8240 8233 8261
f 8258 8233 8259
f 8261 8233 8258
f 8766 8233 8258
f 8767 8234 8766
f 8768 8236 8235
f 8237 8260 8236
f 8260 8259 8236
f 8768 8769 8236
f 8237 8238 9325
f 8260 8237 8770
f 8237 9302 8770
f 9326 8238 8771
f 9326 9325 8238
f 8240 9328 8239
f 9327 8772 8239
f 9327 8239 9328
f 8261 8742 8240
f 9328 8240 9305
f 8242 8774 8241
f 8243 8241 8263
f 8262 8263 8241
f 8241 8774 8262
f 8744 9307 8242
f 8242 8775 8774
f 9330 8775 8242
f 8242 9307 9330
f 8776 8243 8263
f 8745 8243 9308
f 8243 8776 9331
f 8243 9331 9308
f 8244 8247 8245
f 8245 8272 8244
f 8244 8777 8247
f 8271 8244 8272
f 8712 8244 8271
f 8244 8712 8713
f 8713 9278 8244
f 8777 8244 9278
f 8246 8247 8779
f 8747 8246 8779
f 8248 8247 8781
f 8751 8780 8247
f 8777 8780 8247
f 8779 8247 8780
f 8780 8781 8247
f 8248 8781 8752
f 8783 8249 8250
f 8251 8249 8784
f 8753 8249 8782
f 8249 8783 8782
f 8782 8784 8249
f 8250 8251 8784
f 8784 8783 8250
f 8252 8251 8785
f 8784 8251 8757
f 8251 8784 8785
f 8785 8758 8252
f 8253 8254 8787
f 8255 8253 8786
f 8253 8786 8759
f 8786 8253 8787
f 8254 8255 8787
f 8256 8255 8789
f 8255 8763 8788
f 8788 8255 8786
f 8788 8787 8255
f 8255 8788 8789
f 8789 8764 8256
f 8258 8257 8791
f 8257 8765 8790
f 8790 8791 8257
f 8258 8259 8792
f 8258 8791 8261
f 8766 8258 8791
f 8791 8258 8792
f 8259 8260 8793
f 8792 8259 8793
f 8793 8260 8770
f 8261 8795 8742
f 8791 8795 8261
f 8262 8798 8263
f 8796 8262 8774
f 8798 8262 8796
f 8798 8776 8263
f 8265 8264 8273
f 8264 8265 8274
f 8264 8274 8273
f 8265 8273 8274
f 8267 8266 8276
f 8811 8266 8267
f 8275 8276 8266
f 8275 8266 8823
f 8811 8823 8266
f 8267 8276 8268
f 8268 8812 8267
f 8812 8811 8267
f 8269 8268 8278
f 8268 8269 8815
f 8276 8278 8268
f 8268 8813 8812
f 8815 8813 8268
f 8269 8270 8816
f 8269 8816 8815
f 8273 8281 8274
f 8274 8282 8273
f 8282 8281 8273
f 8282 8274 8281
f 8823 8276 8275
f 8276 8277 8278
f 8824 8277 8276
f 8824 8276 8823
f 8825 8278 8277
f 8277 8824 8825
f 8829 8279 8278
f 8278 8825 8828
f 8278 8828 8829
f 8284 8283 8295
f 8284 8832 8283
f 8283 8843 8295
f 8283 8832 8831
f 8831 8843 8283
f 8295 8296 8284
f 8844 8284 8296
f 8284 8844 8832
f 8302 8286 8285
f 8285 8286 8834
f 8302 8285 8301
f 8285 8849 8301
f 8834 8833 8285
f 8833 8849 8285
f 8850 8286 8302
f 8286 8850 8834
f 8307 8288 8287
f 8287 8288 8836
f 8287 8306 8307
f 8287 8854 8306
f 8836 8835 8287
f 8835 8854 8287
f 8836 8288 8289
f 8289 8288 8855
f 8855 8288 8307
f 8289 8837 8836
f 8289 8856 8837
f 8855 8856 8289
f 8290 8312 8291
f 8290 8291 8839
f 8290 8859 8312
f 8839 8838 8290
f 8838 8859 8290
f 8292 8839 8291
f 8292 8291 8860
f 8860 8291 8312
f 8292 8840 8839
f 8292 8861 8840
f 8860 8861 8292
f 8315 8293 8294
f 8294 8297 8295
f 8294 8295 8843
f 8294 8316 8315
f 8316 8294 9370
f 9370 8294 8843
f 8296 8295 8297
f 8319 8296 8297
f 8319 9373 8296
f 8844 8296 9372
f 8296 9373 9372
f 8297 8298 8320
f 8320 8319 8297
f 8321 8299 8300
f 8302 8301 8300
f 8300 8301 8322
f 8300 8303 8302
f 8300 8322 8321
f 8322 8301 9375
f 9375 8301 8849
f 9376 8302 8303
f 8850 8302 9376
f 8303 8304 8326
f 8326 8325 8303
f 8325 9377 8303
f 8303 9377 9376
f 8307 8306 8305
f 8305 8306 8328
f 8305 8308 8307
f 8328 8327 8305
f 8328 8306 9379
f 9379 8306 8854
f 8855 8307 8308
f 8308 8309 8857
f 8330 9381 8308
f 8308 8856 8855
f 8308 8857 8856
f 8856 8308 9381
f 8310 8311 8333
f 8333 8332 8310
f 8311 8313 8312
f 8311 8312 8859
f 8333 8311 9383
f 9383 8311 8859
f 8312 8313 8860
f 8314 8861 8313
f 8335 9385 8313
f 8313 8861 8860
f 8861 8313 9385
f 8314 8862 8861
f 8316 8315 8337
f 8863 8315 8316
f 8877 8337 8315
f 8863 9440 8315
f 8315 9440 8877
f 9440 8905 8315
f 8317 8878 8316
f 8317 8316 9370
f 8337 8316 8878
f 9370 8316 8337
f 8316 8864 8863
f 8316 9370 8864
f 8317 8318 8878
f 9370 9371 8317
f 8318 8338 8319
f 8319 8878 8318
f 8318 9373 8338
f 9373 8318 9372
f 8319 8338 8320
f 8319 8320 8865
f 8878 8319 8338
f 8865 9373 8319
f 8320 8338 8879
f 8866 8865 8320
f 8320 9428 8866
f 8879 9445 8320
f 9445 8320 8910
f 8320 9445 9428
f 8322 8321 8339
f 8868 8321 8322
f 8880 8339 8321
f 8868 8867 8321
f 8867 9446 8321
f 8321 9446 8880
f 9446 8911 8321
f 8339 8323 8322
f 8323 8881 8322
f 8339 8322 8881
f 8322 9374 8868
f 9375 9374 8322
f 8881 8323 8324
f 9375 8323 8339
f 8324 8325 8881
f 9377 8325 8324
f 8324 9376 9377
f 8325 8340 8326
f 8325 8326 8870
f 8881 8325 8340
f 8325 9377 8340
f 8870 8869 8325
f 8869 9377 8325
f 8326 8340 8882
f 8326 9432 8870
f 8882 9451 8326
f 9451 8326 8916
f 8326 9451 9432
f 8342 8328 8327
f 8327 8328 9379
f 8341 8342 8327
f 8884 8341 8327
f 8327 9378 8871
f 8871 9452 8327
f 8327 9452 8884
f 9452 8917 8327
f 9378 8327 9379
f 8329 8885 8328
f 8342 8328 8341
f 8341 8328 8885
f 9379 8328 8342
f 8329 8330 8885
f 9381 8330 8329
f 9381 8329 9380
f 8330 8343 8331
f 8330 8331 8873
f 8885 8330 8343
f 8330 9381 8343
f 8873 8872 8330
f 8872 9381 8330
f 8331 8343 8886
f 8331 9435 8873
f 8886 9456 8331
f 9456 8331 8921
f 8331 9456 9435
f 8345 8333 8332
f 8332 8333 8874
f 8344 8345 8332
f 8888 8344 8332
f 8874 9457 8332
f 8332 9457 8888
f 9457 8922 8332
f 8334 8889 8333
f 8345 8333 8889
f 9383 8333 8345
f 8333 9382 8874
f 9382 8333 9383
f 8334 8335 8889
f 8336 8335 8346
f 8875 8335 8336
f 8335 8346 8889
f 8335 9385 8346
f 8875 9385 8335
f 8336 8346 8347
f 8890 8346 8336
f 8336 8347 8891
f 8336 8876 8875
f 8336 9439 8876
f 8336 9461 8890
f 8891 9461 8336
f 9461 8336 8926
f 8336 9461 9439
f 8877 8337 8878
f 9817 8337 8877
f 9388 9370 8337
f 9817 9388 8337
f 8879 8878 8338
f 9818 8879 8338
f 9391 8338 9373
f 9391 9818 8338
f 8880 8339 8881
f 9819 8339 8880
f 9375 8339 9374
f 9394 9374 8339
f 9819 9394 8339
f 8340 8882 8881
f 9820 8882 8340
f 9397 8340 9377
f 9397 9820 8340
f 9379 8342 8341
f 8884 8341 8885
f 9822 8341 8884
f 8341 9378 9379
f 9399 9378 8341
f 9822 9399 8341
f 8886 8885 8343
f 9823 8886 8343
f 9401 8343 9381
f 9401 9823 8343
f 8344 8345 8889
f 8344 9383 8345
f 8888 8344 8889
f 9825 8344 8888
f 9383 8344 9382
f 9403 9382 8344
f 9825 9403 8344
f 8346 9826 8347
f 8890 8889 8346
f 9406 8346 9385
f 9406 9826 8346
f 9827 8891 8347
f 9826 9827 8347
f 8356 8348 8905
f 8349 8357 8909
f 8349 8909 8910
f 8350 8912 8358
f 8912 8350 8911
f 8361 8915 8351
f 8351 8915 8916
f 8352 8917 8362
f 8353 8363 8921
f 8354 8922 8364
f 8355 8366 8926
f 8905 8906 8356
f 8362 8917 8918
f 8921 8363 8920
f 8922 8365 8364
f 8923 8365 8922
f 8925 8926 8366
f 8367 8368 8927
f 8368 8372 8369
f 8369 8937 8368
f 8927 8368 8928
f 8928 8368 8937
f 8370 8937 8369
f 8369 8372 8373
f 8938 8370 8371
f 8370 8938 8937
f 8938 8371 8939
f 8375 8374 8945
f 8374 8386 8945
f 8376 8375 8946
f 8946 8375 8945
f 8376 8946 8388
f 8378 8377 8948
f 8377 8390 8947
f 8948 8377 8947
f 8948 8391 8378
f 8380 8379 8950
f 8392 8949 8379
f 8379 8949 8950
f 8380 8950 8393
f 8951 8382 8381
f 8381 8394 8951
f 8395 8382 8952
f 8952 8382 8951
f 8383 8384 8943
f 8953 8384 8383
f 8383 8943 8942
f 8953 8383 8942
f 8385 8944 8384
f 8384 8954 8385
f 8944 8943 8384
f 8953 8954 8384
f 8955 8944 8385
f 8955 8385 8954
f 8386 8397 8387
f 8945 8386 8387
f 8388 8399 8387
f 8387 8400 8388
f 8388 8946 8387
f 8400 8387 8397
f 8398 8387 8399
f 8945 8387 8946
f 8390 8389 8400
f 8391 8402 8390
f 8390 8403 8391
f 8390 8391 8947
f 8401 8390 8400
f 8401 8390 8402
f 8403 8390 8401
f 8948 8947 8391
f 8392 8393 8406
f 8393 8392 8407
f 8950 8392 8393
f 8403 8407 8392
f 8405 8392 8406
f 8392 8950 8949
f 8393 8407 8394
f 8410 8394 8395
f 8395 8952 8394
f 8395 8394 8964
f 8407 8964 8394
f 8410 8409 8394
f 8951 8394 8952
f 8411 8395 8965
f 8964 8965 8395
f 8397 8396 8419
f 8396 8397 8957
f 8396 8417 8419
f 8417 8396 8957
f 8397 8401 8400
f 8400 8397 8419
f 8397 8400 8961
f 8397 8407 8401
f 8407 8397 8964
f 8958 8957 8397
f 8397 8961 8958
f 8958 8964 8397
f 8404 8400 8422
f 8400 8404 8961
f 8419 8420 8400
f 8420 8421 8400
f 8421 8422 8400
f 8403 8401 8407
f 8404 8424 8408
f 8404 8408 8962
f 8423 8404 8422
f 8404 8423 8424
f 8961 8404 8962
f 8408 8428 8413
f 8413 8967 8408
f 8408 8424 8425
f 8426 8408 8425
f 8427 8408 8426
f 8427 8428 8408
f 8967 8962 8408
f 8412 8411 8966
f 8966 8411 8965
f 8412 8967 8413
f 8966 8967 8412
f 8414 8413 8430
f 8968 8413 8414
f 8428 8430 8413
f 8968 8967 8413
f 8415 8414 8430
f 8414 8415 8968
f 8415 8430 8969
f 8969 8968 8415
f 8416 8419 8417
f 8417 8971 8416
f 8455 8416 9012
f 8416 8971 9012
f 8417 8957 8972
f 8972 8971 8417
f 8433 8418 10937
f 8418 8433 10944
f 10937 8418 10944
f 8436 8420 8419
f 8436 8419 8435
f 8436 8421 8420
f 8437 8421 8436
f 8440 8424 8423
f 8441 8424 8440
f 8426 8444 8427
f 8445 8427 8444
f 8450 8430 8429
f 8429 8430 10942
f 8449 8450 8429
f 8449 8429 10941
f 10941 8429 10942
f 8430 8483 8431
f 8431 8988 8430
f 8430 8450 10948
f 8969 8430 8987
f 8987 8430 8988
f 10942 8430 10948
f 8431 8451 8432
f 8432 8453 8431
f 8451 8431 8453
f 8451 8431 8483
f 9007 8431 8451
f 8431 9007 8988
f 8451 8453 8432
f 10944 8433 10937
f 8435 8434 8976
f 8434 8457 9033
f 8976 8434 8974
f 8434 8994 8974
f 8994 8434 9033
f 8435 9037 8461
f 8976 8995 8435
f 8435 8995 9037
f 8437 8436 8462
f 8437 8977 8438
f 8437 8462 8463
f 8437 8463 9039
f 8977 8437 8996
f 8996 8437 9039
f 8439 8438 8979
f 8438 8977 8978
f 8978 8979 8438
f 8467 8439 9043
f 8439 8979 8997
f 8439 8997 9043
f 8440 8468 8441
f 8441 8998 8442
f 8441 8468 8469
f 8441 8469 9045
f 8998 8441 9045
f 8443 8442 8981
f 8981 8442 8980
f 8980 8442 8999
f 8998 8999 8442
f 8444 8443 9001
f 8981 9000 8443
f 9001 8443 9000
f 8475 8445 8444
f 8474 8475 8444
f 8444 9049 8474
f 8444 9001 9049
f 8445 9002 8446
f 8445 8475 9050
f 9002 8445 9050
f 8447 8446 8984
f 8983 8984 8446
f 8983 8446 9003
f 9002 9003 8446
f 8447 8984 8448
f 8448 9054 8480
f 8448 8984 9004
f 9004 9054 8448
f 8450 8449 10947
f 10947 8449 10941
f 10948 8450 10947
f 8452 8451 9008
f 8453 9007 8451
f 8484 8451 8483
f 8484 9027 8451
f 9007 8451 8988
f 9007 9008 8451
f 9007 8451 9027
f 9008 9028 8452
f 8486 8453 8520
f 9029 8453 8486
f 9009 8989 8453
f 9007 8453 9009
f 9029 9009 8453
f 8455 8454 8487
f 9012 8454 8455
f 8454 9030 8487
f 9012 9011 8454
f 8454 9011 9030
f 8455 8487 8488
f 8490 8456 10375
f 8456 8490 10389
f 10375 8456 10389
f 8459 8458 8492
f 8459 8526 8458
f 8492 8458 8526
f 8459 8492 8493
f 8493 8526 8459
f 8460 8494 8493
f 8495 8494 8460
f 8494 8528 8460
f 8496 8463 8462
f 8462 8463 10377
f 8496 8462 10376
f 10376 8462 10377
f 8463 8496 10390
f 10377 8463 10390
f 8465 8464 8499
f 8465 8533 8464
f 8499 8498 8464
f 8498 8464 8532
f 8533 8532 8464
f 8499 8533 8465
f 8467 8500 8466
f 8501 8466 8467
f 8501 8500 8466
f 8500 8534 8466
f 8501 8500 8467
f 8502 8469 8468
f 8468 8469 10379
f 8502 8468 10378
f 10378 8468 10379
f 8469 8502 10391
f 10379 8469 10391
f 8504 8470 8471
f 8471 8470 8505
f 8470 8471 8539
f 8504 8505 8470
f 8504 8470 8538
f 8539 8538 8470
f 8504 8471 8505
f 8505 8539 8471
f 8473 8472 8506
f 8473 8507 8472
f 8473 8541 8472
f 8507 8506 8472
f 8506 8472 8540
f 8541 8540 8472
f 8506 8507 8473
f 8507 8541 8473
f 8474 8509 8475
f 8474 9021 8475
f 8474 8475 10381
f 8509 8474 10380
f 10380 8474 10381
f 8475 8509 10392
f 9022 8475 9021
f 10381 8475 10392
f 8511 8476 8477
f 8476 8477 8545
f 8476 8511 8510
f 8510 8476 8544
f 8545 8544 8476
f 8511 8545 8477
f 8479 8478 8512
f 8478 8479 8547
f 8512 8478 8546
f 8547 8546 8478
f 8513 8512 8479
f 8513 8547 8479
f 8480 8515 8481
f 8480 8481 10383
f 8515 8480 10382
f 10382 8480 10383
f 8481 8515 10393
f 10383 8481 10393
f 8516 8483 8482
f 8482 8483 9973
f 8516 8482 9972
f 9972 8482 9973
f 8517 8484 8483
f 8483 8516 9996
f 9973 8483 9996
f 8484 8519 8485
f 9027 8484 8485
f 8517 8518 8484
f 8484 8518 8519
f 8484 9027 8518
f 8518 9058 8484
f 8484 9058 9027
f 9027 8485 9028
f 8520 9059 8486
f 8486 9059 9029
f 8487 8489 8521
f 8489 8487 9030
f 8491 8487 8525
f 8491 9030 8487
f 8521 8525 8487
f 8521 8487 9060
f 9030 9563 8487
f 9563 9060 8487
f 8523 8521 8489
f 9032 8489 9030
f 10389 8490 10375
f 8525 8491 8492
f 8491 8492 8526
f 8492 9033 8491
f 8525 8491 8526
f 8525 8491 9033
f 8491 9033 9030
f 8493 8526 8492
f 8493 8492 8527
f 8492 8526 8525
f 8526 8527 8492
f 8492 8526 9034
f 8492 9034 9033
f 8493 8494 8527
f 8494 9035 8493
f 8527 8526 8493
f 8527 8493 9035
f 8494 8495 8528
f 8495 8529 8494
f 8495 9036 8494
f 8527 8494 8528
f 8494 8529 8528
f 8528 8494 9036
f 8494 9036 9035
f 8496 8529 8495
f 8495 9037 8496
f 8497 8495 8529
f 9037 8495 8497
f 8529 8495 8527
f 8495 8528 8529
f 8495 8529 9037
f 8495 9037 9036
f 8530 8529 8496
f 9038 8496 9037
f 10390 8496 10376
f 8531 8497 8498
f 8497 8532 8498
f 9040 8497 8498
f 8531 8497 8529
f 8532 8497 8531
f 8497 9039 8531
f 8497 9039 9037
f 9040 9039 8497
f 8498 8499 8532
f 8499 8498 8533
f 8498 8532 8531
f 8533 8498 8532
f 8498 8532 9040
f 8499 8533 8500
f 8499 8500 8534
f 9042 8499 8500
f 8533 8499 8532
f 8534 8533 8499
f 8499 9041 8533
f 9042 9041 8499
f 8501 8534 8500
f 8501 8535 8500
f 9043 8500 8501
f 8534 8500 8533
f 8534 8500 8535
f 8500 8534 9042
f 9043 9042 8500
f 8535 8501 8502
f 8501 9043 8502
f 8535 8503 8501
f 9043 8501 8503
f 8535 8501 8533
f 8534 8501 8535
f 8501 8535 9043
f 8535 8502 8536
f 9044 8502 9043
f 10391 8502 10378
f 8537 8503 8504
f 8503 8538 8504
f 8539 8505 8503
f 8505 9045 8503
f 8537 8503 8535
f 8537 8538 8503
f 8539 8503 8537
f 8503 9045 8537
f 8503 9045 9043
f 8505 8539 8504
f 8504 8538 8537
f 8538 8504 8539
f 8505 8506 8539
f 8540 8505 8506
f 8506 9046 8505
f 8539 8505 8538
f 8539 8540 8505
f 8505 9046 8539
f 8505 9046 9045
f 8506 8540 8507
f 8507 8541 8506
f 8507 9047 8506
f 8506 8540 8539
f 8540 8506 8541
f 8506 8540 9047
f 8506 9047 9046
f 8507 8541 8508
f 8542 8507 8508
f 8541 8507 8540
f 8541 8507 8542
f 8507 8541 9048
f 8507 9048 9047
f 8542 8509 8508
f 9050 8508 8509
f 8541 8542 8508
f 8542 8508 9049
f 9050 9049 8508
f 8509 8510 8543
f 8510 8509 8544
f 8543 8509 8542
f 8543 8544 8509
f 8543 9050 8509
f 10392 8509 10380
f 8544 8510 8511
f 8511 9051 8510
f 8544 8543 8510
f 8544 8510 9051
f 8511 8512 8545
f 8511 8512 8546
f 8512 9052 8511
f 8511 8545 8544
f 8546 8545 8511
f 8545 8511 9052
f 8511 9052 9051
f 8513 8512 8546
f 8512 8513 8547
f 8548 8514 8512
f 8514 9053 8512
f 8546 8512 8544
f 8512 8546 8545
f 8547 8546 8512
f 8512 8546 8548
f 8546 8512 9053
f 8512 9053 9052
f 8513 8547 8514
f 8547 8513 8546
f 8520 8514 8554
f 8514 8520 9054
f 8514 8548 8547
f 8548 8554 8514
f 8548 9054 8514
f 8514 9054 9053
f 8517 8516 8515
f 8550 8515 8516
f 8515 8518 8517
f 8518 8515 9058
f 8549 8515 8550
f 9055 9058 8515
f 10393 8515 10382
f 8516 8517 8550
f 9996 8516 9972
f 8551 8518 8517
f 8550 8517 8551
f 8520 8518 8519
f 8518 8553 8519
f 8552 8518 8551
f 8552 8553 8518
f 8552 8518 9027
f 8553 8520 8519
f 8553 8554 8520
f 8520 8554 9059
f 8554 9562 8520
f 9059 9054 8520
f 9562 9059 8520
f 8523 9060 8521
f 8524 8557 8521
f 8521 9063 8525
f 8555 8521 8557
f 8555 8521 9060
f 9063 8521 9060
f 8550 8556 8522
f 8582 8550 8522
f 8582 8522 8556
f 9062 9060 8523
f 8524 8525 8557
f 8524 9062 8557
f 8557 8524 10399
f 8524 8557 10426
f 10399 8524 10426
f 8527 8525 8526
f 8526 8559 8525
f 8526 8525 9063
f 8527 8560 8525
f 8558 8525 8557
f 8525 8559 8558
f 8525 8560 8558
f 8525 8558 9063
f 9033 9063 8525
f 8560 8526 8527
f 8560 8559 8526
f 9064 9034 8526
f 8526 9063 9064
f 8529 8527 8528
f 8527 8528 8560
f 8528 8527 8561
f 8528 8527 9065
f 8561 8527 8560
f 9035 9065 8527
f 8561 8528 8529
f 8529 8528 9066
f 8528 8561 8560
f 9036 8528 9066
f 8528 9065 9066
f 8530 8563 8529
f 8529 8530 9067
f 9069 8531 8529
f 8561 8529 8562
f 8562 8529 8563
f 9067 8562 8529
f 9037 8529 9067
f 8529 9066 9067
f 9069 8529 9067
f 8531 8530 8563
f 8530 8531 10953
f 8530 8563 9068
f 8563 8530 10952
f 9068 9067 8530
f 10952 8530 10953
f 8533 8531 8532
f 9070 8532 8531
f 8533 8566 8531
f 8564 8531 8563
f 8531 8566 8564
f 8531 9069 8564
f 8531 8564 10958
f 9069 8531 9039
f 9070 8531 9069
f 10953 8531 10958
f 9040 8532 9070
f 8535 8533 8534
f 8533 8534 8566
f 8534 8533 8567
f 9072 8534 8533
f 8566 8567 8533
f 9071 8533 9041
f 9072 8533 9071
f 8567 8534 8535
f 9073 8535 8534
f 8534 8567 8566
f 9042 8534 9072
f 9073 8534 9072
f 8536 8569 8535
f 8536 9073 8535
f 9075 8537 8535
f 8567 8535 8568
f 8568 8535 8569
f 9073 8568 8535
f 9043 8535 9073
f 9075 8535 9073
f 8537 8536 8569
f 8536 8537 10410
f 8536 8569 9074
f 8569 8536 10409
f 9074 9073 8536
f 10409 8536 10410
f 8539 8537 8538
f 8539 8572 8537
f 9076 8539 8537
f 8570 8537 8569
f 8537 8572 8570
f 8537 8570 9075
f 8537 8570 10439
f 9075 8537 9045
f 9076 8537 9075
f 10410 8537 10439
f 8539 8540 8572
f 8540 8539 8573
f 9077 8540 8539
f 8572 8573 8539
f 9076 9046 8539
f 9077 8539 9076
f 8573 8540 8541
f 9078 8541 8540
f 8573 8540 8542
f 8540 8573 8572
f 9077 9047 8540
f 9078 8540 9077
f 8542 8575 8541
f 8573 8541 8574
f 8575 8574 8541
f 9078 9048 8541
f 8543 8542 8576
f 9080 8543 8542
f 8542 8543 10955
f 8573 8542 8575
f 8542 8575 8576
f 9079 8575 8542
f 8575 8542 10954
f 9049 9079 8542
f 9080 8542 9079
f 10954 8542 10955
f 8576 8543 8544
f 8545 8578 8543
f 8543 8578 8576
f 8543 9080 8576
f 8543 8576 10960
f 8543 9080 9050
f 10955 8543 10960
f 8545 8546 8544
f 8545 8578 8544
f 9082 8545 8544
f 8576 8544 8577
f 8544 8578 8577
f 9081 8544 9051
f 9082 8544 9081
f 8545 8546 8578
f 8546 8545 8579
f 9083 8546 8545
f 8579 8545 8578
f 9052 9082 8545
f 9083 8545 9082
f 8548 8546 8547
f 8579 8546 8548
f 9084 8548 8546
f 8546 8579 8578
f 8546 9053 9083
f 9084 8546 9083
f 8549 8548 8581
f 8548 8549 10419
f 8548 9084 8554
f 8579 8548 8580
f 8548 8580 8581
f 8548 8580 9084
f 8580 8548 10418
f 9084 9054 8548
f 10418 8548 10419
f 8550 8551 8549
f 8549 8550 8581
f 8549 8582 8550
f 8552 8549 8551
f 8552 9088 8549
f 8581 8582 8549
f 8549 9085 8581
f 8549 8581 10451
f 9085 8549 9088
f 10419 8549 10451
f 8551 8550 8582
f 8550 8551 10023
f 8550 8582 8556
f 8582 8581 8550
f 8550 8582 9086
f 8582 8550 10022
f 10022 8550 10023
f 8584 8552 8551
f 8583 8551 8582
f 8583 8584 8551
f 8551 9087 8583
f 8551 8583 10053
f 10023 8551 10053
f 9088 8553 8552
f 9088 8552 8584
f 8552 9027 9533
f 8552 9533 9088
f 9088 9089 8553
f 9059 8554 9090
f 9090 8554 9084
f 9090 9562 8554
f 8558 8557 8555
f 8608 8555 8585
f 9121 8585 8555
f 8555 9060 9121
f 9091 8557 9062
f 10426 8557 10399
f 8560 8558 8559
f 8559 8587 8558
f 8559 9092 8558
f 8559 8558 9093
f 8586 8558 8587
f 8586 9125 8558
f 9063 8558 9125
f 9092 9093 8558
f 8587 8559 8560
f 9093 8559 8560
f 9092 8559 9093
f 8560 8561 8588
f 8560 8561 9094
f 8561 8560 9095
f 8588 8587 8560
f 9094 9093 8560
f 9094 9095 8560
f 8589 8561 8562
f 8562 8561 9095
f 9096 8561 8562
f 8589 8588 8561
f 9094 8561 9095
f 8561 9096 9095
f 8562 8564 8563
f 8562 8590 8589
f 9067 9129 8562
f 9095 9096 8562
f 8563 8564 9097
f 8564 8563 10957
f 9097 9068 8563
f 10957 8563 10952
f 8566 8564 8565
f 8566 8592 8564
f 8566 9098 8564
f 8566 8564 9100
f 8591 8564 8592
f 8564 9069 9098
f 9131 9069 8564
f 8564 9098 9097
f 9098 9100 8564
f 10958 8564 10957
f 8566 8567 8593
f 8566 8567 9100
f 8567 8566 9101
f 8592 8566 8593
f 9098 8566 9100
f 9100 9101 8566
f 8593 8567 8568
f 8568 8567 9101
f 9102 8567 8568
f 9100 8567 9101
f 8567 9102 9101
f 8568 8570 8569
f 8568 8594 8593
f 9135 8568 9073
f 9101 9102 8568
f 8569 8570 9103
f 8570 8569 10438
f 9103 9074 8569
f 10438 8569 10409
f 8570 8571 8572
f 8572 8596 8570
f 8572 9104 8570
f 8572 8570 9106
f 8595 8570 8596
f 8570 9075 9104
f 9137 9075 8570
f 9104 9103 8570
f 9104 9106 8570
f 10439 8570 10438
f 8572 8573 8597
f 8572 8573 9106
f 8573 8572 9107
f 8596 8572 8597
f 9104 8572 9106
f 9106 9107 8572
f 8574 8575 8573
f 8597 8573 8574
f 8574 8573 9107
f 9108 8573 8574
f 9106 8573 9107
f 8573 9108 9107
f 8575 8598 8574
f 8575 8574 9108
f 9109 8574 8575
f 8574 8598 8597
f 9107 9108 8574
f 9109 9108 8574
f 8576 9110 8575
f 8576 8575 10959
f 8575 8599 8598
f 9109 9079 8575
f 9142 8575 9079
f 8575 9108 9109
f 9109 8575 9110
f 10959 8575 10954
f 8576 8577 8578
f 8600 8576 8577
f 9110 8576 8577
f 8577 8576 9111
f 9110 8576 9080
f 9143 9080 8576
f 9110 9111 8576
f 10960 8576 10959
f 8578 8602 8577
f 8578 9111 8577
f 8578 8577 9112
f 8577 8601 8600
f 8601 8577 8602
f 9110 8577 9111
f 9111 9112 8577
f 8578 8579 8603
f 8578 8579 9112
f 8579 8578 9113
f 8602 8578 8603
f 9111 8578 9112
f 9112 9113 8578
f 8603 8579 8580
f 8580 8579 9113
f 9114 8579 8580
f 9112 8579 9113
f 8579 9114 9113
f 8580 8582 8581
f 8581 9115 8580
f 8581 8580 10450
f 8583 8582 8580
f 8580 8604 8603
f 9114 9084 8580
f 9148 8580 9084
f 9113 9114 8580
f 9114 8580 9115
f 10450 8580 10418
f 9115 8581 9085
f 10451 8581 10450
f 9116 8582 8583
f 8583 8582 10052
f 9116 9086 8582
f 10052 8582 10022
f 8617 8584 8583
f 8617 8583 8643
f 8583 9087 9117
f 8583 9117 9116
f 10053 8583 10052
f 8677 8584 8617
f 8677 9213 8584
f 9118 9088 8584
f 9213 9118 8584
f 8586 8585 9125
f 9121 8608 8585
f 9125 8585 9121
f 8606 9152 8605
f 8607 8605 9153
f 8605 9152 9151
f 9151 9153 8605
f 9119 9152 8606
f 9120 8607 9153
f 9155 8608 9121
f 9155 9156 8608
f 8609 9156 8620
f 8676 8617 8643
f 8676 8677 8617
f 8646 8619 8618
f 8619 9181 8618
f 8644 8646 8618
f 8618 9181 8644
f 8619 8646 9182
f 9181 8619 9182
f 8621 8620 8648
f 8642 8675 8620
f 8620 8675 8648
f 8648 8620 9185
f 8620 9156 9185
f 8621 8623 8622
f 8621 8622 9189
f 8650 8623 8621
f 8648 8650 8621
f 8650 9158 8621
f 8621 9221 8650
f 9189 9188 8621
f 8621 9188 9221
f 8622 8623 9189
f 8624 8623 8653
f 8623 8624 9191
f 8652 8623 8650
f 8652 8653 8623
f 8623 8652 9223
f 9223 9189 8623
f 9191 9190 8623
f 9190 9223 8623
f 8624 8654 8625
f 8624 8625 9191
f 8624 8653 8654
f 8653 8624 9224
f 9191 9224 8624
f 8656 8626 8625
f 8654 8656 8625
f 8654 8625 9161
f 9225 8625 8654
f 9192 9191 8625
f 9192 8625 9225
f 8626 8628 8627
f 8656 8628 8626
f 8626 8628 9195
f 8656 9163 8626
f 8626 9227 8656
f 9195 9193 8626
f 8626 9193 9227
f 8629 8628 8659
f 8628 8629 9196
f 8658 8628 8656
f 8658 8659 8628
f 8628 8658 9229
f 9196 9195 8628
f 9229 9195 8628
f 8629 8660 8630
f 8629 8630 9196
f 8629 8659 8660
f 8659 8629 9230
f 9196 9230 8629
f 8630 8660 8631
f 8630 9167 8660
f 9231 8630 8660
f 9197 9196 8630
f 9197 8630 9231
f 8632 8631 8633
f 8662 8633 8631
f 8631 8633 9201
f 8662 8631 8660
f 8662 9168 8631
f 8631 9233 8662
f 9201 9199 8631
f 8631 9199 9233
f 8634 8633 8665
f 8633 8634 9202
f 8664 8633 8662
f 8664 8665 8633
f 8633 8664 9235
f 9202 9201 8633
f 9235 9201 8633
f 8636 8635 8634
f 8634 8635 9202
f 8634 8667 8636
f 8634 8665 8667
f 8665 8634 9236
f 9202 9236 8634
f 8635 8636 9203
f 9203 9202 8635
f 8637 8636 8668
f 8667 8668 8636
f 8667 8636 9173
f 9238 8636 8667
f 9203 8636 9204
f 9204 8636 9238
f 8638 8637 8639
f 8637 8638 9206
f 8668 8639 8637
f 8637 8668 9174
f 8637 9239 8668
f 9206 9205 8637
f 8637 9205 9239
f 8638 8639 9207
f 9207 9206 8638
f 8640 8639 8671
f 8639 8640 9208
f 8670 8639 8668
f 8670 8671 8639
f 8639 8670 9241
f 9208 9207 8639
f 9241 9207 8639
f 8640 8673 8641
f 8640 8641 9208
f 8640 8671 8673
f 8671 8640 9242
f 9208 9242 8640
f 8643 8641 8673
f 8641 9179 8673
f 9243 8641 8673
f 9210 9208 8641
f 9210 8641 9243
f 8673 8676 8643
f 8645 8644 9214
f 9213 8644 9181
f 9213 9214 8644
f 9214 9248 8645
f 9249 8646 8679
f 9215 9182 8646
f 9249 9215 8646
f 8647 8649 8648
f 8648 9218 8647
f 9250 8680 8647
f 9217 8647 9218
f 8647 9217 9250
f 8648 8649 8650
f 9185 9218 8648
f 8650 8652 8651
f 8651 8650 8683
f 9221 8651 8650
f 8682 8683 8650
f 9158 8650 9221
f 9221 8650 9252
f 8651 9222 8652
f 8651 9221 9222
f 8653 8652 8684
f 8653 8685 8652
f 8653 8652 9223
f 8652 8685 8684
f 9222 9223 8652
f 8654 8685 8653
f 8686 8654 8653
f 8653 9225 8654
f 8684 8685 8653
f 8685 8686 8653
f 8653 9223 9224
f 9225 8653 9224
f 8654 8655 8656
f 8654 8686 8685
f 9161 9225 8654
f 9225 9256 8654
f 9226 8656 8655
f 8656 8655 10961
f 8655 8656 10962
f 10961 8655 10962
f 8656 8658 8657
f 8657 8656 8689
f 9227 8658 8656
f 8688 8689 8656
f 9258 8656 8688
f 9163 8656 9227
f 9227 8656 9226
f 9227 8656 9258
f 10962 8656 10961
f 8658 8689 8657
f 8658 8659 8690
f 8691 8659 8658
f 8659 8658 9229
f 8658 8690 8689
f 8690 8691 8658
f 8658 9227 9229
f 8660 8691 8659
f 8660 8659 8692
f 8659 9231 8660
f 8659 8691 8690
f 8691 8692 8659
f 8659 9229 9230
f 9231 8659 9230
f 8662 8660 8661
f 8660 8692 8691
f 9262 8692 8660
f 9167 9231 8660
f 9231 9262 8660
f 8661 9232 8662
f 8662 8661 10534
f 8661 8662 10535
f 10534 8661 10535
f 8662 8664 8663
f 8662 8663 8694
f 8695 8663 8662
f 9233 8664 8662
f 8662 8694 8695
f 9168 8662 9233
f 9233 8662 9232
f 9264 9233 8662
f 10535 8662 10534
f 8695 8664 8663
f 8663 8664 8696
f 8694 8663 8695
f 8663 8696 8695
f 8664 8665 8696
f 8697 8665 8664
f 8665 8664 9235
f 8695 8696 8664
f 8696 8697 8664
f 8664 9233 9235
f 8665 8666 8667
f 8666 8697 8665
f 8665 9237 8666
f 8665 8697 8696
f 8665 9235 9236
f 9237 8665 9236
f 8667 8666 8699
f 8666 9238 8667
f 8698 8666 8697
f 8698 8699 8666
f 9237 9238 8666
f 8668 8667 9239
f 8668 8667 10963
f 8667 8668 10964
f 9268 8699 8667
f 9173 9238 8667
f 9238 9239 8667
f 9238 9268 8667
f 10963 8667 10964
f 8669 8670 8668
f 8668 8669 8700
f 8668 9239 8669
f 9174 8668 9239
f 9269 9239 8668
f 10964 8668 10963
f 8702 8669 8670
f 9240 8670 8669
f 8700 8701 8669
f 8669 8701 8702
f 8669 9239 9240
f 8703 8671 8670
f 9242 8671 8670
f 8702 8703 8670
f 8670 9240 9241
f 8670 9241 9242
f 8671 8673 8672
f 8671 8672 8703
f 8704 8672 8671
f 8671 9243 8673
f 8703 8704 8671
f 9243 8671 9242
f 8673 8672 8704
f 8703 8672 8704
f 8674 8675 8673
f 8674 8673 9244
f 8674 8673 10545
f 8673 8674 10546
f 8675 8676 8673
f 8704 8705 8673
f 9273 8705 8673
f 9179 9243 8673
f 9243 9244 8673
f 9273 8673 9243
f 10545 8673 10546
f 10546 8674 10545
f 8675 9245 8676
f 8676 8675 10156
f 8675 8676 10157
f 10156 8675 10157
f 8709 8677 8676
f 8709 8676 8708
f 9246 8676 9245
f 10157 8676 10156
f 8677 8710 8678
f 9247 8677 8678
f 8677 8709 8710
f 8677 9247 8709
f 8677 8709 9275
f 9247 9213 8677
f 9247 8677 9275
f 9247 8678 9248
f 8711 9276 8679
f 8679 9276 9249
f 8681 8712 8680
f 8680 9250 8681
f 8682 8680 8712
f 8680 8682 9250
f 9250 8712 8680
f 8714 8712 8681
f 9251 8681 9250
f 8683 8716 8682
f 8682 8717 8683
f 9253 8682 8683
f 8682 8712 8716
f 8682 8716 8717
f 8716 8682 9252
f 9252 9250 8682
f 9253 9252 8682
f 8717 8683 8684
f 8683 8684 8718
f 8683 8717 8716
f 8683 8718 8717
f 8717 9253 8683
f 8684 8686 8685
f 8685 8718 8684
f 8684 8685 8719
f 9255 8684 8685
f 8684 8718 8717
f 8719 8718 8684
f 8684 9254 8718
f 9255 9254 8684
f 8719 8686 8685
f 8720 8685 8686
f 9256 8685 8686
f 8719 8718 8685
f 8720 8719 8685
f 8719 9255 8685
f 9256 9255 8685
f 8686 8687 8720
f 8686 9256 8687
f 8722 8688 8686
f 9256 8686 8688
f 8720 8686 8719
f 8722 8686 8720
f 8720 9256 8686
f 8721 8720 8687
f 9257 8687 9256
f 8689 8722 8688
f 8688 8723 8689
f 9258 8688 8689
f 8688 8722 8723
f 8722 8688 9258
f 9258 9256 8688
f 8689 8690 8723
f 8690 8724 8689
f 8689 8723 8722
f 8689 8724 8723
f 8723 9259 8689
f 9259 9258 8689
f 8690 8692 8691
f 8691 8724 8690
f 8725 8690 8691
f 9261 8690 8691
f 8690 8724 8723
f 8725 8724 8690
f 8724 8690 9260
f 9261 9260 8690
f 8692 8691 8725
f 8726 8691 8692
f 8691 8692 9262
f 8691 8725 8724
f 8691 8726 8725
f 8725 9261 8691
f 9262 9261 8691
f 8692 8693 8726
f 8692 9262 8693
f 8694 8692 8728
f 8692 8694 9262
f 8692 8725 8726
f 8726 8728 8692
f 8726 9262 8692
f 8727 8726 8693
f 9263 8693 9262
f 8695 8728 8694
f 8696 8694 8728
f 8694 8696 9265
f 8694 9264 8728
f 9264 9262 8694
f 9265 9264 8694
f 8695 8696 8729
f 8730 8695 8696
f 8695 8729 8728
f 8730 8729 8695
f 8697 8730 8696
f 8697 8731 8696
f 9266 8696 8697
f 8696 8728 8730
f 8730 8729 8696
f 8731 8730 8696
f 8696 9265 8730
f 9266 9265 8696
f 8697 8698 8731
f 8697 8732 8698
f 9267 8697 8698
f 8697 8731 8730
f 8732 8697 8731
f 8697 8731 9266
f 9267 9266 8697
f 8699 8732 8698
f 8698 8732 8731
f 8698 8732 9267
f 8700 8699 8733
f 8700 9269 8699
f 8699 8733 8732
f 8733 8699 9268
f 9268 8699 9269
f 8701 8735 8700
f 8733 8734 8700
f 8735 8734 8700
f 8734 9269 8700
f 8703 8702 8701
f 8701 8702 8735
f 8736 8702 8701
f 8702 9270 8701
f 8736 8701 8735
f 8735 8701 9270
f 8703 8736 8702
f 8703 8737 8702
f 8703 9271 8702
f 8736 8735 8702
f 8736 8702 8737
f 8736 8702 9271
f 8702 9271 9270
f 8703 8704 8737
f 8703 8738 8704
f 8705 8703 8737
f 8705 9272 8703
f 8703 8737 8736
f 8738 8703 8737
f 8737 9272 8703
f 8703 9272 9271
f 8705 8704 8739
f 8738 8737 8704
f 8738 8704 8739
f 8711 8705 8745
f 8705 8711 9273
f 8705 8737 8739
f 8745 8705 8739
f 8705 8739 9273
f 8705 9273 9272
f 8707 8706 8708
f 8709 8708 8706
f 8709 8743 8706
f 8706 9275 8709
f 8740 8706 8743
f 9274 9275 8706
f 8742 8709 8708
f 8711 8709 8710
f 8743 8710 8709
f 8743 8709 8742
f 8709 9734 8743
f 8709 9247 9734
f 8744 8711 8710
f 8743 8744 8710
f 8744 8745 8711
f 9308 8711 8745
f 8745 9736 8711
f 9276 8711 9249
f 9249 8711 9736
f 9276 9273 8711
f 8711 9308 9276
f 8712 9277 8713
f 8712 8714 9277
f 8716 8712 9281
f 9250 9277 8712
f 9277 9281 8712
f 9278 8713 9277
f 9280 9277 8714
f 8746 8715 10578
f 8715 8746 10598
f 10578 8715 10598
f 8717 8716 9281
f 9281 8716 9252
f 8748 8718 8717
f 8717 8718 8749
f 8749 8748 8717
f 9282 9253 8717
f 8717 9281 9282
f 8719 8718 9283
f 8718 8748 8749
f 8718 9254 9283
f 8720 8719 9284
f 9284 9255 8719
f 8719 9283 9284
f 8720 8721 9285
f 8722 8720 9287
f 9285 9256 8720
f 8720 9284 9285
f 9285 9287 8720
f 8722 8721 8752
f 8721 8722 10584
f 8752 8721 10583
f 9286 9285 8721
f 10583 8721 10584
f 8723 8722 9287
f 8753 8722 8752
f 8722 8753 10605
f 9287 8722 9258
f 10584 8722 10605
f 8723 8724 8755
f 8755 8754 8723
f 9259 8723 9288
f 8723 9287 9288
f 8725 8724 9289
f 9289 8724 9260
f 8725 8756 8726
f 8726 8757 8725
f 8726 8725 9290
f 8757 8756 8725
f 9261 8725 9290
f 8725 9289 9290
f 8726 8727 9291
f 8728 8726 9293
f 8756 8726 8757
f 9262 8726 9291
f 9291 8726 9290
f 9291 9293 8726
f 8728 8727 8758
f 8727 8728 10586
f 8758 8727 10585
f 9292 9291 8727
f 10585 8727 10586
f 8730 8728 9294
f 8759 8728 8758
f 8728 8759 10607
f 9293 8728 9264
f 9294 8728 9293
f 10586 8728 10607
f 8760 8729 8730
f 8731 8730 9295
f 8761 8760 8730
f 9294 9265 8730
f 9295 8730 9294
f 8732 8763 8731
f 8732 8731 9296
f 8731 8763 8762
f 9295 9266 8731
f 9296 8731 9295
f 9267 8732 9296
f 8734 8733 8765
f 8734 8733 9297
f 8733 8734 10588
f 8733 8764 8765
f 8764 8733 10587
f 9268 9297 8733
f 10587 8733 10588
f 8734 8765 10609
f 9269 8734 9298
f 9297 9298 8734
f 10588 8734 10609
f 8766 8735 8736
f 8736 8735 9299
f 9270 9299 8735
f 8737 8736 9300
f 8736 8767 8766
f 9271 8736 9300
f 8736 9299 9300
f 8737 8738 8768
f 8739 8737 9301
f 9272 8737 9301
f 8737 9300 9301
f 8738 8769 8768
f 8740 8739 8771
f 8739 8740 10590
f 8739 9308 8745
f 8739 8770 8771
f 8770 8739 10589
f 9302 9273 8739
f 8739 9301 9302
f 9302 9308 8739
f 10589 8739 10590
f 8772 8741 8740
f 8740 8743 9306
f 8740 8771 8772
f 8771 8740 9303
f 8740 8771 10611
f 9303 8740 9306
f 10590 8740 10611
f 8742 8741 8772
f 8741 8742 10200
f 8772 9327 8741
f 8772 8741 10199
f 8741 9327 9304
f 10199 8741 10200
f 8774 8743 8742
f 8773 8742 8772
f 8742 8773 10224
f 8774 8742 8796
f 8795 8815 8742
f 8815 8796 8742
f 10200 8742 10224
f 9306 8744 8743
f 9306 8743 8774
f 8743 9734 9306
f 9306 9307 8744
f 9308 9736 8745
f 10598 8746 10578
f 8747 8779 9333
f 8747 9313 9281
f 8747 9333 9313
f 8780 8751 9314
f 8751 9285 9314
f 8753 8752 8782
f 8753 8752 10604
f 8782 8752 8781
f 10604 8752 10583
f 8753 8782 9335
f 8753 9316 9287
f 9316 8753 9335
f 10605 8753 10604
f 8784 8757 9317
f 8757 9291 9317
f 8759 8758 8786
f 8759 8758 10606
f 8785 8786 8758
f 10606 8758 10585
f 9338 8759 8786
f 8759 9319 9293
f 8759 9338 9319
f 10607 8759 10606
f 8789 8763 8764
f 8788 8763 8789
f 8764 8789 8765
f 9324 8764 8765
f 8765 8764 10608
f 8789 8764 9323
f 9323 8764 9297
f 9323 8764 9324
f 10608 8764 10587
f 8765 8766 8791
f 8790 8765 8789
f 8790 8765 8791
f 9342 8765 8790
f 8765 9324 9298
f 8765 9342 9324
f 10609 8765 10608
f 8771 8770 10610
f 8770 9325 8793
f 9325 8770 9302
f 10610 8770 10589
f 9326 8771 9303
f 10611 8771 10610
f 8773 8772 10223
f 10223 8772 10199
f 10224 8773 10223
f 8775 8796 8774
f 9347 8774 8796
f 9329 9306 8774
f 9329 8774 9347
f 8775 8797 8796
f 8797 8775 9330
f 8776 8798 9331
f 8802 8780 8777
f 8799 8802 8777
f 9310 8799 8777
f 9278 9310 8777
f 8801 8778 10985
f 8778 8801 10994
f 10985 8778 10994
f 9333 8779 8780
f 8781 8780 8820
f 8780 8802 8820
f 9334 8780 9314
f 9333 8780 9334
f 8781 8820 8782
f 8783 9336 8782
f 8782 8803 8784
f 8782 8820 8803
f 9336 9335 8782
f 8784 9336 8783
f 8805 8785 8784
f 8804 8784 8803
f 8784 8804 8805
f 9337 8784 9317
f 9337 9336 8784
f 8821 8786 8785
f 8785 8805 8821
f 8787 9339 8786
f 8788 8786 8807
f 8806 8807 8786
f 8806 8786 8821
f 8786 9339 9338
f 8788 9339 8787
f 8789 8788 8808
f 9341 8788 8789
f 8807 8808 8788
f 9340 9339 8788
f 8788 9341 9340
f 8822 8790 8789
f 8789 8808 8822
f 9341 8789 9323
f 8791 8790 8810
f 8791 9343 8790
f 8810 8790 8809
f 8809 8790 8822
f 8790 9343 9342
f 9343 8791 8792
f 8810 8795 8791
f 8793 9345 8792
f 9344 9343 8792
f 8792 9345 9344
f 9345 8793 9325
f 8815 8795 8794
f 8794 8795 10991
f 8814 8815 8794
f 8814 8794 10990
f 10990 8794 10991
f 8810 8815 8795
f 8795 8815 11000
f 10991 8795 11000
f 8797 9348 8796
f 8798 8796 9349
f 8796 8815 9347
f 8796 9348 9347
f 9347 9349 8796
f 9330 9348 8797
f 9331 8798 9349
f 8800 8802 8799
f 8800 8799 9351
f 8799 9310 9351
f 8818 8800 8801
f 9352 8801 8800
f 8800 8819 8802
f 8818 8819 8800
f 9352 8800 9351
f 9362 8818 8801
f 8801 9352 9353
f 9353 9362 8801
f 10994 8801 10985
f 8819 8820 8802
f 8804 8803 8821
f 8820 8821 8803
f 8805 8804 8821
f 8806 8822 8807
f 8822 8806 8821
f 8807 8822 8808
f 8810 8809 8822
f 8815 8810 8826
f 8822 8826 8810
f 8824 8811 8812
f 8824 8823 8811
f 8812 8815 8813
f 8813 8824 8812
f 8815 8825 8813
f 8824 8813 8825
f 8827 8814 8815
f 8814 9357 8815
f 8815 8814 10999
f 8814 8827 9368
f 9356 9357 8814
f 9368 9356 8814
f 10999 8814 10990
f 8816 8829 8815
f 8825 8815 8828
f 8827 8815 8826
f 8829 8828 8815
f 9357 9347 8815
f 11000 8815 10999
f 8817 8830 8816
f 8829 8816 8830
f 9362 8819 8818
f 8820 8819 9363
f 9362 9363 8819
f 8820 9365 8821
f 9363 9365 8820
f 8821 9365 8822
f 8822 9367 8826
f 9366 8822 9365
f 9366 9367 8822
f 8827 8826 9368
f 9368 8826 9367
f 9372 8831 8832
f 9370 8843 8831
f 8831 9371 9370
f 8831 9372 9371
f 9372 8832 8844
f 8833 8834 9376
f 9375 8849 8833
f 8833 9376 9375
f 9376 8834 8850
f 8836 9379 8835
f 9379 8854 8835
f 9381 8836 8837
f 9380 9379 8836
f 8836 9381 9380
f 9381 8837 8856
f 9383 8838 8839
f 9383 8859 8838
f 9385 8839 8840
f 8839 9384 9383
f 9385 9384 8839
f 9385 8840 8861
f 8864 8842 8841
f 8841 8842 9388
f 8841 8863 8864
f 8841 9408 8863
f 9388 9387 8841
f 9387 9408 8841
f 8842 8843 9410
f 8864 9370 8842
f 9370 9388 8842
f 9410 8842 9388
f 8844 8843 9372
f 9411 8844 8843
f 9852 8843 8844
f 8843 9371 9372
f 9389 8843 9410
f 9852 8843 9389
f 9852 9410 8843
f 8843 9852 9411
f 8845 9411 8844
f 8844 9390 9411
f 9853 8844 9411
f 8844 9853 9852
f 8845 8866 8846
f 8845 8846 9391
f 8865 8866 8845
f 8845 9373 8865
f 8865 8845 9411
f 8865 9412 8845
f 8845 9391 9373
f 9412 9411 8845
f 9392 8846 8866
f 9391 8846 9392
f 8848 8847 8867
f 9394 8847 8848
f 8847 9413 8867
f 9394 9393 8847
f 9393 9413 8847
f 8848 9415 8849
f 8867 8868 8848
f 8868 9374 8848
f 9374 9394 8848
f 9415 8848 9394
f 8850 8849 9375
f 8850 8849 9859
f 9395 8849 9415
f 9858 8849 9395
f 9858 9415 8849
f 9859 9858 8849
f 9416 8850 8851
f 9375 9376 8850
f 8850 9396 9416
f 9859 8850 9416
f 8851 8869 8852
f 8851 8852 9397
f 8851 9377 8869
f 8869 8851 9416
f 8869 9417 8851
f 8851 9397 9377
f 9417 9416 8851
f 8870 8852 8869
f 9398 8852 8870
f 8852 9398 9397
f 8871 9378 8853
f 8853 9418 8871
f 9378 9399 8853
f 9399 9418 8853
f 8855 8854 9400
f 9419 8854 9399
f 9400 9419 8854
f 9419 8855 8856
f 9380 8855 9379
f 9400 8855 9419
f 9864 8855 9400
f 9864 8855 9419
f 8856 8872 8857
f 8856 8857 9402
f 8856 9381 8872
f 8872 8856 9419
f 8872 9420 8856
f 8856 9401 9381
f 9402 9401 8856
f 9420 9419 8856
f 8857 8872 8873
f 9402 8857 8873
f 8874 9382 8858
f 8858 9421 8874
f 9382 9403 8858
f 9403 9421 8858
f 9405 8860 8859
f 9422 8859 9404
f 9405 9422 8859
f 8861 9422 8860
f 9405 8860 9422
f 9869 8860 9405
f 9869 8860 9422
f 8875 8861 9422
f 8875 9423 8861
f 9423 9422 8861
f 8862 9386 8876
f 9407 8862 8876
f 8862 9407 9386
f 9425 8863 9408
f 9425 9440 8863
f 8879 8865 8866
f 8866 8865 9391
f 8879 9818 8865
f 8865 9818 9391
f 9412 8865 9411
f 9428 8879 8866
f 9391 9392 8866
f 9429 8867 9413
f 9429 9446 8867
f 8883 8869 8870
f 8869 9397 8870
f 8883 9820 8869
f 8869 9820 9397
f 9417 8869 9416
f 9432 8883 8870
f 9398 8870 9397
f 9433 8871 9418
f 9433 9452 8871
f 9420 8872 9419
f 9435 8887 8873
f 8887 9824 8873
f 8873 9824 9402
f 9436 8874 9421
f 9436 9457 8874
f 9385 8875 8876
f 9423 8875 9422
f 9439 8891 8876
f 8891 9827 8876
f 8876 9386 9385
f 8876 9827 9407
f 8877 8878 8892
f 8892 8877 9440
f 8892 9817 8877
f 8879 8894 8878
f 8892 8878 9441
f 8894 9444 8878
f 9441 8878 9442
f 9443 9442 8878
f 9444 9443 8878
f 8879 8894 9445
f 8894 8879 9818
f 9427 8879 9428
f 8879 9427 9818
f 8895 8880 8881
f 8895 8880 9446
f 8895 9819 8880
f 8897 8881 8882
f 9447 8895 8881
f 9450 8881 8897
f 9448 9447 8881
f 9449 9448 8881
f 9449 8881 9450
f 8882 8897 9451
f 8897 8882 9820
f 9431 8883 9432
f 8883 9431 9820
f 9821 8883 9820
f 8884 8885 8898
f 8898 8884 9452
f 8898 9822 8884
f 8886 8900 8885
f 8898 8885 8899
f 8899 8885 9453
f 8900 9455 8885
f 9454 9453 8885
f 9454 8885 9455
f 8886 8900 9456
f 8900 8886 9823
f 8887 9435 9824
f 8901 8888 8889
f 8901 8888 9457
f 8901 9825 8888
f 8890 8903 8889
f 8902 8901 8889
f 9458 8902 8889
f 8903 9460 8889
f 9459 9458 8889
f 9459 8889 9460
f 8890 9461 8903
f 8891 8904 9461
f 8904 8891 9827
f 8891 9439 9827
f 8892 9440 9441
f 9441 9442 8892
f 10270 8892 9441
f 9829 9817 8892
f 9829 8892 10270
f 8893 9444 8894
f 8894 10272 8893
f 8893 9443 9444
f 9853 9443 8893
f 8893 10272 9853
f 9444 9445 8894
f 9818 9832 8894
f 9832 10273 8894
f 10272 8894 10273
f 8896 8895 9447
f 8896 10274 8895
f 8895 9446 9447
f 9835 9819 8895
f 9835 8895 10274
f 9448 8896 9447
f 10275 8896 9448
f 8896 10275 10274
f 8897 9449 9450
f 9859 9449 8897
f 9450 9451 8897
f 9820 9838 8897
f 9838 10277 8897
f 8897 10277 9859
f 8899 8898 9452
f 10278 8898 8899
f 9840 9822 8898
f 9840 8898 10278
f 9453 8899 9452
f 10279 8899 9453
f 10278 8899 10279
f 9455 9456 8900
f 9865 9455 8900
f 9823 9843 8900
f 9843 10281 8900
f 8900 10281 9865
f 8902 8901 9457
f 8902 10283 8901
f 9845 9825 8901
f 9845 8901 10283
f 9458 8902 9457
f 10283 8902 9458
f 8904 8903 9461
f 8903 8904 9827
f 9460 9461 8903
f 9870 9460 8903
f 9827 9826 8903
f 9826 9848 8903
f 9848 10285 8903
f 8903 10285 9870
f 8905 9462 8906
f 9440 9462 8905
f 8907 8906 8928
f 8928 8906 9463
f 9441 8906 9463
f 9463 8906 9462
f 9851 9873 8906
f 8907 8929 8908
f 8929 8907 8928
f 8908 8929 8909
f 8910 8909 9465
f 8929 9464 8909
f 9444 9464 8909
f 9464 9465 8909
f 9854 8909 9876
f 9445 8910 9465
f 8912 8911 9467
f 9446 9466 8911
f 9466 9467 8911
f 8913 8912 8930
f 8930 8912 9467
f 8912 9467 9447
f 9857 9879 8912
f 8914 8913 8930
f 8931 8915 8914
f 8931 8914 8930
f 9469 8916 8915
f 9468 8915 8931
f 9450 8915 9468
f 9468 9469 8915
f 9860 8915 9882
f 9451 8916 9469
f 8918 8917 8932
f 8917 9470 8932
f 9452 9470 8917
f 9862 9884 8917
f 8919 8918 8932
f 8919 8933 8920
f 8933 8919 8932
f 8921 8920 8933
f 8921 8920 9455
f 9472 8920 8921
f 8920 8921 9866
f 8921 8920 9887
f 9455 8920 9471
f 9472 9471 8920
f 9866 9865 8920
f 9887 8920 9865
f 9471 8921 8933
f 8921 9455 9456
f 9456 9472 8921
f 8921 9471 9472
f 9866 8921 9888
f 9887 9888 8921
f 8923 8922 8935
f 8935 8922 8934
f 8934 8922 9473
f 9457 9473 8922
f 9867 9889 8922
f 8924 8923 8935
f 8925 8924 8936
f 8935 8936 8924
f 8926 8925 8937
f 8926 8925 9461
f 8925 8926 9475
f 8925 8926 9871
f 9893 8926 8925
f 8936 8937 8925
f 9460 9461 8925
f 8925 9475 9460
f 9871 9870 8925
f 9892 8925 9870
f 9893 8925 9892
f 8937 9476 8926
f 9461 9476 8926
f 9476 9475 8926
f 9871 8926 9893
f 8927 8928 9477
f 9477 8957 8927
f 9464 8929 8928
f 8937 9481 8928
f 8928 9463 9464
f 9478 9477 8928
f 9478 8928 9481
f 8930 9467 8931
f 9468 8931 9467
f 9471 8933 8932
f 8932 9470 9471
f 8935 8934 9473
f 9475 8936 8935
f 9473 9474 8935
f 8935 9474 9475
f 8936 9475 8937
f 9483 8937 8938
f 9476 8937 9475
f 8937 9482 9481
f 9482 8937 9483
f 8939 9484 8938
f 9483 8938 9484
f 8940 8952 8941
f 8940 8941 9904
f 8951 8952 8940
f 9904 8951 8940
f 8952 9905 8941
f 8941 9905 9904
f 8943 8954 8942
f 8953 8942 8954
f 8944 9485 8943
f 8954 8943 9484
f 9484 8943 9485
f 8955 9485 8944
f 8952 8951 9915
f 8951 9904 9915
f 8952 9916 9905
f 8952 9915 9916
f 8955 8954 9485
f 8954 8967 9484
f 9484 9485 8954
f 8957 8958 8956
f 8973 8957 8956
f 8958 10331 8956
f 8972 8973 8956
f 8972 8956 10346
f 10331 10346 8956
f 8958 8974 8957
f 8958 8957 8975
f 8958 8957 9478
f 8957 9013 8972
f 8973 8975 8957
f 8994 8957 8974
f 9013 8957 8994
f 9478 8957 9477
f 8959 8958 8975
f 8959 9920 8958
f 8961 8976 8958
f 8964 8958 8963
f 8958 9478 8963
f 8974 8958 8976
f 10331 8958 9920
f 8960 8959 8975
f 8960 9920 8959
f 8960 8987 8969
f 8969 9926 8960
f 8975 8987 8960
f 9491 9490 8960
f 9490 9921 8960
f 8960 9925 9491
f 8960 9921 9920
f 9925 8960 9926
f 8979 8961 8962
f 8995 8976 8961
f 8977 8961 8978
f 8961 8977 8996
f 8978 8961 8979
f 8961 9014 8995
f 8961 8996 9014
f 8962 8967 8982
f 8962 8997 8979
f 8980 8962 8981
f 8980 8998 8962
f 8982 8981 8962
f 8998 8997 8962
f 9913 8964 8963
f 9480 8963 9478
f 9488 8963 9480
f 9488 9912 8963
f 9912 9913 8963
f 8965 8964 9917
f 9917 8964 9913
f 8966 8965 9918
f 8965 9917 9918
f 8967 8966 9918
f 8968 9024 8967
f 8982 8967 8983
f 8984 8983 8967
f 8985 8984 8967
f 9004 8985 8967
f 9024 9004 8967
f 8967 9489 9484
f 9489 8967 9919
f 8967 9918 9919
f 8968 8969 9025
f 8968 9025 9024
f 8987 8970 8969
f 8970 9932 8969
f 8969 8987 9025
f 9926 8969 9927
f 9927 8969 9928
f 9928 8969 9929
f 8969 9930 9929
f 9930 8969 9931
f 9931 8969 9932
f 8988 8970 8987
f 8988 9949 8970
f 8970 9949 9932
f 8971 8972 9012
f 8992 8973 8972
f 8992 8972 9500
f 8972 9013 9012
f 10346 9500 8972
f 8973 9934 8975
f 8992 9091 8973
f 8973 9091 8993
f 9501 8973 8993
f 8973 9501 9933
f 9934 8973 9933
f 8975 9494 8987
f 9494 8975 9493
f 9493 8975 9936
f 9934 9935 8975
f 9935 9936 8975
f 8998 8980 8999
f 9000 8981 8982
f 8983 9003 8982
f 8982 9001 9000
f 8982 9003 9001
f 8985 9004 8984
f 8989 8987 8986
f 9025 8986 8987
f 8986 8990 8989
f 8988 8987 9007
f 8987 8988 9026
f 9006 9007 8987
f 9006 8987 9511
f 9026 9025 8987
f 9495 8987 9494
f 8987 9495 9940
f 9511 8987 9952
f 9941 8987 9940
f 9941 9943 8987
f 9943 9944 8987
f 9946 8987 9944
f 8987 9946 9947
f 9947 9948 8987
f 9948 9952 8987
f 8988 9009 8989
f 8989 9496 8988
f 8989 9497 8988
f 9007 9009 8988
f 8988 9007 9026
f 9512 9007 8988
f 9496 8988 9497
f 8988 9496 9512
f 8988 9512 9949
f 9009 8990 8989
f 8990 9349 8989
f 9497 8989 8990
f 9497 9009 8989
f 9514 8989 9009
f 9497 9496 8989
f 8989 9514 9497
f 8990 9009 9010
f 9498 8990 9010
f 9360 9349 8990
f 9497 8990 9498
f 8991 9031 8992
f 9499 8991 8992
f 9030 9031 8991
f 9536 9030 8991
f 9499 9516 8991
f 8991 9516 9536
f 9091 8992 8993
f 8993 8992 9501
f 8992 9031 8994
f 9500 8992 8994
f 9538 9031 8992
f 8992 9091 9123
f 8992 9186 9091
f 9186 8992 9123
f 9499 8992 9500
f 9501 8992 9500
f 9500 9518 8992
f 8992 9518 9538
f 8994 9033 9013
f 8994 9031 9033
f 9033 9539 8994
f 9500 8994 9502
f 9502 8994 9520
f 9520 8994 9539
f 8995 9039 8996
f 9503 8995 8996
f 9037 8995 9014
f 9037 9039 8995
f 8995 9543 9037
f 9503 9521 8995
f 8995 9521 9543
f 9015 9014 8996
f 9039 9015 8996
f 9039 9544 8996
f 9503 8996 9504
f 9504 8996 9522
f 9522 8996 9544
f 8997 8998 9016
f 8997 9045 8998
f 9505 8997 8998
f 8997 9016 9043
f 9043 9045 8997
f 9548 9043 8997
f 9505 9523 8997
f 8997 9523 9548
f 9017 9016 8998
f 8998 9045 9017
f 9045 9549 8998
f 9505 8998 9506
f 9506 8998 9524
f 9524 8998 9549
f 9002 9001 9003
f 9001 9002 9022
f 9002 9001 9049
f 9507 9001 9002
f 9001 9022 9021
f 9001 9021 9049
f 9049 9001 9553
f 9507 9528 9001
f 9528 9553 9001
f 9002 9050 9022
f 9050 9002 9049
f 9554 9002 9050
f 9507 9002 9508
f 9508 9002 9529
f 9002 9554 9529
f 9004 9056 9005
f 9509 9004 9005
f 9023 9004 9024
f 9004 9023 9054
f 9054 9056 9004
f 9558 9054 9004
f 9509 9530 9004
f 9004 9530 9558
f 9007 9005 9027
f 9510 9005 9007
f 9056 9027 9005
f 9056 9559 9005
f 9509 9005 9510
f 9510 9005 9531
f 9531 9005 9559
f 9006 9512 9007
f 9511 9512 9006
f 9512 9008 9007
f 9007 9027 9026
f 9007 9027 9512
f 9027 9533 9007
f 9510 9007 9512
f 9512 9007 9533
f 9009 9028 9008
f 9513 9009 9008
f 9512 9513 9008
f 9154 9010 9009
f 9029 9028 9009
f 9183 9154 9009
f 9009 9182 9183
f 9009 9675 9182
f 9497 9514 9009
f 9513 9514 9009
f 9009 9514 9955
f 9009 10108 9675
f 9976 9009 9955
f 10387 9009 9976
f 9009 10084 10108
f 9009 10423 10084
f 10397 9009 10387
f 10397 10423 9009
f 9010 9154 9515
f 9498 9010 9515
f 9012 9030 9011
f 9012 9013 9030
f 9013 9032 9030
f 9013 9033 9032
f 9015 9039 9014
f 9038 9037 9014
f 9039 9038 9014
f 9044 9043 9016
f 9017 9045 9018
f 9525 9017 9018
f 9524 9045 9017
f 9525 9524 9017
f 9018 9046 9019
f 9526 9018 9019
f 9046 9018 9045
f 9525 9046 9018
f 9526 9525 9018
f 9019 9047 9020
f 9527 9019 9020
f 9047 9019 9046
f 9019 9047 9526
f 9527 9526 9019
f 9048 9020 9047
f 9020 9048 9527
f 9055 9024 9025
f 9056 9055 9025
f 9058 9026 9027
f 9026 9058 9057
f 9028 9027 9029
f 9533 9027 9028
f 9058 9027 9056
f 9027 9058 9533
f 9533 9512 9027
f 9028 9029 9534
f 9533 9028 9534
f 9059 9535 9029
f 9535 9534 9029
f 9031 9030 9538
f 9030 9032 9033
f 9030 9033 9536
f 9536 9538 9030
f 9536 9563 9030
f 9033 9031 9539
f 9538 9539 9031
f 9539 9033 9034
f 9539 9536 9033
f 9064 9035 9034
f 9541 9034 9035
f 9540 9539 9034
f 9541 9540 9034
f 9542 9035 9036
f 9065 9035 9064
f 9542 9541 9035
f 9542 9036 9037
f 9037 9038 9039
f 9039 9037 9543
f 9544 9037 9039
f 9543 9542 9037
f 9544 9543 9037
f 9545 9039 9040
f 9543 9544 9039
f 9545 9544 9039
f 9071 9041 9040
f 9546 9040 9041
f 9071 9040 9070
f 9546 9545 9040
f 9547 9041 9042
f 9547 9546 9041
f 9547 9042 9043
f 9045 9044 9043
f 9549 9043 9045
f 9548 9547 9043
f 9549 9548 9043
f 9045 9524 9549
f 9046 9525 9550
f 9047 9526 9551
f 9079 9049 9048
f 9553 9048 9049
f 9079 9048 9078
f 9048 9552 9527
f 9553 9552 9048
f 9050 9049 9553
f 9554 9049 9050
f 9554 9553 9049
f 9081 9051 9050
f 9555 9050 9051
f 9081 9050 9080
f 9553 9554 9050
f 9555 9554 9050
f 9555 9051 9052
f 9556 9052 9053
f 9556 9555 9052
f 9054 9558 9053
f 9557 9556 9053
f 9557 9053 9558
f 9054 9055 9056
f 9058 9055 9054
f 9054 9056 9058
f 9056 9054 9558
f 9054 9059 9562
f 9562 9558 9054
f 9056 9057 9058
f 9560 9058 9056
f 9558 9559 9056
f 9559 9560 9056
f 9058 9560 9533
f 9059 9090 9589
f 9059 9562 9535
f 9059 9589 9562
f 9061 9060 9123
f 9565 9060 9061
f 9063 9062 9060
f 9062 9091 9060
f 9060 9563 9063
f 9060 9091 9122
f 9121 9060 9122
f 9123 9060 9121
f 9060 9563 9121
f 9565 9563 9060
f 9061 9123 9063
f 9061 9063 9565
f 9061 9565 9123
f 9062 9063 9091
f 9064 9063 9092
f 9063 9125 9091
f 9092 9063 9594
f 9125 9063 9123
f 9063 9125 9566
f 9566 9063 9563
f 9566 9565 9063
f 9566 9594 9063
f 9568 9065 9064
f 9064 9092 9093
f 9595 9064 9093
f 9568 9064 9567
f 9567 9064 9595
f 9066 9065 9094
f 9596 9094 9065
f 9568 9596 9065
f 9067 9066 9095
f 9066 9094 9095
f 9095 9597 9066
f 9597 9569 9066
f 9067 9069 9068
f 9068 9097 9067
f 9069 9067 9131
f 9069 9067 9570
f 9069 9571 9067
f 9067 9095 9096
f 9096 9598 9067
f 9067 9097 9129
f 9131 9067 9129
f 9067 9570 9129
f 9570 9067 9571
f 9570 9067 9598
f 9572 9070 9069
f 9069 9131 9098
f 9069 9131 9571
f 9570 9571 9069
f 9572 9069 9571
f 9573 9071 9070
f 9573 9070 9572
f 9574 9072 9071
f 9574 9071 9573
f 9575 9073 9072
f 9575 9072 9574
f 9075 9073 9074
f 9103 9073 9074
f 9137 9075 9073
f 9075 9073 9575
f 9576 9073 9075
f 9135 9073 9103
f 9137 9073 9135
f 9073 9575 9135
f 9576 9575 9073
f 9076 9075 9576
f 9137 9104 9075
f 9075 9137 9576
f 9576 9075 9575
f 9578 9077 9076
f 9577 9076 9576
f 9578 9076 9577
f 9078 9077 9578
f 9580 9079 9078
f 9579 9078 9578
f 9580 9078 9579
f 9079 9142 9080
f 9080 9079 9580
f 9079 9080 9581
f 9142 9079 9109
f 9079 9580 9142
f 9581 9580 9079
f 9582 9081 9080
f 9143 9110 9080
f 9143 9080 9142
f 9080 9143 9581
f 9580 9581 9080
f 9582 9080 9581
f 9583 9082 9081
f 9583 9081 9582
f 9584 9083 9082
f 9584 9082 9583
f 9585 9084 9083
f 9585 9083 9584
f 9084 9086 9085
f 9084 9085 9088
f 9088 9086 9084
f 9086 9084 9149
f 9086 9586 9084
f 9084 9585 9090
f 9084 9114 9148
f 9149 9084 9148
f 9084 9585 9148
f 9585 9084 9586
f 9085 9086 9115
f 9087 9086 9088
f 9088 9086 9118
f 9086 9088 9586
f 9086 9116 9115
f 9086 9149 9118
f 9086 9149 9586
f 9117 9087 9088
f 9118 9089 9088
f 9088 9118 9117
f 9118 9088 9533
f 9118 9618 9088
f 9587 9586 9088
f 9587 9088 9618
f 9118 9119 9089
f 9120 9620 9090
f 9589 9562 9090
f 9589 9090 9585
f 9589 9090 9620
f 9124 9122 9091
f 9091 9124 9123
f 9125 9124 9091
f 9124 9091 9186
f 9126 9093 9092
f 9595 9093 9092
f 10031 9092 9093
f 9125 9126 9092
f 10059 9125 9092
f 9595 9092 9594
f 10031 10059 9092
f 9093 9127 9096
f 9093 9096 10033
f 9126 9127 9093
f 9159 9126 9093
f 9093 10033 10031
f 9597 9095 9094
f 9597 9094 9596
f 9598 9096 9095
f 9598 9095 9597
f 9096 9127 9128
f 9096 9128 9129
f 10063 9096 9129
f 10035 10033 9096
f 9096 10063 10035
f 9098 9131 9097
f 9129 9097 9130
f 9131 9130 9097
f 9098 9133 9099
f 9098 9099 10037
f 9098 9131 9132
f 9131 9098 10065
f 9132 9133 9098
f 10037 10065 9098
f 9099 9133 9102
f 9099 9102 10041
f 10041 10037 9099
f 9103 9102 9134
f 10041 9102 9103
f 9134 9102 9133
f 9104 9137 9103
f 9103 9134 9136
f 9137 9135 9103
f 9136 10070 9103
f 9103 10042 10041
f 10042 9103 10070
f 9139 9105 9104
f 9104 9105 10043
f 9104 9137 9139
f 9104 10043 9137
f 9105 9140 9109
f 10045 9105 9109
f 9139 9140 9105
f 10045 10043 9105
f 9109 9110 9143
f 9142 9109 9140
f 9143 9142 9109
f 9142 10076 9109
f 9109 10046 10045
f 10046 9109 10076
f 9111 9110 9145
f 9111 10048 9110
f 9110 9143 9145
f 9110 10047 9143
f 10047 9110 10048
f 9111 9146 9114
f 9114 10050 9111
f 9111 9145 9146
f 10050 10048 9111
f 9114 9115 9148
f 9146 9147 9114
f 9178 9114 9147
f 9114 9178 9243
f 9243 10154 9114
f 9114 10154 10050
f 9148 9115 9116
f 9117 9149 9116
f 9149 9148 9116
f 9118 9213 9117
f 9149 9117 9213
f 9118 9119 9120
f 9618 9119 9118
f 9151 9118 9149
f 9181 9118 9151
f 9118 9151 9618
f 9181 9674 9118
f 9118 9533 9618
f 9618 9118 9674
f 9120 9152 9119
f 9620 9120 9119
f 9618 9619 9119
f 9619 9620 9119
f 9152 9120 9153
f 9155 9121 9122
f 9622 9123 9121
f 9121 9125 9124
f 9590 9121 9563
f 9621 9121 9590
f 9622 9121 9621
f 9124 9157 9122
f 9155 9122 9156
f 9156 9122 9185
f 9185 9122 9157
f 9123 9124 9623
f 9624 9125 9123
f 9186 9123 9676
f 9592 9123 9565
f 9592 9622 9123
f 9623 9622 9123
f 9624 9123 9622
f 9622 9676 9123
f 9126 9124 9125
f 9124 9157 9125
f 9125 10058 9124
f 9124 9126 9159
f 9159 9157 9124
f 9124 9186 9157
f 10058 9623 9124
f 9125 9158 9126
f 9157 9158 9125
f 9594 9566 9125
f 9624 9594 9125
f 9125 10059 10058
f 9626 9127 9126
f 9127 10061 9126
f 9126 9158 9188
f 9126 9222 9159
f 9159 9625 9126
f 9126 10060 9159
f 9159 10088 9126
f 9222 9126 9188
f 9126 9625 9626
f 10060 9126 10061
f 10060 9126 10088
f 9626 9128 9127
f 10062 9127 9128
f 9127 10062 10061
f 9130 9128 9129
f 9160 9129 9128
f 9162 9128 9130
f 9160 9128 9162
f 9656 9160 9128
f 10089 9128 9160
f 9128 9626 9627
f 9656 9128 9627
f 9128 10089 10062
f 9131 9129 9163
f 9630 9131 9129
f 10065 9129 9131
f 9129 9160 9192
f 9162 9163 9129
f 9129 9192 9162
f 9598 9129 9570
f 9628 9129 9598
f 9630 9129 9628
f 10065 10063 9129
f 9131 9132 9163
f 9164 9132 9131
f 9164 9131 9163
f 9599 9571 9131
f 9630 9599 9131
f 9132 9632 9133
f 9132 10066 9133
f 9164 9163 9132
f 9164 9631 9132
f 9164 9132 10092
f 9132 9631 9632
f 9132 10066 10092
f 9134 9133 9632
f 9133 10067 9134
f 9134 10068 9133
f 10067 9133 10066
f 10067 9133 10068
f 9134 9135 9166
f 9166 9136 9134
f 9134 9661 9166
f 9134 9166 10068
f 9633 9134 9632
f 9134 9633 9661
f 9134 10067 10068
f 9135 9137 9138
f 9635 9137 9135
f 9169 9135 9138
f 9167 9166 9135
f 9169 9167 9135
f 9603 9135 9575
f 9634 9135 9603
f 9635 9135 9634
f 9136 9168 9137
f 9137 10070 9136
f 9136 9166 9198
f 9136 9198 9168
f 9138 9139 9137
f 9169 9138 9137
f 9137 9168 9169
f 9604 9576 9137
f 9635 9604 9137
f 10071 9137 10043
f 9137 10071 10070
f 9170 9138 9139
f 9138 9636 9139
f 9139 10073 9138
f 9138 9170 9169
f 9169 9636 9138
f 10098 9169 9138
f 9138 10073 10072
f 10098 9138 10072
f 9139 9637 9140
f 9139 9140 10073
f 10074 9140 9139
f 9139 9170 10073
f 9637 9139 9636
f 9139 10073 10074
f 9171 9140 9141
f 9140 9171 9142
f 9667 9171 9140
f 9140 9171 10074
f 10100 9171 9140
f 9638 9140 9637
f 9667 9140 9638
f 10074 10073 9140
f 10074 10100 9140
f 9173 9141 9142
f 9172 9171 9141
f 9172 9141 9173
f 9143 9142 9174
f 9641 9143 9142
f 9142 9143 10076
f 9171 9172 9142
f 9142 9172 9204
f 9142 9204 9174
f 9609 9142 9580
f 9640 9142 9609
f 9641 9142 9640
f 9143 9144 9174
f 9176 9145 9143
f 9143 9174 9176
f 9610 9581 9143
f 9641 9610 9143
f 10077 9143 10047
f 9143 10077 10076
f 9145 9176 9144
f 9144 9175 9174
f 9175 9144 9176
f 9146 9145 9643
f 9145 9146 10079
f 9146 9145 10080
f 9176 9643 9145
f 9145 10079 9176
f 9176 10104 9145
f 10079 10080 9145
f 10079 9145 10104
f 9177 9146 9147
f 9146 9645 9147
f 9147 10081 9146
f 9177 9146 10105
f 9644 9146 9643
f 9146 9644 9645
f 10080 10079 9146
f 10080 9146 10081
f 10080 10105 9146
f 9147 9148 9149
f 9149 9180 9147
f 9147 9178 9177
f 9180 9178 9147
f 9147 9673 9178
f 10106 9147 9178
f 9147 9645 9673
f 10081 9147 10106
f 9647 9149 9148
f 9615 9148 9585
f 9646 9148 9615
f 9647 9148 9646
f 9649 9151 9149
f 9180 9149 9213
f 9616 9586 9149
f 9647 9616 9149
f 9649 9149 9647
f 9150 9181 9151
f 9150 9151 9648
f 9212 9181 9150
f 9212 9150 9648
f 9152 9649 9151
f 9151 9153 9181
f 9153 9151 9182
f 9153 9151 9649
f 9181 9182 9151
f 9649 9618 9151
f 9649 9648 9151
f 9651 9152 9153
f 9152 9650 9649
f 9651 9650 9152
f 9182 9181 9153
f 9651 9153 9649
f 9154 9183 9652
f 9956 9515 9154
f 9154 9652 10085
f 9956 9154 9977
f 9977 9154 10388
f 10057 9154 10085
f 10057 10456 9154
f 10388 9154 10398
f 10398 9154 10424
f 10456 10424 9154
f 9159 9158 9157
f 9158 9157 9188
f 9158 9220 9157
f 9653 9157 9158
f 9654 9158 9157
f 9185 9157 9220
f 9187 9157 9186
f 9187 9188 9157
f 9654 9157 9653
f 9221 9220 9158
f 9158 9654 9653
f 9190 9189 9159
f 9189 9159 9222
f 9189 9679 9159
f 9159 10088 9189
f 10088 9159 9190
f 9159 9655 9625
f 9655 9159 9679
f 10088 9159 10060
f 9160 9162 9161
f 9160 9191 9192
f 9681 9191 9160
f 9160 10089 9191
f 10113 9160 9191
f 9160 9656 9681
f 9160 10113 10089
f 9161 9162 9226
f 9225 9161 9226
f 9162 9192 9163
f 9162 9163 9226
f 9162 9658 9163
f 9163 9659 9162
f 9658 9162 9659
f 9164 9163 9193
f 9192 9193 9163
f 9227 9226 9163
f 9659 9163 9658
f 9194 9164 9165
f 10093 9164 9165
f 9164 9193 9194
f 9194 9660 9164
f 9194 9164 10116
f 9164 9660 9631
f 10092 9164 10093
f 10092 10116 9164
f 9165 9195 9194
f 9165 9195 10093
f 9166 9196 9198
f 9166 9661 9196
f 9166 10094 9196
f 9196 10118 9166
f 9166 10094 10068
f 10094 9166 10118
f 9167 9169 9168
f 9168 9232 9167
f 9167 9232 9231
f 9199 9169 9168
f 9198 9199 9168
f 9233 9232 9168
f 9169 9199 9170
f 9200 9169 9170
f 9665 9169 9170
f 9169 10098 9170
f 9169 9665 9636
f 9170 9199 9201
f 9201 9200 9170
f 9201 9666 9170
f 9170 10099 9201
f 10123 9170 9201
f 9170 9666 9665
f 10099 10073 9170
f 10099 9170 10098
f 9170 10123 10099
f 9203 9171 9172
f 9171 9204 9172
f 9172 9667 9171
f 9171 9668 9172
f 9202 9171 9203
f 9171 9202 9204
f 9691 9202 9171
f 9171 9202 10100
f 9202 9171 10124
f 9171 9667 9668
f 9691 9171 9667
f 10100 10074 9171
f 9171 10100 10124
f 9172 9668 9667
f 9173 9174 9239
f 9239 9238 9173
f 9205 9176 9174
f 9205 9174 9204
f 9207 9175 9176
f 9176 9205 9207
f 9671 9176 9207
f 10104 9176 9207
f 9176 9671 9643
f 10104 9176 10079
f 9209 9177 9178
f 9178 9177 9243
f 9672 9177 9178
f 9178 9177 10106
f 9208 9177 9209
f 9177 9208 9243
f 9697 9208 9177
f 9177 10105 9208
f 10130 9177 9208
f 9697 9177 9672
f 10105 10106 9177
f 10105 9177 10130
f 9178 9180 9179
f 9178 9673 9672
f 9179 9180 9244
f 9244 9243 9179
f 9180 9213 9246
f 9180 9245 9244
f 9246 9245 9180
f 9182 9675 9181
f 9181 9212 9213
f 9181 9213 9247
f 9702 9213 9181
f 9181 9247 9674
f 9674 9181 9675
f 9181 9674 9702
f 9183 9182 9216
f 9704 9182 9215
f 9349 9216 9182
f 9182 9675 9349
f 9182 9704 9675
f 9705 9183 9216
f 9183 9705 9652
f 9217 9186 9184
f 10493 9184 9186
f 9184 10493 9217
f 9185 9220 9218
f 9187 9186 9220
f 9186 9677 9187
f 9186 9219 9188
f 9676 9186 9188
f 9186 9217 9219
f 9186 9708 9219
f 9186 9219 10494
f 9220 9186 9311
f 9676 9677 9186
f 9676 9708 9186
f 10493 9186 10494
f 9187 10109 9188
f 10109 9187 9677
f 9188 9189 9222
f 9221 9188 9219
f 9188 9222 9221
f 9221 9710 9188
f 10138 9221 9188
f 9676 9188 9678
f 9678 9188 9710
f 10110 9188 10109
f 10110 10138 9188
f 9189 9222 9190
f 9190 9680 9189
f 9189 10111 9190
f 9222 9189 9223
f 9680 9679 9189
f 9189 10088 10111
f 9191 9223 9190
f 9191 9190 9224
f 9190 9191 9680
f 10113 9191 9190
f 9222 9224 9190
f 9190 10112 10088
f 9190 10111 10112
f 9190 10113 10112
f 9191 9192 9224
f 9225 9192 9191
f 9224 9223 9191
f 9191 9224 9225
f 9681 9680 9191
f 10113 9191 10089
f 9192 9227 9193
f 9682 9192 9193
f 9193 9192 10115
f 9224 9192 9225
f 9225 9227 9192
f 9225 9192 9714
f 9192 9225 10114
f 9682 9714 9192
f 10115 9192 10114
f 9194 9193 9195
f 9193 9227 9195
f 9193 9195 9229
f 9193 9229 9227
f 9227 9715 9193
f 9193 10142 9227
f 9682 9193 9683
f 9683 9193 9715
f 10115 10142 9193
f 9195 9684 9194
f 10116 9195 9194
f 9194 9684 9660
f 9196 9229 9195
f 9196 9195 9230
f 9196 9686 9195
f 10117 9196 9195
f 9228 9195 9227
f 9228 9230 9195
f 9195 9685 9684
f 9685 9195 9686
f 9195 10117 10093
f 9195 10116 10117
f 9197 9198 9196
f 9196 9197 9230
f 9231 9197 9196
f 9230 9229 9196
f 9230 9231 9196
f 9686 9196 9661
f 10118 9196 10094
f 10118 9196 10117
f 9198 9197 10120
f 9197 9233 9199
f 9687 9197 9199
f 9230 9197 9231
f 9231 9233 9197
f 9719 9231 9197
f 10119 9197 9231
f 9687 9719 9197
f 10119 10120 9197
f 9198 10121 9199
f 10121 9198 10120
f 9199 9233 9201
f 9199 9201 9235
f 9199 9235 9233
f 9233 9720 9199
f 9199 10121 9233
f 9687 9199 9688
f 9688 9199 9720
f 9202 9235 9201
f 9202 9201 9237
f 9202 9691 9201
f 10123 9202 9201
f 9202 10124 9201
f 9234 9201 9233
f 9234 9237 9201
f 9201 9690 9666
f 9691 9690 9201
f 9201 10099 10123
f 10123 9201 10124
f 9202 9203 9236
f 9238 9204 9202
f 9236 9235 9202
f 9237 9238 9202
f 10124 10100 9202
f 9202 10123 10124
f 9203 9204 9237
f 9236 9203 9237
f 9204 9239 9205
f 9693 9204 9205
f 9204 10126 9205
f 9204 9238 9237
f 9238 9239 9204
f 9725 9238 9204
f 9204 9238 10126
f 9725 9204 9693
f 9239 9205 9206
f 9239 9207 9205
f 9239 9726 9205
f 9239 9205 10150
f 9693 9205 9694
f 9694 9205 9726
f 10126 10127 9205
f 10127 10150 9205
f 9206 9207 9241
f 9206 9240 9239
f 9206 9241 9240
f 9207 9240 9208
f 9208 9241 9207
f 9207 9208 9696
f 9207 9208 10129
f 9208 9207 10130
f 9240 9207 9239
f 9207 9696 9671
f 9207 10129 10104
f 10129 10130 9207
f 9208 9210 9242
f 9243 9208 9240
f 9242 9241 9208
f 9697 9696 9208
f 9208 10105 10130
f 10130 10129 9208
f 9210 9245 9211
f 9699 9210 9211
f 9242 9210 9243
f 9243 9245 9210
f 9210 9731 9243
f 9699 9731 9210
f 9213 9211 9247
f 9700 9211 9213
f 9211 9245 9247
f 9245 9732 9211
f 9699 9211 9700
f 9700 9211 9732
f 9702 9213 9212
f 9212 9648 9701
f 9702 9212 9701
f 9702 9214 9213
f 9213 9247 9246
f 9247 9734 9213
f 9700 9213 9702
f 9702 9213 9734
f 9214 9215 9248
f 9703 9215 9214
f 9702 9703 9214
f 9249 9248 9215
f 9703 9704 9215
f 9350 9216 9349
f 9216 9350 9705
f 9217 9218 9220
f 9217 9706 9219
f 9221 9217 9220
f 9221 9252 9217
f 9217 9221 9710
f 9250 9217 9252
f 9250 9217 9737
f 9706 9217 9710
f 9706 9737 9217
f 9706 9217 10520
f 10520 9217 10493
f 9221 9219 9710
f 9708 9219 9706
f 9708 9710 9219
f 9708 10521 9219
f 10521 10494 9219
f 9312 9311 9220
f 9220 9311 9353
f 9353 9312 9220
f 9222 9221 9252
f 9711 9221 9222
f 9221 10138 9222
f 9221 9710 9252
f 9711 9710 9221
f 9222 10140 9224
f 9222 9252 9253
f 9711 9222 9253
f 9222 10138 10140
f 9224 9223 9254
f 9713 9223 9224
f 9712 9254 9223
f 9713 9712 9223
f 9225 9224 9255
f 9225 9713 9224
f 9225 9224 10141
f 9224 9254 9255
f 9713 9224 9255
f 10141 9224 10140
f 9227 9225 9226
f 9227 9256 9225
f 9225 9227 9714
f 9225 9255 9256
f 9714 9225 9256
f 9714 9713 9225
f 9225 10141 10114
f 9258 9228 9227
f 9228 9715 9227
f 9227 10142 9228
f 9256 9227 9258
f 9227 9715 9258
f 9715 9714 9227
f 9228 10142 9230
f 9259 9228 9258
f 9716 9228 9259
f 9228 9716 9715
f 9261 9230 9229
f 9230 9717 9229
f 9261 9229 9260
f 9229 9717 9260
f 9262 9231 9230
f 9231 9718 9230
f 9230 10144 9231
f 9262 9230 9261
f 9230 9718 9261
f 9230 9718 9717
f 10144 9230 10142
f 9233 9231 9232
f 9231 9233 9264
f 9233 9231 9719
f 9720 9231 9233
f 9264 9262 9231
f 9231 9262 9719
f 9231 9719 9718
f 9719 9231 9720
f 10144 10119 9231
f 9234 9233 10146
f 9265 9235 9233
f 9722 9233 9235
f 9233 9264 9265
f 9720 9264 9233
f 9719 9720 9233
f 9720 9233 9722
f 10146 9233 10121
f 9237 9234 10148
f 10148 9234 10146
f 9266 9236 9235
f 9236 9723 9235
f 9266 9235 9265
f 9235 9722 9265
f 9723 9722 9235
f 9267 9237 9236
f 9237 9724 9236
f 9236 9266 9267
f 9236 9723 9266
f 9723 9236 9724
f 10148 9238 9237
f 9724 9237 9267
f 9238 9239 9268
f 9239 9726 9238
f 9238 9725 9268
f 9725 9238 9726
f 10149 10126 9238
f 10149 9238 10148
f 9239 10151 9240
f 9239 9269 9268
f 9726 9239 9269
f 10150 10151 9239
f 9271 9241 9240
f 9241 9728 9240
f 9243 9240 10154
f 9271 9240 9270
f 9727 9270 9240
f 9240 9728 9727
f 10154 9240 10151
f 9272 9242 9241
f 9728 9241 9242
f 9272 9241 9271
f 9728 9271 9241
f 9273 9243 9242
f 9243 9731 9242
f 9273 9242 9272
f 9242 9729 9272
f 9242 9729 9728
f 9729 9242 9731
f 9245 9243 9244
f 9243 9245 9247
f 9245 9243 9732
f 9247 9275 9243
f 9249 9243 9273
f 9243 9249 9736
f 9273 9243 9275
f 9243 9273 9731
f 9731 9732 9243
f 9731 9243 9736
f 9245 9246 9247
f 9245 9732 9247
f 9248 9247 9249
f 9734 9247 9248
f 9247 9734 9674
f 9734 9247 9732
f 9248 9249 9735
f 9734 9248 9735
f 9276 9249 9273
f 9762 9249 9276
f 9736 9735 9249
f 9249 9762 9736
f 9252 9251 9250
f 9277 9250 9763
f 9763 9250 9737
f 9252 9710 9739
f 9283 9254 9253
f 9254 9741 9253
f 9283 9253 9282
f 9253 9740 9711
f 9740 9253 9741
f 9741 9254 9712
f 9742 9713 9255
f 9256 9258 9257
f 9256 9743 9714
f 9744 9258 9715
f 9289 9260 9259
f 9260 9745 9259
f 9289 9259 9288
f 9259 9745 9716
f 9746 9260 9717
f 9260 9746 9745
f 9747 9261 9718
f 9262 9264 9263
f 9748 9719 9262
f 9264 9720 9749
f 9265 9750 9722
f 9751 9266 9723
f 9297 9268 9267
f 9268 9752 9267
f 9297 9267 9296
f 9267 9752 9724
f 9268 9725 9753
f 9268 9753 9752
f 9299 9270 9269
f 9270 9754 9269
f 9299 9269 9298
f 9269 9754 9726
f 9270 9727 9755
f 9270 9755 9754
f 9756 9271 9728
f 9757 9272 9729
f 9275 9274 9273
f 9758 9731 9273
f 9276 9308 9789
f 9276 9789 9762
f 9310 9278 9277
f 9279 9277 9309
f 9763 9277 9279
f 9281 9277 9280
f 9310 9277 9280
f 9277 9766 9281
f 9310 9277 9309
f 9309 9277 10596
f 9763 9766 9277
f 9277 9763 10576
f 10576 10596 9277
f 9279 9311 9281
f 9766 9279 9281
f 9311 9279 9309
f 9279 9765 9311
f 9311 10597 9279
f 9765 9763 9279
f 9766 9765 9279
f 9765 9279 10577
f 10577 9279 10597
f 9280 9281 9312
f 9280 9312 9310
f 9766 9282 9281
f 9313 9281 9311
f 9333 9312 9281
f 9313 9333 9281
f 9281 9313 9766
f 9283 9282 9768
f 9767 9282 9766
f 9282 9767 9768
f 9284 9283 9769
f 9283 9768 9769
f 9284 9770 9285
f 9770 9284 9769
f 9287 9285 9286
f 9315 9285 9286
f 9287 9285 9316
f 9287 9285 9771
f 9314 9316 9285
f 9314 9285 9334
f 9285 9770 9314
f 9334 9285 9315
f 9285 9770 9771
f 9287 9771 9288
f 9335 9316 9287
f 9287 9316 9771
f 9773 9289 9288
f 9772 9288 9771
f 9773 9288 9772
f 9290 9289 9774
f 9773 9774 9289
f 9291 9290 9775
f 9774 9775 9290
f 9293 9291 9292
f 9292 9318 9291
f 9291 9317 9293
f 9291 9775 9293
f 9776 9291 9293
f 9317 9291 9337
f 9291 9775 9317
f 9337 9291 9318
f 9776 9775 9291
f 9294 9293 9319
f 9319 9293 9317
f 9338 9319 9293
f 9293 9319 9776
f 9319 9293 9797
f 9776 9293 9775
f 9797 9293 9776
f 9295 9294 9320
f 9294 9319 9320
f 9320 9294 9798
f 9798 9777 9294
f 9296 9295 9321
f 9295 9320 9321
f 9321 9295 9799
f 9799 9778 9295
f 9780 9297 9296
f 9296 9321 9322
f 9322 9800 9296
f 9780 9296 9779
f 9800 9779 9296
f 9297 9323 9298
f 9297 9780 9298
f 9297 9323 9341
f 9297 9780 9323
f 9782 9299 9298
f 9323 9324 9298
f 9342 9324 9298
f 9298 9324 9781
f 9781 9298 9780
f 9782 9298 9781
f 9299 9782 9300
f 9300 9784 9301
f 9782 9783 9300
f 9300 9783 9784
f 9785 9302 9301
f 9784 9785 9301
f 9304 9303 9302
f 9306 9302 9303
f 9306 9304 9302
f 9302 9325 9304
f 9786 9302 9304
f 9302 9785 9308
f 9302 9325 9345
f 9302 9785 9325
f 9786 9785 9302
f 9326 9303 9304
f 9304 9306 9305
f 9306 9304 9329
f 9304 9306 9786
f 9327 9304 9325
f 9304 9327 9326
f 9304 9327 9329
f 9304 9327 9786
f 9306 9329 9305
f 9328 9305 9329
f 9329 9307 9306
f 9306 9734 9329
f 9806 9306 9329
f 9787 9786 9306
f 9787 9306 9806
f 9329 9330 9307
f 9331 9808 9308
f 9736 9308 9762
f 9789 9762 9308
f 9785 9789 9308
f 9789 9308 9808
f 10597 9311 9309
f 10597 9309 10596
f 9351 9310 9312
f 9792 9311 9312
f 9793 9313 9311
f 9352 9332 9311
f 9332 9353 9311
f 10597 9352 9311
f 9791 9311 9765
f 9792 9791 9311
f 9793 9311 9791
f 9311 9791 10597
f 9353 9312 9333
f 9351 9312 9352
f 9353 9352 9312
f 9312 9353 9792
f 9793 9766 9313
f 9795 9316 9314
f 9794 9314 9770
f 9795 9314 9794
f 9316 9335 9315
f 9315 9335 9334
f 9795 9771 9316
f 9797 9319 9317
f 9796 9317 9775
f 9797 9317 9796
f 9319 9338 9318
f 9365 9337 9318
f 9365 9318 9338
f 9320 9319 9798
f 9797 9776 9319
f 9319 9797 9798
f 9321 9320 9799
f 9320 9798 9799
f 9322 9321 9800
f 9321 9799 9800
f 9323 9324 9366
f 9802 9324 9323
f 9366 9341 9323
f 9801 9323 9780
f 9802 9323 9801
f 9366 9324 9342
f 9802 9781 9324
f 9325 9326 9345
f 9804 9327 9325
f 9803 9325 9785
f 9804 9325 9803
f 9356 9326 9327
f 9326 9356 9345
f 9327 9328 9346
f 9328 9357 9327
f 9806 9329 9327
f 9327 9346 9356
f 9356 9327 9357
f 9804 9786 9327
f 9806 9327 9804
f 9347 9328 9329
f 9328 9329 9805
f 9357 9328 9347
f 9357 9328 9805
f 9329 9330 9331
f 9806 9330 9329
f 9347 9809 9329
f 9329 9734 9806
f 9806 9805 9329
f 9806 9329 9809
f 9330 9331 9348
f 9808 9331 9330
f 9806 9807 9330
f 9807 9808 9330
f 9349 9348 9331
f 9353 9332 9352
f 9334 9363 9333
f 9353 9333 9362
f 9362 9333 9363
f 9363 9334 9335
f 9335 9336 9365
f 9363 9335 9365
f 9337 9365 9336
f 9339 9365 9338
f 9340 9366 9339
f 9365 9339 9366
f 9341 9366 9340
f 9343 9366 9342
f 9343 9344 9366
f 9344 9345 9367
f 9367 9366 9344
f 9356 9368 9345
f 9367 9345 9368
f 9356 9346 9349
f 9348 9809 9347
f 9349 9358 9347
f 9359 9349 9347
f 9349 9347 9809
f 9347 9357 9358
f 9358 9359 9347
f 9809 9347 9358
f 9358 9813 9347
f 9347 9813 9809
f 9811 9348 9349
f 9348 9810 9809
f 9811 9810 9348
f 9360 9350 9349
f 9349 9360 9356
f 9349 9359 9358
f 9359 9360 9349
f 9811 9359 9349
f 10108 9349 9675
f 9811 9349 9808
f 10227 9808 9349
f 9811 9349 9809
f 9349 10108 10550
f 10594 10227 9349
f 9349 10550 10574
f 10574 10594 9349
f 9350 9360 9812
f 9705 9350 10135
f 10233 9350 9812
f 10135 9350 10161
f 10161 9350 10551
f 10228 9350 10233
f 10228 10615 9350
f 10551 9350 10575
f 10595 10575 9350
f 10595 9350 10615
f 9352 9361 9353
f 9361 9352 10657
f 10597 10637 9352
f 10637 10657 9352
f 9354 9355 9353
f 9353 9361 9354
f 9355 10235 9353
f 10234 9792 9353
f 10235 10234 9353
f 9363 9355 9354
f 9354 9361 9363
f 9364 9357 9355
f 9357 10242 9355
f 9363 9364 9355
f 10236 10235 9355
f 10238 10236 9355
f 10238 9355 10239
f 10241 10239 9355
f 10242 10241 9355
f 9369 9358 9357
f 9364 9369 9357
f 9805 10229 9357
f 10250 9357 10229
f 10242 9357 10244
f 10244 9357 10245
f 10245 9357 10248
f 9357 10249 10248
f 10250 10249 9357
f 9359 9358 9813
f 9358 9359 9814
f 10261 9358 9369
f 9813 9358 9809
f 10251 9809 9358
f 9358 9814 9813
f 9358 10261 10251
f 9360 9359 9815
f 9359 9811 9814
f 9813 9814 9359
f 9359 9814 9815
f 9812 9360 9815
f 9361 10657 9363
f 9363 10252 9364
f 10252 9363 10657
f 9364 10256 9369
f 10253 9364 10252
f 10253 10254 9364
f 10255 9364 10254
f 10256 9364 10255
f 10257 9369 10256
f 10258 9369 10257
f 10259 9369 10258
f 10260 9369 10259
f 10261 9369 10260
f 10671 9370 9371
f 9388 9370 10690
f 10690 9370 10671
f 10691 10671 9370
f 10691 9370 10690
f 10263 9371 9372
f 9371 10673 9372
f 10263 10262 9371
f 10262 10672 9371
f 10672 10671 9371
f 10672 10673 9371
f 9373 9372 10674
f 9372 10673 10263
f 10673 10674 9372
f 10915 9373 9391
f 10674 10692 9373
f 9373 10693 10692
f 9373 10693 10915
f 10675 9374 9375
f 9374 10694 9394
f 9374 10675 10695
f 9374 10695 10694
f 9375 9376 10265
f 9375 10677 9376
f 9375 10265 10264
f 10264 10676 9375
f 10675 9375 10676
f 10676 10677 9375
f 10678 9377 9376
f 9376 10677 10265
f 10677 10678 9376
f 10918 9377 9397
f 10678 10696 9377
f 10697 10678 9377
f 10696 10697 9377
f 9377 10697 10918
f 10680 9378 9379
f 9379 9378 10699
f 9399 9378 10698
f 9378 9399 10699
f 10699 9378 10680
f 10699 10698 9378
f 10266 9379 9380
f 10681 9380 9379
f 10266 10681 9379
f 10680 9379 10681
f 9379 10699 10680
f 9381 9380 10683
f 9380 10267 10266
f 9380 10682 10267
f 10681 10682 9380
f 10682 10683 9380
f 9401 9381 9402
f 10921 9381 9401
f 9381 10684 10683
f 10683 10700 9381
f 10701 10684 9381
f 9381 10700 10701
f 9381 10701 10921
f 9382 9383 10685
f 9382 10702 9383
f 9403 9382 10702
f 10702 9382 10685
f 10268 9383 9384
f 9384 9383 10686
f 10268 10686 9383
f 9383 10686 10685
f 9383 10702 10685
f 10688 9385 9384
f 9384 10269 10268
f 9384 10688 10269
f 10686 10687 9384
f 10687 10688 9384
f 9386 9406 9385
f 9407 9386 9385
f 10703 9385 9386
f 9407 9385 10924
f 9385 10689 10688
f 10688 10703 9385
f 10703 10689 9385
f 9385 10703 10924
f 9406 9386 9407
f 10924 9386 9407
f 9386 10924 10703
f 9387 9388 9409
f 9387 9409 9408
f 9410 9388 9409
f 9409 9388 9817
f 10913 9817 9388
f 10690 10913 9388
f 9852 9389 9410
f 10915 9391 9818
f 9393 9394 9414
f 9414 9413 9393
f 9415 9394 9414
f 9414 9394 9819
f 10916 9819 9394
f 10916 9394 10694
f 9858 9395 9415
f 10918 9397 9820
f 9419 9399 9418
f 9418 9399 9822
f 10919 9822 9399
f 9399 10698 10919
f 10920 10699 9399
f 10919 10920 9399
f 9864 9400 9419
f 9401 9823 9402
f 9401 9402 9824
f 9402 10921 9401
f 9824 9823 9401
f 10921 9823 9401
f 9824 9402 9823
f 10921 9402 9824
f 9422 9404 9403
f 9422 9403 9421
f 9421 9403 9825
f 10922 9825 9403
f 10923 9403 9825
f 10702 10923 9403
f 9403 10923 10922
f 9869 9405 9422
f 9406 9407 9827
f 9827 9826 9406
f 10924 9407 9827
f 9409 9408 9816
f 9408 9409 9817
f 9408 9409 9829
f 9408 9850 9425
f 9408 9817 9816
f 9829 9828 9408
f 9828 9850 9408
f 9409 9829 9410
f 9409 9816 9817
f 9829 9409 9817
f 9829 9851 9410
f 9410 9852 9830
f 9410 9852 9851
f 9411 9427 9412
f 9412 9832 9411
f 9411 9854 9427
f 9411 9831 9853
f 9832 9854 9411
f 9852 9853 9411
f 9411 9853 9854
f 9427 9832 9412
f 9413 9414 9835
f 9413 9856 9429
f 9835 9834 9413
f 9834 9856 9413
f 9414 9835 9415
f 9835 9414 9819
f 9835 9858 9415
f 9415 9858 9836
f 9416 9431 9417
f 9417 9838 9416
f 9416 9860 9431
f 9416 9837 9859
f 9838 9860 9416
f 9860 9859 9416
f 9431 9838 9417
f 9418 9840 9419
f 9418 9862 9433
f 9840 9418 9822
f 9840 9862 9418
f 9419 9434 9420
f 9420 9843 9419
f 9419 9865 9434
f 9841 9840 9419
f 9841 9863 9419
f 9863 9419 9842
f 9419 9842 9864
f 9843 9865 9419
f 9865 9864 9419
f 9434 9843 9420
f 9421 9845 9422
f 9421 9867 9436
f 9845 9421 9825
f 9845 9867 9421
f 9422 9423 9424
f 9422 9438 9423
f 9423 9848 9422
f 9422 9870 9438
f 9845 9422 9846
f 9846 9868 9422
f 9868 9422 9847
f 9422 9847 9869
f 9848 9870 9422
f 9870 9869 9422
f 9438 9848 9423
f 9441 9425 9426
f 9851 9426 9425
f 9441 9440 9425
f 9425 9850 9851
f 9426 10270 9441
f 9851 10270 9426
f 9427 9428 9444
f 9428 9832 9427
f 9855 9428 9427
f 9427 9444 10273
f 9832 9818 9427
f 9427 9832 9854
f 9427 10273 9832
f 9854 9855 9427
f 9428 9445 9444
f 9832 9428 9833
f 9855 9833 9428
f 9447 9429 9430
f 9430 9429 9856
f 9447 9446 9429
f 9430 10274 9447
f 9856 9857 9430
f 9857 10274 9430
f 9450 9431 9432
f 9838 9431 9432
f 9431 9860 9432
f 9431 9450 10277
f 9838 9820 9431
f 9431 9838 9860
f 9431 10277 9838
f 9432 9451 9450
f 9432 9839 9838
f 9861 9839 9432
f 9432 9860 9861
f 9452 9433 9453
f 9433 10279 9453
f 9862 10278 9433
f 9433 10278 10279
f 9434 9435 9455
f 9435 9434 9865
f 9434 9455 10281
f 9434 9843 9865
f 9434 10281 9843
f 9435 9456 9455
f 9844 9824 9435
f 9866 9844 9435
f 9865 9866 9435
f 9457 9436 9437
f 9436 10282 9437
f 9867 10282 9436
f 9457 9437 9458
f 9437 10283 9458
f 9437 10282 10283
f 9461 9438 9439
f 9438 10285 9439
f 9461 9460 9438
f 9438 9460 10285
f 9848 9438 9870
f 9849 9827 9439
f 9871 9849 9439
f 9439 10286 9849
f 10286 9439 10285
f 9440 9462 9441
f 9441 9873 9440
f 9440 9872 9462
f 9873 9872 9440
f 9442 9441 9463
f 9442 9852 9441
f 9462 9463 9441
f 9441 9463 9873
f 9851 9873 9441
f 9441 10270 9851
f 9852 10270 9441
f 9464 9443 9442
f 9874 9442 9443
f 9442 9463 9464
f 9874 9852 9442
f 9464 9444 9443
f 9444 9443 9853
f 9443 9444 9876
f 9443 9853 9852
f 9443 9852 9874
f 9443 9875 9853
f 9876 9875 9443
f 9465 9445 9444
f 9876 9444 9445
f 9464 9465 9444
f 9444 9464 9876
f 9853 9854 9444
f 10273 9444 9854
f 9445 9465 9877
f 9445 9877 9876
f 9446 9466 9447
f 9447 9879 9446
f 9446 9878 9466
f 9879 9878 9446
f 9448 9447 9467
f 9448 9447 9858
f 9447 9448 9879
f 9447 9466 9467
f 9447 9467 9879
f 9857 9858 9447
f 9447 10274 9857
f 9449 9448 9467
f 9448 9449 9881
f 9858 9880 9448
f 9881 9858 9448
f 9858 10275 9448
f 9448 9880 9879
f 9468 9450 9449
f 9449 9467 9468
f 9449 9859 9881
f 9469 9451 9450
f 9882 9450 9451
f 9450 9468 9469
f 9450 9468 9882
f 9859 9860 9450
f 9450 9881 9859
f 10277 9450 9860
f 9882 9881 9450
f 9451 9469 9883
f 9451 9883 9882
f 9453 9452 9470
f 9453 9884 9452
f 9452 9884 9470
f 9470 9454 9453
f 9453 9454 9864
f 9453 9864 9863
f 9863 9885 9453
f 9453 10279 9863
f 9453 9885 9884
f 9455 9454 9471
f 9864 9454 9455
f 9454 9470 9471
f 9454 9864 9886
f 9455 9471 9887
f 9865 9864 9455
f 9455 9887 9865
f 10281 9455 9865
f 9456 9472 9888
f 9458 9457 9473
f 9458 9889 9457
f 9457 9889 9473
f 9474 9459 9458
f 9458 9459 9869
f 9473 9474 9458
f 9458 9869 9868
f 9868 9890 9458
f 9458 10283 9868
f 9889 9458 9890
f 9460 9459 9475
f 9460 9869 9459
f 9459 9474 9475
f 9459 9869 9891
f 9460 9475 9892
f 9460 9870 9869
f 9460 9892 9870
f 10285 9460 9870
f 9461 9476 9893
f 9463 9462 9873
f 9873 9462 9872
f 9464 9463 9876
f 9873 9876 9463
f 9465 9464 9877
f 9877 9464 9876
f 9467 9466 9879
f 9879 9466 9878
f 9468 9467 9882
f 9879 9882 9467
f 9469 9468 9883
f 9883 9468 9882
f 9471 9470 9887
f 9884 9887 9470
f 9472 9887 9471
f 9472 9471 9888
f 9888 9471 9887
f 9472 9888 9887
f 9474 9473 9890
f 9890 9473 9889
f 9475 9474 9892
f 9890 9892 9474
f 9892 9475 9476
f 9476 9475 9893
f 9893 9475 9892
f 9892 9476 9893
f 9478 9481 9480
f 9491 9492 9479
f 9494 9491 9479
f 9492 9923 9479
f 9901 9494 9479
f 9479 9923 9901
f 9481 9903 9480
f 9488 9480 9912
f 9903 9902 9480
f 9912 9480 9902
f 9903 9481 9482
f 9483 9906 9482
f 9906 9903 9482
f 9484 9907 9483
f 9906 9483 9907
f 9489 9919 9484
f 9907 9484 9908
f 9484 9919 9908
f 9491 9487 9486
f 9910 9486 9487
f 9491 9486 9490
f 9910 9490 9486
f 9491 9922 9487
f 9910 9487 9911
f 9922 9911 9487
f 9921 9490 9910
f 9491 9492 9922
f 9491 9925 9492
f 9492 9491 9937
f 9491 9494 9937
f 9923 9922 9492
f 9923 9492 9924
f 9923 9492 9937
f 9924 9492 9925
f 9493 9937 9494
f 9493 9936 9937
f 9495 9494 9937
f 9937 9494 9901
f 9495 9937 9938
f 9938 9939 9495
f 9940 9495 9939
f 9497 9512 9496
f 9496 9514 9497
f 9496 9497 9949
f 9497 9950 9496
f 9512 9514 9496
f 9953 9512 9496
f 9949 9496 9950
f 9496 9949 9953
f 9497 9498 9950
f 9497 9514 9512
f 9514 9955 9497
f 9950 9949 9497
f 9955 9950 9497
f 9956 9498 9515
f 9951 9950 9498
f 9956 9951 9498
f 9518 9499 9500
f 9516 9499 9518
f 9501 9500 9519
f 9502 9520 9500
f 9518 9519 9500
f 9518 9500 9520
f 10346 9518 9500
f 9933 9501 9519
f 9503 9504 9521
f 9504 9522 9521
f 9524 9505 9506
f 9505 9524 9523
f 9508 9529 9507
f 9507 9529 9528
f 9531 9509 9510
f 9509 9531 9530
f 9512 9531 9510
f 9511 9532 9512
f 9511 9952 9532
f 9953 9513 9512
f 9533 9531 9512
f 9533 9512 9532
f 9953 9512 9533
f 9953 9949 9512
f 9514 9513 9534
f 9534 9513 9954
f 9953 9954 9513
f 9534 9535 9514
f 9514 9535 9955
f 9959 9516 9518
f 9957 9536 9516
f 9957 9516 9959
f 9537 9518 9517
f 9517 9518 9959
f 9537 9517 9958
f 9958 9517 9959
f 9519 9518 9960
f 9961 9518 9520
f 9518 9537 9979
f 9959 9538 9518
f 9959 9960 9518
f 9959 9518 9961
f 9959 9518 9979
f 9518 10346 9959
f 9933 9519 9960
f 9961 9520 9539
f 9964 9521 9522
f 9963 9543 9521
f 9963 9521 9964
f 9964 9522 9544
f 9966 9523 9524
f 9965 9548 9523
f 9965 9523 9966
f 9525 9550 9524
f 9549 9524 9550
f 9966 9524 9549
f 9525 9526 9550
f 9526 9527 9552
f 9551 9550 9526
f 9552 9551 9526
f 9968 9528 9529
f 9967 9553 9528
f 9967 9528 9968
f 9968 9529 9554
f 9972 9530 9531
f 9970 9558 9530
f 9970 9530 9972
f 9974 9531 9533
f 9972 9531 9559
f 9972 9531 9974
f 9973 9533 9532
f 9952 10752 9532
f 9973 9532 10752
f 9560 9533 9534
f 9533 9560 9974
f 9533 9560 9998
f 9587 9618 9533
f 9587 9533 10024
f 9974 9953 9533
f 9533 9973 9974
f 10024 9533 9998
f 9560 9534 9561
f 9561 9534 9954
f 9562 9955 9535
f 9536 9563 9538
f 9536 9539 9566
f 9563 9536 9566
f 9590 9563 9536
f 9590 9536 10027
f 9978 9536 9957
f 10001 9536 9978
f 10027 9536 10001
f 9979 9537 9958
f 9538 9566 9539
f 9565 9538 9563
f 9565 9566 9538
f 9592 9565 9538
f 10029 9592 9538
f 9980 9538 9959
f 10003 9538 9980
f 10029 9538 10003
f 9539 9540 9566
f 9539 9566 9594
f 10031 9539 9594
f 9982 9961 9539
f 9982 9539 10005
f 10005 9539 10031
f 9567 9540 9541
f 9567 9566 9540
f 9569 9541 9542
f 9541 9568 9567
f 9569 9568 9541
f 9542 9543 9569
f 9543 9544 9570
f 9543 9571 9544
f 9570 9569 9543
f 9570 9571 9543
f 9598 9570 9543
f 9598 9543 10035
f 9984 9543 9963
f 10008 9543 9984
f 10035 9543 10008
f 9545 9572 9544
f 9571 9570 9544
f 9571 9544 9572
f 9544 9571 9599
f 10037 9544 9599
f 9985 9964 9544
f 9985 9544 10009
f 10009 9544 10037
f 9546 9572 9545
f 9574 9546 9547
f 9546 9573 9572
f 9574 9573 9546
f 9548 9575 9547
f 9575 9574 9547
f 9575 9548 9549
f 9603 9575 9548
f 10041 9603 9548
f 9986 9548 9965
f 10010 9548 9986
f 10041 9548 10010
f 9549 9550 9576
f 9576 9575 9549
f 9549 9576 9604
f 10043 9549 9604
f 9987 9966 9549
f 9987 9549 10011
f 10011 9549 10043
f 9578 9550 9551
f 9577 9576 9550
f 9578 9577 9550
f 9552 9579 9551
f 9579 9578 9551
f 9553 9579 9552
f 9580 9553 9554
f 9553 9580 9579
f 9609 9580 9553
f 9609 9553 10046
f 9988 9553 9967
f 10014 9553 9988
f 10046 9553 10014
f 9555 9581 9554
f 9580 9554 9581
f 9554 9581 9610
f 10047 9554 9610
f 9989 9968 9554
f 9989 9554 10015
f 10015 9554 10047
f 9991 9555 9556
f 9555 9582 9581
f 9555 10016 9582
f 9991 9990 9555
f 9990 10016 9555
f 9992 9556 9557
f 9556 10017 9583
f 9992 9991 9556
f 9991 10017 9556
f 9994 9557 9558
f 9557 9584 10018
f 9994 9992 9557
f 9992 9557 10018
f 9558 9585 9559
f 9562 9585 9558
f 9615 9585 9558
f 9585 10020 9558
f 9615 9558 10050
f 9994 9558 9970
f 10020 9994 9558
f 10050 9558 10020
f 9587 9560 9559
f 9586 9559 9585
f 9587 9559 9586
f 9559 9586 9616
f 10052 9559 9616
f 9996 9972 9559
f 9996 9559 10022
f 10022 9559 10052
f 9998 9560 9561
f 9560 9587 9998
f 9974 9560 9998
f 10385 9974 9560
f 9560 9998 10385
f 9954 9975 9561
f 9975 9999 9561
f 9998 9561 9999
f 9585 9562 9589
f 9562 9589 10000
f 9955 9562 10000
f 9565 9564 9591
f 9564 9565 10003
f 9591 9564 10002
f 10002 9564 10003
f 9592 9565 9591
f 9565 9592 10029
f 10003 9565 10029
f 9567 9594 9566
f 9567 9595 9594
f 9569 9596 9568
f 9570 9597 9569
f 9569 9597 9596
f 9570 9598 9597
f 9583 9582 10016
f 9584 9583 10017
f 9583 10016 10017
f 9585 9584 10018
f 9584 10017 10018
f 9585 10018 10020
f 9587 9588 9619
f 9587 10025 9588
f 9618 9587 9619
f 9618 10054 9587
f 9587 9618 10082
f 10024 9998 9587
f 9587 10024 10025
f 10024 9587 10054
f 9587 10421 10024
f 10082 10478 9587
f 10421 9587 10478
f 9619 9588 10055
f 10055 9588 10025
f 9620 10056 9589
f 10026 10000 9589
f 10056 10026 9589
f 9590 9592 9621
f 10027 9592 9590
f 9592 9591 10028
f 10028 9591 10002
f 9593 9592 10030
f 9592 9594 9622
f 10029 9594 9592
f 9622 9621 9592
f 10027 10029 9592
f 10029 9592 10028
f 10029 9592 10030
f 9592 10029 10425
f 10425 10030 9592
f 10030 9593 9623
f 9623 9593 10058
f 10030 10058 9593
f 9594 9596 9626
f 9594 10032 9596
f 9624 9622 9594
f 9594 9625 9624
f 9594 9624 10031
f 9625 9594 9626
f 10029 10031 9594
f 10032 9594 10031
f 9597 9596 9626
f 9596 9597 10429
f 9596 9598 9627
f 9598 9596 10035
f 9626 9596 9627
f 9626 9596 10460
f 10035 9596 10032
f 10429 10460 9596
f 9626 9627 9597
f 9597 9627 10430
f 10430 10429 9597
f 9630 9598 9599
f 10035 9599 9598
f 9628 9627 9598
f 9598 9630 9628
f 9598 10035 9628
f 10035 10037 9599
f 9600 9603 9632
f 9603 9600 10041
f 9630 9600 9631
f 10065 9600 9630
f 9631 9600 9632
f 10038 10041 9600
f 9600 10065 10038
f 9602 9601 9632
f 9602 10436 9601
f 9632 9601 10465
f 10435 9601 10436
f 10435 10465 9601
f 9632 9633 9602
f 9602 9633 10436
f 9635 9603 9604
f 10041 9604 9603
f 9632 9603 9633
f 9603 9634 9633
f 9635 9634 9603
f 9603 10041 9634
f 10041 10043 9604
f 9608 9637 9605
f 9608 9605 10045
f 9605 9637 9636
f 9605 9636 10044
f 10044 10045 9605
f 9637 9607 9606
f 9607 10442 9606
f 9637 9606 10470
f 10441 9606 10442
f 10441 10470 9606
f 9637 9638 9607
f 9607 9638 10442
f 9637 9608 9638
f 9639 9638 9608
f 9639 9608 10075
f 9608 10045 10075
f 9609 9610 9640
f 10046 9610 9609
f 9641 9640 9610
f 10046 10047 9610
f 9614 9644 9611
f 9611 10049 9614
f 9611 9643 9642
f 9611 9642 10048
f 9643 9611 9644
f 9611 10048 10049
f 9644 9613 9612
f 10448 9612 9613
f 9644 9612 9643
f 9643 9612 10475
f 10448 10447 9612
f 10447 10475 9612
f 9613 9644 10448
f 9644 9614 9645
f 9645 9614 9673
f 9614 9730 9673
f 9730 9614 10544
f 9614 10049 10449
f 9614 10449 10544
f 9615 9616 9646
f 10050 9616 9615
f 9616 9618 9647
f 9616 10052 9618
f 9647 9646 9616
f 10050 10052 9616
f 9648 9618 9617
f 10053 9617 9618
f 9648 9617 10811
f 9617 10053 10811
f 9618 9649 9647
f 9618 9648 9649
f 9674 10107 9618
f 10054 9618 10052
f 9618 10054 10053
f 10107 10082 9618
f 9619 9651 9620
f 9650 9651 9619
f 9650 9619 10083
f 10055 10083 9619
f 9620 9651 10084
f 10084 10056 9620
f 9676 9622 9623
f 10058 9623 9624
f 9624 9623 10059
f 9677 9623 9653
f 10086 9653 9623
f 9676 9623 9677
f 10030 9623 10058
f 10058 10059 9623
f 9623 10058 10086
f 9625 9624 9655
f 9625 10459 9624
f 9655 9654 9624
f 9654 10087 9624
f 9678 9655 9624
f 9624 10059 9678
f 10059 10031 9624
f 9624 10059 10058
f 9624 10087 10059
f 10458 10059 9624
f 10458 9624 10459
f 9625 9626 10060
f 9625 10061 9626
f 9625 9626 10460
f 9655 10060 9625
f 9625 10060 10061
f 10459 9625 10460
f 9626 10062 9627
f 10061 10060 9626
f 9626 10061 10062
f 9656 9627 9628
f 9628 9627 9657
f 9627 9628 10461
f 9627 9656 9657
f 9656 10062 9627
f 9627 10089 9656
f 9627 10062 10089
f 10461 10430 9627
f 9629 9628 9630
f 9658 9628 9629
f 9628 10065 9630
f 9628 9682 9656
f 9628 9657 10462
f 9682 9628 9658
f 10063 9628 10035
f 10065 9628 10063
f 10462 10461 9628
f 9629 9630 10065
f 9658 9629 10064
f 9629 10065 10064
f 9631 9659 9630
f 9631 9630 9660
f 9631 10464 9630
f 9659 10065 9630
f 9683 9660 9630
f 9630 10065 9683
f 10463 10065 9630
f 10463 9630 10464
f 9631 10066 9632
f 9632 10067 9631
f 10465 9631 9632
f 9660 9659 9631
f 9660 10066 9631
f 10066 9631 10067
f 10465 10464 9631
f 9633 10067 9632
f 9632 10068 9633
f 10067 9632 10066
f 9632 10067 10068
f 9633 10069 9634
f 10467 9633 9634
f 10094 9661 9633
f 9633 10068 10067
f 9633 10068 10069
f 10094 9633 10068
f 10466 10436 9633
f 10467 10466 9633
f 9664 9634 9635
f 9634 10071 9635
f 9634 9687 9662
f 9662 10069 9634
f 9634 10095 9662
f 9634 9662 10467
f 9663 9634 9664
f 9663 9687 9634
f 10069 9634 10041
f 10071 9634 10069
f 9634 10069 10095
f 9636 9664 9635
f 9665 9636 9635
f 10071 9636 9635
f 9636 10469 9635
f 10071 9635 9664
f 9664 9635 10097
f 9635 9688 9665
f 9635 10071 9688
f 10071 10097 9635
f 10468 10071 9635
f 10468 9635 10469
f 9636 10072 9637
f 9637 10073 9636
f 9636 9637 10469
f 9636 9665 9664
f 9665 10072 9636
f 9665 9636 10098
f 10072 10044 9636
f 9636 10071 10072
f 10072 9636 10073
f 10072 10098 9636
f 9638 10073 9637
f 9637 10074 9638
f 9637 10072 10073
f 9637 10073 10074
f 10470 10469 9637
f 9638 9639 10074
f 10075 9639 9638
f 9638 9639 10471
f 10100 9667 9638
f 9638 10074 10073
f 10075 9638 10074
f 10100 9638 10074
f 10471 10442 9638
f 9639 9642 9641
f 9669 9639 9641
f 9639 10078 9642
f 9639 9692 9668
f 9668 10075 9639
f 9639 10101 9668
f 9639 9668 10472
f 9639 9669 9692
f 10074 9639 10075
f 9639 10075 10078
f 9639 10075 10101
f 10472 10471 9639
f 9641 9642 9669
f 9642 9641 9695
f 9641 9642 10473
f 9669 10102 9641
f 9694 9695 9641
f 9641 10077 9694
f 10077 9641 10102
f 10473 10077 9641
f 9642 10078 9643
f 9642 9643 10079
f 9642 9643 10474
f 9642 9670 9669
f 9695 9670 9642
f 9670 10078 9642
f 10078 10048 9642
f 9642 10079 10078
f 10474 10473 9642
f 9643 10079 9644
f 9643 9644 10080
f 9671 10079 9643
f 10078 10079 9643
f 9643 10080 10079
f 10475 10474 9643
f 9644 10080 9645
f 9644 9645 10081
f 9644 9645 10476
f 10080 9644 10079
f 9644 10081 10080
f 10476 10448 9644
f 9673 10081 9645
f 9645 10106 9673
f 9645 9673 10477
f 10081 9645 10080
f 9645 10081 10106
f 10477 10476 9645
f 9648 10811 9701
f 9650 10082 9649
f 9649 9651 9674
f 9651 9649 9675
f 9651 9649 10084
f 9674 9675 9649
f 10084 9649 10082
f 9650 10083 10082
f 9675 9674 9651
f 10085 9652 9705
f 9653 9654 9678
f 9653 10086 9654
f 10087 9653 9654
f 9654 9653 10480
f 9653 9654 10481
f 9678 9677 9653
f 10087 10086 9653
f 9653 10481 10480
f 9678 9654 9655
f 10087 9654 10086
f 9654 10480 10481
f 9679 9655 9678
f 9679 9655 10088
f 9679 10111 9655
f 9655 10088 10060
f 10111 10088 9655
f 9657 9656 10483
f 9656 9682 9681
f 9681 10113 9656
f 9656 10089 10062
f 10113 9656 10089
f 9656 10113 10482
f 10482 10483 9656
f 10462 9657 10483
f 9658 9659 9682
f 9659 9658 10090
f 10091 9659 9658
f 9659 9658 10484
f 9658 9659 10485
f 9658 10064 10090
f 10091 9658 10090
f 9658 10485 10484
f 9659 9660 9683
f 9682 9659 9683
f 9659 10091 10065
f 9659 10090 10091
f 9659 10484 10485
f 9684 9660 9683
f 9684 9660 10092
f 9684 10116 9660
f 9660 10092 10066
f 10116 10092 9660
f 9687 9662 9661
f 10094 9661 9662
f 9661 9686 9687
f 10118 9686 9661
f 10118 9661 10094
f 9687 10119 9662
f 9662 10095 10069
f 10094 9662 10095
f 9662 10119 10486
f 10467 9662 10486
f 9664 9687 9663
f 9663 9664 10096
f 9664 9663 10097
f 10096 10097 9663
f 9688 9664 9665
f 9687 9664 9688
f 10097 10071 9664
f 10097 10096 9664
f 9666 10099 9665
f 9665 9688 9689
f 10098 9689 9665
f 9689 10122 9665
f 9665 10098 10072
f 10098 9665 10099
f 10098 9665 10122
f 10099 9666 9690
f 9668 10100 9667
f 9667 10101 9668
f 10124 9691 9667
f 9667 10100 10101
f 10124 9667 10100
f 9692 10125 9668
f 9668 10101 10075
f 9668 10101 10100
f 10125 9668 10101
f 9668 10125 10488
f 10472 9668 10488
f 9695 9669 9670
f 9695 9692 9669
f 9696 9670 9695
f 9695 9670 10103
f 9670 9696 10103
f 9670 10103 10078
f 9696 10104 9671
f 9671 10104 10079
f 10105 9672 9673
f 10130 9697 9672
f 10130 9672 10105
f 9698 9673 9730
f 10106 9673 9698
f 9698 10131 9673
f 9673 10106 10081
f 10105 9673 10106
f 10131 9673 10106
f 9673 10131 10490
f 10477 9673 10490
f 9674 9675 10107
f 10132 9702 9674
f 9674 9734 10107
f 10132 9674 10107
f 10134 9675 9704
f 10108 10107 9675
f 10108 9675 10134
f 9676 9678 9710
f 9676 9710 9708
f 10109 9677 9678
f 9677 9709 10109
f 9709 9677 10137
f 10109 10137 9677
f 9678 9679 9710
f 9679 9678 10497
f 9710 10138 9678
f 10087 9678 10059
f 10496 9678 10087
f 10109 9678 10110
f 10110 9678 10138
f 9678 10496 10497
f 9680 9710 9679
f 9680 9679 10111
f 9680 10112 9679
f 9680 9679 10498
f 9679 10088 10111
f 9679 10112 10111
f 10497 10498 9679
f 9681 9714 9680
f 9681 10112 9680
f 9681 10113 9680
f 10498 9681 9680
f 9714 9710 9680
f 9680 10111 10112
f 9680 10113 10112
f 9714 9681 9682
f 9681 10113 10112
f 9681 10499 10113
f 10499 9681 10498
f 9683 9715 9682
f 9682 9683 10114
f 9714 9682 9715
f 9682 10114 9714
f 9683 9684 10115
f 9684 9683 10503
f 10091 9683 10065
f 10502 9683 10091
f 10115 10114 9683
f 9683 10502 10503
f 9716 9684 9685
f 9685 10116 9684
f 9685 10117 9684
f 9684 10503 9685
f 10116 9684 9716
f 9684 10092 10116
f 10116 10115 9684
f 10116 9684 10117
f 9685 9686 9719
f 9686 10117 9685
f 9686 9685 10505
f 9716 9685 9719
f 9685 10117 10116
f 10503 10504 9685
f 10504 10505 9685
f 9719 9686 9687
f 9687 9686 10119
f 9686 10118 10117
f 10118 10119 9686
f 9686 10505 10118
f 9688 9720 9687
f 9688 10119 9687
f 9687 9720 9719
f 9687 10119 9719
f 10122 9688 9689
f 9689 9688 10508
f 10097 9688 10071
f 10507 9688 10097
f 10119 9688 10121
f 9688 10122 10121
f 10507 10508 9688
f 9721 9689 9690
f 10123 9689 9690
f 9690 9689 10508
f 10147 9689 9721
f 9689 10098 10122
f 10122 9689 10123
f 9689 10147 10122
f 9691 9724 9690
f 9691 10123 9690
f 9690 10509 9691
f 9721 9690 9724
f 9690 10123 10099
f 10509 9690 10508
f 9724 9691 9692
f 10124 9691 9692
f 9692 9691 10125
f 9691 10124 10123
f 10124 10125 9691
f 9691 10510 10124
f 10510 9691 10509
f 9692 9695 10128
f 9724 9692 10148
f 10124 9692 10125
f 10125 9692 10128
f 10125 10148 9692
f 9726 9693 9694
f 9725 9693 9726
f 9695 9694 10513
f 10102 9694 10077
f 10513 9694 10102
f 9727 9695 9696
f 9696 9695 10129
f 9696 9695 10514
f 9727 10128 9695
f 9695 10103 10129
f 9695 10513 10514
f 9697 9727 9696
f 9697 10130 9696
f 9697 9696 10516
f 10103 9696 10129
f 9696 10129 10104
f 10129 9696 10130
f 9696 10514 10515
f 10515 10516 9696
f 9698 9730 9697
f 9698 9697 10130
f 10131 9698 9697
f 9727 9697 9730
f 9697 10131 10130
f 9697 10516 10131
f 9698 10131 10106
f 9698 10130 10131
f 9699 9700 9731
f 9732 9700 9702
f 9700 9732 9731
f 9702 9701 9733
f 9701 10811 9733
f 10132 9703 9702
f 9734 9732 9702
f 9702 9733 9734
f 9736 9704 9703
f 9735 9736 9703
f 9735 9703 10133
f 10132 10133 9703
f 9736 10134 9704
f 9705 10135 10085
f 9706 9738 9708
f 9706 9710 9737
f 9737 9738 9706
f 9737 9706 10520
f 9708 9707 10813
f 9707 9708 10814
f 10813 9707 10814
f 9709 10137 9708
f 9738 9710 9708
f 10138 9708 9710
f 10136 9738 9708
f 9738 10521 9708
f 10136 10137 9708
f 10136 9708 10138
f 10521 10136 9708
f 10521 9708 10137
f 10814 9708 10813
f 10137 10109 9709
f 9740 9710 9711
f 9710 9714 10139
f 9739 9737 9710
f 9738 9739 9710
f 9740 9739 9710
f 10138 9710 9739
f 9710 10139 10138
f 9742 9712 9713
f 9742 9741 9712
f 9743 9713 9714
f 9743 9742 9713
f 9715 9744 9714
f 10142 9714 9715
f 9714 9744 9743
f 10141 9743 9714
f 10141 9714 10114
f 10141 10139 9714
f 10141 9714 10142
f 9716 9744 9715
f 10142 9715 9744
f 9716 9719 10143
f 9716 9745 9744
f 10116 9716 10143
f 9718 9746 9717
f 9719 9747 9718
f 9718 9747 9746
f 9720 9749 9719
f 10146 9719 9720
f 9719 9748 9747
f 9719 9749 9748
f 10144 9748 9719
f 10144 9719 10119
f 10144 10143 9719
f 10144 9719 10146
f 9722 9749 9720
f 10146 9720 9749
f 9721 9724 10148
f 10148 10147 9721
f 9723 9750 9722
f 9722 9750 9749
f 9724 9751 9723
f 9723 9751 9750
f 9724 9752 9751
f 9753 9726 9725
f 9726 9754 9725
f 10150 9725 9726
f 9725 9754 9753
f 10149 9753 9725
f 10149 9725 10150
f 9753 9754 9726
f 10150 9726 9754
f 9728 9755 9727
f 9730 10153 9727
f 10151 10128 9727
f 10151 9727 10153
f 9729 9756 9728
f 9728 9756 9755
f 9731 9757 9729
f 9729 9757 9756
f 9730 10544 10153
f 9758 9732 9731
f 10154 9731 9732
f 9736 9758 9731
f 9731 9758 9757
f 10154 9758 9731
f 9760 9734 9732
f 10158 9732 9734
f 9758 9759 9732
f 9759 9760 9732
f 10156 9732 9759
f 10154 9732 10156
f 10158 10156 9732
f 10157 9734 9733
f 9733 10811 10157
f 9760 9734 9735
f 9734 9760 10158
f 9760 10180 9734
f 9734 9760 10518
f 9806 9734 9787
f 9787 9734 10201
f 10107 9734 10132
f 10132 9734 10518
f 9734 10157 10158
f 10201 9734 10180
f 9760 9735 9761
f 9761 9735 10133
f 9758 9736 9762
f 9762 10134 9736
f 9765 9738 9737
f 9739 9763 9737
f 9763 9765 9737
f 9763 9737 10552
f 10520 10552 9737
f 9765 9739 9738
f 9765 9738 9791
f 9765 10577 9738
f 10204 9791 9738
f 10162 9738 10136
f 10183 9738 10162
f 10183 10204 9738
f 10521 9738 10553
f 10577 10553 9738
f 9740 9766 9739
f 9763 9739 9766
f 9765 9766 9739
f 9766 9793 9739
f 10206 9739 9793
f 10164 10138 9739
f 10164 9739 10185
f 10185 9739 10206
f 9741 9767 9740
f 9740 9767 9766
f 9742 9768 9741
f 9767 9741 9768
f 9743 9769 9742
f 9742 9769 9768
f 9743 9744 9770
f 9771 9744 9743
f 9743 9770 9769
f 9770 9771 9743
f 9770 9743 9794
f 9794 9743 10210
f 10166 9743 10141
f 10187 9743 10166
f 10210 9743 10187
f 9745 10167 9744
f 9771 9770 9744
f 9771 9795 9744
f 9771 9744 10188
f 10212 9744 9795
f 10167 10142 9744
f 10188 9744 10167
f 10188 9744 10212
f 9746 9772 9745
f 9772 10189 9745
f 9745 10168 10167
f 10189 10168 9745
f 9747 10169 9746
f 9746 9773 9772
f 9773 9746 10190
f 10190 9746 10169
f 9748 10170 9747
f 9774 9747 10191
f 9747 10170 10169
f 10191 10170 9747
f 9748 9749 9775
f 9749 9748 9776
f 9775 9776 9748
f 9775 9748 9796
f 9775 10192 9748
f 9796 9748 10214
f 10171 9748 10144
f 9748 10171 10170
f 10192 10171 9748
f 10214 9748 10192
f 9750 9776 9749
f 9776 9775 9749
f 9776 9797 9749
f 10215 9749 9797
f 10172 10146 9749
f 10193 10172 9749
f 10193 9749 10215
f 9751 9777 9750
f 9750 9777 9776
f 9752 9778 9751
f 9751 9778 9777
f 9753 9779 9752
f 9752 9779 9778
f 9754 9781 9753
f 9753 9780 9779
f 9781 9780 9753
f 9780 9753 9801
f 10216 9801 9753
f 10173 9753 10149
f 10194 9753 10173
f 10194 10216 9753
f 9755 9781 9754
f 9781 9802 9754
f 10217 9754 9802
f 10174 10150 9754
f 10174 9754 10195
f 10195 9754 10217
f 9756 9782 9755
f 9755 9782 9781
f 9757 9783 9756
f 9756 9783 9782
f 9758 9784 9757
f 9757 9784 9783
f 9759 9758 9786
f 9762 9789 9758
f 9758 9785 9784
f 9785 9786 9758
f 9789 9785 9758
f 9785 9758 9803
f 10221 9803 9758
f 10176 9758 10154
f 10197 9758 10176
f 10197 10221 9758
f 9760 9759 9787
f 9786 9787 9759
f 9786 9804 9759
f 10223 9759 9804
f 10178 10156 9759
f 10178 9759 10199
f 10199 9759 10223
f 10180 9760 9761
f 9760 9787 10201
f 10158 9760 10180
f 10201 10180 9760
f 9760 10180 10548
f 10548 10518 9760
f 10133 10181 9761
f 10180 9761 10181
f 9789 10203 9762
f 10134 9762 10182
f 10203 10182 9762
f 10552 10576 9763
f 9765 9764 9790
f 9764 9765 10850
f 9790 9764 10849
f 10849 9764 10850
f 9791 9765 9790
f 9765 9791 10861
f 10850 9765 10861
f 10189 9772 9771
f 10189 9771 10188
f 10191 9774 9773
f 10191 9773 10190
f 10192 9775 9774
f 10192 9774 10191
f 9798 9776 9777
f 9798 9797 9776
f 9799 9777 9778
f 9799 9798 9777
f 9800 9778 9779
f 9800 9799 9778
f 9787 9788 9807
f 9787 10202 9788
f 9787 9807 9806
f 9787 9806 9809
f 9806 10225 9787
f 9787 10201 10202
f 10201 9787 10225
f 10201 9787 10592
f 10225 10592 9787
f 10226 9807 9788
f 10226 9788 10202
f 10227 9789 9808
f 10227 10203 9789
f 9791 9790 10860
f 10860 9790 10849
f 9791 9792 10204
f 10204 9793 9791
f 9791 10204 10597
f 10861 9791 10860
f 10205 10204 9792
f 10205 9792 10234
f 10204 10206 9793
f 10210 9795 9794
f 10210 10212 9795
f 10214 9797 9796
f 10214 10215 9797
f 10216 9802 9801
f 10216 10217 9802
f 10221 9804 9803
f 10225 9806 9804
f 10221 10223 9804
f 9804 10223 10225
f 9805 9806 10224
f 9805 10224 10885
f 9805 10885 10229
f 9809 10230 9806
f 10225 10224 9806
f 10225 9806 10230
f 9808 9807 9811
f 9810 9811 9807
f 10231 9810 9807
f 10226 10231 9807
f 9811 10232 9808
f 10232 10227 9808
f 9810 10230 9809
f 9813 9809 9811
f 9811 9809 10232
f 9809 10230 9813
f 10232 9809 10230
f 10230 9809 10251
f 9810 10231 10230
f 9814 9813 9811
f 9812 9815 10233
f 9814 9813 10232
f 10230 10232 9813
f 9814 10232 9815
f 10233 9815 10232
f 9817 11011 9829
f 10913 9817 10926
f 9817 10926 11011
f 9818 9832 10273
f 9832 11013 9818
f 9818 10927 10915
f 10927 9818 11013
f 9819 11014 9835
f 10916 9819 10928
f 9819 10928 11014
f 9820 9838 10277
f 9838 11016 9820
f 9820 10929 10918
f 10929 9820 11016
f 9822 11017 9840
f 10919 9822 10930
f 9822 10930 11017
f 9824 9823 9843
f 9824 9844 9823
f 9843 9823 10281
f 11019 9843 9823
f 9823 9844 10281
f 10931 9823 10921
f 11019 9823 10931
f 9843 11019 9824
f 9824 10931 10921
f 10931 9824 11019
f 9825 11020 9845
f 11021 9825 9845
f 9825 10922 10932
f 10923 9825 10933
f 10933 10932 9825
f 9825 10932 11020
f 11021 10933 9825
f 9827 9849 9826
f 9848 9826 10286
f 9826 9849 10286
f 9849 11022 9827
f 9827 10934 10924
f 10934 9827 11022
f 9829 9850 9828
f 9851 9850 9829
f 9829 10270 9851
f 11011 9829 10270
f 11024 10270 9829
f 9829 11011 11024
f 9854 9832 9833
f 11026 10273 9832
f 11027 9832 10273
f 11013 11026 9832
f 11027 11013 9832
f 9833 9855 9854
f 9835 9857 9834
f 9857 9856 9834
f 9835 10274 9857
f 11014 9835 10274
f 11028 10274 9835
f 9835 11014 11028
f 9838 9839 9860
f 11031 9838 10277
f 11031 11016 9838
f 9861 9860 9839
f 9840 10278 9862
f 11018 9840 10278
f 11032 10278 9840
f 11018 11017 9840
f 11017 11032 9840
f 9842 9864 9863
f 9844 9865 9843
f 10281 9844 9843
f 11035 9843 10281
f 11035 11019 9843
f 9844 9866 9865
f 9845 10282 9867
f 10282 9845 10283
f 11021 9845 10282
f 11036 10282 9845
f 9845 11020 11021
f 9845 11021 11036
f 9868 9847 9869
f 10285 9849 9848
f 9848 9849 11022
f 10286 10285 9848
f 11037 10285 9848
f 11022 11037 9848
f 11037 9849 10285
f 11037 11022 9849
f 9873 9851 9852
f 10301 9873 9851
f 10287 9851 10270
f 10287 10301 9851
f 9853 9874 9852
f 9873 9874 9852
f 9874 10271 9852
f 9852 10271 10270
f 9852 10288 10271
f 9853 10273 9854
f 9853 9854 10290
f 10304 9854 9853
f 9853 10271 9874
f 9853 9875 10303
f 10272 10271 9853
f 9853 10272 10273
f 10272 9853 10289
f 10290 10289 9853
f 9853 10303 10304
f 9854 10304 10290
f 9858 9857 10274
f 10291 9857 9858
f 9858 9857 10305
f 10291 10305 9857
f 10306 9880 9858
f 9881 10276 9858
f 10274 10275 9858
f 9858 10276 10275
f 10292 9858 10275
f 10291 9858 10292
f 10305 10306 9858
f 9882 9860 9859
f 9859 9881 9882
f 9859 10276 9881
f 10276 9859 10277
f 10276 10293 9859
f 9860 9882 10308
f 10277 9860 10294
f 9860 10308 10294
f 10279 9863 9864
f 10309 9885 9863
f 10295 9863 10279
f 10295 10309 9863
f 9864 9865 10281
f 9886 10280 9864
f 9864 10280 10279
f 10296 10280 9864
f 10281 10296 9864
f 9865 9866 9888
f 9865 9888 9887
f 9865 9887 10311
f 10281 9865 10297
f 9865 10311 10297
f 10283 9868 9869
f 10312 9890 9868
f 10298 9868 10283
f 10298 10312 9868
f 9869 9870 10284
f 9891 10284 9869
f 9869 10284 10283
f 9893 9870 9871
f 9870 9893 9892
f 9870 9892 10314
f 9870 10285 10284
f 10285 9870 10300
f 9870 10314 10300
f 9874 9876 9873
f 10302 9874 9873
f 9873 10301 10302
f 9876 9874 9875
f 9874 9895 9875
f 9894 9895 9874
f 9894 9874 10302
f 10303 9875 9895
f 9879 9880 9881
f 9881 9882 9879
f 9880 9896 9881
f 9896 9880 10306
f 10307 9882 9881
f 9881 9896 9897
f 10307 9881 9897
f 10307 10308 9882
f 9885 9886 9884
f 9886 9887 9884
f 9886 9885 9898
f 9898 9885 10309
f 9886 10310 9887
f 9886 10311 9887
f 10310 9886 9898
f 10310 10311 9886
f 10310 10311 9887
f 9891 9892 9890
f 9890 9891 10312
f 9891 9890 10313
f 9890 10312 10313
f 9892 10313 9891
f 9892 9891 10314
f 9899 9891 10313
f 10314 9891 10313
f 9892 10314 10313
f 10302 9895 9894
f 9895 10302 10303
f 10306 9897 9896
f 10306 10307 9897
f 10309 10310 9898
f 9900 9909 9901
f 9901 9937 9900
f 9900 9937 9909
f 9923 9922 9901
f 9922 9937 9901
f 9912 9902 9903
f 9903 9906 9917
f 9912 9903 9913
f 9917 9913 9903
f 10326 9904 9905
f 9915 9904 9914
f 9914 9904 10328
f 10326 10325 9904
f 10325 10328 9904
f 10330 9905 9916
f 10330 10326 9905
f 9907 9918 9906
f 9918 9917 9906
f 9908 9918 9907
f 9908 9919 9918
f 10327 9910 9911
f 10334 9921 9910
f 10327 10334 9910
f 9922 10335 9911
f 10327 9911 10335
f 9914 10328 9915
f 9916 9915 10329
f 10329 9915 10328
f 9916 10329 10330
f 9920 9921 10332
f 10332 10331 9920
f 10334 10332 9921
f 9922 9923 9937
f 9922 9923 10336
f 10335 9922 10336
f 10336 9923 9924
f 9925 10338 9924
f 10336 9924 10338
f 9926 10339 9925
f 10338 9925 10339
f 9927 10340 9926
f 10339 9926 10340
f 10340 9927 9928
f 9928 9929 10341
f 9928 10341 10340
f 10342 9929 9930
f 10342 10341 9929
f 9930 9931 10343
f 10342 9930 10343
f 10344 9931 9932
f 10343 9931 10344
f 10345 9932 9949
f 10345 10344 9932
f 9934 9933 10348
f 9981 9933 9960
f 9933 9981 10030
f 9933 10030 10347
f 10348 9933 10347
f 9934 10348 9935
f 9935 9937 9936
f 10352 9937 9935
f 10350 9935 10348
f 9935 10350 10352
f 9938 9937 10353
f 10352 10353 9937
f 9939 9938 10354
f 10354 9938 10353
f 9939 10354 9940
f 9941 9940 10357
f 10354 10357 9940
f 9941 9942 9943
f 10358 9942 9941
f 10357 10358 9941
f 9943 9942 10360
f 9942 10358 10359
f 10359 10360 9942
f 9944 9943 10361
f 10360 10361 9943
f 9944 9945 9946
f 9944 10363 9945
f 9944 10361 10363
f 9946 9945 10363
f 9947 9946 10365
f 9946 10363 10364
f 10365 9946 10364
f 9947 10365 9948
f 9952 9948 10371
f 10366 9948 10365
f 10366 10371 9948
f 9950 9949 9953
f 9949 9950 9955
f 9953 9949 9955
f 9949 9953 10745
f 10345 9949 10367
f 10367 9949 10745
f 9955 9950 9951
f 9950 9953 9955
f 9951 9956 9955
f 10752 9952 10371
f 9953 9975 9954
f 10372 9953 9955
f 9955 9953 10373
f 9974 9975 9953
f 9953 10372 9974
f 9974 10385 9953
f 9974 10745 9953
f 10372 10373 9953
f 9953 10385 10372
f 9955 9956 10373
f 9955 10000 9976
f 9955 9976 10373
f 9955 10387 9976
f 10372 9955 10373
f 10387 9955 10373
f 9977 10388 9956
f 9956 10374 10373
f 10388 10374 9956
f 9959 9980 9957
f 9978 9957 9980
f 9959 9979 9958
f 9960 9959 9980
f 9961 9982 9959
f 9980 9959 9982
f 9959 10346 9980
f 9962 9960 9961
f 9960 9981 9961
f 9972 9960 9962
f 9972 10375 9960
f 9980 9981 9960
f 10375 9981 9960
f 9961 9983 9962
f 9961 9981 9982
f 9982 9983 9961
f 9969 9972 9962
f 9962 9983 9969
f 9964 9984 9963
f 9984 9964 9985
f 9966 9986 9965
f 9986 9966 9987
f 9968 9988 9967
f 9988 9968 9989
f 9969 9970 9972
f 9969 9994 9970
f 9983 10006 9969
f 9969 9993 9994
f 9969 10032 9993
f 10032 9969 10006
f 9970 9971 9972
f 9971 9970 9994
f 9972 9996 9970
f 9994 9970 9996
f 9972 9971 9996
f 9996 9971 9994
f 9973 9996 9972
f 9996 9972 9974
f 10394 9972 9996
f 10375 9972 10384
f 10384 9972 10394
f 9997 9974 9973
f 9997 9973 10755
f 10755 9973 10752
f 10385 9975 9974
f 9996 9974 9998
f 9997 9998 9974
f 10385 9974 10372
f 10385 10753 9974
f 10745 9974 10753
f 9975 10386 9999
f 10385 10386 9975
f 10387 9976 10000
f 10387 10373 9976
f 10001 9978 9980
f 9981 9980 10004
f 9982 10005 9980
f 10001 9980 10003
f 10003 10004 9980
f 10003 9980 10005
f 10003 9980 10425
f 10346 10425 9980
f 9983 9982 9981
f 9982 10005 9981
f 9983 9981 9993
f 9996 9993 9981
f 9981 10389 9996
f 10005 9981 10004
f 10004 10030 9981
f 10375 10389 9981
f 10005 9982 9983
f 9983 9993 10006
f 10005 9983 10006
f 10008 9984 9985
f 10008 9985 10009
f 10010 9986 9987
f 10010 9987 10011
f 10014 9988 9989
f 10014 9989 10015
f 9991 10017 9990
f 10016 9990 10017
f 9992 10018 9991
f 10017 9991 10018
f 9994 10020 9992
f 10018 9992 10020
f 9993 9996 9994
f 9993 9994 10019
f 10006 9993 10019
f 9993 10032 10019
f 9995 9994 9996
f 9994 10020 9995
f 9995 10021 9994
f 9996 10022 9994
f 10020 10019 9994
f 10021 10020 9994
f 10020 9994 10022
f 9996 9995 10021
f 9996 10022 9995
f 10021 9995 10020
f 10021 9995 10022
f 10022 9996 9998
f 9996 10021 10022
f 10389 10394 9996
f 10023 9998 9997
f 9997 10755 10023
f 9999 10000 9998
f 10025 9998 9999
f 10022 9998 10024
f 10023 10024 9998
f 10024 9998 10025
f 10024 10421 9998
f 10395 10385 9998
f 10395 9998 10421
f 9999 10000 10025
f 10397 10000 9999
f 10396 9999 10386
f 10396 10397 9999
f 10000 10026 10025
f 10000 10397 10387
f 10027 10001 10003
f 10002 10003 10028
f 10004 10003 10030
f 10029 10003 10005
f 10027 10003 10029
f 10003 10029 10028
f 10029 10030 10003
f 10425 10029 10003
f 10005 10006 10004
f 10031 10005 10004
f 10004 10006 10022
f 10420 10004 10022
f 10004 10030 10031
f 10030 10004 10426
f 10420 10399 10004
f 10426 10004 10399
f 10031 10006 10005
f 10029 10005 10031
f 10019 10022 10006
f 10031 10032 10006
f 10007 10033 10008
f 10402 10007 10008
f 10007 10402 10033
f 10035 10008 10009
f 10033 10035 10008
f 10035 10431 10008
f 10402 10008 10404
f 10431 10404 10008
f 10010 10009 10041
f 10010 10408 10009
f 10035 10009 10037
f 10037 10041 10009
f 10009 10406 10037
f 10406 10009 10408
f 10041 10010 10011
f 10010 10041 10437
f 10437 10408 10010
f 10041 10011 10043
f 10013 10012 10044
f 10013 10412 10012
f 10012 10411 10044
f 10411 10012 10412
f 10045 10013 10044
f 10045 10443 10013
f 10443 10412 10013
f 10046 10014 10015
f 10046 10015 10047
f 10019 10016 10017
f 10017 10016 10048
f 10417 10016 10019
f 10415 10048 10016
f 10415 10016 10417
f 10019 10017 10049
f 10049 10017 10048
f 10019 10020 10022
f 10049 10020 10019
f 10049 10019 10032
f 10049 10449 10019
f 10449 10417 10019
f 10022 10020 10021
f 10021 10020 10051
f 10050 10020 10022
f 10020 10049 10050
f 10050 10051 10020
f 10022 10021 10051
f 10022 10023 10052
f 10052 10022 10024
f 10050 10022 10052
f 10052 10022 10051
f 10022 10052 10420
f 10053 10024 10023
f 10023 10053 10052
f 10053 10023 10811
f 10755 10811 10023
f 10052 10024 10054
f 10053 10054 10024
f 10422 10025 10026
f 10055 10025 10454
f 10025 10422 10454
f 10056 10455 10026
f 10423 10422 10026
f 10423 10026 10455
f 10031 10030 10032
f 10031 10030 10059
f 10030 10031 10427
f 10049 10032 10030
f 10052 10049 10030
f 10052 10030 10426
f 10059 10030 10058
f 10058 10030 10457
f 10426 10347 10030
f 10426 10030 10425
f 10426 10030 10427
f 10457 10030 10426
f 10032 10031 10428
f 10429 10031 10033
f 10427 10031 10059
f 10427 10428 10031
f 10429 10427 10031
f 10033 10034 10032
f 10035 10034 10032
f 10036 10035 10032
f 10032 10431 10035
f 10037 10036 10032
f 10037 10032 10038
f 10049 10032 10037
f 10038 10032 10039
f 10039 10032 10040
f 10049 10032 10040
f 10431 10032 10428
f 10033 10402 10429
f 10037 10035 10065
f 10035 10037 10431
f 10063 10065 10035
f 10063 10035 10462
f 10462 10035 10431
f 10037 10038 10065
f 10038 10037 10434
f 10433 10037 10065
f 10406 10433 10037
f 10433 10431 10037
f 10433 10434 10037
f 10038 10437 10041
f 10437 10038 10434
f 10041 10042 10437
f 10069 10041 10467
f 10467 10041 10437
f 10043 10042 10071
f 10042 10043 10438
f 10070 10071 10042
f 10438 10437 10042
f 10043 10045 10044
f 10044 10440 10043
f 10439 10438 10043
f 10043 10440 10439
f 10044 10440 10045
f 10440 10044 10072
f 10044 10411 10440
f 10045 10046 10443
f 10075 10045 10472
f 10443 10045 10440
f 10472 10045 10443
f 10047 10046 10076
f 10047 10444 10046
f 10444 10443 10046
f 10048 10446 10047
f 10047 10076 10077
f 10445 10444 10047
f 10445 10047 10446
f 10048 10050 10049
f 10049 10048 10446
f 10446 10048 10078
f 10048 10415 10446
f 10050 10049 10052
f 10450 10049 10050
f 10446 10449 10049
f 10449 10049 10450
f 10052 10051 10050
f 10050 10154 10450
f 10052 10452 10420
f 10426 10452 10052
f 10083 10055 10054
f 10054 10055 10454
f 10083 10054 10082
f 10054 10453 10082
f 10054 10454 10453
f 10056 10084 10455
f 10085 10135 10057
f 10456 10057 10135
f 10058 10086 10059
f 10457 10059 10058
f 10086 10087 10059
f 10087 10059 10496
f 10427 10059 10458
f 10458 10059 10457
f 10059 10458 10496
f 10065 10063 10462
f 10065 10064 10091
f 10090 10091 10064
f 10091 10065 10502
f 10433 10065 10463
f 10463 10065 10462
f 10065 10463 10502
f 10068 10094 10069
f 10069 10468 10071
f 10069 10094 10095
f 10467 10468 10069
f 10469 10072 10071
f 10097 10071 10507
f 10071 10468 10469
f 10071 10468 10507
f 10099 10072 10073
f 10072 10099 10098
f 10440 10072 10469
f 10074 10100 10075
f 10078 10075 10474
f 10075 10100 10101
f 10474 10075 10472
f 10102 10077 10513
f 10077 10473 10513
f 10104 10079 10078
f 10078 10103 10104
f 10446 10078 10474
f 10105 10080 10081
f 10081 10106 10105
f 10084 10082 10479
f 10491 10082 10107
f 10453 10478 10082
f 10479 10082 10478
f 10082 10491 10478
f 10492 10108 10084
f 10479 10084 10423
f 10479 10455 10084
f 10479 10492 10084
f 10112 10111 10088
f 10092 10093 10116
f 10116 10093 10117
f 10098 10122 10099
f 10123 10099 10122
f 10125 10101 10100
f 10124 10125 10100
f 10103 10129 10104
f 10131 10106 10105
f 10105 10130 10131
f 10108 10132 10107
f 10132 10491 10107
f 10132 10108 10134
f 10108 10492 10519
f 10519 10550 10108
f 10110 10109 10138
f 10110 10495 10109
f 10109 10137 10138
f 10109 10495 10137
f 10138 10523 10110
f 10495 10110 10496
f 10496 10110 10523
f 10499 10482 10113
f 10526 10113 10499
f 10115 10114 10142
f 10115 10502 10114
f 10142 10114 10141
f 10527 10141 10114
f 10500 10114 10502
f 10527 10114 10500
f 10142 10115 10116
f 10142 10529 10115
f 10502 10115 10529
f 10142 10116 10143
f 10119 10118 10533
f 10532 10118 10505
f 10532 10533 10118
f 10119 10144 10120
f 10119 10121 10507
f 10506 10144 10119
f 10506 10486 10119
f 10506 10119 10507
f 10119 10533 10506
f 10120 10145 10121
f 10144 10145 10120
f 10121 10122 10508
f 10146 10121 10145
f 10121 10508 10507
f 10147 10536 10122
f 10508 10122 10536
f 10539 10125 10124
f 10538 10124 10510
f 10538 10539 10124
f 10128 10511 10125
f 10539 10148 10125
f 10511 10488 10125
f 10125 10539 10511
f 10126 10149 10127
f 10150 10127 10149
f 10128 10151 10514
f 10511 10128 10514
f 10517 10490 10131
f 10544 10131 10516
f 10131 10544 10517
f 10158 10133 10132
f 10518 10132 10134
f 10132 10518 10158
f 10491 10132 10518
f 10158 10159 10133
f 10133 10159 10181
f 10134 10182 10160
f 10134 10160 10519
f 10518 10134 10519
f 10135 10161 10456
f 10137 10136 10163
f 10136 10138 10162
f 10162 10163 10136
f 10136 10521 10162
f 10139 10137 10138
f 10138 10137 10164
f 10137 10523 10138
f 10139 10153 10137
f 10156 10137 10153
f 10156 10547 10137
f 10163 10164 10137
f 10137 10163 10234
f 10522 10163 10137
f 10234 10522 10137
f 10522 10137 10495
f 10522 10521 10137
f 10523 10137 10522
f 10522 10137 10547
f 10138 10185 10139
f 10139 10524 10138
f 10140 10138 10525
f 10164 10162 10138
f 10138 10164 10185
f 10138 10524 10523
f 10523 10525 10138
f 10139 10141 10527
f 10139 10186 10153
f 10185 10186 10139
f 10524 10139 10527
f 10140 10527 10141
f 10525 10527 10140
f 10141 10142 10166
f 10141 10527 10142
f 10144 10142 10143
f 10143 10530 10142
f 10533 10144 10142
f 10167 10166 10142
f 10529 10142 10527
f 10529 10142 10530
f 10529 10533 10142
f 10144 10533 10143
f 10530 10143 10533
f 10144 10533 10145
f 10144 10146 10171
f 10533 10144 10506
f 10145 10535 10146
f 10534 10145 10533
f 10535 10145 10534
f 10146 10147 10148
f 10146 10536 10147
f 10172 10171 10146
f 10536 10146 10535
f 10148 10539 10147
f 10536 10147 10539
f 10149 10148 10539
f 10149 10150 10173
f 10150 10149 10540
f 10540 10149 10539
f 10151 10150 10542
f 10174 10173 10150
f 10541 10150 10540
f 10541 10542 10150
f 10151 10152 10153
f 10151 10153 10154
f 10151 10542 10153
f 10153 10544 10151
f 10542 10514 10151
f 10151 10544 10542
f 10153 10156 10154
f 10154 10153 10196
f 10154 10153 10545
f 10207 10153 10186
f 10153 10207 10196
f 10544 10153 10542
f 10545 10153 10544
f 10154 10155 10156
f 10176 10154 10156
f 10154 10177 10156
f 10154 10197 10177
f 10154 10196 10197
f 10796 10450 10154
f 10154 10545 10796
f 10178 10156 10158
f 10156 10178 10176
f 10178 10156 10177
f 10571 10156 10178
f 10571 10547 10156
f 10157 10180 10158
f 10179 10180 10157
f 10157 10811 10179
f 10548 10159 10158
f 10178 10158 10180
f 10548 10158 10518
f 10159 10549 10181
f 10548 10549 10159
f 10550 10160 10182
f 10550 10519 10160
f 10161 10551 10456
f 10162 10184 10163
f 10185 10162 10164
f 10183 10184 10162
f 10183 10162 10185
f 10597 10183 10162
f 10597 10162 10521
f 10164 10163 10165
f 10164 10185 10163
f 10178 10165 10163
f 10178 10163 10571
f 10185 10163 10184
f 10184 10234 10163
f 10554 10163 10522
f 10571 10163 10554
f 10165 10186 10164
f 10185 10164 10186
f 10175 10165 10178
f 10165 10175 10196
f 10196 10186 10165
f 10188 10166 10167
f 10187 10166 10188
f 10168 10188 10167
f 10168 10189 10188
f 10170 10190 10169
f 10171 10191 10170
f 10170 10191 10190
f 10193 10171 10172
f 10171 10192 10191
f 10192 10171 10193
f 10195 10173 10174
f 10194 10173 10195
f 10175 10178 10176
f 10175 10176 10196
f 10177 10176 10178
f 10177 10198 10176
f 10199 10176 10178
f 10197 10196 10176
f 10198 10197 10176
f 10197 10176 10199
f 10178 10177 10198
f 10178 10199 10177
f 10198 10177 10197
f 10198 10177 10199
f 10199 10178 10180
f 10178 10198 10199
f 10200 10180 10179
f 10179 10870 10200
f 10870 10179 10811
f 10181 10182 10180
f 10201 10180 10181
f 10199 10180 10201
f 10200 10201 10180
f 10180 10201 10592
f 10572 10548 10180
f 10572 10180 10592
f 10181 10182 10202
f 10574 10182 10181
f 10201 10181 10202
f 10573 10181 10549
f 10573 10574 10181
f 10203 10202 10182
f 10182 10574 10550
f 10184 10183 10205
f 10185 10206 10183
f 10205 10183 10204
f 10204 10183 10206
f 10204 10183 10597
f 10185 10186 10184
f 10206 10185 10184
f 10196 10184 10186
f 10184 10196 10199
f 10184 10199 10578
f 10206 10184 10205
f 10205 10234 10184
f 10205 10184 10578
f 10185 10206 10186
f 10207 10186 10206
f 10188 10212 10187
f 10210 10187 10212
f 10193 10215 10192
f 10214 10192 10215
f 10195 10217 10194
f 10216 10194 10217
f 10196 10197 10199
f 10220 10197 10196
f 10220 10196 10207
f 10199 10197 10198
f 10198 10197 10222
f 10199 10223 10197
f 10197 10220 10221
f 10221 10222 10197
f 10221 10197 10223
f 10199 10198 10222
f 10199 10200 10223
f 10201 10225 10199
f 10223 10199 10222
f 10199 10225 10223
f 10199 10223 10591
f 10578 10199 10591
f 10224 10201 10200
f 10200 10224 10223
f 10224 10200 10885
f 10870 10885 10200
f 10224 10225 10201
f 10593 10202 10203
f 10226 10202 10613
f 10202 10593 10613
f 10227 10614 10203
f 10594 10593 10203
f 10594 10203 10614
f 10206 10205 10207
f 10205 10223 10207
f 10205 10591 10223
f 10591 10205 10578
f 10209 10208 10207
f 10210 10209 10207
f 10210 10207 10211
f 10212 10211 10207
f 10211 10207 10213
f 10220 10211 10207
f 10212 10213 10207
f 10207 10220 10212
f 10207 10213 10220
f 10220 10207 10223
f 10212 10211 10220
f 10213 10212 10220
f 10218 10213 10220
f 10219 10218 10220
f 10221 10220 10223
f 10223 10222 10221
f 10231 10226 10225
f 10225 10226 10613
f 10225 10230 10231
f 10225 10612 10230
f 10886 10225 10230
f 10225 10612 10592
f 10225 10613 10612
f 10225 10871 10612
f 10871 10225 10886
f 10227 10232 10614
f 10594 10614 10227
f 10233 10615 10228
f 10229 10633 10250
f 10229 10885 10633
f 10230 10634 10232
f 10232 10230 10635
f 10230 10251 10634
f 10230 10612 10634
f 10635 10230 10634
f 10886 10230 10634
f 10233 10232 10636
f 10232 10635 10614
f 10634 10635 10232
f 10636 10232 10635
f 10636 10615 10233
f 10235 10639 10234
f 10638 10522 10234
f 10638 10234 10639
f 10235 10236 10641
f 10640 10639 10235
f 10641 10640 10235
f 10236 10238 10237
f 10642 10236 10237
f 10642 10641 10236
f 10238 10642 10237
f 10238 10239 10644
f 10643 10642 10238
f 10644 10643 10238
f 10241 10240 10239
f 10240 10647 10239
f 10644 10239 10645
f 10239 10647 10645
f 10241 10647 10240
f 10241 10242 10647
f 10242 10244 10243
f 10243 10648 10242
f 10648 10647 10242
f 10649 10243 10244
f 10649 10648 10243
f 10244 10245 10650
f 10650 10649 10244
f 10247 10246 10245
f 10651 10245 10246
f 10248 10247 10245
f 10651 10650 10245
f 10247 10652 10246
f 10651 10246 10652
f 10247 10248 10652
f 10248 10249 10653
f 10248 10653 10652
f 10249 10250 10654
f 10249 10654 10653
f 10655 10250 10633
f 10655 10654 10250
f 10655 10251 10261
f 10634 10251 10656
f 10656 10251 10655
f 10253 10252 10658
f 10658 10252 10657
f 10661 10254 10253
f 10661 10253 10658
f 10254 10662 10255
f 10662 10254 10661
f 10663 10256 10255
f 10662 10663 10255
f 10257 10256 10664
f 10664 10256 10663
f 10258 10257 10666
f 10665 10257 10664
f 10665 10666 10257
f 10259 10258 10666
f 10667 10260 10259
f 10667 10259 10666
f 10260 10668 10261
f 10668 10260 10667
f 10261 10669 10655
f 10669 10261 10668
f 10263 10673 10262
f 10262 10673 10672
f 10264 10265 10676
f 10265 10677 10676
f 10266 10267 10681
f 10267 10682 10681
f 10686 10268 10269
f 10269 10687 10686
f 10269 10688 10687
f 10271 10287 10270
f 11053 10271 10270
f 11024 11011 10270
f 11025 11024 10270
f 10270 11024 11053
f 11053 11025 10270
f 10272 10706 10271
f 10271 10272 11054
f 10287 10271 10288
f 10271 10705 10288
f 10706 10705 10271
f 10271 11053 11054
f 11056 10273 10272
f 10289 10706 10272
f 11054 10272 11055
f 10272 11055 11056
f 10273 11026 11027
f 10273 11056 11026
f 10275 11057 10274
f 11028 11014 10274
f 11029 10274 11028
f 10274 11029 11057
f 10276 10707 10275
f 11058 10275 10276
f 10275 10707 10292
f 11058 10275 11057
f 10293 10276 10277
f 11060 10277 10276
f 10293 10708 10276
f 10708 10707 10276
f 11059 11058 10276
f 10276 11059 11060
f 10277 10294 10293
f 11030 10277 11031
f 11030 11060 10277
f 10277 11060 11031
f 10279 11033 10278
f 10278 11062 10279
f 11033 11018 10278
f 10278 11032 11033
f 10278 11033 11062
f 10710 10279 10280
f 10279 10280 11063
f 10279 10710 10295
f 11062 11033 10279
f 10279 11062 11063
f 10281 10280 10296
f 10280 10281 10297
f 11065 10281 10280
f 10296 10280 10297
f 10296 10711 10280
f 10280 10711 10710
f 11064 11063 10280
f 11064 11065 10280
f 11035 11034 10281
f 10281 11034 11065
f 10281 11066 11035
f 11065 11066 10281
f 11036 10283 10282
f 11036 11021 10282
f 10713 10283 10284
f 10284 10283 11068
f 10283 10713 10298
f 10283 11036 11067
f 11067 11068 10283
f 10285 10300 10284
f 10285 10284 11070
f 10300 10714 10284
f 10284 10714 10713
f 10284 11068 11069
f 11069 11070 10284
f 10285 11071 11037
f 10285 11070 11071
f 10301 10287 10288
f 10302 10288 10287
f 10288 10705 10287
f 10301 10287 10302
f 10287 10704 10302
f 10287 10705 10704
f 10289 10705 10288
f 10706 10289 10288
f 10288 10302 10301
f 10288 10302 10704
f 10288 10717 10302
f 10704 10705 10288
f 10705 10706 10288
f 10705 10717 10288
f 10303 10289 10290
f 10304 10289 10303
f 10303 10718 10289
f 10706 10705 10289
f 10289 10718 10706
f 10290 10304 10303
f 10305 10291 10292
f 10292 10291 10306
f 10291 10306 10305
f 10293 10292 10707
f 10292 10306 10305
f 10292 10306 10707
f 10292 10721 10306
f 10707 10721 10292
f 10307 10293 10294
f 10293 10709 10294
f 10307 10722 10293
f 10707 10708 10293
f 10709 10708 10293
f 10293 10722 10708
f 10307 10294 10308
f 10296 10710 10295
f 10296 10295 10711
f 10295 10309 10710
f 10295 10724 10309
f 10710 10711 10295
f 10710 10724 10295
f 10297 10311 10296
f 10296 10712 10297
f 10311 10725 10296
f 10711 10710 10296
f 10296 10711 10712
f 10296 10725 10711
f 10299 10298 10713
f 10714 10298 10299
f 10298 10312 10713
f 10298 10727 10312
f 10713 10298 10714
f 10713 10727 10298
f 10714 10300 10299
f 10299 10300 10715
f 10299 10713 10714
f 10299 10715 10714
f 10314 10729 10300
f 10300 10729 10715
f 10302 10301 10315
f 10716 10301 10302
f 10717 10315 10301
f 10301 10716 10717
f 10316 10303 10302
f 10302 10315 10316
f 10716 10302 10717
f 10304 10303 10706
f 10304 10718 10303
f 10706 10303 10316
f 10719 10304 10706
f 10719 10718 10304
f 10306 10305 10721
f 10305 10720 10721
f 10318 10307 10306
f 10317 10318 10306
f 10721 10317 10306
f 10708 10308 10307
f 10308 10723 10307
f 10708 10307 10318
f 10722 10307 10723
f 10723 10308 10708
f 10320 10310 10309
f 10309 10319 10320
f 10724 10319 10309
f 10310 10320 10311
f 10320 10321 10311
f 10711 10311 10321
f 10726 10311 10711
f 10726 10725 10311
f 10322 10313 10312
f 10727 10322 10312
f 10313 10324 10314
f 10313 10322 10323
f 10313 10323 10324
f 10714 10314 10324
f 10729 10314 10714
f 10705 10316 10315
f 10717 10705 10315
f 10705 10706 10316
f 10707 10318 10317
f 10721 10707 10317
f 10318 10707 10708
f 10710 10320 10319
f 10724 10710 10319
f 10711 10321 10320
f 10320 10710 10711
f 10713 10323 10322
f 10727 10713 10322
f 10714 10324 10323
f 10323 10713 10714
f 10326 10731 10325
f 10329 10328 10325
f 10329 10325 10732
f 10730 10325 10731
f 10732 10325 10730
f 10326 10330 10733
f 10326 10733 10731
f 10335 10334 10327
f 10732 10330 10329
f 10330 10732 10733
f 10331 10332 10346
f 10332 10334 10333
f 10332 10333 10349
f 10349 10346 10332
f 10334 10333 10335
f 10333 10334 10350
f 10333 10350 10349
f 10351 10334 10335
f 10351 10350 10334
f 10335 10336 10352
f 10351 10335 10352
f 10338 10336 10337
f 10336 10338 10356
f 10355 10352 10336
f 10355 10336 10356
f 10339 10357 10338
f 10357 10356 10338
f 10340 10359 10339
f 10357 10339 10359
f 10340 10341 10360
f 10360 10359 10340
f 10342 10362 10341
f 10361 10360 10341
f 10361 10341 10362
f 10343 10363 10342
f 10363 10362 10342
f 10365 10343 10344
f 10363 10343 10365
f 10344 10345 10366
f 10366 10365 10344
f 10367 10366 10345
f 10346 10349 10347
f 10347 10937 10346
f 10346 10368 10425
f 10346 10936 10368
f 10937 10936 10346
f 10349 10348 10347
f 10348 10347 10370
f 10938 10347 10348
f 10369 10370 10347
f 10399 10369 10347
f 10347 10369 10937
f 10399 10347 10426
f 10937 10347 10938
f 10350 10348 10349
f 10349 10735 10348
f 10348 10370 10734
f 10735 10734 10348
f 10348 10734 10938
f 10735 10349 10350
f 10350 10349 10736
f 10349 10735 10736
f 10352 10350 10351
f 10350 10352 10735
f 10736 10352 10350
f 10352 10354 10353
f 10354 10352 10737
f 10355 10737 10352
f 10735 10352 10737
f 10736 10737 10352
f 10357 10354 10737
f 10355 10356 10357
f 10737 10355 10357
f 10358 10357 10738
f 10359 10739 10357
f 10737 10738 10357
f 10737 10357 10739
f 10358 10360 10359
f 10360 10358 10738
f 10360 10739 10359
f 10361 10360 10740
f 10361 10741 10360
f 10740 10360 10738
f 10739 10360 10741
f 10363 10361 10362
f 10740 10362 10361
f 10363 10741 10361
f 10363 10362 10364
f 10740 10364 10362
f 10363 10365 10742
f 10741 10363 10742
f 10365 10364 10742
f 10740 10742 10364
f 10366 10941 10365
f 10942 10366 10365
f 10742 10743 10365
f 10743 10365 10941
f 10365 10941 10942
f 10367 10745 10366
f 10366 10744 10371
f 10744 10366 10745
f 10366 10744 10942
f 10366 10942 10941
f 10369 10399 10368
f 10369 10368 10944
f 10425 10368 10399
f 10943 10368 10936
f 10943 10944 10368
f 10370 10369 10747
f 10399 10369 10746
f 10369 10399 10762
f 10746 10747 10369
f 10369 10762 10746
f 10944 10746 10369
f 10944 10369 10937
f 10734 10370 10747
f 10752 10371 10744
f 10372 10373 10385
f 10372 10387 10373
f 10372 10385 10387
f 10387 10373 10374
f 10373 10387 10385
f 10388 10387 10374
f 10375 10384 10394
f 10389 10375 10394
f 10377 10390 10376
f 10379 10391 10378
f 10392 10380 10381
f 10393 10382 10383
f 10385 10396 10386
f 10385 10387 10395
f 10756 10387 10385
f 10395 10396 10385
f 10395 10753 10385
f 10385 10395 10759
f 10385 10759 10756
f 10757 10387 10388
f 10397 10395 10387
f 10760 10397 10387
f 10757 10387 10756
f 10760 10387 10757
f 10398 10761 10388
f 10758 10757 10388
f 10388 10761 10758
f 10421 10396 10395
f 10397 10759 10395
f 10397 10395 10760
f 10395 10421 10753
f 10759 10421 10395
f 10759 10760 10395
f 10397 10396 10423
f 10421 10422 10396
f 10422 10423 10396
f 10423 10779 10397
f 10759 10397 10760
f 10760 10397 10779
f 10780 10398 10424
f 10398 10780 10761
f 10399 10400 10425
f 10400 10399 10426
f 10399 10400 10762
f 10399 10420 10452
f 10452 10426 10399
f 10746 10762 10399
f 10402 10401 10400
f 10400 10401 10428
f 10401 10400 10764
f 10429 10402 10400
f 10428 10425 10400
f 10426 10427 10400
f 10427 10429 10400
f 10763 10762 10400
f 10764 10400 10763
f 10402 10401 10403
f 10402 10429 10401
f 10401 10402 10765
f 10764 10403 10401
f 10428 10401 10429
f 10764 10401 10765
f 10403 10429 10402
f 10765 10402 10404
f 10430 10403 10404
f 10764 10404 10403
f 10430 10429 10403
f 10406 10404 10405
f 10432 10404 10405
f 10405 10404 10766
f 10406 10769 10404
f 10430 10404 10431
f 10431 10404 10432
f 10764 10766 10404
f 10765 10404 10769
f 10767 10406 10405
f 10432 10405 10786
f 10767 10405 10766
f 10766 10786 10405
f 10406 10407 10433
f 10406 10767 10407
f 10406 10408 10769
f 10433 10787 10406
f 10767 10406 10787
f 10408 10437 10407
f 10768 10408 10407
f 10434 10433 10407
f 10434 10407 10437
f 10768 10407 10767
f 10410 10408 10439
f 10769 10408 10410
f 10411 10440 10408
f 10411 10408 10770
f 10437 10439 10408
f 10437 10408 10440
f 10408 10768 10770
f 10409 10410 10438
f 10410 10439 10411
f 10410 10411 10771
f 10410 10439 10438
f 10769 10410 10771
f 10411 10412 10440
f 10770 10412 10411
f 10411 10412 10771
f 10440 10411 10439
f 10412 10413 10414
f 10413 10444 10412
f 10413 10412 10771
f 10412 10414 10415
f 10412 10415 10771
f 10412 10443 10440
f 10443 10444 10412
f 10770 10771 10412
f 10413 10771 10414
f 10444 10413 10771
f 10444 10788 10413
f 10771 10413 10788
f 10414 10415 10445
f 10415 10414 10772
f 10414 10445 10789
f 10772 10414 10771
f 10414 10789 10772
f 10415 10417 10416
f 10416 10777 10415
f 10415 10417 10449
f 10417 10415 10773
f 10446 10445 10415
f 10446 10415 10449
f 10777 10771 10415
f 10772 10773 10415
f 10416 10417 10418
f 10777 10416 10418
f 10417 10450 10418
f 10417 10449 10450
f 10776 10449 10417
f 10773 10776 10417
f 10418 10419 10451
f 10450 10418 10451
f 10418 10450 10796
f 10777 10418 10796
f 10453 10422 10421
f 10421 10423 10455
f 10421 10423 10778
f 10423 10421 10779
f 10453 10421 10455
f 10453 10421 10478
f 10453 10794 10421
f 10421 10548 10753
f 10421 10778 10548
f 10759 10778 10421
f 10779 10421 10778
f 10778 10421 10794
f 10453 10454 10422
f 10479 10423 10455
f 10455 10423 10795
f 10779 10778 10423
f 10779 10795 10423
f 10424 10456 10551
f 10780 10424 10551
f 10426 10425 10427
f 10428 10427 10425
f 10427 10457 10426
f 10427 10458 10457
f 10431 10428 10429
f 10430 10431 10429
f 10430 10461 10429
f 10461 10460 10429
f 10431 10433 10432
f 10431 10432 10785
f 10432 10431 10786
f 10433 10463 10431
f 10462 10431 10463
f 10785 10786 10431
f 10432 10786 10433
f 10433 10787 10432
f 10786 10785 10432
f 10786 10432 10787
f 10787 10433 10786
f 10436 10466 10435
f 10435 10466 10465
f 10438 10439 10437
f 10439 10437 10440
f 10437 10439 10468
f 10467 10437 10468
f 10439 10440 10468
f 10440 10469 10468
f 10471 10441 10442
f 10471 10470 10441
f 10444 10445 10443
f 10446 10443 10445
f 10443 10446 10472
f 10444 10445 10788
f 10445 10444 10789
f 10444 10771 10788
f 10788 10789 10444
f 10788 10445 10789
f 10446 10449 10447
f 10472 10446 10474
f 10448 10476 10447
f 10447 10476 10475
f 10449 10776 10544
f 10479 10453 10455
f 10479 10478 10453
f 10453 10478 10518
f 10548 10453 10518
f 10453 10518 10794
f 10455 10519 10479
f 10455 10519 10550
f 10455 10795 10519
f 10459 10497 10458
f 10497 10496 10458
f 10459 10460 10461
f 10497 10459 10461
f 10462 10483 10461
f 10483 10482 10461
f 10461 10482 10499
f 10461 10499 10497
f 10464 10503 10463
f 10503 10502 10463
f 10465 10466 10464
f 10503 10464 10466
f 10466 10467 10505
f 10466 10505 10503
f 10467 10486 10506
f 10506 10505 10467
f 10469 10508 10468
f 10508 10507 10468
f 10470 10471 10469
f 10472 10471 10469
f 10508 10469 10471
f 10510 10471 10472
f 10471 10510 10508
f 10472 10488 10511
f 10472 10511 10510
f 10473 10474 10513
f 10475 10515 10474
f 10514 10513 10474
f 10514 10474 10515
f 10477 10475 10476
f 10515 10475 10477
f 10477 10490 10517
f 10477 10517 10515
f 10518 10478 10491
f 10479 10519 10492
f 10521 10493 10494
f 10521 10520 10493
f 10495 10496 10523
f 10495 10523 10522
f 10497 10499 10498
f 10499 10498 10526
f 10498 10499 10797
f 10526 10498 10525
f 10798 10525 10498
f 10798 10498 10797
f 10798 10499 10526
f 10798 10797 10499
f 10500 10502 10501
f 10528 10500 10501
f 10527 10500 10528
f 10501 10502 10799
f 10528 10501 10819
f 10501 10799 10819
f 10502 10529 10800
f 10800 10799 10502
f 10503 10505 10504
f 10505 10504 10532
f 10504 10505 10801
f 10532 10504 10531
f 10802 10531 10504
f 10802 10504 10801
f 10506 10803 10505
f 10802 10801 10505
f 10802 10505 10803
f 10507 10535 10506
f 10533 10506 10535
f 10803 10506 10533
f 10508 10536 10507
f 10535 10507 10536
f 10508 10510 10509
f 10511 10510 10508
f 10509 10537 10510
f 10509 10510 10804
f 10805 10537 10509
f 10805 10509 10804
f 10511 10806 10510
f 10538 10510 10537
f 10805 10804 10510
f 10805 10510 10806
f 10513 10512 10511
f 10540 10511 10512
f 10511 10514 10513
f 10539 10511 10540
f 10806 10511 10539
f 10513 10808 10512
f 10540 10512 10807
f 10807 10512 10808
f 10541 10513 10514
f 10823 10513 10541
f 10808 10513 10823
f 10541 10514 10542
f 10515 10543 10516
f 10515 10517 10809
f 10810 10543 10515
f 10810 10515 10809
f 10544 10516 10543
f 10810 10517 10544
f 10810 10809 10517
f 10519 10550 10518
f 10518 10550 10548
f 10548 10828 10518
f 10828 10794 10518
f 10550 10519 10829
f 10795 10829 10519
f 10814 10520 10521
f 10831 10552 10520
f 10814 10812 10520
f 10520 10812 10831
f 10522 10523 10521
f 10521 10524 10523
f 10555 10521 10523
f 10553 10832 10521
f 10555 10554 10521
f 10521 10554 10616
f 10637 10597 10521
f 10637 10521 10616
f 10814 10521 10832
f 10522 10554 10523
f 10547 10554 10522
f 10522 10638 10554
f 10523 10524 10816
f 10523 10555 10525
f 10523 10554 10555
f 10816 10555 10523
f 10525 10526 10524
f 10525 10524 10527
f 10817 10524 10526
f 10817 10816 10524
f 10526 10525 10527
f 10526 10525 10798
f 10557 10527 10525
f 10557 10525 10555
f 10527 10817 10526
f 10527 10528 10529
f 10527 10559 10528
f 10528 10527 10818
f 10528 10819 10527
f 10557 10559 10527
f 10817 10527 10819
f 10818 10527 10819
f 10529 10528 10561
f 10529 10820 10528
f 10560 10528 10559
f 10561 10528 10560
f 10818 10819 10528
f 10819 10528 10820
f 10529 10530 10820
f 10533 10529 10562
f 10561 10562 10529
f 10529 10820 10800
f 10821 10530 10533
f 10821 10820 10530
f 10532 10531 10802
f 10532 10802 10533
f 10535 10534 10533
f 10535 10536 10533
f 10533 10562 10535
f 10533 10536 10821
f 10802 10803 10533
f 10563 10536 10535
f 10563 10535 10562
f 10536 10564 10539
f 10822 10536 10539
f 10564 10536 10563
f 10822 10821 10536
f 10538 10537 10805
f 10538 10806 10539
f 10805 10806 10538
f 10539 10565 10540
f 10539 10540 10822
f 10539 10564 10565
f 10541 10540 10567
f 10540 10541 10822
f 10566 10540 10565
f 10540 10566 10567
f 10540 10807 10822
f 10542 10541 10568
f 10541 10542 10823
f 10567 10568 10541
f 10823 10822 10541
f 10568 10544 10542
f 10826 10542 10544
f 10826 10823 10542
f 10544 10543 10810
f 10544 10569 10545
f 10544 10568 10569
f 10826 10544 10776
f 10545 10569 10570
f 10545 10570 10844
f 10844 10796 10545
f 10554 10547 10571
f 10572 10549 10548
f 10548 10550 10572
f 10548 10572 10845
f 10548 10572 10871
f 10753 10548 10871
f 10828 10548 10778
f 10548 10845 10828
f 10572 10573 10549
f 10574 10572 10550
f 10550 10829 10574
f 10551 10575 10830
f 10780 10551 10830
f 10577 10552 10553
f 10553 10552 10832
f 10577 10576 10552
f 10831 10832 10552
f 10833 10555 10554
f 10834 10554 10555
f 10617 10616 10554
f 10617 10554 10638
f 10554 10617 10833
f 10617 10554 10874
f 10834 10833 10554
f 10833 10874 10554
f 10557 10555 10556
f 10556 10555 10835
f 10816 10834 10555
f 10834 10555 10833
f 10834 10835 10555
f 10557 10556 10835
f 10558 10559 10557
f 10558 10557 10580
f 10558 10557 10836
f 10558 10837 10557
f 10580 10557 10579
f 10579 10557 10851
f 10836 10557 10835
f 10836 10557 10837
f 10836 10851 10557
f 10559 10558 10581
f 10558 10580 10581
f 10558 10836 10837
f 10559 10561 10560
f 10583 10560 10559
f 10559 10560 10838
f 10559 10838 10561
f 10582 10559 10581
f 10559 10582 10583
f 10583 10855 10560
f 10839 10838 10560
f 10839 10560 10855
f 10561 10840 10562
f 10840 10561 10838
f 10562 10840 10563
f 10563 10841 10564
f 10841 10563 10840
f 10841 10565 10564
f 10567 10566 10565
f 10565 10568 10567
f 10565 10841 10568
f 10569 10568 10842
f 10842 10568 10841
f 10570 10569 10842
f 10844 10570 10842
f 10592 10573 10572
f 10572 10574 10592
f 10574 10845 10572
f 10846 10574 10572
f 10592 10572 10845
f 10572 10592 10871
f 10845 10846 10572
f 10593 10574 10573
f 10592 10593 10573
f 10594 10592 10574
f 10593 10594 10574
f 10594 10574 10858
f 10829 10846 10574
f 10845 10574 10846
f 10858 10574 10846
f 10575 10595 10859
f 10830 10575 10847
f 10847 10575 10859
f 10577 10596 10576
f 10577 10576 10848
f 10850 10576 10577
f 10850 10848 10576
f 10597 10596 10577
f 10577 10848 10850
f 10580 10579 10600
f 10600 10579 10863
f 10851 10863 10579
f 10580 10581 10602
f 10581 10580 10853
f 10580 10600 10601
f 10601 10580 10602
f 10852 10580 10601
f 10580 10852 10853
f 10582 10602 10581
f 10582 10581 10603
f 10581 10582 10853
f 10854 10582 10581
f 10601 10602 10581
f 10581 10853 10601
f 10602 10603 10581
f 10854 10581 10853
f 10583 10603 10582
f 10583 10582 10855
f 10602 10582 10603
f 10604 10582 10603
f 10854 10582 10604
f 10582 10854 10853
f 10854 10855 10582
f 10583 10584 10604
f 10605 10584 10583
f 10584 10856 10583
f 10604 10583 10603
f 10583 10604 10605
f 10867 10604 10583
f 10855 10583 10856
f 10855 10867 10583
f 10584 10605 10604
f 10605 10856 10584
f 10585 10586 10606
f 10586 10607 10606
f 10587 10588 10609
f 10608 10587 10609
f 10589 10590 10611
f 10610 10589 10611
f 10612 10593 10592
f 10594 10614 10592
f 10592 10594 10857
f 10594 10592 10858
f 10612 10592 10614
f 10857 10592 10612
f 10592 10612 10871
f 10592 10845 10857
f 10858 10592 10857
f 10612 10613 10593
f 10614 10594 10858
f 10858 10857 10594
f 10859 10595 10615
f 10599 10618 10600
f 10599 10600 10863
f 10618 10599 10875
f 10863 10862 10599
f 10862 10875 10599
f 10619 10600 10601
f 10620 10601 10600
f 10600 10863 10601
f 10600 10618 10619
f 10600 10619 10620
f 10863 10600 10619
f 10601 10641 10602
f 10619 10601 10620
f 10620 10641 10601
f 10601 10864 10620
f 10863 10852 10601
f 10864 10601 10853
f 10602 10641 10603
f 10604 10603 10605
f 10622 10603 10604
f 10603 10622 10605
f 10603 10644 10622
f 10641 10642 10603
f 10643 10603 10642
f 10603 10643 10644
f 10605 10623 10604
f 10604 10868 10605
f 10623 10622 10604
f 10604 10622 10878
f 10854 10604 10867
f 10867 10868 10604
f 10878 10867 10604
f 10605 10622 10623
f 10623 10879 10605
f 10605 10868 10856
f 10868 10605 10879
f 10612 10614 10634
f 10612 10614 10635
f 10612 10614 10857
f 10612 10872 10614
f 10634 10612 10635
f 10871 10612 10857
f 10872 10612 10871
f 10615 10635 10614
f 10873 10615 10614
f 10635 10634 10614
f 10858 10857 10614
f 10614 10872 10873
f 10636 10635 10615
f 10859 10615 10873
f 10617 10985 10616
f 10616 10984 10637
f 10984 10616 10985
f 10617 10638 10618
f 10618 10875 10617
f 10985 10617 10638
f 10994 10638 10617
f 10874 10833 10617
f 10875 10874 10617
f 10985 10617 10874
f 10617 10985 10994
f 10618 10640 10619
f 10639 10618 10638
f 10639 10640 10618
f 10619 10640 10620
f 10641 10619 10620
f 10619 10641 10640
f 10619 10640 10876
f 10619 10876 10863
f 10640 10641 10620
f 10641 10620 10889
f 10864 10877 10620
f 10877 10889 10620
f 10644 10621 10622
f 10621 10645 10622
f 10621 10643 10644
f 10645 10621 10644
f 10623 10622 10645
f 10644 10622 10645
f 10622 10644 10892
f 10892 10878 10622
f 10623 10879 10624
f 10623 10645 10625
f 10879 10623 10625
f 10623 10893 10645
f 10879 10893 10623
f 10880 10624 10879
f 10648 10626 10625
f 10626 10881 10625
f 10647 10625 10645
f 10647 10648 10625
f 10879 10625 10881
f 10627 10626 10649
f 10626 10627 10881
f 10648 10649 10626
f 10628 10627 10650
f 10881 10627 10628
f 10649 10650 10627
f 10628 10650 10629
f 10628 10629 10881
f 10630 10631 10629
f 10629 10652 10630
f 10882 10629 10631
f 10651 10629 10650
f 10651 10652 10629
f 10882 10881 10629
f 10630 10652 10631
f 10653 10632 10631
f 10632 10883 10631
f 10652 10653 10631
f 10882 10631 10883
f 10632 10654 10633
f 10654 10632 10653
f 10990 10632 10654
f 10884 10883 10632
f 10632 10990 10884
f 10655 10654 10633
f 10633 10991 10655
f 10991 10633 10885
f 10634 10656 10886
f 10637 10638 10640
f 10638 10637 10994
f 10637 10640 10658
f 10657 10637 10658
f 10993 10637 10984
f 10993 10994 10637
f 10640 10638 10639
f 10639 10638 10994
f 10638 10994 10985
f 10888 10640 10639
f 10887 10888 10639
f 10639 10995 10887
f 10639 10994 10995
f 10641 10658 10640
f 10640 10888 10876
f 10643 10641 10642
f 10641 10890 10642
f 10659 10641 10643
f 10659 10658 10641
f 10890 10641 10889
f 10642 10660 10643
f 10660 10642 10901
f 10890 10901 10642
f 10643 10644 10646
f 10644 10643 10892
f 10643 10646 10662
f 10643 10661 10659
f 10660 10901 10643
f 10643 10662 10661
f 10891 10892 10643
f 10901 10891 10643
f 10645 10646 10644
f 10645 10893 10646
f 10647 10662 10646
f 10894 10647 10646
f 10894 10646 10893
f 10649 10664 10647
f 10647 10894 10649
f 10663 10662 10647
f 10663 10647 10664
f 10649 10650 10664
f 10650 10649 10895
f 10895 10649 10894
f 10651 10665 10650
f 10650 10896 10651
f 10665 10664 10650
f 10650 10895 10896
f 10651 10652 10666
f 10652 10651 10896
f 10651 10666 10665
f 10652 10654 10667
f 10652 10897 10654
f 10652 10667 10666
f 10896 10897 10652
f 10655 10669 10654
f 10654 10655 10999
f 10668 10667 10654
f 10668 10654 10669
f 10898 10654 10897
f 10898 10999 10654
f 10654 10999 10990
f 10656 10655 10900
f 10899 10900 10655
f 11000 10899 10655
f 11000 10655 10991
f 10655 10999 11000
f 10900 10886 10656
f 10658 10659 10661
f 10671 10670 10690
f 10670 10671 10902
f 10690 10670 10913
f 10913 10670 10902
f 10690 10671 10691
f 10690 10913 10671
f 10913 10902 10671
f 10693 10674 10692
f 10692 10674 10914
f 10693 10915 10674
f 10674 10904 10903
f 10914 10674 10903
f 10674 10915 10904
f 10695 10675 10694
f 10694 10675 10916
f 10695 10917 10675
f 10906 10905 10675
f 10916 10675 10905
f 10917 10906 10675
f 10678 10697 10679
f 10678 10679 10918
f 10696 10678 10918
f 10918 10678 10907
f 10697 10918 10679
f 10699 10680 10681
f 10699 10680 10698
f 10698 10680 10919
f 10699 10920 10680
f 10908 10680 10909
f 10919 10680 10908
f 10920 10909 10680
f 10684 10910 10683
f 10700 10683 10921
f 10921 10683 10910
f 10701 10921 10684
f 10921 10910 10684
f 10702 10685 10686
f 10685 10923 10702
f 10923 10685 10911
f 10703 10688 10689
f 10703 10689 10924
f 10924 10689 10912
f 10915 10693 10692
f 10914 10915 10692
f 10694 10916 10695
f 10916 10917 10695
f 10696 10918 10697
f 10919 10699 10920
f 10700 10921 10701
f 10922 10702 10923
f 10924 10925 10703
f 10716 10704 10705
f 10717 10705 10704
f 10717 10704 10716
f 10705 10717 10716
f 10718 10719 10706
f 10708 10722 10723
f 10725 10712 10711
f 10726 10711 10712
f 10725 10726 10712
f 10715 10714 10728
f 10729 10714 10715
f 10715 10728 10729
f 10731 10733 10730
f 10733 10732 10730
f 10734 10747 10735
f 10734 10735 10939
f 10938 10734 10939
f 10748 10736 10735
f 10739 10735 10737
f 10735 10739 10742
f 10735 10742 10939
f 10747 10748 10735
f 10738 10737 10736
f 10736 10742 10738
f 10736 10749 10742
f 10748 10749 10736
f 10740 10738 10742
f 10741 10742 10739
f 10751 10743 10742
f 10940 10742 10743
f 10750 10742 10749
f 10751 10742 10750
f 10940 10939 10742
f 10751 10941 10743
f 10940 10743 10941
f 10745 10753 10744
f 10744 10942 10752
f 10948 10744 10753
f 10948 10942 10744
f 10747 10746 10763
f 10762 10763 10746
f 10762 10746 10950
f 10944 10950 10746
f 10747 10764 10748
f 10763 10764 10747
f 10748 10764 10749
f 10750 10749 10754
f 10754 10749 10777
f 10765 10749 10764
f 10765 10777 10749
f 10752 10751 10750
f 10752 10750 10755
f 10754 10755 10750
f 10948 10751 10752
f 10751 10947 10941
f 10947 10751 10948
f 10752 10942 10948
f 10753 10871 10949
f 10948 10753 10949
f 10754 10777 10755
f 10755 10777 10844
f 10870 10811 10755
f 10844 10870 10755
f 10756 10757 10759
f 10756 10760 10757
f 10756 10759 10760
f 10760 10757 10758
f 10760 10759 10757
f 10761 10760 10758
f 10760 10779 10759
f 10778 10759 10779
f 10761 10779 10760
f 10780 10779 10761
f 10783 10762 10763
f 10950 10763 10762
f 10782 10781 10762
f 10783 10782 10762
f 10783 10763 10764
f 10764 10763 10784
f 10763 10951 10764
f 10763 10783 10784
f 10950 10951 10763
f 10764 10767 10766
f 10770 10767 10764
f 10764 10776 10770
f 10784 10764 10774
f 10774 10764 10790
f 10764 10951 10776
f 10784 10783 10764
f 10764 10784 10790
f 10765 10769 10777
f 10767 10770 10768
f 10771 10777 10769
f 10771 10770 10773
f 10773 10770 10776
f 10772 10771 10773
f 10790 10774 10775
f 10775 10774 10791
f 10790 10784 10774
f 10774 10790 10791
f 10791 10775 10776
f 10791 10790 10775
f 10791 10776 10792
f 10792 10776 10793
f 10776 10843 10826
f 10843 10776 10971
f 10956 10776 10951
f 10971 10776 10956
f 10777 10796 10844
f 10778 10828 10779
f 10779 10829 10778
f 10794 10828 10778
f 10828 10778 10829
f 10780 10830 10779
f 10829 10795 10779
f 10779 10828 10829
f 10829 10779 10830
f 10781 10814 10782
f 10782 10815 10781
f 10815 10814 10781
f 10782 10815 10783
f 10783 10816 10782
f 10814 10815 10782
f 10816 10815 10782
f 10783 10816 10784
f 10784 10817 10783
f 10815 10816 10783
f 10817 10816 10783
f 10784 10790 10817
f 10816 10817 10784
f 10791 10790 10824
f 10790 10791 10825
f 10790 10824 10817
f 10824 10790 10825
f 10792 10791 10825
f 10791 10792 10826
f 10825 10791 10824
f 10825 10791 10826
f 10793 10792 10826
f 10792 10793 10827
f 10826 10792 10825
f 10826 10792 10827
f 10827 10793 10826
f 10800 10819 10799
f 10819 10800 10820
f 10807 10808 10823
f 10823 10822 10807
f 10831 10812 10814
f 10831 10814 10832
f 10817 10834 10816
f 10817 10819 10821
f 10822 10817 10821
f 10826 10817 10822
f 10817 10826 10835
f 10834 10817 10835
f 10820 10821 10819
f 10826 10822 10823
f 10835 10826 10843
f 10829 10845 10828
f 10847 10829 10830
f 10846 10845 10829
f 10847 10846 10829
f 10848 10832 10831
f 10832 10965 10831
f 10848 10831 10972
f 10965 10972 10831
f 10848 10850 10832
f 10832 10850 10973
f 10832 10966 10965
f 10973 10966 10832
f 10833 10874 10834
f 10833 10834 10967
f 10833 10967 10874
f 10835 10834 10863
f 10834 10835 10968
f 10862 10863 10834
f 10834 10875 10862
f 10874 10875 10834
f 10967 10834 10968
f 10851 10836 10835
f 10835 10843 10968
f 10863 10851 10835
f 10854 10837 10838
f 10838 10837 10970
f 10837 10853 10852
f 10837 10852 10969
f 10854 10853 10837
f 10969 10970 10837
f 10838 10839 10844
f 10840 10838 10841
f 10844 10841 10838
f 10854 10838 10970
f 10839 10855 10844
f 10842 10841 10844
f 10971 10968 10843
f 10855 10856 10844
f 10868 10844 10856
f 10868 10879 10844
f 10869 10870 10844
f 10844 10879 10869
f 10845 10846 10857
f 10858 10846 10845
f 10845 10857 10858
f 10858 10846 10847
f 10858 10857 10846
f 10859 10858 10847
f 10850 10848 10973
f 10972 10973 10848
f 10849 10850 10860
f 10850 10861 10860
f 10852 10863 10851
f 10974 10852 10851
f 10863 10979 10851
f 10974 10851 10979
f 10975 10969 10852
f 10975 10852 10974
f 10853 10854 10866
f 10864 10853 10865
f 10853 10866 10865
f 10854 10976 10855
f 10866 10854 10867
f 10976 10854 10970
f 10855 10856 10868
f 10856 10855 10978
f 10868 10867 10855
f 10977 10855 10976
f 10977 10978 10855
f 10856 10978 10868
f 10858 10871 10857
f 10858 10859 10872
f 10871 10858 10872
f 10873 10872 10859
f 10876 10987 10863
f 10979 10863 10987
f 10864 10865 10877
f 10866 10889 10865
f 10889 10877 10865
f 10866 10867 10889
f 10867 10878 10889
f 10879 10868 10988
f 10980 10868 10978
f 10980 10988 10868
f 10869 10884 10870
f 10879 10880 10869
f 10883 10869 10880
f 10883 10884 10869
f 10885 10870 10884
f 10983 10871 10886
f 10983 10949 10871
f 10985 10874 10967
f 10875 10986 10887
f 10875 10887 10995
f 10875 10995 10986
f 10888 10996 10876
f 10996 10987 10876
f 10889 10878 10890
f 10890 10878 10891
f 10892 10891 10878
f 10879 10883 10880
f 10879 10881 10883
f 10997 10893 10879
f 10997 10879 10988
f 10882 10883 10881
f 10991 10885 10884
f 10884 10990 10991
f 10886 10899 10885
f 10886 10885 10991
f 10899 11000 10885
f 10885 11000 10991
f 10886 10900 10899
f 10983 10886 10992
f 10992 10886 10991
f 10996 10888 10887
f 10995 10887 10986
f 10887 10995 10996
f 10891 10901 10890
f 10894 10893 10895
f 10897 10895 10893
f 10893 10997 10897
f 10896 10895 10897
f 10898 10897 10998
f 10997 10998 10897
f 10998 10999 10898
f 10903 10904 10915
f 10915 10914 10903
f 10905 10906 10916
f 10916 10906 10917
f 10908 10909 10919
f 10919 10909 10920
f 10911 10922 10923
f 10924 10912 10925
f 10926 10913 11011
f 11011 11001 10913
f 10927 11013 10915
f 10915 11013 11002
f 10928 10916 11014
f 11014 11003 10916
f 10929 11016 10918
f 10918 11016 11004
f 10930 10919 10920
f 11005 10920 10919
f 10930 10919 11017
f 11018 10919 10930
f 10919 11005 11017
f 11018 11005 10919
f 10931 11019 10921
f 10921 11019 11006
f 10923 11007 10922
f 10932 10922 11020
f 10922 11007 11020
f 11021 10923 10933
f 11007 10923 11008
f 11021 11008 10923
f 10935 10925 10924
f 11010 10924 10925
f 10935 10924 10934
f 10934 10924 11022
f 10924 11010 11009
f 10924 11009 11022
f 10935 11023 10925
f 10925 11023 11010
f 11018 10930 11017
f 11022 10935 10934
f 11022 11023 10935
f 10936 10937 10943
f 10938 10945 10937
f 10937 10944 10943
f 10944 10937 10945
f 10939 10951 10938
f 10945 10938 10950
f 10938 10951 10950
f 10940 10946 10939
f 10946 10956 10939
f 10951 10939 10956
f 10941 10947 10940
f 10946 10940 10947
f 10942 10948 10941
f 10948 10947 10941
f 10945 10950 10944
f 10948 10946 10947
f 10946 10948 10956
f 10948 10949 10983
f 10956 10948 10971
f 10948 10982 10971
f 10948 10983 10982
f 10952 10953 10957
f 10953 10958 10957
f 10954 10955 10960
f 10959 10954 10960
f 10966 10972 10965
f 10972 10966 10973
f 10968 10987 10967
f 10986 10985 10967
f 10986 10967 10987
f 10969 10968 10970
f 10975 10968 10969
f 10971 10970 10968
f 10974 10968 10975
f 10979 10968 10974
f 10979 10987 10968
f 10971 10976 10970
f 10976 10971 10977
f 10977 10971 10978
f 10978 10971 10980
f 10980 10971 10988
f 10981 10971 10982
f 10971 10981 10988
f 10981 10982 10989
f 10989 10988 10981
f 10982 10983 10992
f 10991 10989 10982
f 10991 10982 10992
f 10993 10984 10985
f 10986 10995 10985
f 10985 10994 10993
f 10985 10995 10994
f 10987 10995 10986
f 10995 10987 10996
f 10988 10989 10998
f 10988 10998 10997
f 10991 10990 10989
f 10990 10998 10989
f 10991 11000 10990
f 10999 10998 10990
f 11000 10999 10990
f 11017 11005 11018
f 11021 11007 11008
f 11021 11020 11007
f 11009 11010 11022
f 11022 11010 11023
f 11025 11011 11024
f 11024 11011 11052
f 11053 11011 11025
f 11039 11038 11011
f 11052 11011 11038
f 11011 11053 11039
f 11012 11026 11013
f 11013 11041 11012
f 11012 11056 11026
f 11041 11040 11012
f 11056 11012 11040
f 11056 11013 11027
f 11056 11041 11013
f 11014 11028 11015
f 11015 11042 11014
f 11028 11014 11057
f 11057 11014 11042
f 11015 11028 11029
f 11057 11015 11029
f 11043 11042 11015
f 11057 11043 11015
f 11016 11030 11031
f 11016 11060 11030
f 11060 11016 11031
f 11045 11044 11016
f 11060 11016 11044
f 11060 11045 11016
f 11060 11016 11061
f 11018 11047 11017
f 11017 11062 11032
f 11047 11046 11017
f 11046 11062 11017
f 11062 11018 11033
f 11018 11062 11047
f 11019 11034 11035
f 11019 11065 11034
f 11066 11019 11035
f 11049 11048 11019
f 11065 11019 11048
f 11066 11049 11019
f 11020 11021 11036
f 11050 11020 11021
f 11036 11021 11067
f 11067 11021 11050
f 11037 11022 11023
f 11051 11023 11022
f 11071 11022 11037
f 11071 11022 11051
f 11052 11053 11024
f 11026 11056 11027
f 11028 11057 11029
f 11032 11062 11033
f 11062 11033 11063
f 11068 11036 11067
f 11037 11071 11070
f 11039 11053 11038
f 11038 11053 11052
f 11041 11056 11040
f 11043 11057 11042
f 11060 11044 11045
f 11047 11062 11046
f 11063 11062 11047
f 11049 11065 11048
f 11049 11066 11065
f 11068 11067 11050
f 11071 11051 11070
