Oluşturma başlatıldı: 4.08.2026 13:06:16.
Günlük kaydı ayrıntı düzeyi Detailed olarak ayarlandı.     0>İşlem = "C:\Program Files\dotnet\dotnet.exe"
       MSBuild yürütülebilir yolu = "C:\Program Files\dotnet\sdk\10.0.103\MSBuild.dll"
       Komut satırı bağımsız değişkenleri = "C:\Program Files\dotnet\sdk\10.0.103\MSBuild.dll -maxcpucount --verbosity:m -tlp:default=auto --property:NuGetInteractive=true --restoreProperty:NuGetInteractive=true --restoreProperty:EnableDefaultCompileItems=false --restoreProperty:EnableDefaultEmbeddedResourceItems=false --restoreProperty:EnableDefaultNoneItems=false -fl -flp:logfile=msbuild.log -consoleloggerparameters:Summary -restore -distributedlogger:Microsoft.DotNet.Cli.Commands.MSBuild.MSBuildLogger,C:\Program Files\dotnet\sdk\10.0.103\dotnet.dll*Microsoft.DotNet.Cli.Commands.MSBuild.MSBuildForwardingLogger,C:\Program Files\dotnet\sdk\10.0.103\dotnet.dll -nologo"
       Geçerli dizin = "C:\Users\ayhan\OneDrive\Desktop\Canlı OBD2 Araç Telemetri Ekranı\HondaTuner"
       MSBuild sürümü = "18.0.11+c2435c3e0"
       Windows kayıt defteri anahtarı LongPathsEnabled ayarına bağlı olarak LongPaths özelliği etkin.
       Windows kayıt defteri anahtarı VerifiedAndReputablePolicyState'e göre SAC durumu = 0: kapalı.
       "Microsoft.NET.Sdk" SDK’sı "DefaultSdkResolver" çözümleyicisi tarafından "C:\Program Files\dotnet\sdk\10.0.103\Sdks\Microsoft.NET.Sdk\Sdk" konumuna ve "" sürümüne başarıyla çözümlendi.
       C:\Program Files\dotnet\sdk\10.0.103\Sdks\Microsoft.NET.Sdk\Sdk\Sdk.props(49,11): message : 'C:\Program Files\dotnet\sdk\10.0.103\' değerine sahip 'MSBuildExtensionsPath' özelliği ortamdan genişletildi.
       C:\Program Files\dotnet\sdk\10.0.103\Current\Microsoft.Common.props(60,5): message : Özellik yeniden ataması: $(MSBuildProjectExtensionsPath)="C:\Users\ayhan\OneDrive\Desktop\Canlı OBD2 Araç Telemetri Ekranı\HondaTuner\obj\" (önceki değer: "obj\") konum: C:\Program Files\dotnet\sdk\10.0.103\Current\Microsoft.Common.props (60,5)
       C:\Program Files\dotnet\sdk\10.0.103\Current\Microsoft.Common.props(84,119): message : 'C:\Users\ayhan\AppData\Local\Microsoft\MSBuild' değerine sahip 'MSBuildUserExtensionsPath' özelliği ortamdan genişletildi.
       Derleme Evaluation sırasında yüklendi: System.Threading.Tasks.Parallel, Version=10.0.0.0, Culture=neutral, PublicKeyToken=b03f5f7f11d50a3a (konum: C:\Program Files\dotnet\shared\Microsoft.NETCore.App\10.0.3\System.Threading.Tasks.Parallel.dll, MVID: 484bafc2-9f0e-4e62-8af6-e65d5cd71f84, AssemblyLoadContext: Default)
       C:\Program Files\dotnet\sdk\10.0.103\Sdks\Microsoft.NET.Sdk\targets\Microsoft.NET.Sdk.props(90,5): message : Özellik yeniden ataması: $(AssemblySearchPaths)="{CandidateAssemblyFiles};{HintPathFromItem}" (önceki değer: "{CandidateAssemblyFiles}") konum: C:\Program Files\dotnet\sdk\10.0.103\Sdks\Microsoft.NET.Sdk\targets\Microsoft.NET.Sdk.props (90,5)
       C:\Program Files\dotnet\sdk\10.0.103\Sdks\Microsoft.NET.Sdk\targets\Microsoft.NET.Sdk.props(91,5): message : Özellik yeniden ataması: $(AssemblySearchPaths)="{CandidateAssemblyFiles};{HintPathFromItem};{TargetFrameworkDirectory}" (önceki değer: "{CandidateAssemblyFiles};{HintPathFromItem}") konum: C:\Program Files\dotnet\sdk\10.0.103\Sdks\Microsoft.NET.Sdk\targets\Microsoft.NET.Sdk.props (91,5)
       C:\Program Files\dotnet\sdk\10.0.103\Sdks\Microsoft.NET.Sdk\targets\Microsoft.NET.Sdk.props(92,5): message : Özellik yeniden ataması: $(AssemblySearchPaths)="{CandidateAssemblyFiles};{HintPathFromItem};{TargetFrameworkDirectory};{RawFileName}" (önceki değer: "{CandidateAssemblyFiles};{HintPathFromItem};{TargetFrameworkDirectory}") konum: C:\Program Files\dotnet\sdk\10.0.103\Sdks\Microsoft.NET.Sdk\targets\Microsoft.NET.Sdk.props (92,5)
       "DefaultSdkResolver" çözümleyicisi "Microsoft.NET.SDK.WorkloadAutoImportPropsLocator" SDK’sını çözümlemeyi denedi.
       Uyarılar: null
       Hatalar: MSB4276: "C:\Program Files\dotnet\sdk\10.0.103\Sdks\Microsoft.NET.SDK.WorkloadAutoImportPropsLocator\Sdk" dizini olmadığından, varsayılan SDK çözümleyicisi "Microsoft.NET.SDK.WorkloadAutoImportPropsLocator" SDK’sını çözümleyemedi.
       Derleme Evaluation sırasında yüklendi: System.Collections.NonGeneric, Version=10.0.0.0, Culture=neutral, PublicKeyToken=b03f5f7f11d50a3a (konum: C:\Program Files\dotnet\shared\Microsoft.NETCore.App\10.0.3\System.Collections.NonGeneric.dll, MVID: 34793951-de27-497a-86fa-ff7f73c34148, AssemblyLoadContext: Default)
       Derleme Evaluation sırasında yüklendi: Microsoft.Build.NuGetSdkResolver, Version=7.0.2.0, Culture=neutral, PublicKeyToken=31bf3856ad364e35 (konum: C:\Program Files\dotnet\sdk\10.0.103\Microsoft.Build.NuGetSdkResolver.dll, MVID: db6aefef-493b-4de6-a593-ae519e8edd6f, AssemblyLoadContext: MSBuild plugin C:\Program Files\dotnet\sdk\10.0.103\Microsoft.Build.NuGetSdkResolver.dll)
       Derleme Evaluation sırasında yüklendi: System.Reflection.Metadata, Version=10.0.0.0, Culture=neutral, PublicKeyToken=b03f5f7f11d50a3a (konum: C:\Program Files\dotnet\shared\Microsoft.NETCore.App\10.0.3\System.Reflection.Metadata.dll, MVID: 27047d9b-17f3-4ec1-8143-6797ef25cd28, AssemblyLoadContext: Default)
       Derleme Evaluation sırasında yüklendi: NuGet.Common, Version=7.0.2.0, Culture=neutral, PublicKeyToken=31bf3856ad364e35 (konum: C:\Program Files\dotnet\sdk\10.0.103\NuGet.Common.dll, MVID: 9a75e9a2-ebcf-4c20-863c-86b8d21a910c, AssemblyLoadContext: MSBuild plugin C:\Program Files\dotnet\sdk\10.0.103\Microsoft.Build.NuGetSdkResolver.dll)
       Derleme Evaluation sırasında yüklendi: Microsoft.NET.Sdk.WorkloadMSBuildSdkResolver, Version=10.0.103.0, Culture=neutral, PublicKeyToken=31bf3856ad364e35 (konum: C:\Program Files\dotnet\sdk\10.0.103\Microsoft.NET.Sdk.WorkloadMSBuildSdkResolver.dll, MVID: 32d497b5-3f90-4858-91ed-bef3ae025be9, AssemblyLoadContext: MSBuild plugin C:\Program Files\dotnet\sdk\10.0.103\Microsoft.NET.Sdk.WorkloadMSBuildSdkResolver.dll)
       Derleme Evaluation sırasında yüklendi: Microsoft.DotNet.Cli.Utils, Version=10.0.103.0, Culture=neutral, PublicKeyToken=adb9793829ddae60 (konum: C:\Program Files\dotnet\sdk\10.0.103\Microsoft.DotNet.Cli.Utils.dll, MVID: 0c51fd09-7ce3-414f-b142-ef79f42ae85b, AssemblyLoadContext: MSBuild plugin C:\Program Files\dotnet\sdk\10.0.103\Microsoft.NET.Sdk.WorkloadMSBuildSdkResolver.dll)
       Derleme Evaluation sırasında yüklendi: Microsoft.NET.Sdk.WorkloadManifestReader, Version=10.0.103.0, Culture=neutral, PublicKeyToken=adb9793829ddae60 (konum: C:\Program Files\dotnet\sdk\10.0.103\Microsoft.NET.Sdk.WorkloadManifestReader.dll, MVID: 4fc5b50b-0d78-444c-9b7f-2f8a62d0eac5, AssemblyLoadContext: MSBuild plugin C:\Program Files\dotnet\sdk\10.0.103\Microsoft.NET.Sdk.WorkloadMSBuildSdkResolver.dll)
       Derleme Evaluation sırasında yüklendi: Microsoft.Deployment.DotNet.Releases, Version=2.0.0.0, Culture=neutral, PublicKeyToken=31bf3856ad364e35 (konum: C:\Program Files\dotnet\sdk\10.0.103\Microsoft.Deployment.DotNet.Releases.dll, MVID: ea43f8b8-b27f-4976-9d85-2b4f42217a94, AssemblyLoadContext: MSBuild plugin C:\Program Files\dotnet\sdk\10.0.103\Microsoft.NET.Sdk.WorkloadMSBuildSdkResolver.dll)
       "Microsoft.NET.SDK.WorkloadAutoImportPropsLocator" SDK’sı "Microsoft.DotNet.MSBuildWorkloadSdkResolver" çözümleyicisi tarafından "null" konumuna ve "null" sürümüne başarıyla çözümlendi.
       C:\Users\ayhan\OneDrive\Desktop\Canlı OBD2 Araç Telemetri Ekranı\HondaTuner\HondaTuner.csproj(4,5): message : Özellik yeniden ataması: $(OutputType)="WinExe" (önceki değer: "Library") konum: C:\Users\ayhan\OneDrive\Desktop\Canlı OBD2 Araç Telemetri Ekranı\HondaTuner\HondaTuner.csproj (4,5)
       C:\Program Files\dotnet\sdk\10.0.103\Sdks\Microsoft.NET.Sdk\targets\Microsoft.NET.Sdk.ImportPublishProfile.targets(28,5): message : Özellik yeniden ataması: $(PublishProfileImported)="false" (önceki değer: "true") konum: C:\Program Files\dotnet\sdk\10.0.103\Sdks\Microsoft.NET.Sdk\targets\Microsoft.NET.Sdk.ImportPublishProfile.targets (28,5)
       Derleme Evaluation sırasında yüklendi: NuGet.Frameworks, Version=7.0.2.0, Culture=neutral, PublicKeyToken=31bf3856ad364e35 (konum: C:\Program Files\dotnet\sdk\10.0.103\NuGet.Frameworks.dll, MVID: 1b7b49ca-9945-4cfa-824f-5d73c248e8d6, AssemblyLoadContext: Assembly.LoadFile(C:\Program Files\dotnet\sdk\10.0.103\NuGet.Frameworks.dll))
       C:\Program Files\dotnet\sdk\10.0.103\Sdks\Microsoft.NET.Sdk\targets\Microsoft.NET.TargetFrameworkInference.targets(80,5): message : Özellik yeniden ataması: $(TargetPlatformVersion)="0.0" (önceki değer: "0.0.0.0") konum: C:\Program Files\dotnet\sdk\10.0.103\Sdks\Microsoft.NET.Sdk\targets\Microsoft.NET.TargetFrameworkInference.targets (80,5)
       C:\Program Files\dotnet\sdk\10.0.103\Sdks\Microsoft.NET.Sdk\targets\Microsoft.NET.TargetFrameworkInference.targets(81,5): message : Özellik yeniden ataması: $(TargetPlatformVersion)="" (önceki değer: "0.0") konum: C:\Program Files\dotnet\sdk\10.0.103\Sdks\Microsoft.NET.Sdk\targets\Microsoft.NET.TargetFrameworkInference.targets (81,5)
       C:\Program Files\dotnet\sdk\10.0.103\Sdks\Microsoft.NET.Sdk\targets\Microsoft.NET.TargetFrameworkInference.targets(84,5): message : Özellik yeniden ataması: $(TargetPlatformIdentifier)="Windows" (önceki değer: "windows") konum: C:\Program Files\dotnet\sdk\10.0.103\Sdks\Microsoft.NET.Sdk\targets\Microsoft.NET.TargetFrameworkInference.targets (84,5)
       C:\Program Files\dotnet\sdk\10.0.103\Sdks\Microsoft.NET.Sdk\targets\Microsoft.NET.DefaultOutputPaths.targets(127,5): message : Özellik yeniden ataması: $(DefaultItemExcludes)=";bin\Debug\/**;obj\Debug\/**" (önceki değer: ";bin\Debug\/**") konum: C:\Program Files\dotnet\sdk\10.0.103\Sdks\Microsoft.NET.Sdk\targets\Microsoft.NET.DefaultOutputPaths.targets (127,5)
       C:\Program Files\dotnet\sdk\10.0.103\Sdks\Microsoft.NET.Sdk\targets\Microsoft.NET.DefaultOutputPaths.targets(142,5): message : Özellik yeniden ataması: $(OutputPath)="bin\Debug\net6.0-windows\" (önceki değer: "bin\Debug\") konum: C:\Program Files\dotnet\sdk\10.0.103\Sdks\Microsoft.NET.Sdk\targets\Microsoft.NET.DefaultOutputPaths.targets (142,5)
       C:\Program Files\dotnet\sdk\10.0.103\Sdks\Microsoft.NET.Sdk\targets\Microsoft.NET.DefaultOutputPaths.targets(147,5): message : Özellik yeniden ataması: $(IntermediateOutputPath)="obj\Debug\net6.0-windows\" (önceki değer: "obj\Debug\") konum: C:\Program Files\dotnet\sdk\10.0.103\Sdks\Microsoft.NET.Sdk\targets\Microsoft.NET.DefaultOutputPaths.targets (147,5)
       "DefaultSdkResolver" çözümleyicisi "Microsoft.NET.SDK.WorkloadManifestTargetsLocator" SDK’sını çözümlemeyi denedi.
       Uyarılar: null
       Hatalar: MSB4276: "C:\Program Files\dotnet\sdk\10.0.103\Sdks\Microsoft.NET.SDK.WorkloadManifestTargetsLocator\Sdk" dizini olmadığından, varsayılan SDK çözümleyicisi "Microsoft.NET.SDK.WorkloadManifestTargetsLocator" SDK’sını çözümleyemedi.
       "Microsoft.NET.SDK.WorkloadManifestTargetsLocator" SDK’sı "Microsoft.DotNet.MSBuildWorkloadSdkResolver" çözümleyicisi tarafından "C:\Program Files\dotnet\sdk-manifests\10.0.100\microsoft.net.sdk.android\36.1.2" konumuna ve "null" sürümüne başarıyla çözümlendi.
       C:\Program Files\dotnet\sdk\10.0.103\Sdks\Microsoft.NET.Sdk\targets\Microsoft.NET.Sdk.BeforeCommon.targets(371,5): message : Özellik yeniden ataması: $(RoslynTargetsPath)="C:\Program Files\dotnet\sdk\10.0.103\Sdks\Microsoft.NET.Sdk\targets\..\..\..\Roslyn" (önceki değer: "C:\Program Files\dotnet\sdk\10.0.103\Roslyn") konum: C:\Program Files\dotnet\sdk\10.0.103\Sdks\Microsoft.NET.Sdk\targets\Microsoft.NET.Sdk.BeforeCommon.targets (371,5)
       C:\Program Files\dotnet\sdk\10.0.103\Roslyn\Microsoft.Managed.Core.targets(6,5): message : Özellik yeniden ataması: $(_BuildTasksDirectory)="C:\Program Files\dotnet\sdk\10.0.103\Sdks\Microsoft.NET.Sdk\targets\..\..\..\Roslyn\" (önceki değer: "C:\Program Files\dotnet\sdk\10.0.103\Roslyn\") konum: C:\Program Files\dotnet\sdk\10.0.103\Roslyn\Microsoft.Managed.Core.targets (6,5)
       C:\Program Files\dotnet\sdk\10.0.103\Roslyn\Microsoft.CSharp.Core.targets(200,5): message : Özellik yeniden ataması: $(CommandLineArgsForDesignTimeEvaluation)="-langversion:10.0 -define:TRACE" (önceki değer: "-langversion:10.0") konum: C:\Program Files\dotnet\sdk\10.0.103\Roslyn\Microsoft.CSharp.Core.targets (200,5)
       Derleme Evaluation sırasında yüklendi: Microsoft.Build.Utilities.Core, Version=15.1.0.0, Culture=neutral, PublicKeyToken=b03f5f7f11d50a3a (konum: C:\Program Files\dotnet\sdk\10.0.103\Microsoft.Build.Utilities.Core.dll, MVID: f1451a5e-5f7f-4573-9f12-a7d129e87106, AssemblyLoadContext: Default)
       C:\Program Files\dotnet\sdk\10.0.103\Microsoft.Common.CurrentVersion.targets(175,5): message : Özellik yeniden ataması: $(_DebugSymbolsProduced)="true" (önceki değer: "false") konum: C:\Program Files\dotnet\sdk\10.0.103\Microsoft.Common.CurrentVersion.targets (175,5)
       C:\Program Files\dotnet\sdk\10.0.103\Microsoft.Common.CurrentVersion.targets(185,5): message : Özellik yeniden ataması: $(_DocumentationFileProduced)="false" (önceki değer: "true") konum: C:\Program Files\dotnet\sdk\10.0.103\Microsoft.Common.CurrentVersion.targets (185,5)
       C:\Program Files\dotnet\sdk\10.0.103\Microsoft.Common.CurrentVersion.targets(393,5): message : Özellik yeniden ataması: $(MSBuildCopyMarkerName)="HondaTuner.csproj.Up2Date" (önceki değer: "HondaTuner.csproj") konum: C:\Program Files\dotnet\sdk\10.0.103\Microsoft.Common.CurrentVersion.targets (393,5)
       C:\Program Files\dotnet\sdk\10.0.103\Microsoft.Common.CurrentVersion.targets(541,5): message : Özellik yeniden ataması: $(ProcessorArchitecture)="msil" (önceki değer: "") konum: C:\Program Files\dotnet\sdk\10.0.103\Microsoft.Common.CurrentVersion.targets (541,5)
       C:\Program Files\dotnet\sdk\10.0.103\Microsoft.Common.CurrentVersion.targets(580,5): message : Özellik yeniden ataması: $(DelaySign)="" (önceki değer: "false") konum: C:\Program Files\dotnet\sdk\10.0.103\Microsoft.Common.CurrentVersion.targets (580,5)
       C:\Program Files\dotnet\sdk\10.0.103\Microsoft.Common.CurrentVersion.targets(2606,5): message : 'C:\Users\ayhan\AppData\Local' değerine sahip 'LOCALAPPDATA' özelliği ortamdan genişletildi.
       C:\Program Files\dotnet\sdk\10.0.103\Microsoft.Common.CurrentVersion.targets(3934,5): message : Özellik yeniden ataması: $(_SGenGenerateSerializationAssembliesConfig)="Auto" (önceki değer: "") konum: C:\Program Files\dotnet\sdk\10.0.103\Microsoft.Common.CurrentVersion.targets (3934,5)
       C:\Program Files\dotnet\sdk\10.0.103\Microsoft.Common.CurrentVersion.targets(3935,5): message : Özellik yeniden ataması: $(_SGenGenerateSerializationAssembliesConfig)="Off" (önceki değer: "Auto") konum: C:\Program Files\dotnet\sdk\10.0.103\Microsoft.Common.CurrentVersion.targets (3935,5)
       C:\Program Files\dotnet\sdk\10.0.103\Microsoft.Common.CurrentVersion.targets(5146,5): message : Özellik yeniden ataması: $(_TargetsThatPrepareProjectReferences)="
       C:\Program Files\dotnet\sdk\10.0.103\Microsoft.Common.CurrentVersion.targets(5146,5): message :       AssignProjectConfiguration;
       C:\Program Files\dotnet\sdk\10.0.103\Microsoft.Common.CurrentVersion.targets(5146,5): message :       _SplitProjectReferencesByFileExistence
       C:\Program Files\dotnet\sdk\10.0.103\Microsoft.Common.CurrentVersion.targets(5146,5): message :     " (önceki değer: "_SplitProjectReferencesByFileExistence") konum: C:\Program Files\dotnet\sdk\10.0.103\Microsoft.Common.CurrentVersion.targets (5146,5)
       C:\Program Files\dotnet\sdk\10.0.103\Microsoft.Common.CurrentVersion.targets(6959,5): message : 'C:\Program Files\dotnet\sdk\10.0.103' değerine sahip 'MSBuildExtensionsPath32' özelliği ortamdan genişletildi.
       "NuGetInteractive" özelliği genel bir özelliktir ve değiştirilemez.
       C:\Program Files\dotnet\sdk\10.0.103\Sdks\Microsoft.NET.Sdk\targets\Microsoft.PackageDependencyResolution.targets(24,5): message : Özellik yeniden ataması: $(ProjectAssetsFile)="C:\Users\ayhan\OneDrive\Desktop\Canlı OBD2 Araç Telemetri Ekranı\HondaTuner\obj\project.assets.json" (önceki değer: "C:\Users\ayhan\OneDrive\Desktop\Canlı OBD2 Araç Telemetri Ekranı\HondaTuner\obj\/project.assets.json") konum: C:\Program Files\dotnet\sdk\10.0.103\Sdks\Microsoft.NET.Sdk\targets\Microsoft.PackageDependencyResolution.targets (24,5)
       C:\Program Files\dotnet\sdk\10.0.103\Sdks\Microsoft.NET.Sdk\targets\Microsoft.PackageDependencyResolution.targets(29,5): message : Özellik yeniden ataması: $(ProjectAssetsCacheFile)="C:\Users\ayhan\OneDrive\Desktop\Canlı OBD2 Araç Telemetri Ekranı\HondaTuner\obj\Debug\net6.0-windows\HondaTuner.assets.cache" (önceki değer: "obj\Debug\net6.0-windows\HondaTuner.assets.cache") konum: C:\Program Files\dotnet\sdk\10.0.103\Sdks\Microsoft.NET.Sdk\targets\Microsoft.PackageDependencyResolution.targets (29,5)
       C:\Program Files\dotnet\sdk\10.0.103\Sdks\Microsoft.NET.Sdk\targets\Microsoft.PackageDependencyResolution.targets(80,5): message : Özellik yeniden ataması: $(ResolveAssemblyReferencesDependsOn)="
       C:\Program Files\dotnet\sdk\10.0.103\Sdks\Microsoft.NET.Sdk\targets\Microsoft.PackageDependencyResolution.targets(80,5): message :       
       C:\Program Files\dotnet\sdk\10.0.103\Sdks\Microsoft.NET.Sdk\targets\Microsoft.PackageDependencyResolution.targets(80,5): message :       ResolveProjectReferences;
       C:\Program Files\dotnet\sdk\10.0.103\Sdks\Microsoft.NET.Sdk\targets\Microsoft.PackageDependencyResolution.targets(80,5): message :       FindInvalidProjectReferences;
       C:\Program Files\dotnet\sdk\10.0.103\Sdks\Microsoft.NET.Sdk\targets\Microsoft.PackageDependencyResolution.targets(80,5): message :       GetFrameworkPaths;
       C:\Program Files\dotnet\sdk\10.0.103\Sdks\Microsoft.NET.Sdk\targets\Microsoft.PackageDependencyResolution.targets(80,5): message :       GetReferenceAssemblyPaths;
       C:\Program Files\dotnet\sdk\10.0.103\Sdks\Microsoft.NET.Sdk\targets\Microsoft.PackageDependencyResolution.targets(80,5): message :       PrepareForBuild;
       C:\Program Files\dotnet\sdk\10.0.103\Sdks\Microsoft.NET.Sdk\targets\Microsoft.PackageDependencyResolution.targets(80,5): message :       ResolveSDKReferences;
       C:\Program Files\dotnet\sdk\10.0.103\Sdks\Microsoft.NET.Sdk\targets\Microsoft.PackageDependencyResolution.targets(80,5): message :       ExpandSDKReferences;
       C:\Program Files\dotnet\sdk\10.0.103\Sdks\Microsoft.NET.Sdk\targets\Microsoft.PackageDependencyResolution.targets(80,5): message :     ;
       C:\Program Files\dotnet\sdk\10.0.103\Sdks\Microsoft.NET.Sdk\targets\Microsoft.PackageDependencyResolution.targets(80,5): message :       ResolvePackageDependenciesForBuild;
       C:\Program Files\dotnet\sdk\10.0.103\Sdks\Microsoft.NET.Sdk\targets\Microsoft.PackageDependencyResolution.targets(80,5): message :       _HandlePackageFileConflicts;
       C:\Program Files\dotnet\sdk\10.0.103\Sdks\Microsoft.NET.Sdk\targets\Microsoft.PackageDependencyResolution.targets(80,5): message :     " (önceki değer: "
       C:\Program Files\dotnet\sdk\10.0.103\Sdks\Microsoft.NET.Sdk\targets\Microsoft.PackageDependencyResolution.targets(80,5): message :       ResolveProjectReferences;
       C:\Program Files\dotnet\sdk\10.0.103\Sdks\Microsoft.NET.Sdk\targets\Microsoft.PackageDependencyResolution.targets(80,5): message :       FindInvalidProjectReferences;
       C:\Program Files\dotnet\sdk\10.0.103\Sdks\Microsoft.NET.Sdk\targets\Microsoft.PackageDependencyResolution.targets(80,5): message :       GetFrameworkPaths;
       C:\Program Files\dotnet\sdk\10.0.103\Sdks\Microsoft.NET.Sdk\targets\Microsoft.PackageDependencyResolution.targets(80,5): message :       GetReferenceAssemblyPaths;
       C:\Program Files\dotnet\sdk\10.0.103\Sdks\Microsoft.NET.Sdk\targets\Microsoft.PackageDependencyResolution.targets(80,5): message :       PrepareForBuild;
       C:\Program Files\dotnet\sdk\10.0.103\Sdks\Microsoft.NET.Sdk\targets\Microsoft.PackageDependencyResolution.targets(80,5): message :       ResolveSDKReferences;
       C:\Program Files\dotnet\sdk\10.0.103\Sdks\Microsoft.NET.Sdk\targets\Microsoft.PackageDependencyResolution.targets(80,5): message :       ExpandSDKReferences;
       C:\Program Files\dotnet\sdk\10.0.103\Sdks\Microsoft.NET.Sdk\targets\Microsoft.PackageDependencyResolution.targets(80,5): message :     ") konum: C:\Program Files\dotnet\sdk\10.0.103\Sdks\Microsoft.NET.Sdk\targets\Microsoft.PackageDependencyResolution.targets (80,5)
       C:\Program Files\dotnet\sdk\10.0.103\Sdks\Microsoft.NET.Sdk\targets\Microsoft.PackageDependencyResolution.targets(86,5): message : Özellik yeniden ataması: $(PrepareResourcesDependsOn)="
       C:\Program Files\dotnet\sdk\10.0.103\Sdks\Microsoft.NET.Sdk\targets\Microsoft.PackageDependencyResolution.targets(86,5): message :       ResolvePackageDependenciesForBuild;
       C:\Program Files\dotnet\sdk\10.0.103\Sdks\Microsoft.NET.Sdk\targets\Microsoft.PackageDependencyResolution.targets(86,5): message :       _HandlePackageFileConflicts;
       C:\Program Files\dotnet\sdk\10.0.103\Sdks\Microsoft.NET.Sdk\targets\Microsoft.PackageDependencyResolution.targets(86,5): message :       
       C:\Program Files\dotnet\sdk\10.0.103\Sdks\Microsoft.NET.Sdk\targets\Microsoft.PackageDependencyResolution.targets(86,5): message :       ;
       C:\Program Files\dotnet\sdk\10.0.103\Sdks\Microsoft.NET.Sdk\targets\Microsoft.PackageDependencyResolution.targets(86,5): message :       PrepareResourceNames;
       C:\Program Files\dotnet\sdk\10.0.103\Sdks\Microsoft.NET.Sdk\targets\Microsoft.PackageDependencyResolution.targets(86,5): message :       ResGen;
       C:\Program Files\dotnet\sdk\10.0.103\Sdks\Microsoft.NET.Sdk\targets\Microsoft.PackageDependencyResolution.targets(86,5): message :       CompileLicxFiles
       C:\Program Files\dotnet\sdk\10.0.103\Sdks\Microsoft.NET.Sdk\targets\Microsoft.PackageDependencyResolution.targets(86,5): message :     
       C:\Program Files\dotnet\sdk\10.0.103\Sdks\Microsoft.NET.Sdk\targets\Microsoft.PackageDependencyResolution.targets(86,5): message :     " (önceki değer: "
       C:\Program Files\dotnet\sdk\10.0.103\Sdks\Microsoft.NET.Sdk\targets\Microsoft.PackageDependencyResolution.targets(86,5): message :       ;
       C:\Program Files\dotnet\sdk\10.0.103\Sdks\Microsoft.NET.Sdk\targets\Microsoft.PackageDependencyResolution.targets(86,5): message :       PrepareResourceNames;
       C:\Program Files\dotnet\sdk\10.0.103\Sdks\Microsoft.NET.Sdk\targets\Microsoft.PackageDependencyResolution.targets(86,5): message :       ResGen;
       C:\Program Files\dotnet\sdk\10.0.103\Sdks\Microsoft.NET.Sdk\targets\Microsoft.PackageDependencyResolution.targets(86,5): message :       CompileLicxFiles
       C:\Program Files\dotnet\sdk\10.0.103\Sdks\Microsoft.NET.Sdk\targets\Microsoft.PackageDependencyResolution.targets(86,5): message :     ") konum: C:\Program Files\dotnet\sdk\10.0.103\Sdks\Microsoft.NET.Sdk\targets\Microsoft.PackageDependencyResolution.targets (86,5)
       "EnableDefaultCompileItems" özelliği genel bir özelliktir ve değiştirilemez.
       "EnableDefaultEmbeddedResourceItems" özelliği genel bir özelliktir ve değiştirilemez.
       "EnableDefaultNoneItems" özelliği genel bir özelliktir ve değiştirilemez.
       C:\Program Files\dotnet\sdk\10.0.103\Sdks\Microsoft.NET.Sdk\targets\Microsoft.NET.Sdk.DefaultItems.targets(35,5): message : Özellik yeniden ataması: $(DefaultItemExcludes)=";bin\Debug\/**;obj\Debug\/**;bin\/**" (önceki değer: ";bin\Debug\/**;obj\Debug\/**") konum: C:\Program Files\dotnet\sdk\10.0.103\Sdks\Microsoft.NET.Sdk\targets\Microsoft.NET.Sdk.DefaultItems.targets (35,5)
       C:\Program Files\dotnet\sdk\10.0.103\Sdks\Microsoft.NET.Sdk\targets\Microsoft.NET.Sdk.DefaultItems.targets(37,5): message : Özellik yeniden ataması: $(DefaultItemExcludes)=";bin\Debug\/**;obj\Debug\/**;bin\/**;obj\/**" (önceki değer: ";bin\Debug\/**;obj\Debug\/**;bin\/**") konum: C:\Program Files\dotnet\sdk\10.0.103\Sdks\Microsoft.NET.Sdk\targets\Microsoft.NET.Sdk.DefaultItems.targets (37,5)
       C:\Program Files\dotnet\sdk\10.0.103\Sdks\Microsoft.NET.Sdk\targets\Microsoft.NET.Sdk.DefaultItems.targets(40,5): message : Özellik yeniden ataması: $(DefaultItemExcludes)=";bin\Debug\/**;obj\Debug\/**;bin\/**;obj\/**;**/*.user" (önceki değer: ";bin\Debug\/**;obj\Debug\/**;bin\/**;obj\/**") konum: C:\Program Files\dotnet\sdk\10.0.103\Sdks\Microsoft.NET.Sdk\targets\Microsoft.NET.Sdk.DefaultItems.targets (40,5)
       C:\Program Files\dotnet\sdk\10.0.103\Sdks\Microsoft.NET.Sdk\targets\Microsoft.NET.Sdk.DefaultItems.targets(41,5): message : Özellik yeniden ataması: $(DefaultItemExcludes)=";bin\Debug\/**;obj\Debug\/**;bin\/**;obj\/**;**/*.user;**/*.*proj" (önceki değer: ";bin\Debug\/**;obj\Debug\/**;bin\/**;obj\/**;**/*.user") konum: C:\Program Files\dotnet\sdk\10.0.103\Sdks\Microsoft.NET.Sdk\targets\Microsoft.NET.Sdk.DefaultItems.targets (41,5)
       C:\Program Files\dotnet\sdk\10.0.103\Sdks\Microsoft.NET.Sdk\targets\Microsoft.NET.Sdk.DefaultItems.targets(42,5): message : Özellik yeniden ataması: $(DefaultItemExcludes)=";bin\Debug\/**;obj\Debug\/**;bin\/**;obj\/**;**/*.user;**/*.*proj;**/*.sln" (önceki değer: ";bin\Debug\/**;obj\Debug\/**;bin\/**;obj\/**;**/*.user;**/*.*proj") konum: C:\Program Files\dotnet\sdk\10.0.103\Sdks\Microsoft.NET.Sdk\targets\Microsoft.NET.Sdk.DefaultItems.targets (42,5)
       C:\Program Files\dotnet\sdk\10.0.103\Sdks\Microsoft.NET.Sdk\targets\Microsoft.NET.Sdk.DefaultItems.targets(43,5): message : Özellik yeniden ataması: $(DefaultItemExcludes)=";bin\Debug\/**;obj\Debug\/**;bin\/**;obj\/**;**/*.user;**/*.*proj;**/*.sln;**/*.slnx" (önceki değer: ";bin\Debug\/**;obj\Debug\/**;bin\/**;obj\/**;**/*.user;**/*.*proj;**/*.sln") konum: C:\Program Files\dotnet\sdk\10.0.103\Sdks\Microsoft.NET.Sdk\targets\Microsoft.NET.Sdk.DefaultItems.targets (43,5)
       C:\Program Files\dotnet\sdk\10.0.103\Sdks\Microsoft.NET.Sdk\targets\Microsoft.NET.Sdk.DefaultItems.targets(44,5): message : Özellik yeniden ataması: $(DefaultItemExcludes)=";bin\Debug\/**;obj\Debug\/**;bin\/**;obj\/**;**/*.user;**/*.*proj;**/*.sln;**/*.slnx;**/*.vssscc" (önceki değer: ";bin\Debug\/**;obj\Debug\/**;bin\/**;obj\/**;**/*.user;**/*.*proj;**/*.sln;**/*.slnx") konum: C:\Program Files\dotnet\sdk\10.0.103\Sdks\Microsoft.NET.Sdk\targets\Microsoft.NET.Sdk.DefaultItems.targets (44,5)
       C:\Program Files\dotnet\sdk\10.0.103\Sdks\Microsoft.NET.Sdk\targets\Microsoft.NET.Sdk.DefaultItems.targets(45,5): message : Özellik yeniden ataması: $(DefaultItemExcludes)=";bin\Debug\/**;obj\Debug\/**;bin\/**;obj\/**;**/*.user;**/*.*proj;**/*.sln;**/*.slnx;**/*.vssscc;**/.DS_Store" (önceki değer: ";bin\Debug\/**;obj\Debug\/**;bin\/**;obj\/**;**/*.user;**/*.*proj;**/*.sln;**/*.slnx;**/*.vssscc") konum: C:\Program Files\dotnet\sdk\10.0.103\Sdks\Microsoft.NET.Sdk\targets\Microsoft.NET.Sdk.DefaultItems.targets (45,5)
       C:\Program Files\dotnet\sdk\10.0.103\Sdks\Microsoft.NET.Sdk\targets\Microsoft.NET.Sdk.FrameworkReferenceResolution.targets(14,5): message : Özellik yeniden ataması: $(ResolveAssemblyReferencesDependsOn)="
       C:\Program Files\dotnet\sdk\10.0.103\Sdks\Microsoft.NET.Sdk\targets\Microsoft.NET.Sdk.FrameworkReferenceResolution.targets(14,5): message :       
       C:\Program Files\dotnet\sdk\10.0.103\Sdks\Microsoft.NET.Sdk\targets\Microsoft.NET.Sdk.FrameworkReferenceResolution.targets(14,5): message :       
       C:\Program Files\dotnet\sdk\10.0.103\Sdks\Microsoft.NET.Sdk\targets\Microsoft.NET.Sdk.FrameworkReferenceResolution.targets(14,5): message :       ResolveProjectReferences;
       C:\Program Files\dotnet\sdk\10.0.103\Sdks\Microsoft.NET.Sdk\targets\Microsoft.NET.Sdk.FrameworkReferenceResolution.targets(14,5): message :       FindInvalidProjectReferences;
       C:\Program Files\dotnet\sdk\10.0.103\Sdks\Microsoft.NET.Sdk\targets\Microsoft.NET.Sdk.FrameworkReferenceResolution.targets(14,5): message :       GetFrameworkPaths;
       C:\Program Files\dotnet\sdk\10.0.103\Sdks\Microsoft.NET.Sdk\targets\Microsoft.NET.Sdk.FrameworkReferenceResolution.targets(14,5): message :       GetReferenceAssemblyPaths;
       C:\Program Files\dotnet\sdk\10.0.103\Sdks\Microsoft.NET.Sdk\targets\Microsoft.NET.Sdk.FrameworkReferenceResolution.targets(14,5): message :       PrepareForBuild;
       C:\Program Files\dotnet\sdk\10.0.103\Sdks\Microsoft.NET.Sdk\targets\Microsoft.NET.Sdk.FrameworkReferenceResolution.targets(14,5): message :       ResolveSDKReferences;
       C:\Program Files\dotnet\sdk\10.0.103\Sdks\Microsoft.NET.Sdk\targets\Microsoft.NET.Sdk.FrameworkReferenceResolution.targets(14,5): message :       ExpandSDKReferences;
       C:\Program Files\dotnet\sdk\10.0.103\Sdks\Microsoft.NET.Sdk\targets\Microsoft.NET.Sdk.FrameworkReferenceResolution.targets(14,5): message :     ;
       C:\Program Files\dotnet\sdk\10.0.103\Sdks\Microsoft.NET.Sdk\targets\Microsoft.NET.Sdk.FrameworkReferenceResolution.targets(14,5): message :       ResolvePackageDependenciesForBuild;
       C:\Program Files\dotnet\sdk\10.0.103\Sdks\Microsoft.NET.Sdk\targets\Microsoft.NET.Sdk.FrameworkReferenceResolution.targets(14,5): message :       _HandlePackageFileConflicts;
       C:\Program Files\dotnet\sdk\10.0.103\Sdks\Microsoft.NET.Sdk\targets\Microsoft.NET.Sdk.FrameworkReferenceResolution.targets(14,5): message :     ;
       C:\Program Files\dotnet\sdk\10.0.103\Sdks\Microsoft.NET.Sdk\targets\Microsoft.NET.Sdk.FrameworkReferenceResolution.targets(14,5): message :       ResolveTargetingPackAssets;
       C:\Program Files\dotnet\sdk\10.0.103\Sdks\Microsoft.NET.Sdk\targets\Microsoft.NET.Sdk.FrameworkReferenceResolution.targets(14,5): message :     " (önceki değer: "
       C:\Program Files\dotnet\sdk\10.0.103\Sdks\Microsoft.NET.Sdk\targets\Microsoft.NET.Sdk.FrameworkReferenceResolution.targets(14,5): message :       
       C:\Program Files\dotnet\sdk\10.0.103\Sdks\Microsoft.NET.Sdk\targets\Microsoft.NET.Sdk.FrameworkReferenceResolution.targets(14,5): message :       ResolveProjectReferences;
       C:\Program Files\dotnet\sdk\10.0.103\Sdks\Microsoft.NET.Sdk\targets\Microsoft.NET.Sdk.FrameworkReferenceResolution.targets(14,5): message :       FindInvalidProjectReferences;
       C:\Program Files\dotnet\sdk\10.0.103\Sdks\Microsoft.NET.Sdk\targets\Microsoft.NET.Sdk.FrameworkReferenceResolution.targets(14,5): message :       GetFrameworkPaths;
       C:\Program Files\dotnet\sdk\10.0.103\Sdks\Microsoft.NET.Sdk\targets\Microsoft.NET.Sdk.FrameworkReferenceResolution.targets(14,5): message :       GetReferenceAssemblyPaths;
       C:\Program Files\dotnet\sdk\10.0.103\Sdks\Microsoft.NET.Sdk\targets\Microsoft.NET.Sdk.FrameworkReferenceResolution.targets(14,5): message :       PrepareForBuild;
       C:\Program Files\dotnet\sdk\10.0.103\Sdks\Microsoft.NET.Sdk\targets\Microsoft.NET.Sdk.FrameworkReferenceResolution.targets(14,5): message :       ResolveSDKReferences;
       C:\Program Files\dotnet\sdk\10.0.103\Sdks\Microsoft.NET.Sdk\targets\Microsoft.NET.Sdk.FrameworkReferenceResolution.targets(14,5): message :       ExpandSDKReferences;
       C:\Program Files\dotnet\sdk\10.0.103\Sdks\Microsoft.NET.Sdk\targets\Microsoft.NET.Sdk.FrameworkReferenceResolution.targets(14,5): message :     ;
       C:\Program Files\dotnet\sdk\10.0.103\Sdks\Microsoft.NET.Sdk\targets\Microsoft.NET.Sdk.FrameworkReferenceResolution.targets(14,5): message :       ResolvePackageDependenciesForBuild;
       C:\Program Files\dotnet\sdk\10.0.103\Sdks\Microsoft.NET.Sdk\targets\Microsoft.NET.Sdk.FrameworkReferenceResolution.targets(14,5): message :       _HandlePackageFileConflicts;
       C:\Program Files\dotnet\sdk\10.0.103\Sdks\Microsoft.NET.Sdk\targets\Microsoft.NET.Sdk.FrameworkReferenceResolution.targets(14,5): message :     ") konum: C:\Program Files\dotnet\sdk\10.0.103\Sdks\Microsoft.NET.Sdk\targets\Microsoft.NET.Sdk.FrameworkReferenceResolution.targets (14,5)
       C:\Program Files\dotnet\sdk\10.0.103\Sdks\Microsoft.NET.Sdk\targets\Microsoft.NET.Sdk.targets(44,5): message : Özellik yeniden ataması: $(_GenerateRuntimeConfigurationPropertyInputsCache)="C:\Users\ayhan\OneDrive\Desktop\Canlı OBD2 Araç Telemetri Ekranı\HondaTuner\obj\Debug\net6.0-windows\HondaTuner.genruntimeconfig.cache" (önceki değer: "obj\Debug\net6.0-windows\HondaTuner.genruntimeconfig.cache") konum: C:\Program Files\dotnet\sdk\10.0.103\Sdks\Microsoft.NET.Sdk\targets\Microsoft.NET.Sdk.targets (44,5)
       C:\Program Files\dotnet\sdk\10.0.103\Sdks\Microsoft.NET.Sdk\targets\Microsoft.NET.Sdk.targets(46,5): message : Özellik yeniden ataması: $(_GeneratePublishDependencyFilePropertyInputsCache)="C:\Users\ayhan\OneDrive\Desktop\Canlı OBD2 Araç Telemetri Ekranı\HondaTuner\obj\Debug\net6.0-windows\HondaTuner.genpublishdeps.cache" (önceki değer: "obj\Debug\net6.0-windows\HondaTuner.genpublishdeps.cache") konum: C:\Program Files\dotnet\sdk\10.0.103\Sdks\Microsoft.NET.Sdk\targets\Microsoft.NET.Sdk.targets (46,5)
       C:\Program Files\dotnet\sdk\10.0.103\Sdks\Microsoft.NET.Sdk\targets\Microsoft.NET.Sdk.targets(48,5): message : Özellik yeniden ataması: $(_GenerateSingleFileBundlePropertyInputsCache)="C:\Users\ayhan\OneDrive\Desktop\Canlı OBD2 Araç Telemetri Ekranı\HondaTuner\obj\Debug\net6.0-windows\HondaTuner.genbundle.cache" (önceki değer: "obj\Debug\net6.0-windows\HondaTuner.genbundle.cache") konum: C:\Program Files\dotnet\sdk\10.0.103\Sdks\Microsoft.NET.Sdk\targets\Microsoft.NET.Sdk.targets (48,5)
       C:\Program Files\dotnet\sdk\10.0.103\Sdks\Microsoft.NET.Sdk\targets\Microsoft.NET.Sdk.targets(81,5): message : Özellik yeniden ataması: $(GenerateRuntimeConfigDevFile)="false" (önceki değer: "true") konum: C:\Program Files\dotnet\sdk\10.0.103\Sdks\Microsoft.NET.Sdk\targets\Microsoft.NET.Sdk.targets (81,5)
       C:\Program Files\dotnet\sdk\10.0.103\Sdks\Microsoft.NET.Sdk\targets\Microsoft.NET.Sdk.targets(98,5): message : 'C:\Users\ayhan' değerine sahip 'USERPROFILE' özelliği ortamdan genişletildi.
       C:\Program Files\dotnet\sdk\10.0.103\Sdks\Microsoft.NET.Sdk\targets\Microsoft.NET.Sdk.targets(98,5): message : Özellik yeniden ataması: $(_DefaultUserProfileRuntimeStorePath)="C:\Users\ayhan" (önceki değer: "") konum: C:\Program Files\dotnet\sdk\10.0.103\Sdks\Microsoft.NET.Sdk\targets\Microsoft.NET.Sdk.targets (98,5)
       C:\Program Files\dotnet\sdk\10.0.103\Sdks\Microsoft.NET.Sdk\targets\Microsoft.NET.Sdk.targets(99,5): message : Özellik yeniden ataması: $(_DefaultUserProfileRuntimeStorePath)="C:\Users\ayhan\.dotnet\store" (önceki değer: "C:\Users\ayhan") konum: C:\Program Files\dotnet\sdk\10.0.103\Sdks\Microsoft.NET.Sdk\targets\Microsoft.NET.Sdk.targets (99,5)
       C:\Program Files\dotnet\sdk\10.0.103\Sdks\Microsoft.NET.Sdk\targets\Microsoft.NET.Sdk.targets(144,5): message : Özellik yeniden ataması: $(AvailablePlatforms)="Any CPU,x86,x64,ARM32" (önceki değer: "Any CPU,x86,x64") konum: C:\Program Files\dotnet\sdk\10.0.103\Sdks\Microsoft.NET.Sdk\targets\Microsoft.NET.Sdk.targets (144,5)
       C:\Program Files\dotnet\sdk\10.0.103\Sdks\Microsoft.NET.Sdk\targets\Microsoft.NET.Sdk.targets(148,5): message : Özellik yeniden ataması: $(AvailablePlatforms)="Any CPU,x86,x64,ARM32,ARM64" (önceki değer: "Any CPU,x86,x64,ARM32") konum: C:\Program Files\dotnet\sdk\10.0.103\Sdks\Microsoft.NET.Sdk\targets\Microsoft.NET.Sdk.targets (148,5)
       C:\Program Files\dotnet\sdk\10.0.103\Sdks\Microsoft.NET.Sdk\targets\Microsoft.NET.Sdk.targets(204,5): message : Özellik yeniden ataması: $(CoreBuildDependsOn)="
       C:\Program Files\dotnet\sdk\10.0.103\Sdks\Microsoft.NET.Sdk\targets\Microsoft.NET.Sdk.targets(204,5): message :       _CheckForBuildWithNoBuild;
       C:\Program Files\dotnet\sdk\10.0.103\Sdks\Microsoft.NET.Sdk\targets\Microsoft.NET.Sdk.targets(204,5): message :       
       C:\Program Files\dotnet\sdk\10.0.103\Sdks\Microsoft.NET.Sdk\targets\Microsoft.NET.Sdk.targets(204,5): message :       BuildOnlySettings;
       C:\Program Files\dotnet\sdk\10.0.103\Sdks\Microsoft.NET.Sdk\targets\Microsoft.NET.Sdk.targets(204,5): message :       PrepareForBuild;
       C:\Program Files\dotnet\sdk\10.0.103\Sdks\Microsoft.NET.Sdk\targets\Microsoft.NET.Sdk.targets(204,5): message :       PreBuildEvent;
       C:\Program Files\dotnet\sdk\10.0.103\Sdks\Microsoft.NET.Sdk\targets\Microsoft.NET.Sdk.targets(204,5): message :       ResolveReferences;
       C:\Program Files\dotnet\sdk\10.0.103\Sdks\Microsoft.NET.Sdk\targets\Microsoft.NET.Sdk.targets(204,5): message :       PrepareResources;
       C:\Program Files\dotnet\sdk\10.0.103\Sdks\Microsoft.NET.Sdk\targets\Microsoft.NET.Sdk.targets(204,5): message :       ResolveKeySource;
       C:\Program Files\dotnet\sdk\10.0.103\Sdks\Microsoft.NET.Sdk\targets\Microsoft.NET.Sdk.targets(204,5): message :       Compile;
       C:\Program Files\dotnet\sdk\10.0.103\Sdks\Microsoft.NET.Sdk\targets\Microsoft.NET.Sdk.targets(204,5): message :       ExportWindowsMDFile;
       C:\Program Files\dotnet\sdk\10.0.103\Sdks\Microsoft.NET.Sdk\targets\Microsoft.NET.Sdk.targets(204,5): message :       UnmanagedUnregistration;
       C:\Program Files\dotnet\sdk\10.0.103\Sdks\Microsoft.NET.Sdk\targets\Microsoft.NET.Sdk.targets(204,5): message :       GenerateSerializationAssemblies;
       C:\Program Files\dotnet\sdk\10.0.103\Sdks\Microsoft.NET.Sdk\targets\Microsoft.NET.Sdk.targets(204,5): message :       CreateSatelliteAssemblies;
       C:\Program Files\dotnet\sdk\10.0.103\Sdks\Microsoft.NET.Sdk\targets\Microsoft.NET.Sdk.targets(204,5): message :       GenerateManifests;
       C:\Program Files\dotnet\sdk\10.0.103\Sdks\Microsoft.NET.Sdk\targets\Microsoft.NET.Sdk.targets(204,5): message :       GetTargetPath;
       C:\Program Files\dotnet\sdk\10.0.103\Sdks\Microsoft.NET.Sdk\targets\Microsoft.NET.Sdk.targets(204,5): message :       PrepareForRun;
       C:\Program Files\dotnet\sdk\10.0.103\Sdks\Microsoft.NET.Sdk\targets\Microsoft.NET.Sdk.targets(204,5): message :       UnmanagedRegistration;
       C:\Program Files\dotnet\sdk\10.0.103\Sdks\Microsoft.NET.Sdk\targets\Microsoft.NET.Sdk.targets(204,5): message :       IncrementalClean;
       C:\Program Files\dotnet\sdk\10.0.103\Sdks\Microsoft.NET.Sdk\targets\Microsoft.NET.Sdk.targets(204,5): message :       PostBuildEvent
       C:\Program Files\dotnet\sdk\10.0.103\Sdks\Microsoft.NET.Sdk\targets\Microsoft.NET.Sdk.targets(204,5): message :     ;
       C:\Program Files\dotnet\sdk\10.0.103\Sdks\Microsoft.NET.Sdk\targets\Microsoft.NET.Sdk.targets(204,5): message :       GenerateBuildDependencyFile;
       C:\Program Files\dotnet\sdk\10.0.103\Sdks\Microsoft.NET.Sdk\targets\Microsoft.NET.Sdk.targets(204,5): message :       GenerateBuildRuntimeConfigurationFiles
       C:\Program Files\dotnet\sdk\10.0.103\Sdks\Microsoft.NET.Sdk\targets\Microsoft.NET.Sdk.targets(204,5): message :     " (önceki değer: "
       C:\Program Files\dotnet\sdk\10.0.103\Sdks\Microsoft.NET.Sdk\targets\Microsoft.NET.Sdk.targets(204,5): message :       BuildOnlySettings;
       C:\Program Files\dotnet\sdk\10.0.103\Sdks\Microsoft.NET.Sdk\targets\Microsoft.NET.Sdk.targets(204,5): message :       PrepareForBuild;
       C:\Program Files\dotnet\sdk\10.0.103\Sdks\Microsoft.NET.Sdk\targets\Microsoft.NET.Sdk.targets(204,5): message :       PreBuildEvent;
       C:\Program Files\dotnet\sdk\10.0.103\Sdks\Microsoft.NET.Sdk\targets\Microsoft.NET.Sdk.targets(204,5): message :       ResolveReferences;
       C:\Program Files\dotnet\sdk\10.0.103\Sdks\Microsoft.NET.Sdk\targets\Microsoft.NET.Sdk.targets(204,5): message :       PrepareResources;
       C:\Program Files\dotnet\sdk\10.0.103\Sdks\Microsoft.NET.Sdk\targets\Microsoft.NET.Sdk.targets(204,5): message :       ResolveKeySource;
       C:\Program Files\dotnet\sdk\10.0.103\Sdks\Microsoft.NET.Sdk\targets\Microsoft.NET.Sdk.targets(204,5): message :       Compile;
       C:\Program Files\dotnet\sdk\10.0.103\Sdks\Microsoft.NET.Sdk\targets\Microsoft.NET.Sdk.targets(204,5): message :       ExportWindowsMDFile;
       C:\Program Files\dotnet\sdk\10.0.103\Sdks\Microsoft.NET.Sdk\targets\Microsoft.NET.Sdk.targets(204,5): message :       UnmanagedUnregistration;
       C:\Program Files\dotnet\sdk\10.0.103\Sdks\Microsoft.NET.Sdk\targets\Microsoft.NET.Sdk.targets(204,5): message :       GenerateSerializationAssemblies;
       C:\Program Files\dotnet\sdk\10.0.103\Sdks\Microsoft.NET.Sdk\targets\Microsoft.NET.Sdk.targets(204,5): message :       CreateSatelliteAssemblies;
       C:\Program Files\dotnet\sdk\10.0.103\Sdks\Microsoft.NET.Sdk\targets\Microsoft.NET.Sdk.targets(204,5): message :       GenerateManifests;
       C:\Program Files\dotnet\sdk\10.0.103\Sdks\Microsoft.NET.Sdk\targets\Microsoft.NET.Sdk.targets(204,5): message :       GetTargetPath;
       C:\Program Files\dotnet\sdk\10.0.103\Sdks\Microsoft.NET.Sdk\targets\Microsoft.NET.Sdk.targets(204,5): message :       PrepareForRun;
       C:\Program Files\dotnet\sdk\10.0.103\Sdks\Microsoft.NET.Sdk\targets\Microsoft.NET.Sdk.targets(204,5): message :       UnmanagedRegistration;
       C:\Program Files\dotnet\sdk\10.0.103\Sdks\Microsoft.NET.Sdk\targets\Microsoft.NET.Sdk.targets(204,5): message :       IncrementalClean;
       C:\Program Files\dotnet\sdk\10.0.103\Sdks\Microsoft.NET.Sdk\targets\Microsoft.NET.Sdk.targets(204,5): message :       PostBuildEvent
       C:\Program Files\dotnet\sdk\10.0.103\Sdks\Microsoft.NET.Sdk\targets\Microsoft.NET.Sdk.targets(204,5): message :     ") konum: C:\Program Files\dotnet\sdk\10.0.103\Sdks\Microsoft.NET.Sdk\targets\Microsoft.NET.Sdk.targets (204,5)
       C:\Program Files\dotnet\sdk\10.0.103\Sdks\Microsoft.NET.Sdk\targets\Microsoft.NET.Sdk.targets(213,5): message : Özellik yeniden ataması: $(CoreCleanDependsOn)="
       C:\Program Files\dotnet\sdk\10.0.103\Sdks\Microsoft.NET.Sdk\targets\Microsoft.NET.Sdk.targets(213,5): message :       _SdkBeforeClean;
       C:\Program Files\dotnet\sdk\10.0.103\Sdks\Microsoft.NET.Sdk\targets\Microsoft.NET.Sdk.targets(213,5): message :       
       C:\Program Files\dotnet\sdk\10.0.103\Sdks\Microsoft.NET.Sdk\targets\Microsoft.NET.Sdk.targets(213,5): message :     " (önceki değer: "") konum: C:\Program Files\dotnet\sdk\10.0.103\Sdks\Microsoft.NET.Sdk\targets\Microsoft.NET.Sdk.targets (213,5)
       C:\Program Files\dotnet\sdk\10.0.103\Sdks\Microsoft.NET.Sdk\targets\Microsoft.NET.Sdk.targets(220,5): message : Özellik yeniden ataması: $(RebuildDependsOn)="
       C:\Program Files\dotnet\sdk\10.0.103\Sdks\Microsoft.NET.Sdk\targets\Microsoft.NET.Sdk.targets(220,5): message :       _SdkBeforeRebuild;
       C:\Program Files\dotnet\sdk\10.0.103\Sdks\Microsoft.NET.Sdk\targets\Microsoft.NET.Sdk.targets(220,5): message :       
       C:\Program Files\dotnet\sdk\10.0.103\Sdks\Microsoft.NET.Sdk\targets\Microsoft.NET.Sdk.targets(220,5): message :       BeforeRebuild;
       C:\Program Files\dotnet\sdk\10.0.103\Sdks\Microsoft.NET.Sdk\targets\Microsoft.NET.Sdk.targets(220,5): message :       Clean;
       C:\Program Files\dotnet\sdk\10.0.103\Sdks\Microsoft.NET.Sdk\targets\Microsoft.NET.Sdk.targets(220,5): message :       Build;
       C:\Program Files\dotnet\sdk\10.0.103\Sdks\Microsoft.NET.Sdk\targets\Microsoft.NET.Sdk.targets(220,5): message :       AfterRebuild;
       C:\Program Files\dotnet\sdk\10.0.103\Sdks\Microsoft.NET.Sdk\targets\Microsoft.NET.Sdk.targets(220,5): message :     
       C:\Program Files\dotnet\sdk\10.0.103\Sdks\Microsoft.NET.Sdk\targets\Microsoft.NET.Sdk.targets(220,5): message :     " (önceki değer: "
       C:\Program Files\dotnet\sdk\10.0.103\Sdks\Microsoft.NET.Sdk\targets\Microsoft.NET.Sdk.targets(220,5): message :       BeforeRebuild;
       C:\Program Files\dotnet\sdk\10.0.103\Sdks\Microsoft.NET.Sdk\targets\Microsoft.NET.Sdk.targets(220,5): message :       Clean;
       C:\Program Files\dotnet\sdk\10.0.103\Sdks\Microsoft.NET.Sdk\targets\Microsoft.NET.Sdk.targets(220,5): message :       Build;
       C:\Program Files\dotnet\sdk\10.0.103\Sdks\Microsoft.NET.Sdk\targets\Microsoft.NET.Sdk.targets(220,5): message :       AfterRebuild;
       C:\Program Files\dotnet\sdk\10.0.103\Sdks\Microsoft.NET.Sdk\targets\Microsoft.NET.Sdk.targets(220,5): message :     ") konum: C:\Program Files\dotnet\sdk\10.0.103\Sdks\Microsoft.NET.Sdk\targets\Microsoft.NET.Sdk.targets (220,5)
       C:\Program Files\dotnet\sdk\10.0.103\Sdks\Microsoft.NET.Sdk\targets\Microsoft.NET.Sdk.targets(799,5): message : Özellik yeniden ataması: $(CompileDependsOn)="
       C:\Program Files\dotnet\sdk\10.0.103\Sdks\Microsoft.NET.Sdk\targets\Microsoft.NET.Sdk.targets(799,5): message :       
       C:\Program Files\dotnet\sdk\10.0.103\Sdks\Microsoft.NET.Sdk\targets\Microsoft.NET.Sdk.targets(799,5): message :       ResolveReferences;
       C:\Program Files\dotnet\sdk\10.0.103\Sdks\Microsoft.NET.Sdk\targets\Microsoft.NET.Sdk.targets(799,5): message :       ResolveKeySource;
       C:\Program Files\dotnet\sdk\10.0.103\Sdks\Microsoft.NET.Sdk\targets\Microsoft.NET.Sdk.targets(799,5): message :       SetWin32ManifestProperties;
       C:\Program Files\dotnet\sdk\10.0.103\Sdks\Microsoft.NET.Sdk\targets\Microsoft.NET.Sdk.targets(799,5): message :       _SetPreferNativeArm64Win32ManifestProperties;
       C:\Program Files\dotnet\sdk\10.0.103\Sdks\Microsoft.NET.Sdk\targets\Microsoft.NET.Sdk.targets(799,5): message :       FindReferenceAssembliesForReferences;
       C:\Program Files\dotnet\sdk\10.0.103\Sdks\Microsoft.NET.Sdk\targets\Microsoft.NET.Sdk.targets(799,5): message :       _GenerateCompileInputs;
       C:\Program Files\dotnet\sdk\10.0.103\Sdks\Microsoft.NET.Sdk\targets\Microsoft.NET.Sdk.targets(799,5): message :       BeforeCompile;
       C:\Program Files\dotnet\sdk\10.0.103\Sdks\Microsoft.NET.Sdk\targets\Microsoft.NET.Sdk.targets(799,5): message :       _TimeStampBeforeCompile;
       C:\Program Files\dotnet\sdk\10.0.103\Sdks\Microsoft.NET.Sdk\targets\Microsoft.NET.Sdk.targets(799,5): message :       _GenerateCompileDependencyCache;
       C:\Program Files\dotnet\sdk\10.0.103\Sdks\Microsoft.NET.Sdk\targets\Microsoft.NET.Sdk.targets(799,5): message :       CoreCompile;
       C:\Program Files\dotnet\sdk\10.0.103\Sdks\Microsoft.NET.Sdk\targets\Microsoft.NET.Sdk.targets(799,5): message :       _TimeStampAfterCompile;
       C:\Program Files\dotnet\sdk\10.0.103\Sdks\Microsoft.NET.Sdk\targets\Microsoft.NET.Sdk.targets(799,5): message :       AfterCompile;
       C:\Program Files\dotnet\sdk\10.0.103\Sdks\Microsoft.NET.Sdk\targets\Microsoft.NET.Sdk.targets(799,5): message :     ;
       C:\Program Files\dotnet\sdk\10.0.103\Sdks\Microsoft.NET.Sdk\targets\Microsoft.NET.Sdk.targets(799,5): message :       _CreateAppHost;
       C:\Program Files\dotnet\sdk\10.0.103\Sdks\Microsoft.NET.Sdk\targets\Microsoft.NET.Sdk.targets(799,5): message :       _CreateComHost;
       C:\Program Files\dotnet\sdk\10.0.103\Sdks\Microsoft.NET.Sdk\targets\Microsoft.NET.Sdk.targets(799,5): message :       _GetIjwHostPaths;
       C:\Program Files\dotnet\sdk\10.0.103\Sdks\Microsoft.NET.Sdk\targets\Microsoft.NET.Sdk.targets(799,5): message :     " (önceki değer: "
       C:\Program Files\dotnet\sdk\10.0.103\Sdks\Microsoft.NET.Sdk\targets\Microsoft.NET.Sdk.targets(799,5): message :       ResolveReferences;
       C:\Program Files\dotnet\sdk\10.0.103\Sdks\Microsoft.NET.Sdk\targets\Microsoft.NET.Sdk.targets(799,5): message :       ResolveKeySource;
       C:\Program Files\dotnet\sdk\10.0.103\Sdks\Microsoft.NET.Sdk\targets\Microsoft.NET.Sdk.targets(799,5): message :       SetWin32ManifestProperties;
       C:\Program Files\dotnet\sdk\10.0.103\Sdks\Microsoft.NET.Sdk\targets\Microsoft.NET.Sdk.targets(799,5): message :       _SetPreferNativeArm64Win32ManifestProperties;
       C:\Program Files\dotnet\sdk\10.0.103\Sdks\Microsoft.NET.Sdk\targets\Microsoft.NET.Sdk.targets(799,5): message :       FindReferenceAssembliesForReferences;
       C:\Program Files\dotnet\sdk\10.0.103\Sdks\Microsoft.NET.Sdk\targets\Microsoft.NET.Sdk.targets(799,5): message :       _GenerateCompileInputs;
       C:\Program Files\dotnet\sdk\10.0.103\Sdks\Microsoft.NET.Sdk\targets\Microsoft.NET.Sdk.targets(799,5): message :       BeforeCompile;
       C:\Program Files\dotnet\sdk\10.0.103\Sdks\Microsoft.NET.Sdk\targets\Microsoft.NET.Sdk.targets(799,5): message :       _TimeStampBeforeCompile;
       C:\Program Files\dotnet\sdk\10.0.103\Sdks\Microsoft.NET.Sdk\targets\Microsoft.NET.Sdk.targets(799,5): message :       _GenerateCompileDependencyCache;
       C:\Program Files\dotnet\sdk\10.0.103\Sdks\Microsoft.NET.Sdk\targets\Microsoft.NET.Sdk.targets(799,5): message :       CoreCompile;
       C:\Program Files\dotnet\sdk\10.0.103\Sdks\Microsoft.NET.Sdk\targets\Microsoft.NET.Sdk.targets(799,5): message :       _TimeStampAfterCompile;
       C:\Program Files\dotnet\sdk\10.0.103\Sdks\Microsoft.NET.Sdk\targets\Microsoft.NET.Sdk.targets(799,5): message :       AfterCompile;
       C:\Program Files\dotnet\sdk\10.0.103\Sdks\Microsoft.NET.Sdk\targets\Microsoft.NET.Sdk.targets(799,5): message :     ") konum: C:\Program Files\dotnet\sdk\10.0.103\Sdks\Microsoft.NET.Sdk\targets\Microsoft.NET.Sdk.targets (799,5)
       C:\Program Files\dotnet\sdk\10.0.103\Sdks\Microsoft.NET.Sdk\targets\Microsoft.NET.Sdk.targets(1131,5): message : Özellik yeniden ataması: $(CreateSatelliteAssembliesDependsOn)="
       C:\Program Files\dotnet\sdk\10.0.103\Sdks\Microsoft.NET.Sdk\targets\Microsoft.NET.Sdk.targets(1131,5): message :       
       C:\Program Files\dotnet\sdk\10.0.103\Sdks\Microsoft.NET.Sdk\targets\Microsoft.NET.Sdk.targets(1131,5): message :       ;
       C:\Program Files\dotnet\sdk\10.0.103\Sdks\Microsoft.NET.Sdk\targets\Microsoft.NET.Sdk.targets(1131,5): message :       _GenerateSatelliteAssemblyInputs;
       C:\Program Files\dotnet\sdk\10.0.103\Sdks\Microsoft.NET.Sdk\targets\Microsoft.NET.Sdk.targets(1131,5): message :       ComputeIntermediateSatelliteAssemblies;
       C:\Program Files\dotnet\sdk\10.0.103\Sdks\Microsoft.NET.Sdk\targets\Microsoft.NET.Sdk.targets(1131,5): message :       GenerateSatelliteAssemblies
       C:\Program Files\dotnet\sdk\10.0.103\Sdks\Microsoft.NET.Sdk\targets\Microsoft.NET.Sdk.targets(1131,5): message :     ;
       C:\Program Files\dotnet\sdk\10.0.103\Sdks\Microsoft.NET.Sdk\targets\Microsoft.NET.Sdk.targets(1131,5): message :       CoreGenerateSatelliteAssemblies
       C:\Program Files\dotnet\sdk\10.0.103\Sdks\Microsoft.NET.Sdk\targets\Microsoft.NET.Sdk.targets(1131,5): message :     " (önceki değer: "
       C:\Program Files\dotnet\sdk\10.0.103\Sdks\Microsoft.NET.Sdk\targets\Microsoft.NET.Sdk.targets(1131,5): message :       ;
       C:\Program Files\dotnet\sdk\10.0.103\Sdks\Microsoft.NET.Sdk\targets\Microsoft.NET.Sdk.targets(1131,5): message :       _GenerateSatelliteAssemblyInputs;
       C:\Program Files\dotnet\sdk\10.0.103\Sdks\Microsoft.NET.Sdk\targets\Microsoft.NET.Sdk.targets(1131,5): message :       ComputeIntermediateSatelliteAssemblies;
       C:\Program Files\dotnet\sdk\10.0.103\Sdks\Microsoft.NET.Sdk\targets\Microsoft.NET.Sdk.targets(1131,5): message :       GenerateSatelliteAssemblies
       C:\Program Files\dotnet\sdk\10.0.103\Sdks\Microsoft.NET.Sdk\targets\Microsoft.NET.Sdk.targets(1131,5): message :     ") konum: C:\Program Files\dotnet\sdk\10.0.103\Sdks\Microsoft.NET.Sdk\targets\Microsoft.NET.Sdk.targets (1131,5)
       C:\Program Files\dotnet\sdk\10.0.103\Sdks\Microsoft.SourceLink.GitLab\build\Microsoft.SourceLink.GitLab.targets(12,5): message : Özellik yeniden ataması: $(SourceLinkUrlInitializerTargets)=";_InitializeGitHubSourceLinkUrl;_InitializeGitLabSourceLinkUrl" (önceki değer: ";_InitializeGitHubSourceLinkUrl") konum: C:\Program Files\dotnet\sdk\10.0.103\Sdks\Microsoft.SourceLink.GitLab\build\Microsoft.SourceLink.GitLab.targets (12,5)
       C:\Program Files\dotnet\sdk\10.0.103\Sdks\Microsoft.SourceLink.GitLab\build\Microsoft.SourceLink.GitLab.targets(13,5): message : Özellik yeniden ataması: $(SourceControlManagerUrlTranslationTargets)=";TranslateGitHubUrlsInSourceControlInformation;TranslateGitLabUrlsInSourceControlInformation" (önceki değer: ";TranslateGitHubUrlsInSourceControlInformation") konum: C:\Program Files\dotnet\sdk\10.0.103\Sdks\Microsoft.SourceLink.GitLab\build\Microsoft.SourceLink.GitLab.targets (13,5)
       C:\Program Files\dotnet\sdk\10.0.103\Sdks\Microsoft.SourceLink.AzureRepos.Git\build\Microsoft.SourceLink.AzureRepos.Git.targets(12,5): message : Özellik yeniden ataması: $(SourceLinkUrlInitializerTargets)=";_InitializeGitHubSourceLinkUrl;_InitializeGitLabSourceLinkUrl;_InitializeAzureReposGitSourceLinkUrl" (önceki değer: ";_InitializeGitHubSourceLinkUrl;_InitializeGitLabSourceLinkUrl") konum: C:\Program Files\dotnet\sdk\10.0.103\Sdks\Microsoft.SourceLink.AzureRepos.Git\build\Microsoft.SourceLink.AzureRepos.Git.targets (12,5)
       C:\Program Files\dotnet\sdk\10.0.103\Sdks\Microsoft.SourceLink.AzureRepos.Git\build\Microsoft.SourceLink.AzureRepos.Git.targets(13,5): message : Özellik yeniden ataması: $(SourceControlManagerUrlTranslationTargets)=";TranslateGitHubUrlsInSourceControlInformation;TranslateGitLabUrlsInSourceControlInformation;TranslateAzureReposGitUrlsInSourceControlInformation" (önceki değer: ";TranslateGitHubUrlsInSourceControlInformation;TranslateGitLabUrlsInSourceControlInformation") konum: C:\Program Files\dotnet\sdk\10.0.103\Sdks\Microsoft.SourceLink.AzureRepos.Git\build\Microsoft.SourceLink.AzureRepos.Git.targets (13,5)
       C:\Program Files\dotnet\sdk\10.0.103\Sdks\Microsoft.SourceLink.Bitbucket.Git\build\Microsoft.SourceLink.Bitbucket.Git.targets(12,5): message : Özellik yeniden ataması: $(SourceLinkUrlInitializerTargets)=";_InitializeGitHubSourceLinkUrl;_InitializeGitLabSourceLinkUrl;_InitializeAzureReposGitSourceLinkUrl;_InitializeBitbucketGitSourceLinkUrl" (önceki değer: ";_InitializeGitHubSourceLinkUrl;_InitializeGitLabSourceLinkUrl;_InitializeAzureReposGitSourceLinkUrl") konum: C:\Program Files\dotnet\sdk\10.0.103\Sdks\Microsoft.SourceLink.Bitbucket.Git\build\Microsoft.SourceLink.Bitbucket.Git.targets (12,5)
       C:\Program Files\dotnet\sdk\10.0.103\Sdks\Microsoft.SourceLink.Bitbucket.Git\build\Microsoft.SourceLink.Bitbucket.Git.targets(13,5): message : Özellik yeniden ataması: $(SourceControlManagerUrlTranslationTargets)=";TranslateGitHubUrlsInSourceControlInformation;TranslateGitLabUrlsInSourceControlInformation;TranslateAzureReposGitUrlsInSourceControlInformation;TranslateBitbucketGitUrlsInSourceControlInformation" (önceki değer: ";TranslateGitHubUrlsInSourceControlInformation;TranslateGitLabUrlsInSourceControlInformation;TranslateAzureReposGitUrlsInSourceControlInformation") konum: C:\Program Files\dotnet\sdk\10.0.103\Sdks\Microsoft.SourceLink.Bitbucket.Git\build\Microsoft.SourceLink.Bitbucket.Git.targets (13,5)
       C:\Program Files\dotnet\sdk\10.0.103\Sdks\Microsoft.NET.Sdk\targets\Microsoft.NET.DesignerSupport.targets(21,5): message : Özellik yeniden ataması: $(DesignerRuntimeImplementationProjectOutputGroupDependsOn)="
       C:\Program Files\dotnet\sdk\10.0.103\Sdks\Microsoft.NET.Sdk\targets\Microsoft.NET.DesignerSupport.targets(21,5): message :       
       C:\Program Files\dotnet\sdk\10.0.103\Sdks\Microsoft.NET.Sdk\targets\Microsoft.NET.DesignerSupport.targets(21,5): message :       ;
       C:\Program Files\dotnet\sdk\10.0.103\Sdks\Microsoft.NET.Sdk\targets\Microsoft.NET.DesignerSupport.targets(21,5): message :       
       C:\Program Files\dotnet\sdk\10.0.103\Sdks\Microsoft.NET.Sdk\targets\Microsoft.NET.DesignerSupport.targets(21,5): message :       ;
       C:\Program Files\dotnet\sdk\10.0.103\Sdks\Microsoft.NET.Sdk\targets\Microsoft.NET.DesignerSupport.targets(21,5): message :       BuildOnlySettings;
       C:\Program Files\dotnet\sdk\10.0.103\Sdks\Microsoft.NET.Sdk\targets\Microsoft.NET.DesignerSupport.targets(21,5): message :       PrepareForBuild;
       C:\Program Files\dotnet\sdk\10.0.103\Sdks\Microsoft.NET.Sdk\targets\Microsoft.NET.DesignerSupport.targets(21,5): message :       AssignTargetPaths;
       C:\Program Files\dotnet\sdk\10.0.103\Sdks\Microsoft.NET.Sdk\targets\Microsoft.NET.DesignerSupport.targets(21,5): message :       ResolveReferences
       C:\Program Files\dotnet\sdk\10.0.103\Sdks\Microsoft.NET.Sdk\targets\Microsoft.NET.DesignerSupport.targets(21,5): message :     
       C:\Program Files\dotnet\sdk\10.0.103\Sdks\Microsoft.NET.Sdk\targets\Microsoft.NET.DesignerSupport.targets(21,5): message :     ;
       C:\Program Files\dotnet\sdk\10.0.103\Sdks\Microsoft.NET.Sdk\targets\Microsoft.NET.DesignerSupport.targets(21,5): message :       _GenerateDesignerDepsFile;
       C:\Program Files\dotnet\sdk\10.0.103\Sdks\Microsoft.NET.Sdk\targets\Microsoft.NET.DesignerSupport.targets(21,5): message :       _GenerateDesignerRuntimeConfigFile;
       C:\Program Files\dotnet\sdk\10.0.103\Sdks\Microsoft.NET.Sdk\targets\Microsoft.NET.DesignerSupport.targets(21,5): message :       GetCopyToOutputDirectoryItems;
       C:\Program Files\dotnet\sdk\10.0.103\Sdks\Microsoft.NET.Sdk\targets\Microsoft.NET.DesignerSupport.targets(21,5): message :       _GatherDesignerShadowCopyFiles;
       C:\Program Files\dotnet\sdk\10.0.103\Sdks\Microsoft.NET.Sdk\targets\Microsoft.NET.DesignerSupport.targets(21,5): message :     " (önceki değer: "
       C:\Program Files\dotnet\sdk\10.0.103\Sdks\Microsoft.NET.Sdk\targets\Microsoft.NET.DesignerSupport.targets(21,5): message :       ;
       C:\Program Files\dotnet\sdk\10.0.103\Sdks\Microsoft.NET.Sdk\targets\Microsoft.NET.DesignerSupport.targets(21,5): message :       
       C:\Program Files\dotnet\sdk\10.0.103\Sdks\Microsoft.NET.Sdk\targets\Microsoft.NET.DesignerSupport.targets(21,5): message :       ;
       C:\Program Files\dotnet\sdk\10.0.103\Sdks\Microsoft.NET.Sdk\targets\Microsoft.NET.DesignerSupport.targets(21,5): message :       BuildOnlySettings;
       C:\Program Files\dotnet\sdk\10.0.103\Sdks\Microsoft.NET.Sdk\targets\Microsoft.NET.DesignerSupport.targets(21,5): message :       PrepareForBuild;
       C:\Program Files\dotnet\sdk\10.0.103\Sdks\Microsoft.NET.Sdk\targets\Microsoft.NET.DesignerSupport.targets(21,5): message :       AssignTargetPaths;
       C:\Program Files\dotnet\sdk\10.0.103\Sdks\Microsoft.NET.Sdk\targets\Microsoft.NET.DesignerSupport.targets(21,5): message :       ResolveReferences
       C:\Program Files\dotnet\sdk\10.0.103\Sdks\Microsoft.NET.Sdk\targets\Microsoft.NET.DesignerSupport.targets(21,5): message :     
       C:\Program Files\dotnet\sdk\10.0.103\Sdks\Microsoft.NET.Sdk\targets\Microsoft.NET.DesignerSupport.targets(21,5): message :     ") konum: C:\Program Files\dotnet\sdk\10.0.103\Sdks\Microsoft.NET.Sdk\targets\Microsoft.NET.DesignerSupport.targets (21,5)
       C:\Program Files\dotnet\sdk\10.0.103\Sdks\Microsoft.NET.Sdk\targets\Microsoft.NET.Sdk.CSharp.targets(31,5): message : Özellik yeniden ataması: $(DefineConstants)="TRACE;DEBUG" (önceki değer: "TRACE") konum: C:\Program Files\dotnet\sdk\10.0.103\Sdks\Microsoft.NET.Sdk\targets\Microsoft.NET.Sdk.CSharp.targets (31,5)
       C:\Program Files\dotnet\sdk\10.0.103\Sdks\Microsoft.NET.Sdk\targets\Microsoft.NET.Windows.targets(49,5): message : Özellik yeniden ataması: $(TargetPlatformVersion)="7.0" (önceki değer: "") konum: C:\Program Files\dotnet\sdk\10.0.103\Sdks\Microsoft.NET.Sdk\targets\Microsoft.NET.Windows.targets (49,5)
       C:\Program Files\dotnet\sdk\10.0.103\Sdks\Microsoft.NET.Sdk\targets\Microsoft.NET.Windows.targets(50,5): message : Özellik yeniden ataması: $(EffectiveTargetPlatformVersion)="7.0" (önceki değer: "") konum: C:\Program Files\dotnet\sdk\10.0.103\Sdks\Microsoft.NET.Sdk\targets\Microsoft.NET.Windows.targets (50,5)
       C:\Program Files\dotnet\sdk\10.0.103\Sdks\Microsoft.NET.Sdk\targets\Microsoft.NET.Windows.targets(60,5): message : Özellik yeniden ataması: $(SupportedOSPlatformVersion)="7.0" (önceki değer: "") konum: C:\Program Files\dotnet\sdk\10.0.103\Sdks\Microsoft.NET.Sdk\targets\Microsoft.NET.Windows.targets (60,5)
       C:\Program Files\dotnet\sdk\10.0.103\Sdks\Microsoft.NET.Sdk\targets\Microsoft.NET.Windows.targets(61,5): message : Özellik yeniden ataması: $(TargetPlatformMinVersion)="7.0" (önceki değer: "") konum: C:\Program Files\dotnet\sdk\10.0.103\Sdks\Microsoft.NET.Sdk\targets\Microsoft.NET.Windows.targets (61,5)
       C:\Program Files\dotnet\sdk\10.0.103\Sdks\Microsoft.NET.Sdk\targets\Microsoft.NET.Windows.targets(239,5): message : Özellik yeniden ataması: $(_RunCsWinRTGeneratorPropertyInputsCachePath)="C:\Users\ayhan\OneDrive\Desktop\Canlı OBD2 Araç Telemetri Ekranı\HondaTuner\obj\Debug\net6.0-windows\HondaTuner.cswinrtgen.cache" (önceki değer: "obj\Debug\net6.0-windows\HondaTuner.cswinrtgen.cache") konum: C:\Program Files\dotnet\sdk\10.0.103\Sdks\Microsoft.NET.Sdk\targets\Microsoft.NET.Windows.targets (239,5)
       C:\Program Files\dotnet\sdk\10.0.103\Sdks\Microsoft.NET.Sdk\targets\Microsoft.NET.Sdk.targets(1497,5): message : Özellik yeniden ataması: $(TargetPlatformDisplayName)="Windows 7.0" (önceki değer: "Windows ") konum: C:\Program Files\dotnet\sdk\10.0.103\Sdks\Microsoft.NET.Sdk\targets\Microsoft.NET.Sdk.targets (1497,5)
       C:\Program Files\dotnet\sdk\10.0.103\Sdks\Microsoft.NET.Sdk.WindowsDesktop\targets\Microsoft.NET.Sdk.WindowsDesktop.targets(51,5): message : Özellik yeniden ataması: $(_TargetFrameworkVersionValue)="6.0" (önceki değer: "0.0") konum: C:\Program Files\dotnet\sdk\10.0.103\Sdks\Microsoft.NET.Sdk.WindowsDesktop\targets\Microsoft.NET.Sdk.WindowsDesktop.targets (51,5)
       C:\Program Files\dotnet\sdk\10.0.103\Sdks\Microsoft.NET.Sdk.WindowsDesktop\targets\Microsoft.WinFX.targets(61,7): message : Özellik yeniden ataması: $(PrepareResourceNamesDependsOn)="
       C:\Program Files\dotnet\sdk\10.0.103\Sdks\Microsoft.NET.Sdk.WindowsDesktop\targets\Microsoft.WinFX.targets(61,7): message :                     AssignWinFXEmbeddedResource;
       C:\Program Files\dotnet\sdk\10.0.103\Sdks\Microsoft.NET.Sdk.WindowsDesktop\targets\Microsoft.WinFX.targets(61,7): message :                     
       C:\Program Files\dotnet\sdk\10.0.103\Sdks\Microsoft.NET.Sdk.WindowsDesktop\targets\Microsoft.WinFX.targets(61,7): message :       AssignTargetPaths;
       C:\Program Files\dotnet\sdk\10.0.103\Sdks\Microsoft.NET.Sdk.WindowsDesktop\targets\Microsoft.WinFX.targets(61,7): message :       SplitResourcesByCulture;
       C:\Program Files\dotnet\sdk\10.0.103\Sdks\Microsoft.NET.Sdk.WindowsDesktop\targets\Microsoft.WinFX.targets(61,7): message :       CreateManifestResourceNames;
       C:\Program Files\dotnet\sdk\10.0.103\Sdks\Microsoft.NET.Sdk.WindowsDesktop\targets\Microsoft.WinFX.targets(61,7): message :       CreateCustomManifestResourceNames
       C:\Program Files\dotnet\sdk\10.0.103\Sdks\Microsoft.NET.Sdk.WindowsDesktop\targets\Microsoft.WinFX.targets(61,7): message :     
       C:\Program Files\dotnet\sdk\10.0.103\Sdks\Microsoft.NET.Sdk.WindowsDesktop\targets\Microsoft.WinFX.targets(61,7): message :       " (önceki değer: "
       C:\Program Files\dotnet\sdk\10.0.103\Sdks\Microsoft.NET.Sdk.WindowsDesktop\targets\Microsoft.WinFX.targets(61,7): message :       AssignTargetPaths;
       C:\Program Files\dotnet\sdk\10.0.103\Sdks\Microsoft.NET.Sdk.WindowsDesktop\targets\Microsoft.WinFX.targets(61,7): message :       SplitResourcesByCulture;
       C:\Program Files\dotnet\sdk\10.0.103\Sdks\Microsoft.NET.Sdk.WindowsDesktop\targets\Microsoft.WinFX.targets(61,7): message :       CreateManifestResourceNames;
       C:\Program Files\dotnet\sdk\10.0.103\Sdks\Microsoft.NET.Sdk.WindowsDesktop\targets\Microsoft.WinFX.targets(61,7): message :       CreateCustomManifestResourceNames
       C:\Program Files\dotnet\sdk\10.0.103\Sdks\Microsoft.NET.Sdk.WindowsDesktop\targets\Microsoft.WinFX.targets(61,7): message :     ") konum: C:\Program Files\dotnet\sdk\10.0.103\Sdks\Microsoft.NET.Sdk.WindowsDesktop\targets\Microsoft.WinFX.targets (61,7)
       C:\Program Files\dotnet\sdk\10.0.103\Sdks\Microsoft.NET.Sdk.WindowsDesktop\targets\Microsoft.WinFX.targets(69,7): message : Özellik yeniden ataması: $(PrepareResourcesDependsOn)="
       C:\Program Files\dotnet\sdk\10.0.103\Sdks\Microsoft.NET.Sdk.WindowsDesktop\targets\Microsoft.WinFX.targets(69,7): message :                 MarkupCompilePass1;
       C:\Program Files\dotnet\sdk\10.0.103\Sdks\Microsoft.NET.Sdk.WindowsDesktop\targets\Microsoft.WinFX.targets(69,7): message :                 AfterMarkupCompilePass1;
       C:\Program Files\dotnet\sdk\10.0.103\Sdks\Microsoft.NET.Sdk.WindowsDesktop\targets\Microsoft.WinFX.targets(69,7): message :                 MarkupCompilePass2ForMainAssembly;
       C:\Program Files\dotnet\sdk\10.0.103\Sdks\Microsoft.NET.Sdk.WindowsDesktop\targets\Microsoft.WinFX.targets(69,7): message :                 FileClassification;
       C:\Program Files\dotnet\sdk\10.0.103\Sdks\Microsoft.NET.Sdk.WindowsDesktop\targets\Microsoft.WinFX.targets(69,7): message :                 MainResourcesGeneration;
       C:\Program Files\dotnet\sdk\10.0.103\Sdks\Microsoft.NET.Sdk.WindowsDesktop\targets\Microsoft.WinFX.targets(69,7): message :                 
       C:\Program Files\dotnet\sdk\10.0.103\Sdks\Microsoft.NET.Sdk.WindowsDesktop\targets\Microsoft.WinFX.targets(69,7): message :       ResolvePackageDependenciesForBuild;
       C:\Program Files\dotnet\sdk\10.0.103\Sdks\Microsoft.NET.Sdk.WindowsDesktop\targets\Microsoft.WinFX.targets(69,7): message :       _HandlePackageFileConflicts;
       C:\Program Files\dotnet\sdk\10.0.103\Sdks\Microsoft.NET.Sdk.WindowsDesktop\targets\Microsoft.WinFX.targets(69,7): message :       
       C:\Program Files\dotnet\sdk\10.0.103\Sdks\Microsoft.NET.Sdk.WindowsDesktop\targets\Microsoft.WinFX.targets(69,7): message :       ;
       C:\Program Files\dotnet\sdk\10.0.103\Sdks\Microsoft.NET.Sdk.WindowsDesktop\targets\Microsoft.WinFX.targets(69,7): message :       PrepareResourceNames;
       C:\Program Files\dotnet\sdk\10.0.103\Sdks\Microsoft.NET.Sdk.WindowsDesktop\targets\Microsoft.WinFX.targets(69,7): message :       ResGen;
       C:\Program Files\dotnet\sdk\10.0.103\Sdks\Microsoft.NET.Sdk.WindowsDesktop\targets\Microsoft.WinFX.targets(69,7): message :       CompileLicxFiles
       C:\Program Files\dotnet\sdk\10.0.103\Sdks\Microsoft.NET.Sdk.WindowsDesktop\targets\Microsoft.WinFX.targets(69,7): message :     
       C:\Program Files\dotnet\sdk\10.0.103\Sdks\Microsoft.NET.Sdk.WindowsDesktop\targets\Microsoft.WinFX.targets(69,7): message :     
       C:\Program Files\dotnet\sdk\10.0.103\Sdks\Microsoft.NET.Sdk.WindowsDesktop\targets\Microsoft.WinFX.targets(69,7): message :       " (önceki değer: "
       C:\Program Files\dotnet\sdk\10.0.103\Sdks\Microsoft.NET.Sdk.WindowsDesktop\targets\Microsoft.WinFX.targets(69,7): message :       ResolvePackageDependenciesForBuild;
       C:\Program Files\dotnet\sdk\10.0.103\Sdks\Microsoft.NET.Sdk.WindowsDesktop\targets\Microsoft.WinFX.targets(69,7): message :       _HandlePackageFileConflicts;
       C:\Program Files\dotnet\sdk\10.0.103\Sdks\Microsoft.NET.Sdk.WindowsDesktop\targets\Microsoft.WinFX.targets(69,7): message :       
       C:\Program Files\dotnet\sdk\10.0.103\Sdks\Microsoft.NET.Sdk.WindowsDesktop\targets\Microsoft.WinFX.targets(69,7): message :       ;
       C:\Program Files\dotnet\sdk\10.0.103\Sdks\Microsoft.NET.Sdk.WindowsDesktop\targets\Microsoft.WinFX.targets(69,7): message :       PrepareResourceNames;
       C:\Program Files\dotnet\sdk\10.0.103\Sdks\Microsoft.NET.Sdk.WindowsDesktop\targets\Microsoft.WinFX.targets(69,7): message :       ResGen;
       C:\Program Files\dotnet\sdk\10.0.103\Sdks\Microsoft.NET.Sdk.WindowsDesktop\targets\Microsoft.WinFX.targets(69,7): message :       CompileLicxFiles
       C:\Program Files\dotnet\sdk\10.0.103\Sdks\Microsoft.NET.Sdk.WindowsDesktop\targets\Microsoft.WinFX.targets(69,7): message :     
       C:\Program Files\dotnet\sdk\10.0.103\Sdks\Microsoft.NET.Sdk.WindowsDesktop\targets\Microsoft.WinFX.targets(69,7): message :     ") konum: C:\Program Files\dotnet\sdk\10.0.103\Sdks\Microsoft.NET.Sdk.WindowsDesktop\targets\Microsoft.WinFX.targets (69,7)
       C:\Program Files\dotnet\sdk\10.0.103\Sdks\Microsoft.NET.Sdk.WindowsDesktop\targets\Microsoft.WinFX.targets(136,5): message : Özellik yeniden ataması: $(CompileDependsOn)="
       C:\Program Files\dotnet\sdk\10.0.103\Sdks\Microsoft.NET.Sdk.WindowsDesktop\targets\Microsoft.WinFX.targets(136,5): message :         
       C:\Program Files\dotnet\sdk\10.0.103\Sdks\Microsoft.NET.Sdk.WindowsDesktop\targets\Microsoft.WinFX.targets(136,5): message :       
       C:\Program Files\dotnet\sdk\10.0.103\Sdks\Microsoft.NET.Sdk.WindowsDesktop\targets\Microsoft.WinFX.targets(136,5): message :       ResolveReferences;
       C:\Program Files\dotnet\sdk\10.0.103\Sdks\Microsoft.NET.Sdk.WindowsDesktop\targets\Microsoft.WinFX.targets(136,5): message :       ResolveKeySource;
       C:\Program Files\dotnet\sdk\10.0.103\Sdks\Microsoft.NET.Sdk.WindowsDesktop\targets\Microsoft.WinFX.targets(136,5): message :       SetWin32ManifestProperties;
       C:\Program Files\dotnet\sdk\10.0.103\Sdks\Microsoft.NET.Sdk.WindowsDesktop\targets\Microsoft.WinFX.targets(136,5): message :       _SetPreferNativeArm64Win32ManifestProperties;
       C:\Program Files\dotnet\sdk\10.0.103\Sdks\Microsoft.NET.Sdk.WindowsDesktop\targets\Microsoft.WinFX.targets(136,5): message :       FindReferenceAssembliesForReferences;
       C:\Program Files\dotnet\sdk\10.0.103\Sdks\Microsoft.NET.Sdk.WindowsDesktop\targets\Microsoft.WinFX.targets(136,5): message :       _GenerateCompileInputs;
       C:\Program Files\dotnet\sdk\10.0.103\Sdks\Microsoft.NET.Sdk.WindowsDesktop\targets\Microsoft.WinFX.targets(136,5): message :       BeforeCompile;
       C:\Program Files\dotnet\sdk\10.0.103\Sdks\Microsoft.NET.Sdk.WindowsDesktop\targets\Microsoft.WinFX.targets(136,5): message :       _TimeStampBeforeCompile;
       C:\Program Files\dotnet\sdk\10.0.103\Sdks\Microsoft.NET.Sdk.WindowsDesktop\targets\Microsoft.WinFX.targets(136,5): message :       _GenerateCompileDependencyCache;
       C:\Program Files\dotnet\sdk\10.0.103\Sdks\Microsoft.NET.Sdk.WindowsDesktop\targets\Microsoft.WinFX.targets(136,5): message :       CoreCompile;
       C:\Program Files\dotnet\sdk\10.0.103\Sdks\Microsoft.NET.Sdk.WindowsDesktop\targets\Microsoft.WinFX.targets(136,5): message :       _TimeStampAfterCompile;
       C:\Program Files\dotnet\sdk\10.0.103\Sdks\Microsoft.NET.Sdk.WindowsDesktop\targets\Microsoft.WinFX.targets(136,5): message :       AfterCompile;
       C:\Program Files\dotnet\sdk\10.0.103\Sdks\Microsoft.NET.Sdk.WindowsDesktop\targets\Microsoft.WinFX.targets(136,5): message :     ;
       C:\Program Files\dotnet\sdk\10.0.103\Sdks\Microsoft.NET.Sdk.WindowsDesktop\targets\Microsoft.WinFX.targets(136,5): message :       _CreateAppHost;
       C:\Program Files\dotnet\sdk\10.0.103\Sdks\Microsoft.NET.Sdk.WindowsDesktop\targets\Microsoft.WinFX.targets(136,5): message :       _CreateComHost;
       C:\Program Files\dotnet\sdk\10.0.103\Sdks\Microsoft.NET.Sdk.WindowsDesktop\targets\Microsoft.WinFX.targets(136,5): message :       _GetIjwHostPaths;
       C:\Program Files\dotnet\sdk\10.0.103\Sdks\Microsoft.NET.Sdk.WindowsDesktop\targets\Microsoft.WinFX.targets(136,5): message :     ;
       C:\Program Files\dotnet\sdk\10.0.103\Sdks\Microsoft.NET.Sdk.WindowsDesktop\targets\Microsoft.WinFX.targets(136,5): message :         _AfterCompileWinFXInternal
       C:\Program Files\dotnet\sdk\10.0.103\Sdks\Microsoft.NET.Sdk.WindowsDesktop\targets\Microsoft.WinFX.targets(136,5): message :     " (önceki değer: "
       C:\Program Files\dotnet\sdk\10.0.103\Sdks\Microsoft.NET.Sdk.WindowsDesktop\targets\Microsoft.WinFX.targets(136,5): message :       
       C:\Program Files\dotnet\sdk\10.0.103\Sdks\Microsoft.NET.Sdk.WindowsDesktop\targets\Microsoft.WinFX.targets(136,5): message :       ResolveReferences;
       C:\Program Files\dotnet\sdk\10.0.103\Sdks\Microsoft.NET.Sdk.WindowsDesktop\targets\Microsoft.WinFX.targets(136,5): message :       ResolveKeySource;
       C:\Program Files\dotnet\sdk\10.0.103\Sdks\Microsoft.NET.Sdk.WindowsDesktop\targets\Microsoft.WinFX.targets(136,5): message :       SetWin32ManifestProperties;
       C:\Program Files\dotnet\sdk\10.0.103\Sdks\Microsoft.NET.Sdk.WindowsDesktop\targets\Microsoft.WinFX.targets(136,5): message :       _SetPreferNativeArm64Win32ManifestProperties;
       C:\Program Files\dotnet\sdk\10.0.103\Sdks\Microsoft.NET.Sdk.WindowsDesktop\targets\Microsoft.WinFX.targets(136,5): message :       FindReferenceAssembliesForReferences;
       C:\Program Files\dotnet\sdk\10.0.103\Sdks\Microsoft.NET.Sdk.WindowsDesktop\targets\Microsoft.WinFX.targets(136,5): message :       _GenerateCompileInputs;
       C:\Program Files\dotnet\sdk\10.0.103\Sdks\Microsoft.NET.Sdk.WindowsDesktop\targets\Microsoft.WinFX.targets(136,5): message :       BeforeCompile;
       C:\Program Files\dotnet\sdk\10.0.103\Sdks\Microsoft.NET.Sdk.WindowsDesktop\targets\Microsoft.WinFX.targets(136,5): message :       _TimeStampBeforeCompile;
       C:\Program Files\dotnet\sdk\10.0.103\Sdks\Microsoft.NET.Sdk.WindowsDesktop\targets\Microsoft.WinFX.targets(136,5): message :       _GenerateCompileDependencyCache;
       C:\Program Files\dotnet\sdk\10.0.103\Sdks\Microsoft.NET.Sdk.WindowsDesktop\targets\Microsoft.WinFX.targets(136,5): message :       CoreCompile;
       C:\Program Files\dotnet\sdk\10.0.103\Sdks\Microsoft.NET.Sdk.WindowsDesktop\targets\Microsoft.WinFX.targets(136,5): message :       _TimeStampAfterCompile;
       C:\Program Files\dotnet\sdk\10.0.103\Sdks\Microsoft.NET.Sdk.WindowsDesktop\targets\Microsoft.WinFX.targets(136,5): message :       AfterCompile;
       C:\Program Files\dotnet\sdk\10.0.103\Sdks\Microsoft.NET.Sdk.WindowsDesktop\targets\Microsoft.WinFX.targets(136,5): message :     ;
       C:\Program Files\dotnet\sdk\10.0.103\Sdks\Microsoft.NET.Sdk.WindowsDesktop\targets\Microsoft.WinFX.targets(136,5): message :       _CreateAppHost;
       C:\Program Files\dotnet\sdk\10.0.103\Sdks\Microsoft.NET.Sdk.WindowsDesktop\targets\Microsoft.WinFX.targets(136,5): message :       _CreateComHost;
       C:\Program Files\dotnet\sdk\10.0.103\Sdks\Microsoft.NET.Sdk.WindowsDesktop\targets\Microsoft.WinFX.targets(136,5): message :       _GetIjwHostPaths;
       C:\Program Files\dotnet\sdk\10.0.103\Sdks\Microsoft.NET.Sdk.WindowsDesktop\targets\Microsoft.WinFX.targets(136,5): message :     ") konum: C:\Program Files\dotnet\sdk\10.0.103\Sdks\Microsoft.NET.Sdk.WindowsDesktop\targets\Microsoft.WinFX.targets (136,5)
       C:\Program Files\dotnet\sdk\10.0.103\Sdks\Microsoft.NET.Sdk.WindowsDesktop\targets\Microsoft.WinFX.targets(803,9): message : Özellik yeniden ataması: $(PublishBuildDependsOn)="
       C:\Program Files\dotnet\sdk\10.0.103\Sdks\Microsoft.NET.Sdk.WindowsDesktop\targets\Microsoft.WinFX.targets(803,9): message :             BuildOnlySettings;
       C:\Program Files\dotnet\sdk\10.0.103\Sdks\Microsoft.NET.Sdk.WindowsDesktop\targets\Microsoft.WinFX.targets(803,9): message :             PrepareForBuild;
       C:\Program Files\dotnet\sdk\10.0.103\Sdks\Microsoft.NET.Sdk.WindowsDesktop\targets\Microsoft.WinFX.targets(803,9): message :             ResolveReferences;
       C:\Program Files\dotnet\sdk\10.0.103\Sdks\Microsoft.NET.Sdk.WindowsDesktop\targets\Microsoft.WinFX.targets(803,9): message :             PrepareResources;
       C:\Program Files\dotnet\sdk\10.0.103\Sdks\Microsoft.NET.Sdk.WindowsDesktop\targets\Microsoft.WinFX.targets(803,9): message :             ResolveKeySource;
       C:\Program Files\dotnet\sdk\10.0.103\Sdks\Microsoft.NET.Sdk.WindowsDesktop\targets\Microsoft.WinFX.targets(803,9): message :             PrepareResourcesForSatelliteAssemblies;
       C:\Program Files\dotnet\sdk\10.0.103\Sdks\Microsoft.NET.Sdk.WindowsDesktop\targets\Microsoft.WinFX.targets(803,9): message :             GenerateSerializationAssemblies;
       C:\Program Files\dotnet\sdk\10.0.103\Sdks\Microsoft.NET.Sdk.WindowsDesktop\targets\Microsoft.WinFX.targets(803,9): message :             CreateSatelliteAssemblies;
       C:\Program Files\dotnet\sdk\10.0.103\Sdks\Microsoft.NET.Sdk.WindowsDesktop\targets\Microsoft.WinFX.targets(803,9): message :         " (önceki değer: "
       C:\Program Files\dotnet\sdk\10.0.103\Sdks\Microsoft.NET.Sdk.WindowsDesktop\targets\Microsoft.WinFX.targets(803,9): message :       BuildOnlySettings;
       C:\Program Files\dotnet\sdk\10.0.103\Sdks\Microsoft.NET.Sdk.WindowsDesktop\targets\Microsoft.WinFX.targets(803,9): message :       PrepareForBuild;
       C:\Program Files\dotnet\sdk\10.0.103\Sdks\Microsoft.NET.Sdk.WindowsDesktop\targets\Microsoft.WinFX.targets(803,9): message :       ResolveReferences;
       C:\Program Files\dotnet\sdk\10.0.103\Sdks\Microsoft.NET.Sdk.WindowsDesktop\targets\Microsoft.WinFX.targets(803,9): message :       PrepareResources;
       C:\Program Files\dotnet\sdk\10.0.103\Sdks\Microsoft.NET.Sdk.WindowsDesktop\targets\Microsoft.WinFX.targets(803,9): message :       ResolveKeySource;
       C:\Program Files\dotnet\sdk\10.0.103\Sdks\Microsoft.NET.Sdk.WindowsDesktop\targets\Microsoft.WinFX.targets(803,9): message :       GenerateSerializationAssemblies;
       C:\Program Files\dotnet\sdk\10.0.103\Sdks\Microsoft.NET.Sdk.WindowsDesktop\targets\Microsoft.WinFX.targets(803,9): message :       CreateSatelliteAssemblies;
       C:\Program Files\dotnet\sdk\10.0.103\Sdks\Microsoft.NET.Sdk.WindowsDesktop\targets\Microsoft.WinFX.targets(803,9): message :     ") konum: C:\Program Files\dotnet\sdk\10.0.103\Sdks\Microsoft.NET.Sdk.WindowsDesktop\targets\Microsoft.WinFX.targets (803,9)
       C:\Program Files\dotnet\sdk\10.0.103\NuGet.Build.Tasks.Pack.targets(34,5): message : Özellik yeniden ataması: $(PackageDescription)="Package Description" (önceki değer: "") konum: C:\Program Files\dotnet\sdk\10.0.103\NuGet.Build.Tasks.Pack.targets (34,5)
       C:\Program Files\dotnet\sdk\10.0.103\NuGet.Build.Tasks.Pack.targets(59,5): message : Özellik yeniden ataması: $(GenerateNuspecDependsOn)="Build;_LoadPackInputItems; _GetTargetFrameworksOutput; _WalkEachTargetPerFramework; _GetPackageFiles; " (önceki değer: "_LoadPackInputItems; _GetTargetFrameworksOutput; _WalkEachTargetPerFramework; _GetPackageFiles; ") konum: C:\Program Files\dotnet\sdk\10.0.103\NuGet.Build.Tasks.Pack.targets (59,5)
       C:\Program Files\dotnet\sdk\10.0.103\Sdks\Microsoft.NET.Sdk\Sdk\Sdk.targets(59,5): message : Özellik yeniden ataması: $(_IsNotSetContainersTargetsDir)="true" (önceki değer: "false") konum: C:\Program Files\dotnet\sdk\10.0.103\Sdks\Microsoft.NET.Sdk\Sdk\Sdk.targets (59,5)
       C:\Program Files\dotnet\sdk\10.0.103\Containers\build\Microsoft.NET.Build.Containers.targets(5,5): message : Özellik yeniden ataması: $(_IsSDKContainerAllowedVersion)="true" (önceki değer: "false") konum: C:\Program Files\dotnet\sdk\10.0.103\Containers\build\Microsoft.NET.Build.Containers.targets (5,5)
       "C:\Program Files\dotnet\sdk\10.0.103\Sdks\Microsoft.NET.Sdk\targets\Microsoft.NET.Sdk.FrameworkReferenceResolution.targets" projesindeki "ResolveFrameworkReferences" hedefi kullanılarak "C:\Program Files\dotnet\sdk\10.0.103\Microsoft.Common.CurrentVersion.targets" projesindeki "ResolveFrameworkReferences" hedefinin üzerine yazılıyor.
       "C:\Program Files\dotnet\sdk\10.0.103\Sdks\Microsoft.NET.Sdk\targets\Microsoft.NET.Sdk.targets" projesindeki "GenerateSupportedTargetFrameworkAlias" hedefi kullanılarak "C:\Program Files\dotnet\sdk\10.0.103\Microsoft.Common.CurrentVersion.targets" projesindeki "GenerateSupportedTargetFrameworkAlias" hedefinin üzerine yazılıyor.
       "C:\Program Files\dotnet\sdk\10.0.103\Sdks\Microsoft.NET.Sdk\targets\Microsoft.NET.DisableStandardFrameworkResolution.targets" projesindeki "GetReferenceAssemblyPaths" hedefi kullanılarak "C:\Program Files\dotnet\sdk\10.0.103\Microsoft.Common.CurrentVersion.targets" projesindeki "GetReferenceAssemblyPaths" hedefinin üzerine yazılıyor.
       "C:\Program Files\dotnet\sdk\10.0.103\Sdks\Microsoft.NET.Sdk\targets\Microsoft.NET.DisableStandardFrameworkResolution.targets" projesindeki "GetFrameworkPaths" hedefi kullanılarak "C:\Program Files\dotnet\sdk\10.0.103\Microsoft.Common.CurrentVersion.targets" projesindeki "GetFrameworkPaths" hedefinin üzerine yazılıyor.
       "C:\Program Files\dotnet\sdk\10.0.103\Sdks\Microsoft.NET.Sdk\targets\Microsoft.NET.DesignerSupport.targets" projesindeki "DesignerRuntimeImplementationProjectOutputGroup" hedefi kullanılarak "C:\Program Files\dotnet\sdk\10.0.103\Microsoft.Common.CurrentVersion.targets" projesindeki "DesignerRuntimeImplementationProjectOutputGroup" hedefinin üzerine yazılıyor.
       "C:\Program Files\dotnet\sdk\10.0.103\Sdks\Microsoft.NET.Sdk\targets\Microsoft.NET.Publish.targets" projesindeki "Publish" hedefi kullanılarak "C:\Program Files\dotnet\sdk\10.0.103\Microsoft.Common.CurrentVersion.targets" projesindeki "Publish" hedefinin üzerine yazılıyor.
       "C:\Program Files\dotnet\sdk\10.0.103\Sdks\Microsoft.NET.Sdk\targets\Microsoft.NET.Publish.targets" projesindeki "ResolveReadyToRunCompilers" hedefi kullanılarak "C:\Program Files\dotnet\sdk\10.0.103\Sdks\Microsoft.NET.Sdk\targets\Microsoft.NET.CrossGen.targets" projesindeki "ResolveReadyToRunCompilers" hedefinin üzerine yazılıyor.
       "C:\Program Files\dotnet\sdk\10.0.103\Sdks\Microsoft.NET.Sdk\targets\Microsoft.NET.Publish.targets" projesindeki "GetCopyToPublishDirectoryItems" hedefi kullanılarak "C:\Program Files\dotnet\sdk\10.0.103\Microsoft.Common.CurrentVersion.targets" projesindeki "GetCopyToPublishDirectoryItems" hedefinin üzerine yazılıyor.
       "C:\Program Files\dotnet\sdk\10.0.103\Sdks\Microsoft.NET.Sdk\targets\Microsoft.NET.Sdk.targets" projesindeki "Run" hedefi kullanılarak "C:\Program Files\dotnet\sdk\10.0.103\Microsoft.Common.CurrentVersion.targets" projesindeki "Run" hedefinin üzerine yazılıyor.
       "C:\Program Files\dotnet\sdk\10.0.103\Sdks\Microsoft.NET.Sdk.WindowsDesktop\targets\Microsoft.WinFX.targets" projesindeki "SatelliteDllsProjectOutputGroup" hedefi kullanılarak "C:\Program Files\dotnet\sdk\10.0.103\Microsoft.Common.CurrentVersion.targets" projesindeki "SatelliteDllsProjectOutputGroup" hedefinin üzerine yazılıyor.
     1>1 düğümünde "C:\Users\ayhan\OneDrive\Desktop\Canlı OBD2 Araç Telemetri Ekranı\HondaTuner\HondaTuner.csproj" projesi (Restore hedef).
     1>"C:\Users\ayhan\OneDrive\Desktop\Canlı OBD2 Araç Telemetri Ekranı\HondaTuner\HondaTuner.csproj" projesinin "C:\Program Files\dotnet\sdk\10.0.103\NuGet.targets" dosyasındaki "_LoadRestoreGraphEntryPoints" hedefi ("_FilterRestoreGraphProjectInputItems" hedefi buna bağımlı):
     1>"HondaTuner.csproj" projesinde "_LoadRestoreGraphEntryPoints" hedefini oluşturma tamamlandı.
     1>"C:\Users\ayhan\OneDrive\Desktop\Canlı OBD2 Araç Telemetri Ekranı\HondaTuner\HondaTuner.csproj" projesinin "C:\Program Files\dotnet\sdk\10.0.103\NuGet.targets" dosyasındaki "_FilterRestoreGraphProjectInputItems" hedefi ("_GenerateRestoreGraph" hedefi buna bağımlı):
       "Microsoft.Build.Tasks.Core, Version=15.1.0.0, Culture=neutral, PublicKeyToken=b03f5f7f11d50a3a" derlemesindeki "RemoveDuplicates" görevi kullanılıyor.
       "RemoveDuplicates" görevi
       "RemoveDuplicates" görevini yürütme tamamlandı.
       "Microsoft.Build.Tasks.Core, Version=15.1.0.0, Culture=neutral, PublicKeyToken=b03f5f7f11d50a3a" derlemesindeki "MSBuild" görevi kullanılıyor.
       "MSBuild" görevi
         Genel Özellikler:
           ExcludeRestorePackageImports=true
     0>C:\Program Files\dotnet\sdk\10.0.103\Sdks\Microsoft.NET.Sdk\Sdk\Sdk.props(49,11): message : 'C:\Program Files\dotnet\sdk\10.0.103\' değerine sahip 'MSBuildExtensionsPath' özelliği ortamdan genişletildi.
       C:\Program Files\dotnet\sdk\10.0.103\Current\Microsoft.Common.props(60,5): message : Özellik yeniden ataması: $(MSBuildProjectExtensionsPath)="C:\Users\ayhan\OneDrive\Desktop\Canlı OBD2 Araç Telemetri Ekranı\HondaTuner\obj\" (önceki değer: "obj\") konum: C:\Program Files\dotnet\sdk\10.0.103\Current\Microsoft.Common.props (60,5)
       C:\Program Files\dotnet\sdk\10.0.103\Current\Microsoft.Common.props(84,119): message : 'C:\Users\ayhan\AppData\Local\Microsoft\MSBuild' değerine sahip 'MSBuildUserExtensionsPath' özelliği ortamdan genişletildi.
       C:\Program Files\dotnet\sdk\10.0.103\Sdks\Microsoft.NET.Sdk\targets\Microsoft.NET.Sdk.props(90,5): message : Özellik yeniden ataması: $(AssemblySearchPaths)="{CandidateAssemblyFiles};{HintPathFromItem}" (önceki değer: "{CandidateAssemblyFiles}") konum: C:\Program Files\dotnet\sdk\10.0.103\Sdks\Microsoft.NET.Sdk\targets\Microsoft.NET.Sdk.props (90,5)
       C:\Program Files\dotnet\sdk\10.0.103\Sdks\Microsoft.NET.Sdk\targets\Microsoft.NET.Sdk.props(91,5): message : Özellik yeniden ataması: $(AssemblySearchPaths)="{CandidateAssemblyFiles};{HintPathFromItem};{TargetFrameworkDirectory}" (önceki değer: "{CandidateAssemblyFiles};{HintPathFromItem}") konum: C:\Program Files\dotnet\sdk\10.0.103\Sdks\Microsoft.NET.Sdk\targets\Microsoft.NET.Sdk.props (91,5)
       C:\Program Files\dotnet\sdk\10.0.103\Sdks\Microsoft.NET.Sdk\targets\Microsoft.NET.Sdk.props(92,5): message : Özellik yeniden ataması: $(AssemblySearchPaths)="{CandidateAssemblyFiles};{HintPathFromItem};{TargetFrameworkDirectory};{RawFileName}" (önceki değer: "{CandidateAssemblyFiles};{HintPathFromItem};{TargetFrameworkDirectory}") konum: C:\Program Files\dotnet\sdk\10.0.103\Sdks\Microsoft.NET.Sdk\targets\Microsoft.NET.Sdk.props (92,5)
       C:\Users\ayhan\OneDrive\Desktop\Canlı OBD2 Araç Telemetri Ekranı\HondaTuner\HondaTuner.csproj(4,5): message : Özellik yeniden ataması: $(OutputType)="WinExe" (önceki değer: "Library") konum: C:\Users\ayhan\OneDrive\Desktop\Canlı OBD2 Araç Telemetri Ekranı\HondaTuner\HondaTuner.csproj (4,5)
       C:\Program Files\dotnet\sdk\10.0.103\Sdks\Microsoft.NET.Sdk\targets\Microsoft.NET.Sdk.ImportPublishProfile.targets(28,5): message : Özellik yeniden ataması: $(PublishProfileImported)="false" (önceki değer: "true") konum: C:\Program Files\dotnet\sdk\10.0.103\Sdks\Microsoft.NET.Sdk\targets\Microsoft.NET.Sdk.ImportPublishProfile.targets (28,5)
       C:\Program Files\dotnet\sdk\10.0.103\Sdks\Microsoft.NET.Sdk\targets\Microsoft.NET.TargetFrameworkInference.targets(80,5): message : Özellik yeniden ataması: $(TargetPlatformVersion)="0.0" (önceki değer: "0.0.0.0") konum: C:\Program Files\dotnet\sdk\10.0.103\Sdks\Microsoft.NET.Sdk\targets\Microsoft.NET.TargetFrameworkInference.targets (80,5)
       C:\Program Files\dotnet\sdk\10.0.103\Sdks\Microsoft.NET.Sdk\targets\Microsoft.NET.TargetFrameworkInference.targets(81,5): message : Özellik yeniden ataması: $(TargetPlatformVersion)="" (önceki değer: "0.0") konum: C:\Program Files\dotnet\sdk\10.0.103\Sdks\Microsoft.NET.Sdk\targets\Microsoft.NET.TargetFrameworkInference.targets (81,5)
       C:\Program Files\dotnet\sdk\10.0.103\Sdks\Microsoft.NET.Sdk\targets\Microsoft.NET.TargetFrameworkInference.targets(84,5): message : Özellik yeniden ataması: $(TargetPlatformIdentifier)="Windows" (önceki değer: "windows") konum: C:\Program Files\dotnet\sdk\10.0.103\Sdks\Microsoft.NET.Sdk\targets\Microsoft.NET.TargetFrameworkInference.targets (84,5)
       C:\Program Files\dotnet\sdk\10.0.103\Sdks\Microsoft.NET.Sdk\targets\Microsoft.NET.DefaultOutputPaths.targets(127,5): message : Özellik yeniden ataması: $(DefaultItemExcludes)=";bin\Debug\/**;obj\Debug\/**" (önceki değer: ";bin\Debug\/**") konum: C:\Program Files\dotnet\sdk\10.0.103\Sdks\Microsoft.NET.Sdk\targets\Microsoft.NET.DefaultOutputPaths.targets (127,5)
       C:\Program Files\dotnet\sdk\10.0.103\Sdks\Microsoft.NET.Sdk\targets\Microsoft.NET.DefaultOutputPaths.targets(142,5): message : Özellik yeniden ataması: $(OutputPath)="bin\Debug\net6.0-windows\" (önceki değer: "bin\Debug\") konum: C:\Program Files\dotnet\sdk\10.0.103\Sdks\Microsoft.NET.Sdk\targets\Microsoft.NET.DefaultOutputPaths.targets (142,5)
       C:\Program Files\dotnet\sdk\10.0.103\Sdks\Microsoft.NET.Sdk\targets\Microsoft.NET.DefaultOutputPaths.targets(147,5): message : Özellik yeniden ataması: $(IntermediateOutputPath)="obj\Debug\net6.0-windows\" (önceki değer: "obj\Debug\") konum: C:\Program Files\dotnet\sdk\10.0.103\Sdks\Microsoft.NET.Sdk\targets\Microsoft.NET.DefaultOutputPaths.targets (147,5)
       C:\Program Files\dotnet\sdk\10.0.103\Sdks\Microsoft.NET.Sdk\targets\Microsoft.NET.Sdk.BeforeCommon.targets(371,5): message : Özellik yeniden ataması: $(RoslynTargetsPath)="C:\Program Files\dotnet\sdk\10.0.103\Sdks\Microsoft.NET.Sdk\targets\..\..\..\Roslyn" (önceki değer: "C:\Program Files\dotnet\sdk\10.0.103\Roslyn") konum: C:\Program Files\dotnet\sdk\10.0.103\Sdks\Microsoft.NET.Sdk\targets\Microsoft.NET.Sdk.BeforeCommon.targets (371,5)
       C:\Program Files\dotnet\sdk\10.0.103\Roslyn\Microsoft.Managed.Core.targets(6,5): message : Özellik yeniden ataması: $(_BuildTasksDirectory)="C:\Program Files\dotnet\sdk\10.0.103\Sdks\Microsoft.NET.Sdk\targets\..\..\..\Roslyn\" (önceki değer: "C:\Program Files\dotnet\sdk\10.0.103\Roslyn\") konum: C:\Program Files\dotnet\sdk\10.0.103\Roslyn\Microsoft.Managed.Core.targets (6,5)
       C:\Program Files\dotnet\sdk\10.0.103\Roslyn\Microsoft.CSharp.Core.targets(200,5): message : Özellik yeniden ataması: $(CommandLineArgsForDesignTimeEvaluation)="-langversion:10.0 -define:TRACE" (önceki değer: "-langversion:10.0") konum: C:\Program Files\dotnet\sdk\10.0.103\Roslyn\Microsoft.CSharp.Core.targets (200,5)
       C:\Program Files\dotnet\sdk\10.0.103\Microsoft.Common.CurrentVersion.targets(175,5): message : Özellik yeniden ataması: $(_DebugSymbolsProduced)="true" (önceki değer: "false") konum: C:\Program Files\dotnet\sdk\10.0.103\Microsoft.Common.CurrentVersion.targets (175,5)
       C:\Program Files\dotnet\sdk\10.0.103\Microsoft.Common.CurrentVersion.targets(185,5): message : Özellik yeniden ataması: $(_DocumentationFileProduced)="false" (önceki değer: "true") konum: C:\Program Files\dotnet\sdk\10.0.103\Microsoft.Common.CurrentVersion.targets (185,5)
       C:\Program Files\dotnet\sdk\10.0.103\Microsoft.Common.CurrentVersion.targets(393,5): message : Özellik yeniden ataması: $(MSBuildCopyMarkerName)="HondaTuner.csproj.Up2Date" (önceki değer: "HondaTuner.csproj") konum: C:\Program Files\dotnet\sdk\10.0.103\Microsoft.Common.CurrentVersion.targets (393,5)
       C:\Program Files\dotnet\sdk\10.0.103\Microsoft.Common.CurrentVersion.targets(541,5): message : Özellik yeniden ataması: $(ProcessorArchitecture)="msil" (önceki değer: "") konum: C:\Program Files\dotnet\sdk\10.0.103\Microsoft.Common.CurrentVersion.targets (541,5)
       C:\Program Files\dotnet\sdk\10.0.103\Microsoft.Common.CurrentVersion.targets(580,5): message : Özellik yeniden ataması: $(DelaySign)="" (önceki değer: "false") konum: C:\Program Files\dotnet\sdk\10.0.103\Microsoft.Common.CurrentVersion.targets (580,5)
       C:\Program Files\dotnet\sdk\10.0.103\Microsoft.Common.CurrentVersion.targets(2606,5): message : 'C:\Users\ayhan\AppData\Local' değerine sahip 'LOCALAPPDATA' özelliği ortamdan genişletildi.
       C:\Program Files\dotnet\sdk\10.0.103\Microsoft.Common.CurrentVersion.targets(3934,5): message : Özellik yeniden ataması: $(_SGenGenerateSerializationAssembliesConfig)="Auto" (önceki değer: "") konum: C:\Program Files\dotnet\sdk\10.0.103\Microsoft.Common.CurrentVersion.targets (3934,5)
       C:\Program Files\dotnet\sdk\10.0.103\Microsoft.Common.CurrentVersion.targets(3935,5): message : Özellik yeniden ataması: $(_SGenGenerateSerializationAssembliesConfig)="Off" (önceki değer: "Auto") konum: C:\Program Files\dotnet\sdk\10.0.103\Microsoft.Common.CurrentVersion.targets (3935,5)
       C:\Program Files\dotnet\sdk\10.0.103\Microsoft.Common.CurrentVersion.targets(5146,5): message : Özellik yeniden ataması: $(_TargetsThatPrepareProjectReferences)="
       C:\Program Files\dotnet\sdk\10.0.103\Microsoft.Common.CurrentVersion.targets(5146,5): message :       AssignProjectConfiguration;
       C:\Program Files\dotnet\sdk\10.0.103\Microsoft.Common.CurrentVersion.targets(5146,5): message :       _SplitProjectReferencesByFileExistence
       C:\Program Files\dotnet\sdk\10.0.103\Microsoft.Common.CurrentVersion.targets(5146,5): message :     " (önceki değer: "_SplitProjectReferencesByFileExistence") konum: C:\Program Files\dotnet\sdk\10.0.103\Microsoft.Common.CurrentVersion.targets (5146,5)
       C:\Program Files\dotnet\sdk\10.0.103\Microsoft.Common.CurrentVersion.targets(6959,5): message : 'C:\Program Files\dotnet\sdk\10.0.103' değerine sahip 'MSBuildExtensionsPath32' özelliği ortamdan genişletildi.
       "NuGetInteractive" özelliği genel bir özelliktir ve değiştirilemez.
       C:\Program Files\dotnet\sdk\10.0.103\Sdks\Microsoft.NET.Sdk\targets\Microsoft.PackageDependencyResolution.targets(24,5): message : Özellik yeniden ataması: $(ProjectAssetsFile)="C:\Users\ayhan\OneDrive\Desktop\Canlı OBD2 Araç Telemetri Ekranı\HondaTuner\obj\project.assets.json" (önceki değer: "C:\Users\ayhan\OneDrive\Desktop\Canlı OBD2 Araç Telemetri Ekranı\HondaTuner\obj\/project.assets.json") konum: C:\Program Files\dotnet\sdk\10.0.103\Sdks\Microsoft.NET.Sdk\targets\Microsoft.PackageDependencyResolution.targets (24,5)
       C:\Program Files\dotnet\sdk\10.0.103\Sdks\Microsoft.NET.Sdk\targets\Microsoft.PackageDependencyResolution.targets(29,5): message : Özellik yeniden ataması: $(ProjectAssetsCacheFile)="C:\Users\ayhan\OneDrive\Desktop\Canlı OBD2 Araç Telemetri Ekranı\HondaTuner\obj\Debug\net6.0-windows\HondaTuner.assets.cache" (önceki değer: "obj\Debug\net6.0-windows\HondaTuner.assets.cache") konum: C:\Program Files\dotnet\sdk\10.0.103\Sdks\Microsoft.NET.Sdk\targets\Microsoft.PackageDependencyResolution.targets (29,5)
       C:\Program Files\dotnet\sdk\10.0.103\Sdks\Microsoft.NET.Sdk\targets\Microsoft.PackageDependencyResolution.targets(80,5): message : Özellik yeniden ataması: $(ResolveAssemblyReferencesDependsOn)="
       C:\Program Files\dotnet\sdk\10.0.103\Sdks\Microsoft.NET.Sdk\targets\Microsoft.PackageDependencyResolution.targets(80,5): message :       
       C:\Program Files\dotnet\sdk\10.0.103\Sdks\Microsoft.NET.Sdk\targets\Microsoft.PackageDependencyResolution.targets(80,5): message :       ResolveProjectReferences;
       C:\Program Files\dotnet\sdk\10.0.103\Sdks\Microsoft.NET.Sdk\targets\Microsoft.PackageDependencyResolution.targets(80,5): message :       FindInvalidProjectReferences;
       C:\Program Files\dotnet\sdk\10.0.103\Sdks\Microsoft.NET.Sdk\targets\Microsoft.PackageDependencyResolution.targets(80,5): message :       GetFrameworkPaths;
       C:\Program Files\dotnet\sdk\10.0.103\Sdks\Microsoft.NET.Sdk\targets\Microsoft.PackageDependencyResolution.targets(80,5): message :       GetReferenceAssemblyPaths;
       C:\Program Files\dotnet\sdk\10.0.103\Sdks\Microsoft.NET.Sdk\targets\Microsoft.PackageDependencyResolution.targets(80,5): message :       PrepareForBuild;
       C:\Program Files\dotnet\sdk\10.0.103\Sdks\Microsoft.NET.Sdk\targets\Microsoft.PackageDependencyResolution.targets(80,5): message :       ResolveSDKReferences;
       C:\Program Files\dotnet\sdk\10.0.103\Sdks\Microsoft.NET.Sdk\targets\Microsoft.PackageDependencyResolution.targets(80,5): message :       ExpandSDKReferences;
       C:\Program Files\dotnet\sdk\10.0.103\Sdks\Microsoft.NET.Sdk\targets\Microsoft.PackageDependencyResolution.targets(80,5): message :     ;
       C:\Program Files\dotnet\sdk\10.0.103\Sdks\Microsoft.NET.Sdk\targets\Microsoft.PackageDependencyResolution.targets(80,5): message :       ResolvePackageDependenciesForBuild;
       C:\Program Files\dotnet\sdk\10.0.103\Sdks\Microsoft.NET.Sdk\targets\Microsoft.PackageDependencyResolution.targets(80,5): message :       _HandlePackageFileConflicts;
       C:\Program Files\dotnet\sdk\10.0.103\Sdks\Microsoft.NET.Sdk\targets\Microsoft.PackageDependencyResolution.targets(80,5): message :     " (önceki değer: "
       C:\Program Files\dotnet\sdk\10.0.103\Sdks\Microsoft.NET.Sdk\targets\Microsoft.PackageDependencyResolution.targets(80,5): message :       ResolveProjectReferences;
       C:\Program Files\dotnet\sdk\10.0.103\Sdks\Microsoft.NET.Sdk\targets\Microsoft.PackageDependencyResolution.targets(80,5): message :       FindInvalidProjectReferences;
       C:\Program Files\dotnet\sdk\10.0.103\Sdks\Microsoft.NET.Sdk\targets\Microsoft.PackageDependencyResolution.targets(80,5): message :       GetFrameworkPaths;
       C:\Program Files\dotnet\sdk\10.0.103\Sdks\Microsoft.NET.Sdk\targets\Microsoft.PackageDependencyResolution.targets(80,5): message :       GetReferenceAssemblyPaths;
       C:\Program Files\dotnet\sdk\10.0.103\Sdks\Microsoft.NET.Sdk\targets\Microsoft.PackageDependencyResolution.targets(80,5): message :       PrepareForBuild;
       C:\Program Files\dotnet\sdk\10.0.103\Sdks\Microsoft.NET.Sdk\targets\Microsoft.PackageDependencyResolution.targets(80,5): message :       ResolveSDKReferences;
       C:\Program Files\dotnet\sdk\10.0.103\Sdks\Microsoft.NET.Sdk\targets\Microsoft.PackageDependencyResolution.targets(80,5): message :       ExpandSDKReferences;
       C:\Program Files\dotnet\sdk\10.0.103\Sdks\Microsoft.NET.Sdk\targets\Microsoft.PackageDependencyResolution.targets(80,5): message :     ") konum: C:\Program Files\dotnet\sdk\10.0.103\Sdks\Microsoft.NET.Sdk\targets\Microsoft.PackageDependencyResolution.targets (80,5)
       C:\Program Files\dotnet\sdk\10.0.103\Sdks\Microsoft.NET.Sdk\targets\Microsoft.PackageDependencyResolution.targets(86,5): message : Özellik yeniden ataması: $(PrepareResourcesDependsOn)="
       C:\Program Files\dotnet\sdk\10.0.103\Sdks\Microsoft.NET.Sdk\targets\Microsoft.PackageDependencyResolution.targets(86,5): message :       ResolvePackageDependenciesForBuild;
       C:\Program Files\dotnet\sdk\10.0.103\Sdks\Microsoft.NET.Sdk\targets\Microsoft.PackageDependencyResolution.targets(86,5): message :       _HandlePackageFileConflicts;
       C:\Program Files\dotnet\sdk\10.0.103\Sdks\Microsoft.NET.Sdk\targets\Microsoft.PackageDependencyResolution.targets(86,5): message :       
       C:\Program Files\dotnet\sdk\10.0.103\Sdks\Microsoft.NET.Sdk\targets\Microsoft.PackageDependencyResolution.targets(86,5): message :       ;
       C:\Program Files\dotnet\sdk\10.0.103\Sdks\Microsoft.NET.Sdk\targets\Microsoft.PackageDependencyResolution.targets(86,5): message :       PrepareResourceNames;
       C:\Program Files\dotnet\sdk\10.0.103\Sdks\Microsoft.NET.Sdk\targets\Microsoft.PackageDependencyResolution.targets(86,5): message :       ResGen;
       C:\Program Files\dotnet\sdk\10.0.103\Sdks\Microsoft.NET.Sdk\targets\Microsoft.PackageDependencyResolution.targets(86,5): message :       CompileLicxFiles
       C:\Program Files\dotnet\sdk\10.0.103\Sdks\Microsoft.NET.Sdk\targets\Microsoft.PackageDependencyResolution.targets(86,5): message :     
       C:\Program Files\dotnet\sdk\10.0.103\Sdks\Microsoft.NET.Sdk\targets\Microsoft.PackageDependencyResolution.targets(86,5): message :     " (önceki değer: "
       C:\Program Files\dotnet\sdk\10.0.103\Sdks\Microsoft.NET.Sdk\targets\Microsoft.PackageDependencyResolution.targets(86,5): message :       ;
       C:\Program Files\dotnet\sdk\10.0.103\Sdks\Microsoft.NET.Sdk\targets\Microsoft.PackageDependencyResolution.targets(86,5): message :       PrepareResourceNames;
       C:\Program Files\dotnet\sdk\10.0.103\Sdks\Microsoft.NET.Sdk\targets\Microsoft.PackageDependencyResolution.targets(86,5): message :       ResGen;
       C:\Program Files\dotnet\sdk\10.0.103\Sdks\Microsoft.NET.Sdk\targets\Microsoft.PackageDependencyResolution.targets(86,5): message :       CompileLicxFiles
       C:\Program Files\dotnet\sdk\10.0.103\Sdks\Microsoft.NET.Sdk\targets\Microsoft.PackageDependencyResolution.targets(86,5): message :     ") konum: C:\Program Files\dotnet\sdk\10.0.103\Sdks\Microsoft.NET.Sdk\targets\Microsoft.PackageDependencyResolution.targets (86,5)
       "EnableDefaultCompileItems" özelliği genel bir özelliktir ve değiştirilemez.
       "EnableDefaultEmbeddedResourceItems" özelliği genel bir özelliktir ve değiştirilemez.
       "EnableDefaultNoneItems" özelliği genel bir özelliktir ve değiştirilemez.
       C:\Program Files\dotnet\sdk\10.0.103\Sdks\Microsoft.NET.Sdk\targets\Microsoft.NET.Sdk.DefaultItems.targets(35,5): message : Özellik yeniden ataması: $(DefaultItemExcludes)=";bin\Debug\/**;obj\Debug\/**;bin\/**" (önceki değer: ";bin\Debug\/**;obj\Debug\/**") konum: C:\Program Files\dotnet\sdk\10.0.103\Sdks\Microsoft.NET.Sdk\targets\Microsoft.NET.Sdk.DefaultItems.targets (35,5)
       C:\Program Files\dotnet\sdk\10.0.103\Sdks\Microsoft.NET.Sdk\targets\Microsoft.NET.Sdk.DefaultItems.targets(37,5): message : Özellik yeniden ataması: $(DefaultItemExcludes)=";bin\Debug\/**;obj\Debug\/**;bin\/**;obj\/**" (önceki değer: ";bin\Debug\/**;obj\Debug\/**;bin\/**") konum: C:\Program Files\dotnet\sdk\10.0.103\Sdks\Microsoft.NET.Sdk\targets\Microsoft.NET.Sdk.DefaultItems.targets (37,5)
       C:\Program Files\dotnet\sdk\10.0.103\Sdks\Microsoft.NET.Sdk\targets\Microsoft.NET.Sdk.DefaultItems.targets(40,5): message : Özellik yeniden ataması: $(DefaultItemExcludes)=";bin\Debug\/**;obj\Debug\/**;bin\/**;obj\/**;**/*.user" (önceki değer: ";bin\Debug\/**;obj\Debug\/**;bin\/**;obj\/**") konum: C:\Program Files\dotnet\sdk\10.0.103\Sdks\Microsoft.NET.Sdk\targets\Microsoft.NET.Sdk.DefaultItems.targets (40,5)
       C:\Program Files\dotnet\sdk\10.0.103\Sdks\Microsoft.NET.Sdk\targets\Microsoft.NET.Sdk.DefaultItems.targets(41,5): message : Özellik yeniden ataması: $(DefaultItemExcludes)=";bin\Debug\/**;obj\Debug\/**;bin\/**;obj\/**;**/*.user;**/*.*proj" (önceki değer: ";bin\Debug\/**;obj\Debug\/**;bin\/**;obj\/**;**/*.user") konum: C:\Program Files\dotnet\sdk\10.0.103\Sdks\Microsoft.NET.Sdk\targets\Microsoft.NET.Sdk.DefaultItems.targets (41,5)
       C:\Program Files\dotnet\sdk\10.0.103\Sdks\Microsoft.NET.Sdk\targets\Microsoft.NET.Sdk.DefaultItems.targets(42,5): message : Özellik yeniden ataması: $(DefaultItemExcludes)=";bin\Debug\/**;obj\Debug\/**;bin\/**;obj\/**;**/*.user;**/*.*proj;**/*.sln" (önceki değer: ";bin\Debug\/**;obj\Debug\/**;bin\/**;obj\/**;**/*.user;**/*.*proj") konum: C:\Program Files\dotnet\sdk\10.0.103\Sdks\Microsoft.NET.Sdk\targets\Microsoft.NET.Sdk.DefaultItems.targets (42,5)
       C:\Program Files\dotnet\sdk\10.0.103\Sdks\Microsoft.NET.Sdk\targets\Microsoft.NET.Sdk.DefaultItems.targets(43,5): message : Özellik yeniden ataması: $(DefaultItemExcludes)=";bin\Debug\/**;obj\Debug\/**;bin\/**;obj\/**;**/*.user;**/*.*proj;**/*.sln;**/*.slnx" (önceki değer: ";bin\Debug\/**;obj\Debug\/**;bin\/**;obj\/**;**/*.user;**/*.*proj;**/*.sln") konum: C:\Program Files\dotnet\sdk\10.0.103\Sdks\Microsoft.NET.Sdk\targets\Microsoft.NET.Sdk.DefaultItems.targets (43,5)
       C:\Program Files\dotnet\sdk\10.0.103\Sdks\Microsoft.NET.Sdk\targets\Microsoft.NET.Sdk.DefaultItems.targets(44,5): message : Özellik yeniden ataması: $(DefaultItemExcludes)=";bin\Debug\/**;obj\Debug\/**;bin\/**;obj\/**;**/*.user;**/*.*proj;**/*.sln;**/*.slnx;**/*.vssscc" (önceki değer: ";bin\Debug\/**;obj\Debug\/**;bin\/**;obj\/**;**/*.user;**/*.*proj;**/*.sln;**/*.slnx") konum: C:\Program Files\dotnet\sdk\10.0.103\Sdks\Microsoft.NET.Sdk\targets\Microsoft.NET.Sdk.DefaultItems.targets (44,5)
       C:\Program Files\dotnet\sdk\10.0.103\Sdks\Microsoft.NET.Sdk\targets\Microsoft.NET.Sdk.DefaultItems.targets(45,5): message : Özellik yeniden ataması: $(DefaultItemExcludes)=";bin\Debug\/**;obj\Debug\/**;bin\/**;obj\/**;**/*.user;**/*.*proj;**/*.sln;**/*.slnx;**/*.vssscc;**/.DS_Store" (önceki değer: ";bin\Debug\/**;obj\Debug\/**;bin\/**;obj\/**;**/*.user;**/*.*proj;**/*.sln;**/*.slnx;**/*.vssscc") konum: C:\Program Files\dotnet\sdk\10.0.103\Sdks\Microsoft.NET.Sdk\targets\Microsoft.NET.Sdk.DefaultItems.targets (45,5)
       C:\Program Files\dotnet\sdk\10.0.103\Sdks\Microsoft.NET.Sdk\targets\Microsoft.NET.Sdk.FrameworkReferenceResolution.targets(14,5): message : Özellik yeniden ataması: $(ResolveAssemblyReferencesDependsOn)="
       C:\Program Files\dotnet\sdk\10.0.103\Sdks\Microsoft.NET.Sdk\targets\Microsoft.NET.Sdk.FrameworkReferenceResolution.targets(14,5): message :       
       C:\Program Files\dotnet\sdk\10.0.103\Sdks\Microsoft.NET.Sdk\targets\Microsoft.NET.Sdk.FrameworkReferenceResolution.targets(14,5): message :       
       C:\Program Files\dotnet\sdk\10.0.103\Sdks\Microsoft.NET.Sdk\targets\Microsoft.NET.Sdk.FrameworkReferenceResolution.targets(14,5): message :       ResolveProjectReferences;
       C:\Program Files\dotnet\sdk\10.0.103\Sdks\Microsoft.NET.Sdk\targets\Microsoft.NET.Sdk.FrameworkReferenceResolution.targets(14,5): message :       FindInvalidProjectReferences;
       C:\Program Files\dotnet\sdk\10.0.103\Sdks\Microsoft.NET.Sdk\targets\Microsoft.NET.Sdk.FrameworkReferenceResolution.targets(14,5): message :       GetFrameworkPaths;
       C:\Program Files\dotnet\sdk\10.0.103\Sdks\Microsoft.NET.Sdk\targets\Microsoft.NET.Sdk.FrameworkReferenceResolution.targets(14,5): message :       GetReferenceAssemblyPaths;
       C:\Program Files\dotnet\sdk\10.0.103\Sdks\Microsoft.NET.Sdk\targets\Microsoft.NET.Sdk.FrameworkReferenceResolution.targets(14,5): message :       PrepareForBuild;
       C:\Program Files\dotnet\sdk\10.0.103\Sdks\Microsoft.NET.Sdk\targets\Microsoft.NET.Sdk.FrameworkReferenceResolution.targets(14,5): message :       ResolveSDKReferences;
       C:\Program Files\dotnet\sdk\10.0.103\Sdks\Microsoft.NET.Sdk\targets\Microsoft.NET.Sdk.FrameworkReferenceResolution.targets(14,5): message :       ExpandSDKReferences;
       C:\Program Files\dotnet\sdk\10.0.103\Sdks\Microsoft.NET.Sdk\targets\Microsoft.NET.Sdk.FrameworkReferenceResolution.targets(14,5): message :     ;
       C:\Program Files\dotnet\sdk\10.0.103\Sdks\Microsoft.NET.Sdk\targets\Microsoft.NET.Sdk.FrameworkReferenceResolution.targets(14,5): message :       ResolvePackageDependenciesForBuild;
       C:\Program Files\dotnet\sdk\10.0.103\Sdks\Microsoft.NET.Sdk\targets\Microsoft.NET.Sdk.FrameworkReferenceResolution.targets(14,5): message :       _HandlePackageFileConflicts;
       C:\Program Files\dotnet\sdk\10.0.103\Sdks\Microsoft.NET.Sdk\targets\Microsoft.NET.Sdk.FrameworkReferenceResolution.targets(14,5): message :     ;
       C:\Program Files\dotnet\sdk\10.0.103\Sdks\Microsoft.NET.Sdk\targets\Microsoft.NET.Sdk.FrameworkReferenceResolution.targets(14,5): message :       ResolveTargetingPackAssets;
       C:\Program Files\dotnet\sdk\10.0.103\Sdks\Microsoft.NET.Sdk\targets\Microsoft.NET.Sdk.FrameworkReferenceResolution.targets(14,5): message :     " (önceki değer: "
       C:\Program Files\dotnet\sdk\10.0.103\Sdks\Microsoft.NET.Sdk\targets\Microsoft.NET.Sdk.FrameworkReferenceResolution.targets(14,5): message :       
       C:\Program Files\dotnet\sdk\10.0.103\Sdks\Microsoft.NET.Sdk\targets\Microsoft.NET.Sdk.FrameworkReferenceResolution.targets(14,5): message :       ResolveProjectReferences;
       C:\Program Files\dotnet\sdk\10.0.103\Sdks\Microsoft.NET.Sdk\targets\Microsoft.NET.Sdk.FrameworkReferenceResolution.targets(14,5): message :       FindInvalidProjectReferences;
       C:\Program Files\dotnet\sdk\10.0.103\Sdks\Microsoft.NET.Sdk\targets\Microsoft.NET.Sdk.FrameworkReferenceResolution.targets(14,5): message :       GetFrameworkPaths;
       C:\Program Files\dotnet\sdk\10.0.103\Sdks\Microsoft.NET.Sdk\targets\Microsoft.NET.Sdk.FrameworkReferenceResolution.targets(14,5): message :       GetReferenceAssemblyPaths;
       C:\Program Files\dotnet\sdk\10.0.103\Sdks\Microsoft.NET.Sdk\targets\Microsoft.NET.Sdk.FrameworkReferenceResolution.targets(14,5): message :       PrepareForBuild;
       C:\Program Files\dotnet\sdk\10.0.103\Sdks\Microsoft.NET.Sdk\targets\Microsoft.NET.Sdk.FrameworkReferenceResolution.targets(14,5): message :       ResolveSDKReferences;
       C:\Program Files\dotnet\sdk\10.0.103\Sdks\Microsoft.NET.Sdk\targets\Microsoft.NET.Sdk.FrameworkReferenceResolution.targets(14,5): message :       ExpandSDKReferences;
       C:\Program Files\dotnet\sdk\10.0.103\Sdks\Microsoft.NET.Sdk\targets\Microsoft.NET.Sdk.FrameworkReferenceResolution.targets(14,5): message :     ;
       C:\Program Files\dotnet\sdk\10.0.103\Sdks\Microsoft.NET.Sdk\targets\Microsoft.NET.Sdk.FrameworkReferenceResolution.targets(14,5): message :       ResolvePackageDependenciesForBuild;
       C:\Program Files\dotnet\sdk\10.0.103\Sdks\Microsoft.NET.Sdk\targets\Microsoft.NET.Sdk.FrameworkReferenceResolution.targets(14,5): message :       _HandlePackageFileConflicts;
       C:\Program Files\dotnet\sdk\10.0.103\Sdks\Microsoft.NET.Sdk\targets\Microsoft.NET.Sdk.FrameworkReferenceResolution.targets(14,5): message :     ") konum: C:\Program Files\dotnet\sdk\10.0.103\Sdks\Microsoft.NET.Sdk\targets\Microsoft.NET.Sdk.FrameworkReferenceResolution.targets (14,5)
       C:\Program Files\dotnet\sdk\10.0.103\Sdks\Microsoft.NET.Sdk\targets\Microsoft.NET.Sdk.targets(44,5): message : Özellik yeniden ataması: $(_GenerateRuntimeConfigurationPropertyInputsCache)="C:\Users\ayhan\OneDrive\Desktop\Canlı OBD2 Araç Telemetri Ekranı\HondaTuner\obj\Debug\net6.0-windows\HondaTuner.genruntimeconfig.cache" (önceki değer: "obj\Debug\net6.0-windows\HondaTuner.genruntimeconfig.cache") konum: C:\Program Files\dotnet\sdk\10.0.103\Sdks\Microsoft.NET.Sdk\targets\Microsoft.NET.Sdk.targets (44,5)
       C:\Program Files\dotnet\sdk\10.0.103\Sdks\Microsoft.NET.Sdk\targets\Microsoft.NET.Sdk.targets(46,5): message : Özellik yeniden ataması: $(_GeneratePublishDependencyFilePropertyInputsCache)="C:\Users\ayhan\OneDrive\Desktop\Canlı OBD2 Araç Telemetri Ekranı\HondaTuner\obj\Debug\net6.0-windows\HondaTuner.genpublishdeps.cache" (önceki değer: "obj\Debug\net6.0-windows\HondaTuner.genpublishdeps.cache") konum: C:\Program Files\dotnet\sdk\10.0.103\Sdks\Microsoft.NET.Sdk\targets\Microsoft.NET.Sdk.targets (46,5)
       C:\Program Files\dotnet\sdk\10.0.103\Sdks\Microsoft.NET.Sdk\targets\Microsoft.NET.Sdk.targets(48,5): message : Özellik yeniden ataması: $(_GenerateSingleFileBundlePropertyInputsCache)="C:\Users\ayhan\OneDrive\Desktop\Canlı OBD2 Araç Telemetri Ekranı\HondaTuner\obj\Debug\net6.0-windows\HondaTuner.genbundle.cache" (önceki değer: "obj\Debug\net6.0-windows\HondaTuner.genbundle.cache") konum: C:\Program Files\dotnet\sdk\10.0.103\Sdks\Microsoft.NET.Sdk\targets\Microsoft.NET.Sdk.targets (48,5)
       C:\Program Files\dotnet\sdk\10.0.103\Sdks\Microsoft.NET.Sdk\targets\Microsoft.NET.Sdk.targets(81,5): message : Özellik yeniden ataması: $(GenerateRuntimeConfigDevFile)="false" (önceki değer: "true") konum: C:\Program Files\dotnet\sdk\10.0.103\Sdks\Microsoft.NET.Sdk\targets\Microsoft.NET.Sdk.targets (81,5)
       C:\Program Files\dotnet\sdk\10.0.103\Sdks\Microsoft.NET.Sdk\targets\Microsoft.NET.Sdk.targets(98,5): message : 'C:\Users\ayhan' değerine sahip 'USERPROFILE' özelliği ortamdan genişletildi.
       C:\Program Files\dotnet\sdk\10.0.103\Sdks\Microsoft.NET.Sdk\targets\Microsoft.NET.Sdk.targets(98,5): message : Özellik yeniden ataması: $(_DefaultUserProfileRuntimeStorePath)="C:\Users\ayhan" (önceki değer: "") konum: C:\Program Files\dotnet\sdk\10.0.103\Sdks\Microsoft.NET.Sdk\targets\Microsoft.NET.Sdk.targets (98,5)
       C:\Program Files\dotnet\sdk\10.0.103\Sdks\Microsoft.NET.Sdk\targets\Microsoft.NET.Sdk.targets(99,5): message : Özellik yeniden ataması: $(_DefaultUserProfileRuntimeStorePath)="C:\Users\ayhan\.dotnet\store" (önceki değer: "C:\Users\ayhan") konum: C:\Program Files\dotnet\sdk\10.0.103\Sdks\Microsoft.NET.Sdk\targets\Microsoft.NET.Sdk.targets (99,5)
       C:\Program Files\dotnet\sdk\10.0.103\Sdks\Microsoft.NET.Sdk\targets\Microsoft.NET.Sdk.targets(144,5): message : Özellik yeniden ataması: $(AvailablePlatforms)="Any CPU,x86,x64,ARM32" (önceki değer: "Any CPU,x86,x64") konum: C:\Program Files\dotnet\sdk\10.0.103\Sdks\Microsoft.NET.Sdk\targets\Microsoft.NET.Sdk.targets (144,5)
       C:\Program Files\dotnet\sdk\10.0.103\Sdks\Microsoft.NET.Sdk\targets\Microsoft.NET.Sdk.targets(148,5): message : Özellik yeniden ataması: $(AvailablePlatforms)="Any CPU,x86,x64,ARM32,ARM64" (önceki değer: "Any CPU,x86,x64,ARM32") konum: C:\Program Files\dotnet\sdk\10.0.103\Sdks\Microsoft.NET.Sdk\targets\Microsoft.NET.Sdk.targets (148,5)
       C:\Program Files\dotnet\sdk\10.0.103\Sdks\Microsoft.NET.Sdk\targets\Microsoft.NET.Sdk.targets(204,5): message : Özellik yeniden ataması: $(CoreBuildDependsOn)="
       C:\Program Files\dotnet\sdk\10.0.103\Sdks\Microsoft.NET.Sdk\targets\Microsoft.NET.Sdk.targets(204,5): message :       _CheckForBuildWithNoBuild;
       C:\Program Files\dotnet\sdk\10.0.103\Sdks\Microsoft.NET.Sdk\targets\Microsoft.NET.Sdk.targets(204,5): message :       
       C:\Program Files\dotnet\sdk\10.0.103\Sdks\Microsoft.NET.Sdk\targets\Microsoft.NET.Sdk.targets(204,5): message :       BuildOnlySettings;
       C:\Program Files\dotnet\sdk\10.0.103\Sdks\Microsoft.NET.Sdk\targets\Microsoft.NET.Sdk.targets(204,5): message :       PrepareForBuild;
       C:\Program Files\dotnet\sdk\10.0.103\Sdks\Microsoft.NET.Sdk\targets\Microsoft.NET.Sdk.targets(204,5): message :       PreBuildEvent;
       C:\Program Files\dotnet\sdk\10.0.103\Sdks\Microsoft.NET.Sdk\targets\Microsoft.NET.Sdk.targets(204,5): message :       ResolveReferences;
       C:\Program Files\dotnet\sdk\10.0.103\Sdks\Microsoft.NET.Sdk\targets\Microsoft.NET.Sdk.targets(204,5): message :       PrepareResources;
       C:\Program Files\dotnet\sdk\10.0.103\Sdks\Microsoft.NET.Sdk\targets\Microsoft.NET.Sdk.targets(204,5): message :       ResolveKeySource;
       C:\Program Files\dotnet\sdk\10.0.103\Sdks\Microsoft.NET.Sdk\targets\Microsoft.NET.Sdk.targets(204,5): message :       Compile;
       C:\Program Files\dotnet\sdk\10.0.103\Sdks\Microsoft.NET.Sdk\targets\Microsoft.NET.Sdk.targets(204,5): message :       ExportWindowsMDFile;
       C:\Program Files\dotnet\sdk\10.0.103\Sdks\Microsoft.NET.Sdk\targets\Microsoft.NET.Sdk.targets(204,5): message :       UnmanagedUnregistration;
       C:\Program Files\dotnet\sdk\10.0.103\Sdks\Microsoft.NET.Sdk\targets\Microsoft.NET.Sdk.targets(204,5): message :       GenerateSerializationAssemblies;
       C:\Program Files\dotnet\sdk\10.0.103\Sdks\Microsoft.NET.Sdk\targets\Microsoft.NET.Sdk.targets(204,5): message :       CreateSatelliteAssemblies;
       C:\Program Files\dotnet\sdk\10.0.103\Sdks\Microsoft.NET.Sdk\targets\Microsoft.NET.Sdk.targets(204,5): message :       GenerateManifests;
       C:\Program Files\dotnet\sdk\10.0.103\Sdks\Microsoft.NET.Sdk\targets\Microsoft.NET.Sdk.targets(204,5): message :       GetTargetPath;
       C:\Program Files\dotnet\sdk\10.0.103\Sdks\Microsoft.NET.Sdk\targets\Microsoft.NET.Sdk.targets(204,5): message :       PrepareForRun;
       C:\Program Files\dotnet\sdk\10.0.103\Sdks\Microsoft.NET.Sdk\targets\Microsoft.NET.Sdk.targets(204,5): message :       UnmanagedRegistration;
       C:\Program Files\dotnet\sdk\10.0.103\Sdks\Microsoft.NET.Sdk\targets\Microsoft.NET.Sdk.targets(204,5): message :       IncrementalClean;
       C:\Program Files\dotnet\sdk\10.0.103\Sdks\Microsoft.NET.Sdk\targets\Microsoft.NET.Sdk.targets(204,5): message :       PostBuildEvent
       C:\Program Files\dotnet\sdk\10.0.103\Sdks\Microsoft.NET.Sdk\targets\Microsoft.NET.Sdk.targets(204,5): message :     ;
       C:\Program Files\dotnet\sdk\10.0.103\Sdks\Microsoft.NET.Sdk\targets\Microsoft.NET.Sdk.targets(204,5): message :       GenerateBuildDependencyFile;
       C:\Program Files\dotnet\sdk\10.0.103\Sdks\Microsoft.NET.Sdk\targets\Microsoft.NET.Sdk.targets(204,5): message :       GenerateBuildRuntimeConfigurationFiles
       C:\Program Files\dotnet\sdk\10.0.103\Sdks\Microsoft.NET.Sdk\targets\Microsoft.NET.Sdk.targets(204,5): message :     " (önceki değer: "
       C:\Program Files\dotnet\sdk\10.0.103\Sdks\Microsoft.NET.Sdk\targets\Microsoft.NET.Sdk.targets(204,5): message :       BuildOnlySettings;
       C:\Program Files\dotnet\sdk\10.0.103\Sdks\Microsoft.NET.Sdk\targets\Microsoft.NET.Sdk.targets(204,5): message :       PrepareForBuild;
       C:\Program Files\dotnet\sdk\10.0.103\Sdks\Microsoft.NET.Sdk\targets\Microsoft.NET.Sdk.targets(204,5): message :       PreBuildEvent;
       C:\Program Files\dotnet\sdk\10.0.103\Sdks\Microsoft.NET.Sdk\targets\Microsoft.NET.Sdk.targets(204,5): message :       ResolveReferences;
       C:\Program Files\dotnet\sdk\10.0.103\Sdks\Microsoft.NET.Sdk\targets\Microsoft.NET.Sdk.targets(204,5): message :       PrepareResources;
       C:\Program Files\dotnet\sdk\10.0.103\Sdks\Microsoft.NET.Sdk\targets\Microsoft.NET.Sdk.targets(204,5): message :       ResolveKeySource;
       C:\Program Files\dotnet\sdk\10.0.103\Sdks\Microsoft.NET.Sdk\targets\Microsoft.NET.Sdk.targets(204,5): message :       Compile;
       C:\Program Files\dotnet\sdk\10.0.103\Sdks\Microsoft.NET.Sdk\targets\Microsoft.NET.Sdk.targets(204,5): message :       ExportWindowsMDFile;
       C:\Program Files\dotnet\sdk\10.0.103\Sdks\Microsoft.NET.Sdk\targets\Microsoft.NET.Sdk.targets(204,5): message :       UnmanagedUnregistration;
       C:\Program Files\dotnet\sdk\10.0.103\Sdks\Microsoft.NET.Sdk\targets\Microsoft.NET.Sdk.targets(204,5): message :       GenerateSerializationAssemblies;
       C:\Program Files\dotnet\sdk\10.0.103\Sdks\Microsoft.NET.Sdk\targets\Microsoft.NET.Sdk.targets(204,5): message :       CreateSatelliteAssemblies;
       C:\Program Files\dotnet\sdk\10.0.103\Sdks\Microsoft.NET.Sdk\targets\Microsoft.NET.Sdk.targets(204,5): message :       GenerateManifests;
       C:\Program Files\dotnet\sdk\10.0.103\Sdks\Microsoft.NET.Sdk\targets\Microsoft.NET.Sdk.targets(204,5): message :       GetTargetPath;
       C:\Program Files\dotnet\sdk\10.0.103\Sdks\Microsoft.NET.Sdk\targets\Microsoft.NET.Sdk.targets(204,5): message :       PrepareForRun;
       C:\Program Files\dotnet\sdk\10.0.103\Sdks\Microsoft.NET.Sdk\targets\Microsoft.NET.Sdk.targets(204,5): message :       UnmanagedRegistration;
       C:\Program Files\dotnet\sdk\10.0.103\Sdks\Microsoft.NET.Sdk\targets\Microsoft.NET.Sdk.targets(204,5): message :       IncrementalClean;
       C:\Program Files\dotnet\sdk\10.0.103\Sdks\Microsoft.NET.Sdk\targets\Microsoft.NET.Sdk.targets(204,5): message :       PostBuildEvent
       C:\Program Files\dotnet\sdk\10.0.103\Sdks\Microsoft.NET.Sdk\targets\Microsoft.NET.Sdk.targets(204,5): message :     ") konum: C:\Program Files\dotnet\sdk\10.0.103\Sdks\Microsoft.NET.Sdk\targets\Microsoft.NET.Sdk.targets (204,5)
       C:\Program Files\dotnet\sdk\10.0.103\Sdks\Microsoft.NET.Sdk\targets\Microsoft.NET.Sdk.targets(213,5): message : Özellik yeniden ataması: $(CoreCleanDependsOn)="
       C:\Program Files\dotnet\sdk\10.0.103\Sdks\Microsoft.NET.Sdk\targets\Microsoft.NET.Sdk.targets(213,5): message :       _SdkBeforeClean;
       C:\Program Files\dotnet\sdk\10.0.103\Sdks\Microsoft.NET.Sdk\targets\Microsoft.NET.Sdk.targets(213,5): message :       
       C:\Program Files\dotnet\sdk\10.0.103\Sdks\Microsoft.NET.Sdk\targets\Microsoft.NET.Sdk.targets(213,5): message :     " (önceki değer: "") konum: C:\Program Files\dotnet\sdk\10.0.103\Sdks\Microsoft.NET.Sdk\targets\Microsoft.NET.Sdk.targets (213,5)
       C:\Program Files\dotnet\sdk\10.0.103\Sdks\Microsoft.NET.Sdk\targets\Microsoft.NET.Sdk.targets(220,5): message : Özellik yeniden ataması: $(RebuildDependsOn)="
       C:\Program Files\dotnet\sdk\10.0.103\Sdks\Microsoft.NET.Sdk\targets\Microsoft.NET.Sdk.targets(220,5): message :       _SdkBeforeRebuild;
       C:\Program Files\dotnet\sdk\10.0.103\Sdks\Microsoft.NET.Sdk\targets\Microsoft.NET.Sdk.targets(220,5): message :       
       C:\Program Files\dotnet\sdk\10.0.103\Sdks\Microsoft.NET.Sdk\targets\Microsoft.NET.Sdk.targets(220,5): message :       BeforeRebuild;
       C:\Program Files\dotnet\sdk\10.0.103\Sdks\Microsoft.NET.Sdk\targets\Microsoft.NET.Sdk.targets(220,5): message :       Clean;
       C:\Program Files\dotnet\sdk\10.0.103\Sdks\Microsoft.NET.Sdk\targets\Microsoft.NET.Sdk.targets(220,5): message :       Build;
       C:\Program Files\dotnet\sdk\10.0.103\Sdks\Microsoft.NET.Sdk\targets\Microsoft.NET.Sdk.targets(220,5): message :       AfterRebuild;
       C:\Program Files\dotnet\sdk\10.0.103\Sdks\Microsoft.NET.Sdk\targets\Microsoft.NET.Sdk.targets(220,5): message :     
       C:\Program Files\dotnet\sdk\10.0.103\Sdks\Microsoft.NET.Sdk\targets\Microsoft.NET.Sdk.targets(220,5): message :     " (önceki değer: "
       C:\Program Files\dotnet\sdk\10.0.103\Sdks\Microsoft.NET.Sdk\targets\Microsoft.NET.Sdk.targets(220,5): message :       BeforeRebuild;
       C:\Program Files\dotnet\sdk\10.0.103\Sdks\Microsoft.NET.Sdk\targets\Microsoft.NET.Sdk.targets(220,5): message :       Clean;
       C:\Program Files\dotnet\sdk\10.0.103\Sdks\Microsoft.NET.Sdk\targets\Microsoft.NET.Sdk.targets(220,5): message :       Build;
       C:\Program Files\dotnet\sdk\10.0.103\Sdks\Microsoft.NET.Sdk\targets\Microsoft.NET.Sdk.targets(220,5): message :       AfterRebuild;
       C:\Program Files\dotnet\sdk\10.0.103\Sdks\Microsoft.NET.Sdk\targets\Microsoft.NET.Sdk.targets(220,5): message :     ") konum: C:\Program Files\dotnet\sdk\10.0.103\Sdks\Microsoft.NET.Sdk\targets\Microsoft.NET.Sdk.targets (220,5)
       C:\Program Files\dotnet\sdk\10.0.103\Sdks\Microsoft.NET.Sdk\targets\Microsoft.NET.Sdk.targets(799,5): message : Özellik yeniden ataması: $(CompileDependsOn)="
       C:\Program Files\dotnet\sdk\10.0.103\Sdks\Microsoft.NET.Sdk\targets\Microsoft.NET.Sdk.targets(799,5): message :       
       C:\Program Files\dotnet\sdk\10.0.103\Sdks\Microsoft.NET.Sdk\targets\Microsoft.NET.Sdk.targets(799,5): message :       ResolveReferences;
       C:\Program Files\dotnet\sdk\10.0.103\Sdks\Microsoft.NET.Sdk\targets\Microsoft.NET.Sdk.targets(799,5): message :       ResolveKeySource;
       C:\Program Files\dotnet\sdk\10.0.103\Sdks\Microsoft.NET.Sdk\targets\Microsoft.NET.Sdk.targets(799,5): message :       SetWin32ManifestProperties;
       C:\Program Files\dotnet\sdk\10.0.103\Sdks\Microsoft.NET.Sdk\targets\Microsoft.NET.Sdk.targets(799,5): message :       _SetPreferNativeArm64Win32ManifestProperties;
       C:\Program Files\dotnet\sdk\10.0.103\Sdks\Microsoft.NET.Sdk\targets\Microsoft.NET.Sdk.targets(799,5): message :       FindReferenceAssembliesForReferences;
       C:\Program Files\dotnet\sdk\10.0.103\Sdks\Microsoft.NET.Sdk\targets\Microsoft.NET.Sdk.targets(799,5): message :       _GenerateCompileInputs;
       C:\Program Files\dotnet\sdk\10.0.103\Sdks\Microsoft.NET.Sdk\targets\Microsoft.NET.Sdk.targets(799,5): message :       BeforeCompile;
       C:\Program Files\dotnet\sdk\10.0.103\Sdks\Microsoft.NET.Sdk\targets\Microsoft.NET.Sdk.targets(799,5): message :       _TimeStampBeforeCompile;
       C:\Program Files\dotnet\sdk\10.0.103\Sdks\Microsoft.NET.Sdk\targets\Microsoft.NET.Sdk.targets(799,5): message :       _GenerateCompileDependencyCache;
       C:\Program Files\dotnet\sdk\10.0.103\Sdks\Microsoft.NET.Sdk\targets\Microsoft.NET.Sdk.targets(799,5): message :       CoreCompile;
       C:\Program Files\dotnet\sdk\10.0.103\Sdks\Microsoft.NET.Sdk\targets\Microsoft.NET.Sdk.targets(799,5): message :       _TimeStampAfterCompile;
       C:\Program Files\dotnet\sdk\10.0.103\Sdks\Microsoft.NET.Sdk\targets\Microsoft.NET.Sdk.targets(799,5): message :       AfterCompile;
       C:\Program Files\dotnet\sdk\10.0.103\Sdks\Microsoft.NET.Sdk\targets\Microsoft.NET.Sdk.targets(799,5): message :     ;
       C:\Program Files\dotnet\sdk\10.0.103\Sdks\Microsoft.NET.Sdk\targets\Microsoft.NET.Sdk.targets(799,5): message :       _CreateAppHost;
       C:\Program Files\dotnet\sdk\10.0.103\Sdks\Microsoft.NET.Sdk\targets\Microsoft.NET.Sdk.targets(799,5): message :       _CreateComHost;
       C:\Program Files\dotnet\sdk\10.0.103\Sdks\Microsoft.NET.Sdk\targets\Microsoft.NET.Sdk.targets(799,5): message :       _GetIjwHostPaths;
       C:\Program Files\dotnet\sdk\10.0.103\Sdks\Microsoft.NET.Sdk\targets\Microsoft.NET.Sdk.targets(799,5): message :     " (önceki değer: "
       C:\Program Files\dotnet\sdk\10.0.103\Sdks\Microsoft.NET.Sdk\targets\Microsoft.NET.Sdk.targets(799,5): message :       ResolveReferences;
       C:\Program Files\dotnet\sdk\10.0.103\Sdks\Microsoft.NET.Sdk\targets\Microsoft.NET.Sdk.targets(799,5): message :       ResolveKeySource;
       C:\Program Files\dotnet\sdk\10.0.103\Sdks\Microsoft.NET.Sdk\targets\Microsoft.NET.Sdk.targets(799,5): message :       SetWin32ManifestProperties;
       C:\Program Files\dotnet\sdk\10.0.103\Sdks\Microsoft.NET.Sdk\targets\Microsoft.NET.Sdk.targets(799,5): message :       _SetPreferNativeArm64Win32ManifestProperties;
       C:\Program Files\dotnet\sdk\10.0.103\Sdks\Microsoft.NET.Sdk\targets\Microsoft.NET.Sdk.targets(799,5): message :       FindReferenceAssembliesForReferences;
       C:\Program Files\dotnet\sdk\10.0.103\Sdks\Microsoft.NET.Sdk\targets\Microsoft.NET.Sdk.targets(799,5): message :       _GenerateCompileInputs;
       C:\Program Files\dotnet\sdk\10.0.103\Sdks\Microsoft.NET.Sdk\targets\Microsoft.NET.Sdk.targets(799,5): message :       BeforeCompile;
       C:\Program Files\dotnet\sdk\10.0.103\Sdks\Microsoft.NET.Sdk\targets\Microsoft.NET.Sdk.targets(799,5): message :       _TimeStampBeforeCompile;
       C:\Program Files\dotnet\sdk\10.0.103\Sdks\Microsoft.NET.Sdk\targets\Microsoft.NET.Sdk.targets(799,5): message :       _GenerateCompileDependencyCache;
       C:\Program Files\dotnet\sdk\10.0.103\Sdks\Microsoft.NET.Sdk\targets\Microsoft.NET.Sdk.targets(799,5): message :       CoreCompile;
       C:\Program Files\dotnet\sdk\10.0.103\Sdks\Microsoft.NET.Sdk\targets\Microsoft.NET.Sdk.targets(799,5): message :       _TimeStampAfterCompile;
       C:\Program Files\dotnet\sdk\10.0.103\Sdks\Microsoft.NET.Sdk\targets\Microsoft.NET.Sdk.targets(799,5): message :       AfterCompile;
       C:\Program Files\dotnet\sdk\10.0.103\Sdks\Microsoft.NET.Sdk\targets\Microsoft.NET.Sdk.targets(799,5): message :     ") konum: C:\Program Files\dotnet\sdk\10.0.103\Sdks\Microsoft.NET.Sdk\targets\Microsoft.NET.Sdk.targets (799,5)
       C:\Program Files\dotnet\sdk\10.0.103\Sdks\Microsoft.NET.Sdk\targets\Microsoft.NET.Sdk.targets(1131,5): message : Özellik yeniden ataması: $(CreateSatelliteAssembliesDependsOn)="
       C:\Program Files\dotnet\sdk\10.0.103\Sdks\Microsoft.NET.Sdk\targets\Microsoft.NET.Sdk.targets(1131,5): message :       
       C:\Program Files\dotnet\sdk\10.0.103\Sdks\Microsoft.NET.Sdk\targets\Microsoft.NET.Sdk.targets(1131,5): message :       ;
       C:\Program Files\dotnet\sdk\10.0.103\Sdks\Microsoft.NET.Sdk\targets\Microsoft.NET.Sdk.targets(1131,5): message :       _GenerateSatelliteAssemblyInputs;
       C:\Program Files\dotnet\sdk\10.0.103\Sdks\Microsoft.NET.Sdk\targets\Microsoft.NET.Sdk.targets(1131,5): message :       ComputeIntermediateSatelliteAssemblies;
       C:\Program Files\dotnet\sdk\10.0.103\Sdks\Microsoft.NET.Sdk\targets\Microsoft.NET.Sdk.targets(1131,5): message :       GenerateSatelliteAssemblies
       C:\Program Files\dotnet\sdk\10.0.103\Sdks\Microsoft.NET.Sdk\targets\Microsoft.NET.Sdk.targets(1131,5): message :     ;
       C:\Program Files\dotnet\sdk\10.0.103\Sdks\Microsoft.NET.Sdk\targets\Microsoft.NET.Sdk.targets(1131,5): message :       CoreGenerateSatelliteAssemblies
       C:\Program Files\dotnet\sdk\10.0.103\Sdks\Microsoft.NET.Sdk\targets\Microsoft.NET.Sdk.targets(1131,5): message :     " (önceki değer: "
       C:\Program Files\dotnet\sdk\10.0.103\Sdks\Microsoft.NET.Sdk\targets\Microsoft.NET.Sdk.targets(1131,5): message :       ;
       C:\Program Files\dotnet\sdk\10.0.103\Sdks\Microsoft.NET.Sdk\targets\Microsoft.NET.Sdk.targets(1131,5): message :       _GenerateSatelliteAssemblyInputs;
       C:\Program Files\dotnet\sdk\10.0.103\Sdks\Microsoft.NET.Sdk\targets\Microsoft.NET.Sdk.targets(1131,5): message :       ComputeIntermediateSatelliteAssemblies;
       C:\Program Files\dotnet\sdk\10.0.103\Sdks\Microsoft.NET.Sdk\targets\Microsoft.NET.Sdk.targets(1131,5): message :       GenerateSatelliteAssemblies
       C:\Program Files\dotnet\sdk\10.0.103\Sdks\Microsoft.NET.Sdk\targets\Microsoft.NET.Sdk.targets(1131,5): message :     ") konum: C:\Program Files\dotnet\sdk\10.0.103\Sdks\Microsoft.NET.Sdk\targets\Microsoft.NET.Sdk.targets (1131,5)
       C:\Program Files\dotnet\sdk\10.0.103\Sdks\Microsoft.SourceLink.GitLab\build\Microsoft.SourceLink.GitLab.targets(12,5): message : Özellik yeniden ataması: $(SourceLinkUrlInitializerTargets)=";_InitializeGitHubSourceLinkUrl;_InitializeGitLabSourceLinkUrl" (önceki değer: ";_InitializeGitHubSourceLinkUrl") konum: C:\Program Files\dotnet\sdk\10.0.103\Sdks\Microsoft.SourceLink.GitLab\build\Microsoft.SourceLink.GitLab.targets (12,5)
       C:\Program Files\dotnet\sdk\10.0.103\Sdks\Microsoft.SourceLink.GitLab\build\Microsoft.SourceLink.GitLab.targets(13,5): message : Özellik yeniden ataması: $(SourceControlManagerUrlTranslationTargets)=";TranslateGitHubUrlsInSourceControlInformation;TranslateGitLabUrlsInSourceControlInformation" (önceki değer: ";TranslateGitHubUrlsInSourceControlInformation") konum: C:\Program Files\dotnet\sdk\10.0.103\Sdks\Microsoft.SourceLink.GitLab\build\Microsoft.SourceLink.GitLab.targets (13,5)
       C:\Program Files\dotnet\sdk\10.0.103\Sdks\Microsoft.SourceLink.AzureRepos.Git\build\Microsoft.SourceLink.AzureRepos.Git.targets(12,5): message : Özellik yeniden ataması: $(SourceLinkUrlInitializerTargets)=";_InitializeGitHubSourceLinkUrl;_InitializeGitLabSourceLinkUrl;_InitializeAzureReposGitSourceLinkUrl" (önceki değer: ";_InitializeGitHubSourceLinkUrl;_InitializeGitLabSourceLinkUrl") konum: C:\Program Files\dotnet\sdk\10.0.103\Sdks\Microsoft.SourceLink.AzureRepos.Git\build\Microsoft.SourceLink.AzureRepos.Git.targets (12,5)
       C:\Program Files\dotnet\sdk\10.0.103\Sdks\Microsoft.SourceLink.AzureRepos.Git\build\Microsoft.SourceLink.AzureRepos.Git.targets(13,5): message : Özellik yeniden ataması: $(SourceControlManagerUrlTranslationTargets)=";TranslateGitHubUrlsInSourceControlInformation;TranslateGitLabUrlsInSourceControlInformation;TranslateAzureReposGitUrlsInSourceControlInformation" (önceki değer: ";TranslateGitHubUrlsInSourceControlInformation;TranslateGitLabUrlsInSourceControlInformation") konum: C:\Program Files\dotnet\sdk\10.0.103\Sdks\Microsoft.SourceLink.AzureRepos.Git\build\Microsoft.SourceLink.AzureRepos.Git.targets (13,5)
       C:\Program Files\dotnet\sdk\10.0.103\Sdks\Microsoft.SourceLink.Bitbucket.Git\build\Microsoft.SourceLink.Bitbucket.Git.targets(12,5): message : Özellik yeniden ataması: $(SourceLinkUrlInitializerTargets)=";_InitializeGitHubSourceLinkUrl;_InitializeGitLabSourceLinkUrl;_InitializeAzureReposGitSourceLinkUrl;_InitializeBitbucketGitSourceLinkUrl" (önceki değer: ";_InitializeGitHubSourceLinkUrl;_InitializeGitLabSourceLinkUrl;_InitializeAzureReposGitSourceLinkUrl") konum: C:\Program Files\dotnet\sdk\10.0.103\Sdks\Microsoft.SourceLink.Bitbucket.Git\build\Microsoft.SourceLink.Bitbucket.Git.targets (12,5)
       C:\Program Files\dotnet\sdk\10.0.103\Sdks\Microsoft.SourceLink.Bitbucket.Git\build\Microsoft.SourceLink.Bitbucket.Git.targets(13,5): message : Özellik yeniden ataması: $(SourceControlManagerUrlTranslationTargets)=";TranslateGitHubUrlsInSourceControlInformation;TranslateGitLabUrlsInSourceControlInformation;TranslateAzureReposGitUrlsInSourceControlInformation;TranslateBitbucketGitUrlsInSourceControlInformation" (önceki değer: ";TranslateGitHubUrlsInSourceControlInformation;TranslateGitLabUrlsInSourceControlInformation;TranslateAzureReposGitUrlsInSourceControlInformation") konum: C:\Program Files\dotnet\sdk\10.0.103\Sdks\Microsoft.SourceLink.Bitbucket.Git\build\Microsoft.SourceLink.Bitbucket.Git.targets (13,5)
       C:\Program Files\dotnet\sdk\10.0.103\Sdks\Microsoft.NET.Sdk\targets\Microsoft.NET.DesignerSupport.targets(21,5): message : Özellik yeniden ataması: $(DesignerRuntimeImplementationProjectOutputGroupDependsOn)="
       C:\Program Files\dotnet\sdk\10.0.103\Sdks\Microsoft.NET.Sdk\targets\Microsoft.NET.DesignerSupport.targets(21,5): message :       
       C:\Program Files\dotnet\sdk\10.0.103\Sdks\Microsoft.NET.Sdk\targets\Microsoft.NET.DesignerSupport.targets(21,5): message :       ;
       C:\Program Files\dotnet\sdk\10.0.103\Sdks\Microsoft.NET.Sdk\targets\Microsoft.NET.DesignerSupport.targets(21,5): message :       
       C:\Program Files\dotnet\sdk\10.0.103\Sdks\Microsoft.NET.Sdk\targets\Microsoft.NET.DesignerSupport.targets(21,5): message :       ;
       C:\Program Files\dotnet\sdk\10.0.103\Sdks\Microsoft.NET.Sdk\targets\Microsoft.NET.DesignerSupport.targets(21,5): message :       BuildOnlySettings;
       C:\Program Files\dotnet\sdk\10.0.103\Sdks\Microsoft.NET.Sdk\targets\Microsoft.NET.DesignerSupport.targets(21,5): message :       PrepareForBuild;
       C:\Program Files\dotnet\sdk\10.0.103\Sdks\Microsoft.NET.Sdk\targets\Microsoft.NET.DesignerSupport.targets(21,5): message :       AssignTargetPaths;
       C:\Program Files\dotnet\sdk\10.0.103\Sdks\Microsoft.NET.Sdk\targets\Microsoft.NET.DesignerSupport.targets(21,5): message :       ResolveReferences
       C:\Program Files\dotnet\sdk\10.0.103\Sdks\Microsoft.NET.Sdk\targets\Microsoft.NET.DesignerSupport.targets(21,5): message :     
       C:\Program Files\dotnet\sdk\10.0.103\Sdks\Microsoft.NET.Sdk\targets\Microsoft.NET.DesignerSupport.targets(21,5): message :     ;
       C:\Program Files\dotnet\sdk\10.0.103\Sdks\Microsoft.NET.Sdk\targets\Microsoft.NET.DesignerSupport.targets(21,5): message :       _GenerateDesignerDepsFile;
       C:\Program Files\dotnet\sdk\10.0.103\Sdks\Microsoft.NET.Sdk\targets\Microsoft.NET.DesignerSupport.targets(21,5): message :       _GenerateDesignerRuntimeConfigFile;
       C:\Program Files\dotnet\sdk\10.0.103\Sdks\Microsoft.NET.Sdk\targets\Microsoft.NET.DesignerSupport.targets(21,5): message :       GetCopyToOutputDirectoryItems;
       C:\Program Files\dotnet\sdk\10.0.103\Sdks\Microsoft.NET.Sdk\targets\Microsoft.NET.DesignerSupport.targets(21,5): message :       _GatherDesignerShadowCopyFiles;
       C:\Program Files\dotnet\sdk\10.0.103\Sdks\Microsoft.NET.Sdk\targets\Microsoft.NET.DesignerSupport.targets(21,5): message :     " (önceki değer: "
       C:\Program Files\dotnet\sdk\10.0.103\Sdks\Microsoft.NET.Sdk\targets\Microsoft.NET.DesignerSupport.targets(21,5): message :       ;
       C:\Program Files\dotnet\sdk\10.0.103\Sdks\Microsoft.NET.Sdk\targets\Microsoft.NET.DesignerSupport.targets(21,5): message :       
       C:\Program Files\dotnet\sdk\10.0.103\Sdks\Microsoft.NET.Sdk\targets\Microsoft.NET.DesignerSupport.targets(21,5): message :       ;
       C:\Program Files\dotnet\sdk\10.0.103\Sdks\Microsoft.NET.Sdk\targets\Microsoft.NET.DesignerSupport.targets(21,5): message :       BuildOnlySettings;
       C:\Program Files\dotnet\sdk\10.0.103\Sdks\Microsoft.NET.Sdk\targets\Microsoft.NET.DesignerSupport.targets(21,5): message :       PrepareForBuild;
       C:\Program Files\dotnet\sdk\10.0.103\Sdks\Microsoft.NET.Sdk\targets\Microsoft.NET.DesignerSupport.targets(21,5): message :       AssignTargetPaths;
       C:\Program Files\dotnet\sdk\10.0.103\Sdks\Microsoft.NET.Sdk\targets\Microsoft.NET.DesignerSupport.targets(21,5): message :       ResolveReferences
       C:\Program Files\dotnet\sdk\10.0.103\Sdks\Microsoft.NET.Sdk\targets\Microsoft.NET.DesignerSupport.targets(21,5): message :     
       C:\Program Files\dotnet\sdk\10.0.103\Sdks\Microsoft.NET.Sdk\targets\Microsoft.NET.DesignerSupport.targets(21,5): message :     ") konum: C:\Program Files\dotnet\sdk\10.0.103\Sdks\Microsoft.NET.Sdk\targets\Microsoft.NET.DesignerSupport.targets (21,5)
       C:\Program Files\dotnet\sdk\10.0.103\Sdks\Microsoft.NET.Sdk\targets\Microsoft.NET.Sdk.CSharp.targets(31,5): message : Özellik yeniden ataması: $(DefineConstants)="TRACE;DEBUG" (önceki değer: "TRACE") konum: C:\Program Files\dotnet\sdk\10.0.103\Sdks\Microsoft.NET.Sdk\targets\Microsoft.NET.Sdk.CSharp.targets (31,5)
       C:\Program Files\dotnet\sdk\10.0.103\Sdks\Microsoft.NET.Sdk\targets\Microsoft.NET.Windows.targets(49,5): message : Özellik yeniden ataması: $(TargetPlatformVersion)="7.0" (önceki değer: "") konum: C:\Program Files\dotnet\sdk\10.0.103\Sdks\Microsoft.NET.Sdk\targets\Microsoft.NET.Windows.targets (49,5)
       C:\Program Files\dotnet\sdk\10.0.103\Sdks\Microsoft.NET.Sdk\targets\Microsoft.NET.Windows.targets(50,5): message : Özellik yeniden ataması: $(EffectiveTargetPlatformVersion)="7.0" (önceki değer: "") konum: C:\Program Files\dotnet\sdk\10.0.103\Sdks\Microsoft.NET.Sdk\targets\Microsoft.NET.Windows.targets (50,5)
       C:\Program Files\dotnet\sdk\10.0.103\Sdks\Microsoft.NET.Sdk\targets\Microsoft.NET.Windows.targets(60,5): message : Özellik yeniden ataması: $(SupportedOSPlatformVersion)="7.0" (önceki değer: "") konum: C:\Program Files\dotnet\sdk\10.0.103\Sdks\Microsoft.NET.Sdk\targets\Microsoft.NET.Windows.targets (60,5)
       C:\Program Files\dotnet\sdk\10.0.103\Sdks\Microsoft.NET.Sdk\targets\Microsoft.NET.Windows.targets(61,5): message : Özellik yeniden ataması: $(TargetPlatformMinVersion)="7.0" (önceki değer: "") konum: C:\Program Files\dotnet\sdk\10.0.103\Sdks\Microsoft.NET.Sdk\targets\Microsoft.NET.Windows.targets (61,5)
       C:\Program Files\dotnet\sdk\10.0.103\Sdks\Microsoft.NET.Sdk\targets\Microsoft.NET.Windows.targets(239,5): message : Özellik yeniden ataması: $(_RunCsWinRTGeneratorPropertyInputsCachePath)="C:\Users\ayhan\OneDrive\Desktop\Canlı OBD2 Araç Telemetri Ekranı\HondaTuner\obj\Debug\net6.0-windows\HondaTuner.cswinrtgen.cache" (önceki değer: "obj\Debug\net6.0-windows\HondaTuner.cswinrtgen.cache") konum: C:\Program Files\dotnet\sdk\10.0.103\Sdks\Microsoft.NET.Sdk\targets\Microsoft.NET.Windows.targets (239,5)
       C:\Program Files\dotnet\sdk\10.0.103\Sdks\Microsoft.NET.Sdk\targets\Microsoft.NET.Sdk.targets(1497,5): message : Özellik yeniden ataması: $(TargetPlatformDisplayName)="Windows 7.0" (önceki değer: "Windows ") konum: C:\Program Files\dotnet\sdk\10.0.103\Sdks\Microsoft.NET.Sdk\targets\Microsoft.NET.Sdk.targets (1497,5)
       C:\Program Files\dotnet\sdk\10.0.103\Sdks\Microsoft.NET.Sdk.WindowsDesktop\targets\Microsoft.NET.Sdk.WindowsDesktop.targets(51,5): message : Özellik yeniden ataması: $(_TargetFrameworkVersionValue)="6.0" (önceki değer: "0.0") konum: C:\Program Files\dotnet\sdk\10.0.103\Sdks\Microsoft.NET.Sdk.WindowsDesktop\targets\Microsoft.NET.Sdk.WindowsDesktop.targets (51,5)
       C:\Program Files\dotnet\sdk\10.0.103\Sdks\Microsoft.NET.Sdk.WindowsDesktop\targets\Microsoft.WinFX.targets(61,7): message : Özellik yeniden ataması: $(PrepareResourceNamesDependsOn)="
       C:\Program Files\dotnet\sdk\10.0.103\Sdks\Microsoft.NET.Sdk.WindowsDesktop\targets\Microsoft.WinFX.targets(61,7): message :                     AssignWinFXEmbeddedResource;
       C:\Program Files\dotnet\sdk\10.0.103\Sdks\Microsoft.NET.Sdk.WindowsDesktop\targets\Microsoft.WinFX.targets(61,7): message :                     
       C:\Program Files\dotnet\sdk\10.0.103\Sdks\Microsoft.NET.Sdk.WindowsDesktop\targets\Microsoft.WinFX.targets(61,7): message :       AssignTargetPaths;
       C:\Program Files\dotnet\sdk\10.0.103\Sdks\Microsoft.NET.Sdk.WindowsDesktop\targets\Microsoft.WinFX.targets(61,7): message :       SplitResourcesByCulture;
       C:\Program Files\dotnet\sdk\10.0.103\Sdks\Microsoft.NET.Sdk.WindowsDesktop\targets\Microsoft.WinFX.targets(61,7): message :       CreateManifestResourceNames;
       C:\Program Files\dotnet\sdk\10.0.103\Sdks\Microsoft.NET.Sdk.WindowsDesktop\targets\Microsoft.WinFX.targets(61,7): message :       CreateCustomManifestResourceNames
       C:\Program Files\dotnet\sdk\10.0.103\Sdks\Microsoft.NET.Sdk.WindowsDesktop\targets\Microsoft.WinFX.targets(61,7): message :     
       C:\Program Files\dotnet\sdk\10.0.103\Sdks\Microsoft.NET.Sdk.WindowsDesktop\targets\Microsoft.WinFX.targets(61,7): message :       " (önceki değer: "
       C:\Program Files\dotnet\sdk\10.0.103\Sdks\Microsoft.NET.Sdk.WindowsDesktop\targets\Microsoft.WinFX.targets(61,7): message :       AssignTargetPaths;
       C:\Program Files\dotnet\sdk\10.0.103\Sdks\Microsoft.NET.Sdk.WindowsDesktop\targets\Microsoft.WinFX.targets(61,7): message :       SplitResourcesByCulture;
       C:\Program Files\dotnet\sdk\10.0.103\Sdks\Microsoft.NET.Sdk.WindowsDesktop\targets\Microsoft.WinFX.targets(61,7): message :       CreateManifestResourceNames;
       C:\Program Files\dotnet\sdk\10.0.103\Sdks\Microsoft.NET.Sdk.WindowsDesktop\targets\Microsoft.WinFX.targets(61,7): message :       CreateCustomManifestResourceNames
       C:\Program Files\dotnet\sdk\10.0.103\Sdks\Microsoft.NET.Sdk.WindowsDesktop\targets\Microsoft.WinFX.targets(61,7): message :     ") konum: C:\Program Files\dotnet\sdk\10.0.103\Sdks\Microsoft.NET.Sdk.WindowsDesktop\targets\Microsoft.WinFX.targets (61,7)
       C:\Program Files\dotnet\sdk\10.0.103\Sdks\Microsoft.NET.Sdk.WindowsDesktop\targets\Microsoft.WinFX.targets(69,7): message : Özellik yeniden ataması: $(PrepareResourcesDependsOn)="
       C:\Program Files\dotnet\sdk\10.0.103\Sdks\Microsoft.NET.Sdk.WindowsDesktop\targets\Microsoft.WinFX.targets(69,7): message :                 MarkupCompilePass1;
       C:\Program Files\dotnet\sdk\10.0.103\Sdks\Microsoft.NET.Sdk.WindowsDesktop\targets\Microsoft.WinFX.targets(69,7): message :                 AfterMarkupCompilePass1;
       C:\Program Files\dotnet\sdk\10.0.103\Sdks\Microsoft.NET.Sdk.WindowsDesktop\targets\Microsoft.WinFX.targets(69,7): message :                 MarkupCompilePass2ForMainAssembly;
       C:\Program Files\dotnet\sdk\10.0.103\Sdks\Microsoft.NET.Sdk.WindowsDesktop\targets\Microsoft.WinFX.targets(69,7): message :                 FileClassification;
       C:\Program Files\dotnet\sdk\10.0.103\Sdks\Microsoft.NET.Sdk.WindowsDesktop\targets\Microsoft.WinFX.targets(69,7): message :                 MainResourcesGeneration;
       C:\Program Files\dotnet\sdk\10.0.103\Sdks\Microsoft.NET.Sdk.WindowsDesktop\targets\Microsoft.WinFX.targets(69,7): message :                 
       C:\Program Files\dotnet\sdk\10.0.103\Sdks\Microsoft.NET.Sdk.WindowsDesktop\targets\Microsoft.WinFX.targets(69,7): message :       ResolvePackageDependenciesForBuild;
       C:\Program Files\dotnet\sdk\10.0.103\Sdks\Microsoft.NET.Sdk.WindowsDesktop\targets\Microsoft.WinFX.targets(69,7): message :       _HandlePackageFileConflicts;
       C:\Program Files\dotnet\sdk\10.0.103\Sdks\Microsoft.NET.Sdk.WindowsDesktop\targets\Microsoft.WinFX.targets(69,7): message :       
       C:\Program Files\dotnet\sdk\10.0.103\Sdks\Microsoft.NET.Sdk.WindowsDesktop\targets\Microsoft.WinFX.targets(69,7): message :       ;
       C:\Program Files\dotnet\sdk\10.0.103\Sdks\Microsoft.NET.Sdk.WindowsDesktop\targets\Microsoft.WinFX.targets(69,7): message :       PrepareResourceNames;
       C:\Program Files\dotnet\sdk\10.0.103\Sdks\Microsoft.NET.Sdk.WindowsDesktop\targets\Microsoft.WinFX.targets(69,7): message :       ResGen;
       C:\Program Files\dotnet\sdk\10.0.103\Sdks\Microsoft.NET.Sdk.WindowsDesktop\targets\Microsoft.WinFX.targets(69,7): message :       CompileLicxFiles
       C:\Program Files\dotnet\sdk\10.0.103\Sdks\Microsoft.NET.Sdk.WindowsDesktop\targets\Microsoft.WinFX.targets(69,7): message :     
       C:\Program Files\dotnet\sdk\10.0.103\Sdks\Microsoft.NET.Sdk.WindowsDesktop\targets\Microsoft.WinFX.targets(69,7): message :     
       C:\Program Files\dotnet\sdk\10.0.103\Sdks\Microsoft.NET.Sdk.WindowsDesktop\targets\Microsoft.WinFX.targets(69,7): message :       " (önceki değer: "
       C:\Program Files\dotnet\sdk\10.0.103\Sdks\Microsoft.NET.Sdk.WindowsDesktop\targets\Microsoft.WinFX.targets(69,7): message :       ResolvePackageDependenciesForBuild;
       C:\Program Files\dotnet\sdk\10.0.103\Sdks\Microsoft.NET.Sdk.WindowsDesktop\targets\Microsoft.WinFX.targets(69,7): message :       _HandlePackageFileConflicts;
       C:\Program Files\dotnet\sdk\10.0.103\Sdks\Microsoft.NET.Sdk.WindowsDesktop\targets\Microsoft.WinFX.targets(69,7): message :       
       C:\Program Files\dotnet\sdk\10.0.103\Sdks\Microsoft.NET.Sdk.WindowsDesktop\targets\Microsoft.WinFX.targets(69,7): message :       ;
       C:\Program Files\dotnet\sdk\10.0.103\Sdks\Microsoft.NET.Sdk.WindowsDesktop\targets\Microsoft.WinFX.targets(69,7): message :       PrepareResourceNames;
       C:\Program Files\dotnet\sdk\10.0.103\Sdks\Microsoft.NET.Sdk.WindowsDesktop\targets\Microsoft.WinFX.targets(69,7): message :       ResGen;
       C:\Program Files\dotnet\sdk\10.0.103\Sdks\Microsoft.NET.Sdk.WindowsDesktop\targets\Microsoft.WinFX.targets(69,7): message :       CompileLicxFiles
       C:\Program Files\dotnet\sdk\10.0.103\Sdks\Microsoft.NET.Sdk.WindowsDesktop\targets\Microsoft.WinFX.targets(69,7): message :     
       C:\Program Files\dotnet\sdk\10.0.103\Sdks\Microsoft.NET.Sdk.WindowsDesktop\targets\Microsoft.WinFX.targets(69,7): message :     ") konum: C:\Program Files\dotnet\sdk\10.0.103\Sdks\Microsoft.NET.Sdk.WindowsDesktop\targets\Microsoft.WinFX.targets (69,7)
       C:\Program Files\dotnet\sdk\10.0.103\Sdks\Microsoft.NET.Sdk.WindowsDesktop\targets\Microsoft.WinFX.targets(136,5): message : Özellik yeniden ataması: $(CompileDependsOn)="
       C:\Program Files\dotnet\sdk\10.0.103\Sdks\Microsoft.NET.Sdk.WindowsDesktop\targets\Microsoft.WinFX.targets(136,5): message :         
       C:\Program Files\dotnet\sdk\10.0.103\Sdks\Microsoft.NET.Sdk.WindowsDesktop\targets\Microsoft.WinFX.targets(136,5): message :       
       C:\Program Files\dotnet\sdk\10.0.103\Sdks\Microsoft.NET.Sdk.WindowsDesktop\targets\Microsoft.WinFX.targets(136,5): message :       ResolveReferences;
       C:\Program Files\dotnet\sdk\10.0.103\Sdks\Microsoft.NET.Sdk.WindowsDesktop\targets\Microsoft.WinFX.targets(136,5): message :       ResolveKeySource;
       C:\Program Files\dotnet\sdk\10.0.103\Sdks\Microsoft.NET.Sdk.WindowsDesktop\targets\Microsoft.WinFX.targets(136,5): message :       SetWin32ManifestProperties;
       C:\Program Files\dotnet\sdk\10.0.103\Sdks\Microsoft.NET.Sdk.WindowsDesktop\targets\Microsoft.WinFX.targets(136,5): message :       _SetPreferNativeArm64Win32ManifestProperties;
       C:\Program Files\dotnet\sdk\10.0.103\Sdks\Microsoft.NET.Sdk.WindowsDesktop\targets\Microsoft.WinFX.targets(136,5): message :       FindReferenceAssembliesForReferences;
       C:\Program Files\dotnet\sdk\10.0.103\Sdks\Microsoft.NET.Sdk.WindowsDesktop\targets\Microsoft.WinFX.targets(136,5): message :       _GenerateCompileInputs;
       C:\Program Files\dotnet\sdk\10.0.103\Sdks\Microsoft.NET.Sdk.WindowsDesktop\targets\Microsoft.WinFX.targets(136,5): message :       BeforeCompile;
       C:\Program Files\dotnet\sdk\10.0.103\Sdks\Microsoft.NET.Sdk.WindowsDesktop\targets\Microsoft.WinFX.targets(136,5): message :       _TimeStampBeforeCompile;
       C:\Program Files\dotnet\sdk\10.0.103\Sdks\Microsoft.NET.Sdk.WindowsDesktop\targets\Microsoft.WinFX.targets(136,5): message :       _GenerateCompileDependencyCache;
       C:\Program Files\dotnet\sdk\10.0.103\Sdks\Microsoft.NET.Sdk.WindowsDesktop\targets\Microsoft.WinFX.targets(136,5): message :       CoreCompile;
       C:\Program Files\dotnet\sdk\10.0.103\Sdks\Microsoft.NET.Sdk.WindowsDesktop\targets\Microsoft.WinFX.targets(136,5): message :       _TimeStampAfterCompile;
       C:\Program Files\dotnet\sdk\10.0.103\Sdks\Microsoft.NET.Sdk.WindowsDesktop\targets\Microsoft.WinFX.targets(136,5): message :       AfterCompile;
       C:\Program Files\dotnet\sdk\10.0.103\Sdks\Microsoft.NET.Sdk.WindowsDesktop\targets\Microsoft.WinFX.targets(136,5): message :     ;
       C:\Program Files\dotnet\sdk\10.0.103\Sdks\Microsoft.NET.Sdk.WindowsDesktop\targets\Microsoft.WinFX.targets(136,5): message :       _CreateAppHost;
       C:\Program Files\dotnet\sdk\10.0.103\Sdks\Microsoft.NET.Sdk.WindowsDesktop\targets\Microsoft.WinFX.targets(136,5): message :       _CreateComHost;
       C:\Program Files\dotnet\sdk\10.0.103\Sdks\Microsoft.NET.Sdk.WindowsDesktop\targets\Microsoft.WinFX.targets(136,5): message :       _GetIjwHostPaths;
       C:\Program Files\dotnet\sdk\10.0.103\Sdks\Microsoft.NET.Sdk.WindowsDesktop\targets\Microsoft.WinFX.targets(136,5): message :     ;
       C:\Program Files\dotnet\sdk\10.0.103\Sdks\Microsoft.NET.Sdk.WindowsDesktop\targets\Microsoft.WinFX.targets(136,5): message :         _AfterCompileWinFXInternal
       C:\Program Files\dotnet\sdk\10.0.103\Sdks\Microsoft.NET.Sdk.WindowsDesktop\targets\Microsoft.WinFX.targets(136,5): message :     " (önceki değer: "
       C:\Program Files\dotnet\sdk\10.0.103\Sdks\Microsoft.NET.Sdk.WindowsDesktop\targets\Microsoft.WinFX.targets(136,5): message :       
       C:\Program Files\dotnet\sdk\10.0.103\Sdks\Microsoft.NET.Sdk.WindowsDesktop\targets\Microsoft.WinFX.targets(136,5): message :       ResolveReferences;
       C:\Program Files\dotnet\sdk\10.0.103\Sdks\Microsoft.NET.Sdk.WindowsDesktop\targets\Microsoft.WinFX.targets(136,5): message :       ResolveKeySource;
       C:\Program Files\dotnet\sdk\10.0.103\Sdks\Microsoft.NET.Sdk.WindowsDesktop\targets\Microsoft.WinFX.targets(136,5): message :       SetWin32ManifestProperties;
       C:\Program Files\dotnet\sdk\10.0.103\Sdks\Microsoft.NET.Sdk.WindowsDesktop\targets\Microsoft.WinFX.targets(136,5): message :       _SetPreferNativeArm64Win32ManifestProperties;
       C:\Program Files\dotnet\sdk\10.0.103\Sdks\Microsoft.NET.Sdk.WindowsDesktop\targets\Microsoft.WinFX.targets(136,5): message :       FindReferenceAssembliesForReferences;
       C:\Program Files\dotnet\sdk\10.0.103\Sdks\Microsoft.NET.Sdk.WindowsDesktop\targets\Microsoft.WinFX.targets(136,5): message :       _GenerateCompileInputs;
       C:\Program Files\dotnet\sdk\10.0.103\Sdks\Microsoft.NET.Sdk.WindowsDesktop\targets\Microsoft.WinFX.targets(136,5): message :       BeforeCompile;
       C:\Program Files\dotnet\sdk\10.0.103\Sdks\Microsoft.NET.Sdk.WindowsDesktop\targets\Microsoft.WinFX.targets(136,5): message :       _TimeStampBeforeCompile;
       C:\Program Files\dotnet\sdk\10.0.103\Sdks\Microsoft.NET.Sdk.WindowsDesktop\targets\Microsoft.WinFX.targets(136,5): message :       _GenerateCompileDependencyCache;
       C:\Program Files\dotnet\sdk\10.0.103\Sdks\Microsoft.NET.Sdk.WindowsDesktop\targets\Microsoft.WinFX.targets(136,5): message :       CoreCompile;
       C:\Program Files\dotnet\sdk\10.0.103\Sdks\Microsoft.NET.Sdk.WindowsDesktop\targets\Microsoft.WinFX.targets(136,5): message :       _TimeStampAfterCompile;
       C:\Program Files\dotnet\sdk\10.0.103\Sdks\Microsoft.NET.Sdk.WindowsDesktop\targets\Microsoft.WinFX.targets(136,5): message :       AfterCompile;
       C:\Program Files\dotnet\sdk\10.0.103\Sdks\Microsoft.NET.Sdk.WindowsDesktop\targets\Microsoft.WinFX.targets(136,5): message :     ;
       C:\Program Files\dotnet\sdk\10.0.103\Sdks\Microsoft.NET.Sdk.WindowsDesktop\targets\Microsoft.WinFX.targets(136,5): message :       _CreateAppHost;
       C:\Program Files\dotnet\sdk\10.0.103\Sdks\Microsoft.NET.Sdk.WindowsDesktop\targets\Microsoft.WinFX.targets(136,5): message :       _CreateComHost;
       C:\Program Files\dotnet\sdk\10.0.103\Sdks\Microsoft.NET.Sdk.WindowsDesktop\targets\Microsoft.WinFX.targets(136,5): message :       _GetIjwHostPaths;
       C:\Program Files\dotnet\sdk\10.0.103\Sdks\Microsoft.NET.Sdk.WindowsDesktop\targets\Microsoft.WinFX.targets(136,5): message :     ") konum: C:\Program Files\dotnet\sdk\10.0.103\Sdks\Microsoft.NET.Sdk.WindowsDesktop\targets\Microsoft.WinFX.targets (136,5)
       C:\Program Files\dotnet\sdk\10.0.103\Sdks\Microsoft.NET.Sdk.WindowsDesktop\targets\Microsoft.WinFX.targets(803,9): message : Özellik yeniden ataması: $(PublishBuildDependsOn)="
       C:\Program Files\dotnet\sdk\10.0.103\Sdks\Microsoft.NET.Sdk.WindowsDesktop\targets\Microsoft.WinFX.targets(803,9): message :             BuildOnlySettings;
       C:\Program Files\dotnet\sdk\10.0.103\Sdks\Microsoft.NET.Sdk.WindowsDesktop\targets\Microsoft.WinFX.targets(803,9): message :             PrepareForBuild;
       C:\Program Files\dotnet\sdk\10.0.103\Sdks\Microsoft.NET.Sdk.WindowsDesktop\targets\Microsoft.WinFX.targets(803,9): message :             ResolveReferences;
       C:\Program Files\dotnet\sdk\10.0.103\Sdks\Microsoft.NET.Sdk.WindowsDesktop\targets\Microsoft.WinFX.targets(803,9): message :             PrepareResources;
       C:\Program Files\dotnet\sdk\10.0.103\Sdks\Microsoft.NET.Sdk.WindowsDesktop\targets\Microsoft.WinFX.targets(803,9): message :             ResolveKeySource;
       C:\Program Files\dotnet\sdk\10.0.103\Sdks\Microsoft.NET.Sdk.WindowsDesktop\targets\Microsoft.WinFX.targets(803,9): message :             PrepareResourcesForSatelliteAssemblies;
       C:\Program Files\dotnet\sdk\10.0.103\Sdks\Microsoft.NET.Sdk.WindowsDesktop\targets\Microsoft.WinFX.targets(803,9): message :             GenerateSerializationAssemblies;
       C:\Program Files\dotnet\sdk\10.0.103\Sdks\Microsoft.NET.Sdk.WindowsDesktop\targets\Microsoft.WinFX.targets(803,9): message :             CreateSatelliteAssemblies;
       C:\Program Files\dotnet\sdk\10.0.103\Sdks\Microsoft.NET.Sdk.WindowsDesktop\targets\Microsoft.WinFX.targets(803,9): message :         " (önceki değer: "
       C:\Program Files\dotnet\sdk\10.0.103\Sdks\Microsoft.NET.Sdk.WindowsDesktop\targets\Microsoft.WinFX.targets(803,9): message :       BuildOnlySettings;
       C:\Program Files\dotnet\sdk\10.0.103\Sdks\Microsoft.NET.Sdk.WindowsDesktop\targets\Microsoft.WinFX.targets(803,9): message :       PrepareForBuild;
       C:\Program Files\dotnet\sdk\10.0.103\Sdks\Microsoft.NET.Sdk.WindowsDesktop\targets\Microsoft.WinFX.targets(803,9): message :       ResolveReferences;
       C:\Program Files\dotnet\sdk\10.0.103\Sdks\Microsoft.NET.Sdk.WindowsDesktop\targets\Microsoft.WinFX.targets(803,9): message :       PrepareResources;
       C:\Program Files\dotnet\sdk\10.0.103\Sdks\Microsoft.NET.Sdk.WindowsDesktop\targets\Microsoft.WinFX.targets(803,9): message :       ResolveKeySource;
       C:\Program Files\dotnet\sdk\10.0.103\Sdks\Microsoft.NET.Sdk.WindowsDesktop\targets\Microsoft.WinFX.targets(803,9): message :       GenerateSerializationAssemblies;
       C:\Program Files\dotnet\sdk\10.0.103\Sdks\Microsoft.NET.Sdk.WindowsDesktop\targets\Microsoft.WinFX.targets(803,9): message :       CreateSatelliteAssemblies;
       C:\Program Files\dotnet\sdk\10.0.103\Sdks\Microsoft.NET.Sdk.WindowsDesktop\targets\Microsoft.WinFX.targets(803,9): message :     ") konum: C:\Program Files\dotnet\sdk\10.0.103\Sdks\Microsoft.NET.Sdk.WindowsDesktop\targets\Microsoft.WinFX.targets (803,9)
       C:\Program Files\dotnet\sdk\10.0.103\NuGet.Build.Tasks.Pack.targets(34,5): message : Özellik yeniden ataması: $(PackageDescription)="Package Description" (önceki değer: "") konum: C:\Program Files\dotnet\sdk\10.0.103\NuGet.Build.Tasks.Pack.targets (34,5)
       C:\Program Files\dotnet\sdk\10.0.103\NuGet.Build.Tasks.Pack.targets(59,5): message : Özellik yeniden ataması: $(GenerateNuspecDependsOn)="Build;_LoadPackInputItems; _GetTargetFrameworksOutput; _WalkEachTargetPerFramework; _GetPackageFiles; " (önceki değer: "_LoadPackInputItems; _GetTargetFrameworksOutput; _WalkEachTargetPerFramework; _GetPackageFiles; ") konum: C:\Program Files\dotnet\sdk\10.0.103\NuGet.Build.Tasks.Pack.targets (59,5)
       C:\Program Files\dotnet\sdk\10.0.103\Sdks\Microsoft.NET.Sdk\Sdk\Sdk.targets(59,5): message : Özellik yeniden ataması: $(_IsNotSetContainersTargetsDir)="true" (önceki değer: "false") konum: C:\Program Files\dotnet\sdk\10.0.103\Sdks\Microsoft.NET.Sdk\Sdk\Sdk.targets (59,5)
       C:\Program Files\dotnet\sdk\10.0.103\Containers\build\Microsoft.NET.Build.Containers.targets(5,5): message : Özellik yeniden ataması: $(_IsSDKContainerAllowedVersion)="true" (önceki değer: "false") konum: C:\Program Files\dotnet\sdk\10.0.103\Containers\build\Microsoft.NET.Build.Containers.targets (5,5)
       "C:\Program Files\dotnet\sdk\10.0.103\Sdks\Microsoft.NET.Sdk\targets\Microsoft.NET.Sdk.FrameworkReferenceResolution.targets" projesindeki "ResolveFrameworkReferences" hedefi kullanılarak "C:\Program Files\dotnet\sdk\10.0.103\Microsoft.Common.CurrentVersion.targets" projesindeki "ResolveFrameworkReferences" hedefinin üzerine yazılıyor.
       "C:\Program Files\dotnet\sdk\10.0.103\Sdks\Microsoft.NET.Sdk\targets\Microsoft.NET.Sdk.targets" projesindeki "GenerateSupportedTargetFrameworkAlias" hedefi kullanılarak "C:\Program Files\dotnet\sdk\10.0.103\Microsoft.Common.CurrentVersion.targets" projesindeki "GenerateSupportedTargetFrameworkAlias" hedefinin üzerine yazılıyor.
       "C:\Program Files\dotnet\sdk\10.0.103\Sdks\Microsoft.NET.Sdk\targets\Microsoft.NET.DisableStandardFrameworkResolution.targets" projesindeki "GetReferenceAssemblyPaths" hedefi kullanılarak "C:\Program Files\dotnet\sdk\10.0.103\Microsoft.Common.CurrentVersion.targets" projesindeki "GetReferenceAssemblyPaths" hedefinin üzerine yazılıyor.
       "C:\Program Files\dotnet\sdk\10.0.103\Sdks\Microsoft.NET.Sdk\targets\Microsoft.NET.DisableStandardFrameworkResolution.targets" projesindeki "GetFrameworkPaths" hedefi kullanılarak "C:\Program Files\dotnet\sdk\10.0.103\Microsoft.Common.CurrentVersion.targets" projesindeki "GetFrameworkPaths" hedefinin üzerine yazılıyor.
       "C:\Program Files\dotnet\sdk\10.0.103\Sdks\Microsoft.NET.Sdk\targets\Microsoft.NET.DesignerSupport.targets" projesindeki "DesignerRuntimeImplementationProjectOutputGroup" hedefi kullanılarak "C:\Program Files\dotnet\sdk\10.0.103\Microsoft.Common.CurrentVersion.targets" projesindeki "DesignerRuntimeImplementationProjectOutputGroup" hedefinin üzerine yazılıyor.
       "C:\Program Files\dotnet\sdk\10.0.103\Sdks\Microsoft.NET.Sdk\targets\Microsoft.NET.Publish.targets" projesindeki "Publish" hedefi kullanılarak "C:\Program Files\dotnet\sdk\10.0.103\Microsoft.Common.CurrentVersion.targets" projesindeki "Publish" hedefinin üzerine yazılıyor.
       "C:\Program Files\dotnet\sdk\10.0.103\Sdks\Microsoft.NET.Sdk\targets\Microsoft.NET.Publish.targets" projesindeki "ResolveReadyToRunCompilers" hedefi kullanılarak "C:\Program Files\dotnet\sdk\10.0.103\Sdks\Microsoft.NET.Sdk\targets\Microsoft.NET.CrossGen.targets" projesindeki "ResolveReadyToRunCompilers" hedefinin üzerine yazılıyor.
       "C:\Program Files\dotnet\sdk\10.0.103\Sdks\Microsoft.NET.Sdk\targets\Microsoft.NET.Publish.targets" projesindeki "GetCopyToPublishDirectoryItems" hedefi kullanılarak "C:\Program Files\dotnet\sdk\10.0.103\Microsoft.Common.CurrentVersion.targets" projesindeki "GetCopyToPublishDirectoryItems" hedefinin üzerine yazılıyor.
       "C:\Program Files\dotnet\sdk\10.0.103\Sdks\Microsoft.NET.Sdk\targets\Microsoft.NET.Sdk.targets" projesindeki "Run" hedefi kullanılarak "C:\Program Files\dotnet\sdk\10.0.103\Microsoft.Common.CurrentVersion.targets" projesindeki "Run" hedefinin üzerine yazılıyor.
       "C:\Program Files\dotnet\sdk\10.0.103\Sdks\Microsoft.NET.Sdk.WindowsDesktop\targets\Microsoft.WinFX.targets" projesindeki "SatelliteDllsProjectOutputGroup" hedefi kullanılarak "C:\Program Files\dotnet\sdk\10.0.103\Microsoft.Common.CurrentVersion.targets" projesindeki "SatelliteDllsProjectOutputGroup" hedefinin üzerine yazılıyor.
     1>"C:\Users\ayhan\OneDrive\Desktop\Canlı OBD2 Araç Telemetri Ekranı\HondaTuner\HondaTuner.csproj" projesi (1) 1 düğümünde "C:\Users\ayhan\OneDrive\Desktop\Canlı OBD2 Araç Telemetri Ekranı\HondaTuner\HondaTuner.csproj" (1:2) oluşturuyor (_IsProjectRestoreSupported hedef).
   1:2>"C:\Users\ayhan\OneDrive\Desktop\Canlı OBD2 Araç Telemetri Ekranı\HondaTuner\HondaTuner.csproj" projesinin "C:\Program Files\dotnet\sdk\10.0.103\NuGet.targets" dosyasındaki "_IsProjectRestoreSupported" hedefi (giriş noktası):
   1:2>"HondaTuner.csproj" projesinde "_IsProjectRestoreSupported" hedefini oluşturma tamamlandı.
   1:2>"C:\Users\ayhan\OneDrive\Desktop\Canlı OBD2 Araç Telemetri Ekranı\HondaTuner\HondaTuner.csproj" Projesini Oluşturma İşlemi Tamamlandı (_IsProjectRestoreSupported hedef).
     1>"MSBuild" görevini yürütme tamamlandı.
       Derleme TaskRun sırasında yüklendi: NuGet.Build.Tasks, Version=7.0.2.0, Culture=neutral, PublicKeyToken=31bf3856ad364e35 (konum: C:\Program Files\dotnet\sdk\10.0.103\NuGet.Build.Tasks.dll, MVID: c55bf910-9abe-4187-805d-dad3881bc30c, AssemblyLoadContext: MSBuild plugin C:\Program Files\dotnet\sdk\10.0.103\NuGet.Build.Tasks.dll)
       Derleme TaskRun sırasında yüklendi: NuGet.Common, Version=7.0.2.0, Culture=neutral, PublicKeyToken=31bf3856ad364e35 (konum: C:\Program Files\dotnet\sdk\10.0.103\NuGet.Common.dll, MVID: 9a75e9a2-ebcf-4c20-863c-86b8d21a910c, AssemblyLoadContext: MSBuild plugin C:\Program Files\dotnet\sdk\10.0.103\NuGet.Build.Tasks.dll)
       Derleme TaskRun sırasında yüklendi: NuGet.Commands, Version=7.0.2.0, Culture=neutral, PublicKeyToken=31bf3856ad364e35 (konum: C:\Program Files\dotnet\sdk\10.0.103\NuGet.Commands.dll, MVID: 678affb3-c99b-4423-9cb9-5b8405af771f, AssemblyLoadContext: MSBuild plugin C:\Program Files\dotnet\sdk\10.0.103\NuGet.Build.Tasks.dll)
       Derleme TaskRun sırasında yüklendi: NuGet.ProjectModel, Version=7.0.2.0, Culture=neutral, PublicKeyToken=31bf3856ad364e35 (konum: C:\Program Files\dotnet\sdk\10.0.103\NuGet.ProjectModel.dll, MVID: 186e02d1-69bd-4fe8-b063-002229001751, AssemblyLoadContext: MSBuild plugin C:\Program Files\dotnet\sdk\10.0.103\NuGet.Build.Tasks.dll)
       "C:\Program Files\dotnet\sdk\10.0.103\NuGet.Build.Tasks.dll" derlemesindeki "WarnForInvalidProjectsTask" görevi kullanılıyor.
       "WarnForInvalidProjectsTask" görevi
       "WarnForInvalidProjectsTask" görevini yürütme tamamlandı.
     1>"HondaTuner.csproj" projesinde "_FilterRestoreGraphProjectInputItems" hedefini oluşturma tamamlandı.
       "_FilterRestoreGraphProjectInputItems" hedefi atlandı. Önceden başarılı bir şekilde derlenmişti.
     1>"C:\Users\ayhan\OneDrive\Desktop\Canlı OBD2 Araç Telemetri Ekranı\HondaTuner\HondaTuner.csproj" projesinin "C:\Program Files\dotnet\sdk\10.0.103\NuGet.targets" dosyasındaki "_GetAllRestoreProjectPathItems" hedefi ("_GenerateRestoreGraph" hedefi buna bağımlı):
       "C:\Program Files\dotnet\sdk\10.0.103\NuGet.Build.Tasks.dll" derlemesindeki "NuGetMessageTask" görevi kullanılıyor.
       "NuGetMessageTask" görevi
         Derleme TaskRun (NuGet.Build.Tasks.NuGetMessageTask) sırasında yüklendi: NuGet.Build.Tasks.resources, Version=7.0.2.0, Culture=tr, PublicKeyToken=31bf3856ad364e35 (konum: C:\Program Files\dotnet\sdk\10.0.103\tr\NuGet.Build.Tasks.resources.dll, MVID: abcdef15-3073-4ed0-ac14-5cf6affb960b, AssemblyLoadContext: MSBuild plugin C:\Program Files\dotnet\sdk\10.0.103\NuGet.Build.Tasks.dll)
         Geri yüklenecek projeler belirleniyor...
       "NuGetMessageTask" görevini yürütme tamamlandı.
       "MSBuild" görevi
         Genel Özellikler:
           ExcludeRestorePackageImports=true
     1>"C:\Users\ayhan\OneDrive\Desktop\Canlı OBD2 Araç Telemetri Ekranı\HondaTuner\HondaTuner.csproj" projesi (1) 1 düğümünde "C:\Users\ayhan\OneDrive\Desktop\Canlı OBD2 Araç Telemetri Ekranı\HondaTuner\HondaTuner.csproj" (1:3) oluşturuyor (_GenerateRestoreProjectPathWalk hedef).
   1:3>"C:\Users\ayhan\OneDrive\Desktop\Canlı OBD2 Araç Telemetri Ekranı\HondaTuner\HondaTuner.csproj" projesinin "C:\Program Files\dotnet\sdk\10.0.103\NuGet.targets" dosyasındaki "_GenerateRestoreProjectPathItemsPerFramework" hedefi ("_GenerateRestoreProjectPathItemsCurrentProject" hedefi buna bağımlı):
   1:3>"Microsoft.Build.Tasks.Core, Version=15.1.0.0, Culture=neutral, PublicKeyToken=b03f5f7f11d50a3a" derlemesindeki "ConvertToAbsolutePath" görevi kullanılıyor.
       "ConvertToAbsolutePath" görevi
       "ConvertToAbsolutePath" görevini yürütme tamamlandı.
   1:3>"HondaTuner.csproj" projesinde "_GenerateRestoreProjectPathItemsPerFramework" hedefini oluşturma tamamlandı.
   1:3>"C:\Users\ayhan\OneDrive\Desktop\Canlı OBD2 Araç Telemetri Ekranı\HondaTuner\HondaTuner.csproj" projesinin "C:\Program Files\dotnet\sdk\10.0.103\NuGet.targets" dosyasındaki "_GenerateRestoreProjectPathItemsCurrentProject" hedefi ("_GenerateRestoreProjectPathItems" hedefi buna bağımlı):
   1:3>"HondaTuner.csproj" projesinde "_GenerateRestoreProjectPathItemsCurrentProject" hedefini oluşturma tamamlandı.
   1:3>"C:\Users\ayhan\OneDrive\Desktop\Canlı OBD2 Araç Telemetri Ekranı\HondaTuner\HondaTuner.csproj" projesinin "C:\Program Files\dotnet\sdk\10.0.103\NuGet.targets" dosyasındaki "_GenerateRestoreProjectPathItems" hedefi ("_GenerateRestoreProjectPathWalk" hedefi buna bağımlı):
       "RemoveDuplicates" görevi
       "RemoveDuplicates" görevini yürütme tamamlandı.
   1:3>"HondaTuner.csproj" projesinde "_GenerateRestoreProjectPathItems" hedefini oluşturma tamamlandı.
   1:3>"C:\Users\ayhan\OneDrive\Desktop\Canlı OBD2 Araç Telemetri Ekranı\HondaTuner\HondaTuner.csproj" projesinin "C:\Program Files\dotnet\sdk\10.0.103\NuGet.targets" dosyasındaki "_GenerateRestoreProjectPathWalk" hedefi (giriş noktası):
       "MSBuild" görevi
       "MSBuild" görevini yürütme tamamlandı.
       "RemoveDuplicates" görevi
       "RemoveDuplicates" görevini yürütme tamamlandı.
   1:3>"HondaTuner.csproj" projesinde "_GenerateRestoreProjectPathWalk" hedefini oluşturma tamamlandı.
   1:3>"C:\Users\ayhan\OneDrive\Desktop\Canlı OBD2 Araç Telemetri Ekranı\HondaTuner\HondaTuner.csproj" Projesini Oluşturma İşlemi Tamamlandı (_GenerateRestoreProjectPathWalk hedef).
     1>"MSBuild" görevini yürütme tamamlandı.
       "RemoveDuplicates" görevi
       "RemoveDuplicates" görevini yürütme tamamlandı.
       "MSBuild" görevi
         Genel Özellikler:
           ExcludeRestorePackageImports=true
     1>"C:\Users\ayhan\OneDrive\Desktop\Canlı OBD2 Araç Telemetri Ekranı\HondaTuner\HondaTuner.csproj" projesi (1) 1 düğümünde "C:\Users\ayhan\OneDrive\Desktop\Canlı OBD2 Araç Telemetri Ekranı\HondaTuner\HondaTuner.csproj" (1:4) oluşturuyor (_IsProjectRestoreSupported hedef).
   1:4>"_IsProjectRestoreSupported" hedefi atlandı. Önceden başarılı bir şekilde derlenmişti.
   1:4>"C:\Users\ayhan\OneDrive\Desktop\Canlı OBD2 Araç Telemetri Ekranı\HondaTuner\HondaTuner.csproj" Projesini Oluşturma İşlemi Tamamlandı (_IsProjectRestoreSupported hedef).
     1>"MSBuild" görevini yürütme tamamlandı.
     1>"HondaTuner.csproj" projesinde "_GetAllRestoreProjectPathItems" hedefini oluşturma tamamlandı.
     1>"C:\Users\ayhan\OneDrive\Desktop\Canlı OBD2 Araç Telemetri Ekranı\HondaTuner\HondaTuner.csproj" projesinin "C:\Program Files\dotnet\sdk\10.0.103\NuGet.targets" dosyasındaki "_GenerateRestoreGraph" hedefi ("Restore" hedefi buna bağımlı):
       "Microsoft.Build.Tasks.Core, Version=15.1.0.0, Culture=neutral, PublicKeyToken=b03f5f7f11d50a3a" derlemesindeki "Message" görevi kullanılıyor.
       "Message" görevi
         Generating dg file
       "Message" görevini yürütme tamamlandı.
       "Message" görevi
         C:\Users\ayhan\OneDrive\Desktop\Canlı OBD2 Araç Telemetri Ekranı\HondaTuner\HondaTuner.csproj
       "Message" görevini yürütme tamamlandı.
       "MSBuild" görevi
         Genel Özellikler:
           ExcludeRestorePackageImports=true
     1>"C:\Users\ayhan\OneDrive\Desktop\Canlı OBD2 Araç Telemetri Ekranı\HondaTuner\HondaTuner.csproj" projesi (1) 1 düğümünde "C:\Users\ayhan\OneDrive\Desktop\Canlı OBD2 Araç Telemetri Ekranı\HondaTuner\HondaTuner.csproj" (1:5) oluşturuyor (_GenerateRestoreGraphProjectEntry hedef).
   1:5>"C:\Users\ayhan\OneDrive\Desktop\Canlı OBD2 Araç Telemetri Ekranı\HondaTuner\HondaTuner.csproj" projesinin "C:\Program Files\dotnet\sdk\10.0.103\Sdks\Microsoft.NET.Sdk\targets\Microsoft.NET.TargetFrameworkInference.targets" dosyasındaki "_CheckForUnsupportedTargetPlatformIdentifier" hedefi ("CollectPackageReferences" hedefi buna bağımlı):
   1:5>"HondaTuner.csproj" projesinde "_CheckForUnsupportedTargetPlatformIdentifier" hedefini oluşturma tamamlandı.
   1:5>"C:\Users\ayhan\OneDrive\Desktop\Canlı OBD2 Araç Telemetri Ekranı\HondaTuner\HondaTuner.csproj" projesinin "C:\Program Files\dotnet\sdk\10.0.103\Sdks\Microsoft.NET.Sdk\targets\Microsoft.NET.TargetFrameworkInference.targets" dosyasındaki "_CheckForUnsupportedNETCoreVersion" hedefi ("CollectPackageReferences" hedefi buna bağımlı):
   1:5>"HondaTuner.csproj" projesinde "_CheckForUnsupportedNETCoreVersion" hedefini oluşturma tamamlandı.
   1:5>"C:\Users\ayhan\OneDrive\Desktop\Canlı OBD2 Araç Telemetri Ekranı\HondaTuner\HondaTuner.csproj" projesinin "C:\Program Files\dotnet\sdk\10.0.103\Sdks\Microsoft.NET.Sdk\targets\Microsoft.NET.EolTargetFrameworks.targets" dosyasındaki "_CheckForEolTargetFrameworks" hedefi ("CollectPackageReferences" hedefi buna bağımlı):
       "C:\Program Files\dotnet\sdk\10.0.103\Sdks\Microsoft.NET.Sdk\targets\..\tools\net10.0\Microsoft.NET.Build.Tasks.dll" derlemesindeki "NETSdkWarning" görevi kullanılıyor.
       "NETSdkWarning" görevi
   1:5>C:\Program Files\dotnet\sdk\10.0.103\Sdks\Microsoft.NET.Sdk\targets\Microsoft.NET.EolTargetFrameworks.targets(32,5): warning NETSDK1138: 'net6.0-windows' hedef çerçevesi destek kapsamı dışında ve gelecekte güvenlik güncelleştirmeleri almayacak. Lütfen destek ilkesi hakkında daha fazla bilgi için şuraya bakın: https://aka.ms/dotnet-core-support. [C:\Users\ayhan\OneDrive\Desktop\Canlı OBD2 Araç Telemetri Ekranı\HondaTuner\HondaTuner.csproj]
       "NETSdkWarning" görevini yürütme tamamlandı.
   1:5>"HondaTuner.csproj" projesinde "_CheckForEolTargetFrameworks" hedefini oluşturma tamamlandı.
   1:5>"C:\Users\ayhan\OneDrive\Desktop\Canlı OBD2 Araç Telemetri Ekranı\HondaTuner\HondaTuner.csproj" projesinin "C:\Program Files\dotnet\sdk\10.0.103\Sdks\Microsoft.NET.Sdk\targets\Microsoft.NET.TargetFrameworkInference.targets" dosyasındaki "_CheckForUnsupportedCppNETCoreVersion" hedefi ("CollectPackageReferences" hedefi buna bağımlı):
   1:5>"HondaTuner.csproj" projesinde "_CheckForUnsupportedCppNETCoreVersion" hedefini oluşturma tamamlandı.
   1:5>"C:\Users\ayhan\OneDrive\Desktop\Canlı OBD2 Araç Telemetri Ekranı\HondaTuner\HondaTuner.csproj" projesinin "C:\Program Files\dotnet\sdk\10.0.103\Sdks\Microsoft.NET.Sdk\targets\Microsoft.NET.Sdk.DefaultItems.Shared.targets" dosyasındaki "UpdateAspNetToFrameworkReference" hedefi ("ApplyImplicitVersions" hedefi buna bağımlı):
       "C:\Program Files\dotnet\sdk\10.0.103\Sdks\Microsoft.NET.Sdk\targets\..\tools\net10.0\Microsoft.NET.Build.Tasks.dll" derlemesindeki "CheckIfPackageReferenceShouldBeFrameworkReference" görevi kullanılıyor.
       "CheckIfPackageReferenceShouldBeFrameworkReference" görevi
       "CheckIfPackageReferenceShouldBeFrameworkReference" görevini yürütme tamamlandı.
       "CheckIfPackageReferenceShouldBeFrameworkReference" görevi
       "CheckIfPackageReferenceShouldBeFrameworkReference" görevini yürütme tamamlandı.
   1:5>"HondaTuner.csproj" projesinde "UpdateAspNetToFrameworkReference" hedefini oluşturma tamamlandı.
   1:5>"C:\Users\ayhan\OneDrive\Desktop\Canlı OBD2 Araç Telemetri Ekranı\HondaTuner\HondaTuner.csproj" projesinin "C:\Program Files\dotnet\sdk\10.0.103\Sdks\Microsoft.NET.Sdk\targets\Microsoft.NET.Sdk.DefaultItems.Shared.targets" dosyasındaki "CheckForImplicitPackageReferenceOverrides" hedefi ("ApplyImplicitVersions" hedefi buna bağımlı):
       "C:\Program Files\dotnet\sdk\10.0.103\Sdks\Microsoft.NET.Sdk\targets\..\tools\net10.0\Microsoft.NET.Build.Tasks.dll" derlemesindeki "CheckForImplicitPackageReferenceOverrides" görevi kullanılıyor.
       "CheckForImplicitPackageReferenceOverrides" görevi
       "CheckForImplicitPackageReferenceOverrides" görevini yürütme tamamlandı.
   1:5>"HondaTuner.csproj" projesinde "CheckForImplicitPackageReferenceOverrides" hedefini oluşturma tamamlandı.
   1:5>"C:\Users\ayhan\OneDrive\Desktop\Canlı OBD2 Araç Telemetri Ekranı\HondaTuner\HondaTuner.csproj" projesinin "C:\Program Files\dotnet\sdk\10.0.103\Sdks\Microsoft.NET.Sdk\targets\Microsoft.NET.Sdk.DefaultItems.Shared.targets" dosyasındaki "ApplyImplicitVersions" hedefi ("CollectPackageReferences" hedefi buna bağımlı):
       "C:\Program Files\dotnet\sdk\10.0.103\Sdks\Microsoft.NET.Sdk\targets\..\tools\net10.0\Microsoft.NET.Build.Tasks.dll" derlemesindeki "ApplyImplicitVersions" görevi kullanılıyor.
       "ApplyImplicitVersions" görevi
       "ApplyImplicitVersions" görevini yürütme tamamlandı.
   1:5>"HondaTuner.csproj" projesinde "ApplyImplicitVersions" hedefini oluşturma tamamlandı.
       "CheckForImplicitPackageReferenceOverrides" hedefi atlandı. Önceden başarılı bir şekilde derlenmişti.
   1:5>"C:\Users\ayhan\OneDrive\Desktop\Canlı OBD2 Araç Telemetri Ekranı\HondaTuner\HondaTuner.csproj" projesinin "C:\Program Files\dotnet\sdk\10.0.103\Sdks\Microsoft.NET.Sdk\targets\Microsoft.NET.Sdk.FrameworkReferenceResolution.targets" dosyasındaki "AddWindowsSdkKnownFrameworkReferences" hedefi ("ProcessFrameworkReferences" hedefi buna bağımlı):
       "C:\Program Files\dotnet\sdk\10.0.103\Sdks\Microsoft.NET.Sdk\targets\..\tools\net10.0\Microsoft.NET.Build.Tasks.dll" derlemesindeki "CreateWindowsSdkKnownFrameworkReferences" görevi kullanılıyor.
       "CreateWindowsSdkKnownFrameworkReferences" görevi
       "CreateWindowsSdkKnownFrameworkReferences" görevini yürütme tamamlandı.
   1:5>"HondaTuner.csproj" projesinde "AddWindowsSdkKnownFrameworkReferences" hedefini oluşturma tamamlandı.
   1:5>"C:\Users\ayhan\OneDrive\Desktop\Canlı OBD2 Araç Telemetri Ekranı\HondaTuner\HondaTuner.csproj" projesinin "C:\Program Files\dotnet\sdk\10.0.103\Sdks\Microsoft.NET.Sdk\targets\Microsoft.NET.TargetFrameworkInference.targets" dosyasındaki "_NormalizeTargetPlatformVersion" hedefi ("ProcessFrameworkReferences" hedefi buna bağımlı):
   1:5>"HondaTuner.csproj" projesinde "_NormalizeTargetPlatformVersion" hedefini oluşturma tamamlandı.
   1:5>"C:\Users\ayhan\OneDrive\Desktop\Canlı OBD2 Araç Telemetri Ekranı\HondaTuner\HondaTuner.csproj" projesinin "C:\Program Files\dotnet\sdk\10.0.103\Sdks\Microsoft.NET.Sdk\targets\Microsoft.NET.RuntimeIdentifierInference.targets" dosyasındaki "_CheckForLanguageAndFeatureCombinationSupport" hedefi ("ProcessFrameworkReferences" hedefi buna bağımlı):
   1:5>"HondaTuner.csproj" projesinde "_CheckForLanguageAndFeatureCombinationSupport" hedefini oluşturma tamamlandı.
   1:5>"C:\Users\ayhan\OneDrive\Desktop\Canlı OBD2 Araç Telemetri Ekranı\HondaTuner\HondaTuner.csproj" projesinin "C:\Program Files\dotnet\sdk\10.0.103\Sdks\Microsoft.NET.Sdk\targets\Microsoft.NET.Publish.targets" dosyasındaki "_ComputeToolPackInputsToProcessFrameworkReferences" hedefi ("ProcessFrameworkReferences" hedefi buna bağımlı):
   1:5>"HondaTuner.csproj" projesinde "_ComputeToolPackInputsToProcessFrameworkReferences" hedefini oluşturma tamamlandı.
   1:5>"C:\Users\ayhan\OneDrive\Desktop\Canlı OBD2 Araç Telemetri Ekranı\HondaTuner\HondaTuner.csproj" projesinin "C:\Program Files\dotnet\sdk\10.0.103\Sdks\Microsoft.NET.Sdk\targets\Microsoft.NET.Sdk.FrameworkReferenceResolution.targets" dosyasındaki "ProcessFrameworkReferences" hedefi ("CollectPackageReferences" hedefi buna bağımlı):
       "C:\Program Files\dotnet\sdk\10.0.103\Sdks\Microsoft.NET.Sdk\targets\..\tools\net10.0\Microsoft.NET.Build.Tasks.dll" derlemesindeki "CheckForDuplicateFrameworkReferences" görevi kullanılıyor.
       "CheckForDuplicateFrameworkReferences" görevi
       "CheckForDuplicateFrameworkReferences" görevini yürütme tamamlandı.
       "C:\Program Files\dotnet\sdk\10.0.103\Sdks\Microsoft.NET.Sdk\targets\..\tools\net10.0\Microsoft.NET.Build.Tasks.dll" derlemesindeki "ProcessFrameworkReferences" görevi kullanılıyor.
       "ProcessFrameworkReferences" görevi
         Found 2 known framework references for target framework .NETCoreApp
         Found 4 known runtime packs for target framework .NETCoreApp
         Selected Microsoft.NETCore.App with RIDs 'linux-arm;linux-arm64;linux-musl-arm64;linux-musl-x64;linux-x64;osx-x64;tizen.4.0.0-armel;tizen.5.0.0-armel;win-arm;win-arm64;win-x64;win-x86;linux-musl-arm;osx-arm64;linux-s390x;linux-loongarch64'
         Selected targeting pack 'Microsoft.NETCore.App@6.0.36'
         Added runtime framework 'Microsoft.NETCore.App@6.0.0'
         Selected Microsoft.WindowsDesktop.App with RIDs 'win-x64;win-x86;win-arm64'
         Selected targeting pack 'Microsoft.WindowsDesktop.App@6.0.36'
         Added runtime framework 'Microsoft.WindowsDesktop.App@6.0.0'
         Selected Microsoft.WindowsDesktop.App with RIDs 'win-x64;win-x86;win-arm64'
         Selected targeting pack 'Microsoft.WindowsDesktop.App.WPF@6.0.36'
         Added runtime framework 'Microsoft.WindowsDesktop.App@6.0.0'
         Selected Microsoft.WindowsDesktop.App with RIDs 'win-x64;win-x86;win-arm64'
         Selected targeting pack 'Microsoft.WindowsDesktop.App.WindowsForms@6.0.36'
         Added runtime framework 'Microsoft.WindowsDesktop.App@6.0.0'
         Selected Microsoft.AspNetCore.App with RIDs 'win-x64;win-x86;win-arm;osx-x64;linux-musl-x64;linux-musl-arm64;linux-x64;linux-arm;linux-arm64;linux-musl-arm;win-arm64;osx-arm64;linux-s390x;linux-loongarch64'
         Selected targeting pack 'Microsoft.AspNetCore.App@6.0.36'
         Added runtime framework 'Microsoft.AspNetCore.App@6.0.0'
       "ProcessFrameworkReferences" görevini yürütme tamamlandı.
       "C:\Program Files\dotnet\sdk\10.0.103\Sdks\Microsoft.NET.Sdk\targets\..\tools\net10.0\Microsoft.NET.Build.Tasks.dll" derlemesindeki "ResolveAppHosts" görevi kullanılıyor.
       "ResolveAppHosts" görevi
       "ResolveAppHosts" görevini yürütme tamamlandı.
   1:5>"HondaTuner.csproj" projesinde "ProcessFrameworkReferences" hedefini oluşturma tamamlandı.
   1:5>"C:\Users\ayhan\OneDrive\Desktop\Canlı OBD2 Araç Telemetri Ekranı\HondaTuner\HondaTuner.csproj" projesinin "C:\Program Files\dotnet\sdk\10.0.103\Sdks\Microsoft.NET.Sdk\targets\Microsoft.NET.ObsoleteReferences.targets" dosyasındaki "_CheckForObsoleteDotNetCliToolReferences" hedefi ("CollectPackageReferences" hedefi buna bağımlı):
   1:5>"HondaTuner.csproj" projesinde "_CheckForObsoleteDotNetCliToolReferences" hedefini oluşturma tamamlandı.
   1:5>"C:\Users\ayhan\OneDrive\Desktop\Canlı OBD2 Araç Telemetri Ekranı\HondaTuner\HondaTuner.csproj" projesinin "C:\Program Files\dotnet\sdk\10.0.103\NuGet.targets" dosyasındaki "CollectPackageReferences" hedefi ("_GetRestoreProjectStyle" hedefi buna bağımlı):
       "C:\Program Files\dotnet\sdk\10.0.103\NuGet.Build.Tasks.dll" derlemesindeki "CheckForDuplicateNuGetItemsTask" görevi kullanılıyor.
       "CheckForDuplicateNuGetItemsTask" görevi
       "CheckForDuplicateNuGetItemsTask" görevini yürütme tamamlandı.
   1:5>"HondaTuner.csproj" projesinde "CollectPackageReferences" hedefini oluşturma tamamlandı.
   1:5>"C:\Users\ayhan\OneDrive\Desktop\Canlı OBD2 Araç Telemetri Ekranı\HondaTuner\HondaTuner.csproj" projesinin "C:\Program Files\dotnet\sdk\10.0.103\NuGet.targets" dosyasındaki "_GetRestoreProjectStyle" hedefi ("_GenerateRestoreSpecs" hedefi buna bağımlı):
       "C:\Program Files\dotnet\sdk\10.0.103\NuGet.Build.Tasks.dll" derlemesindeki "GetRestoreProjectStyleTask" görevi kullanılıyor.
       "GetRestoreProjectStyleTask" görevi
       "GetRestoreProjectStyleTask" görevini yürütme tamamlandı.
   1:5>"HondaTuner.csproj" projesinde "_GetRestoreProjectStyle" hedefini oluşturma tamamlandı.
   1:5>"C:\Users\ayhan\OneDrive\Desktop\Canlı OBD2 Araç Telemetri Ekranı\HondaTuner\HondaTuner.csproj" projesinin "C:\Program Files\dotnet\sdk\10.0.103\NuGet.targets" dosyasındaki "_GenerateRestoreSpecs" hedefi ("_GenerateRestoreGraphProjectEntry" hedefi buna bağımlı):
       "Message" görevi
         Restore entry point C:\Users\ayhan\OneDrive\Desktop\Canlı OBD2 Araç Telemetri Ekranı\HondaTuner\HondaTuner.csproj
       "Message" görevini yürütme tamamlandı.
   1:5>"HondaTuner.csproj" projesinde "_GenerateRestoreSpecs" hedefini oluşturma tamamlandı.
   1:5>"C:\Users\ayhan\OneDrive\Desktop\Canlı OBD2 Araç Telemetri Ekranı\HondaTuner\HondaTuner.csproj" projesinin "C:\Program Files\dotnet\sdk\10.0.103\NuGet.targets" dosyasındaki "_GetRestoreSettingsOverrides" hedefi ("_GetRestoreSettings" hedefi buna bağımlı):
   1:5>"HondaTuner.csproj" projesinde "_GetRestoreSettingsOverrides" hedefini oluşturma tamamlandı.
   1:5>"C:\Users\ayhan\OneDrive\Desktop\Canlı OBD2 Araç Telemetri Ekranı\HondaTuner\HondaTuner.csproj" projesinin "C:\Program Files\dotnet\sdk\10.0.103\NuGet.targets" dosyasındaki "_GetRestoreSettingsPerFramework" hedefi ("_GetRestoreSettingsCurrentProject" hedefi buna bağımlı):
   1:5>"HondaTuner.csproj" projesinde "_GetRestoreSettingsPerFramework" hedefini oluşturma tamamlandı.
   1:5>"C:\Users\ayhan\OneDrive\Desktop\Canlı OBD2 Araç Telemetri Ekranı\HondaTuner\HondaTuner.csproj" projesinin "C:\Program Files\dotnet\sdk\10.0.103\NuGet.targets" dosyasındaki "_GetRestoreSettingsCurrentProject" hedefi ("_GetRestoreSettings" hedefi buna bağımlı):
   1:5>"HondaTuner.csproj" projesinde "_GetRestoreSettingsCurrentProject" hedefini oluşturma tamamlandı.
   1:5>"C:\Users\ayhan\OneDrive\Desktop\Canlı OBD2 Araç Telemetri Ekranı\HondaTuner\HondaTuner.csproj" projesinin "C:\Program Files\dotnet\sdk\10.0.103\NuGet.targets" dosyasındaki "_GetRestoreSettings" hedefi ("_GenerateDotnetCliToolReferenceSpecs" hedefi buna bağımlı):
       "C:\Program Files\dotnet\sdk\10.0.103\NuGet.Build.Tasks.dll" derlemesindeki "GetRestoreSettingsTask" görevi kullanılıyor.
       "GetRestoreSettingsTask" görevi
         Derleme TaskRun (NuGet.Build.Tasks.GetRestoreSettingsTask) sırasında yüklendi: NuGet.Configuration, Version=7.0.2.0, Culture=neutral, PublicKeyToken=31bf3856ad364e35 (konum: C:\Program Files\dotnet\sdk\10.0.103\NuGet.Configuration.dll, MVID: 522ba7e1-ae9d-4267-926f-e81ab189d75f, AssemblyLoadContext: MSBuild plugin C:\Program Files\dotnet\sdk\10.0.103\NuGet.Build.Tasks.dll)
       "GetRestoreSettingsTask" görevini yürütme tamamlandı.
   1:5>"HondaTuner.csproj" projesinde "_GetRestoreSettings" hedefini oluşturma tamamlandı.
   1:5>"C:\Users\ayhan\OneDrive\Desktop\Canlı OBD2 Araç Telemetri Ekranı\HondaTuner\HondaTuner.csproj" projesinin "C:\Program Files\dotnet\sdk\10.0.103\NuGet.targets" dosyasındaki "_GenerateDotnetCliToolReferenceSpecs" hedefi ("_GenerateRestoreGraphProjectEntry" hedefi buna bağımlı):
       "C:\Program Files\dotnet\sdk\10.0.103\NuGet.Build.Tasks.dll" derlemesindeki "GetRestoreDotnetCliToolsTask" görevi kullanılıyor.
       "GetRestoreDotnetCliToolsTask" görevi
       "GetRestoreDotnetCliToolsTask" görevini yürütme tamamlandı.
   1:5>"HondaTuner.csproj" projesinde "_GenerateDotnetCliToolReferenceSpecs" hedefini oluşturma tamamlandı.
   1:5>"C:\Users\ayhan\OneDrive\Desktop\Canlı OBD2 Araç Telemetri Ekranı\HondaTuner\HondaTuner.csproj" projesinin "C:\Program Files\dotnet\sdk\10.0.103\NuGet.targets" dosyasındaki "_GenerateRestoreGraphProjectEntry" hedefi (giriş noktası):
   1:5>"HondaTuner.csproj" projesinde "_GenerateRestoreGraphProjectEntry" hedefini oluşturma tamamlandı.
   1:5>"C:\Users\ayhan\OneDrive\Desktop\Canlı OBD2 Araç Telemetri Ekranı\HondaTuner\HondaTuner.csproj" Projesini Oluşturma İşlemi Tamamlandı (_GenerateRestoreGraphProjectEntry hedef).
     1>"MSBuild" görevini yürütme tamamlandı.
       "MSBuild" görevi
         Genel Özellikler:
           ExcludeRestorePackageImports=true
     1>"C:\Users\ayhan\OneDrive\Desktop\Canlı OBD2 Araç Telemetri Ekranı\HondaTuner\HondaTuner.csproj" projesi (1) 1 düğümünde "C:\Users\ayhan\OneDrive\Desktop\Canlı OBD2 Araç Telemetri Ekranı\HondaTuner\HondaTuner.csproj" (1:6) oluşturuyor (_GenerateProjectRestoreGraph hedef).
   1:6>"_GetRestoreProjectStyle" hedefi atlandı. Önceden başarılı bir şekilde derlenmişti.
       "_GetRestoreProjectStyle" hedefi atlandı. Önceden başarılı bir şekilde derlenmişti.
       "_GetRestoreProjectStyle" hedefi atlandı. Önceden başarılı bir şekilde derlenmişti.
   1:6>"C:\Users\ayhan\OneDrive\Desktop\Canlı OBD2 Araç Telemetri Ekranı\HondaTuner\HondaTuner.csproj" projesinin "C:\Program Files\dotnet\sdk\10.0.103\NuGet.targets" dosyasındaki "_GetRestoreTargetFrameworkOverride" hedefi ("_GetRestoreTargetFrameworksOutput" hedefi buna bağımlı):
   1:6>"HondaTuner.csproj" projesinde "_GetRestoreTargetFrameworkOverride" hedefini oluşturma tamamlandı.
   1:6>"C:\Users\ayhan\OneDrive\Desktop\Canlı OBD2 Araç Telemetri Ekranı\HondaTuner\HondaTuner.csproj" projesinin "C:\Program Files\dotnet\sdk\10.0.103\NuGet.targets" dosyasındaki "_GetRestoreTargetFrameworksOutput" hedefi ("_GenerateRestoreProjectSpec" hedefi buna bağımlı):
       "C:\Program Files\dotnet\sdk\10.0.103\NuGet.Build.Tasks.dll" derlemesindeki "GetProjectTargetFrameworksTask" görevi kullanılıyor.
       "GetProjectTargetFrameworksTask" görevi
       "GetProjectTargetFrameworksTask" görevini yürütme tamamlandı.
   1:6>"HondaTuner.csproj" projesinde "_GetRestoreTargetFrameworksOutput" hedefini oluşturma tamamlandı.
       "_GetRestoreSettings" hedefi atlandı. Önceden başarılı bir şekilde derlenmişti.
   1:6>"C:\Users\ayhan\OneDrive\Desktop\Canlı OBD2 Araç Telemetri Ekranı\HondaTuner\HondaTuner.csproj" projesinin "C:\Program Files\dotnet\sdk\10.0.103\NuGet.targets" dosyasındaki "_GenerateRestoreProjectSpec" hedefi ("_GenerateProjectRestoreGraph" hedefi buna bağımlı):
       "ConvertToAbsolutePath" görevi
       "ConvertToAbsolutePath" görevini yürütme tamamlandı.
   1:6>"HondaTuner.csproj" projesinde "_GenerateRestoreProjectSpec" hedefini oluşturma tamamlandı.
       "_GetRestoreProjectStyle" hedefi atlandı. Önceden başarılı bir şekilde derlenmişti.
       "CollectPackageReferences" hedefi atlandı. Önceden başarılı bir şekilde derlenmişti.
   1:6>"C:\Users\ayhan\OneDrive\Desktop\Canlı OBD2 Araç Telemetri Ekranı\HondaTuner\HondaTuner.csproj" projesinin "C:\Program Files\dotnet\sdk\10.0.103\NuGet.targets" dosyasındaki "CollectPackageDownloads" hedefi ("_CollectRestoreInputs" hedefi buna bağımlı):
       "CheckForDuplicateNuGetItemsTask" görevi
       "CheckForDuplicateNuGetItemsTask" görevini yürütme tamamlandı.
   1:6>"HondaTuner.csproj" projesinde "CollectPackageDownloads" hedefini oluşturma tamamlandı.
   1:6>"C:\Users\ayhan\OneDrive\Desktop\Canlı OBD2 Araç Telemetri Ekranı\HondaTuner\HondaTuner.csproj" projesinin "C:\Program Files\dotnet\sdk\10.0.103\NuGet.targets" dosyasındaki "CollectFrameworkReferences" hedefi ("_CollectRestoreInputs" hedefi buna bağımlı):
   1:6>"HondaTuner.csproj" projesinde "CollectFrameworkReferences" hedefini oluşturma tamamlandı.
   1:6>"C:\Users\ayhan\OneDrive\Desktop\Canlı OBD2 Araç Telemetri Ekranı\HondaTuner\HondaTuner.csproj" projesinin "C:\Program Files\dotnet\sdk\10.0.103\NuGet.targets" dosyasındaki "CollectCentralPackageVersions" hedefi ("_CollectRestoreInputs" hedefi buna bağımlı):
       "CheckForDuplicateNuGetItemsTask" görevi
       "CheckForDuplicateNuGetItemsTask" görevini yürütme tamamlandı.
   1:6>"HondaTuner.csproj" projesinde "CollectCentralPackageVersions" hedefini oluşturma tamamlandı.
   1:6>"C:\Users\ayhan\OneDrive\Desktop\Canlı OBD2 Araç Telemetri Ekranı\HondaTuner\HondaTuner.csproj" projesinin "C:\Program Files\dotnet\sdk\10.0.103\NuGet.targets" dosyasındaki "CollectNuGetAuditSuppressions" hedefi ("_CollectRestoreInputs" hedefi buna bağımlı):
       "CheckForDuplicateNuGetItemsTask" görevi
       "CheckForDuplicateNuGetItemsTask" görevini yürütme tamamlandı.
   1:6>"HondaTuner.csproj" projesinde "CollectNuGetAuditSuppressions" hedefini oluşturma tamamlandı.
   1:6>"C:\Users\ayhan\OneDrive\Desktop\Canlı OBD2 Araç Telemetri Ekranı\HondaTuner\HondaTuner.csproj" projesinin "C:\Program Files\dotnet\sdk\10.0.103\NuGet.targets" dosyasındaki "CollectPrunePackageReferences" hedefi ("_CollectRestoreInputs" hedefi buna bağımlı):
       "CheckForDuplicateNuGetItemsTask" görevi
       "CheckForDuplicateNuGetItemsTask" görevini yürütme tamamlandı.
   1:6>"HondaTuner.csproj" projesinde "CollectPrunePackageReferences" hedefini oluşturma tamamlandı.
   1:6>"C:\Users\ayhan\OneDrive\Desktop\Canlı OBD2 Araç Telemetri Ekranı\HondaTuner\HondaTuner.csproj" projesinin "C:\Program Files\dotnet\sdk\10.0.103\NuGet.targets" dosyasındaki "_CollectRestoreInputs" hedefi ("_GenerateProjectRestoreGraphPerFramework" hedefi buna bağımlı):
   1:6>"HondaTuner.csproj" projesinde "_CollectRestoreInputs" hedefini oluşturma tamamlandı.
   1:6>"C:\Users\ayhan\OneDrive\Desktop\Canlı OBD2 Araç Telemetri Ekranı\HondaTuner\HondaTuner.csproj" projesinin "C:\Program Files\dotnet\sdk\10.0.103\NuGet.targets" dosyasındaki "_GenerateProjectRestoreGraphPerFramework" hedefi ("_GenerateProjectRestoreGraphCurrentProject" hedefi buna bağımlı):
       "C:\Program Files\dotnet\sdk\10.0.103\NuGet.Build.Tasks.dll" derlemesindeki "GetRestoreProjectReferencesTask" görevi kullanılıyor.
       "GetRestoreProjectReferencesTask" görevi
       "GetRestoreProjectReferencesTask" görevini yürütme tamamlandı.
       "C:\Program Files\dotnet\sdk\10.0.103\NuGet.Build.Tasks.dll" derlemesindeki "GetRestorePackageReferencesTask" görevi kullanılıyor.
       "GetRestorePackageReferencesTask" görevi
       "GetRestorePackageReferencesTask" görevini yürütme tamamlandı.
       "C:\Program Files\dotnet\sdk\10.0.103\NuGet.Build.Tasks.dll" derlemesindeki "GetRestorePackageDownloadsTask" görevi kullanılıyor.
       "GetRestorePackageDownloadsTask" görevi
       "GetRestorePackageDownloadsTask" görevini yürütme tamamlandı.
       "C:\Program Files\dotnet\sdk\10.0.103\NuGet.Build.Tasks.dll" derlemesindeki "GetRestoreFrameworkReferencesTask" görevi kullanılıyor.
       "GetRestoreFrameworkReferencesTask" görevi
       "GetRestoreFrameworkReferencesTask" görevini yürütme tamamlandı.
       "C:\Program Files\dotnet\sdk\10.0.103\NuGet.Build.Tasks.dll" derlemesindeki "GetRestoreNuGetAuditSuppressionsTask" görevi kullanılıyor.
       "GetRestoreNuGetAuditSuppressionsTask" görevi
       "GetRestoreNuGetAuditSuppressionsTask" görevini yürütme tamamlandı.
       "C:\Program Files\dotnet\sdk\10.0.103\NuGet.Build.Tasks.dll" derlemesindeki "GetRestorePrunePackageReferencesTask" görevi kullanılıyor.
       "GetRestorePrunePackageReferencesTask" görevi
       "GetRestorePrunePackageReferencesTask" görevini yürütme tamamlandı.
   1:6>"HondaTuner.csproj" projesinde "_GenerateProjectRestoreGraphPerFramework" hedefini oluşturma tamamlandı.
   1:6>"C:\Users\ayhan\OneDrive\Desktop\Canlı OBD2 Araç Telemetri Ekranı\HondaTuner\HondaTuner.csproj" projesinin "C:\Program Files\dotnet\sdk\10.0.103\NuGet.targets" dosyasındaki "_GenerateProjectRestoreGraphCurrentProject" hedefi ("_GenerateRestoreDependencies" hedefi buna bağımlı):
   1:6>"HondaTuner.csproj" projesinde "_GenerateProjectRestoreGraphCurrentProject" hedefini oluşturma tamamlandı.
   1:6>"C:\Users\ayhan\OneDrive\Desktop\Canlı OBD2 Araç Telemetri Ekranı\HondaTuner\HondaTuner.csproj" projesinin "C:\Program Files\dotnet\sdk\10.0.103\NuGet.targets" dosyasındaki "_GenerateRestoreDependencies" hedefi ("_GenerateProjectRestoreGraph" hedefi buna bağımlı):
   1:6>"HondaTuner.csproj" projesinde "_GenerateRestoreDependencies" hedefini oluşturma tamamlandı.
   1:6>"C:\Users\ayhan\OneDrive\Desktop\Canlı OBD2 Araç Telemetri Ekranı\HondaTuner\HondaTuner.csproj" projesinin "C:\Program Files\dotnet\sdk\10.0.103\NuGet.targets" dosyasındaki "_GenerateProjectRestoreGraph" hedefi (giriş noktası):
   1:6>"HondaTuner.csproj" projesinde "_GenerateProjectRestoreGraph" hedefini oluşturma tamamlandı.
   1:6>"C:\Users\ayhan\OneDrive\Desktop\Canlı OBD2 Araç Telemetri Ekranı\HondaTuner\HondaTuner.csproj" Projesini Oluşturma İşlemi Tamamlandı (_GenerateProjectRestoreGraph hedef).
     1>"MSBuild" görevini yürütme tamamlandı.
     1>"HondaTuner.csproj" projesinde "_GenerateRestoreGraph" hedefini oluşturma tamamlandı.
     1>"C:\Users\ayhan\OneDrive\Desktop\Canlı OBD2 Araç Telemetri Ekranı\HondaTuner\HondaTuner.csproj" projesinin "C:\Program Files\dotnet\sdk\10.0.103\Sdks\Microsoft.NET.Sdk\targets\Microsoft.NET.TargetFrameworkInference.targets" dosyasındaki "_CollectTargetFrameworkForTelemetry" hedefi ("Restore" hedefi buna bağımlı):
       "C:\Program Files\dotnet\sdk\10.0.103\Sdks\Microsoft.NET.Sdk\targets\..\tools\net10.0\Microsoft.NET.Build.Tasks.dll" derlemesindeki "AllowEmptyTelemetry" görevi kullanılıyor.
       "AllowEmptyTelemetry" görevi
       "AllowEmptyTelemetry" görevini yürütme tamamlandı.
     1>"HondaTuner.csproj" projesinde "_CollectTargetFrameworkForTelemetry" hedefini oluşturma tamamlandı.
     1>"C:\Users\ayhan\OneDrive\Desktop\Canlı OBD2 Araç Telemetri Ekranı\HondaTuner\HondaTuner.csproj" projesinin "C:\Program Files\dotnet\sdk\10.0.103\Sdks\Microsoft.NET.Sdk\targets\Microsoft.NET.TargetFrameworkInference.targets" dosyasındaki "_CheckForUnsupportedNETCoreVersion" hedefi ("Restore" hedefi buna bağımlı):
     1>"HondaTuner.csproj" projesinde "_CheckForUnsupportedNETCoreVersion" hedefini oluşturma tamamlandı.
     1>"C:\Users\ayhan\OneDrive\Desktop\Canlı OBD2 Araç Telemetri Ekranı\HondaTuner\HondaTuner.csproj" projesinin "C:\Program Files\dotnet\sdk\10.0.103\Sdks\Microsoft.NET.Sdk\targets\Microsoft.NET.EolTargetFrameworks.targets" dosyasındaki "_CheckForEolTargetFrameworks" hedefi ("Restore" hedefi buna bağımlı):
       "C:\Program Files\dotnet\sdk\10.0.103\Sdks\Microsoft.NET.Sdk\targets\..\tools\net10.0\Microsoft.NET.Build.Tasks.dll" derlemesindeki "NETSdkWarning" görevi kullanılıyor.
       "NETSdkWarning" görevi
     1>C:\Program Files\dotnet\sdk\10.0.103\Sdks\Microsoft.NET.Sdk\targets\Microsoft.NET.EolTargetFrameworks.targets(32,5): warning NETSDK1138: 'net6.0-windows' hedef çerçevesi destek kapsamı dışında ve gelecekte güvenlik güncelleştirmeleri almayacak. Lütfen destek ilkesi hakkında daha fazla bilgi için şuraya bakın: https://aka.ms/dotnet-core-support. [C:\Users\ayhan\OneDrive\Desktop\Canlı OBD2 Araç Telemetri Ekranı\HondaTuner\HondaTuner.csproj]
       "NETSdkWarning" görevini yürütme tamamlandı.
     1>"HondaTuner.csproj" projesinde "_CheckForEolTargetFrameworks" hedefini oluşturma tamamlandı.
     1>"C:\Users\ayhan\OneDrive\Desktop\Canlı OBD2 Araç Telemetri Ekranı\HondaTuner\HondaTuner.csproj" projesinin "C:\Program Files\dotnet\sdk\10.0.103\Sdks\Microsoft.NET.Sdk\targets\Microsoft.NET.TargetFrameworkInference.targets" dosyasındaki "_CheckForUnsupportedCppNETCoreVersion" hedefi ("Restore" hedefi buna bağımlı):
     1>"HondaTuner.csproj" projesinde "_CheckForUnsupportedCppNETCoreVersion" hedefini oluşturma tamamlandı.
     1>"C:\Users\ayhan\OneDrive\Desktop\Canlı OBD2 Araç Telemetri Ekranı\HondaTuner\HondaTuner.csproj" projesinin "C:\Program Files\dotnet\sdk\10.0.103\NuGet.targets" dosyasındaki "Restore" hedefi (giriş noktası):
       "RemoveDuplicates" görevi
       "RemoveDuplicates" görevini yürütme tamamlandı.
       "C:\Program Files\dotnet\sdk\10.0.103\NuGet.Build.Tasks.dll" derlemesindeki "RestoreTask" görevi kullanılıyor.
       "RestoreTask" görevi
         Derleme TaskRun (NuGet.Build.Tasks.RestoreTask) sırasında yüklendi: NuGet.Packaging, Version=7.0.2.0, Culture=neutral, PublicKeyToken=31bf3856ad364e35 (konum: C:\Program Files\dotnet\sdk\10.0.103\NuGet.Packaging.dll, MVID: 691fbee5-b36c-46fd-a673-db79d3c14051, AssemblyLoadContext: MSBuild plugin C:\Program Files\dotnet\sdk\10.0.103\NuGet.Build.Tasks.dll)
         Derleme TaskRun (NuGet.Build.Tasks.RestoreTask) sırasında yüklendi: NuGet.LibraryModel, Version=7.0.2.0, Culture=neutral, PublicKeyToken=31bf3856ad364e35 (konum: C:\Program Files\dotnet\sdk\10.0.103\NuGet.LibraryModel.dll, MVID: a6bbad50-9e54-4ecf-9ee6-06659d261f87, AssemblyLoadContext: MSBuild plugin C:\Program Files\dotnet\sdk\10.0.103\NuGet.Build.Tasks.dll)
         Derleme TaskRun (NuGet.Build.Tasks.RestoreTask) sırasında yüklendi: NuGet.Versioning, Version=7.0.2.0, Culture=neutral, PublicKeyToken=31bf3856ad364e35 (konum: C:\Program Files\dotnet\sdk\10.0.103\NuGet.Versioning.dll, MVID: 3f1bd844-829c-40f0-b7b2-db643543649c, AssemblyLoadContext: MSBuild plugin C:\Program Files\dotnet\sdk\10.0.103\NuGet.Build.Tasks.dll)
         Derleme TaskRun (NuGet.Build.Tasks.RestoreTask) sırasında yüklendi: NuGet.Frameworks, Version=7.0.2.0, Culture=neutral, PublicKeyToken=31bf3856ad364e35 (konum: C:\Program Files\dotnet\sdk\10.0.103\NuGet.Frameworks.dll, MVID: 1b7b49ca-9945-4cfa-824f-5d73c248e8d6, AssemblyLoadContext: MSBuild plugin C:\Program Files\dotnet\sdk\10.0.103\NuGet.Build.Tasks.dll)
         Derleme TaskRun (NuGet.Build.Tasks.RestoreTask) sırasında yüklendi: NuGet.Protocol, Version=7.0.2.0, Culture=neutral, PublicKeyToken=31bf3856ad364e35 (konum: C:\Program Files\dotnet\sdk\10.0.103\NuGet.Protocol.dll, MVID: f9fea46b-5e46-4ce0-a20f-e4253f7ea121, AssemblyLoadContext: MSBuild plugin C:\Program Files\dotnet\sdk\10.0.103\NuGet.Build.Tasks.dll)
         Derleme TaskRun (NuGet.Build.Tasks.RestoreTask) sırasında yüklendi: NuGet.Credentials, Version=7.0.2.0, Culture=neutral, PublicKeyToken=31bf3856ad364e35 (konum: C:\Program Files\dotnet\sdk\10.0.103\NuGet.Credentials.dll, MVID: 3086496a-ea04-4486-96b4-8a3e90687378, AssemblyLoadContext: MSBuild plugin C:\Program Files\dotnet\sdk\10.0.103\NuGet.Build.Tasks.dll)
         Derleme TaskRun (NuGet.Build.Tasks.RestoreTask) sırasında yüklendi: NuGet.Packaging.resources, Version=7.0.2.0, Culture=tr, PublicKeyToken=31bf3856ad364e35 (konum: C:\Program Files\dotnet\sdk\10.0.103\tr\NuGet.Packaging.resources.dll, MVID: 9835949b-2f34-45bf-bb3d-46617f3b1350, AssemblyLoadContext: MSBuild plugin C:\Program Files\dotnet\sdk\10.0.103\NuGet.Build.Tasks.dll)
         X.509 sertifika zinciri doğrulaması, kod imzalama için .NET tarafından seçilen varsayılan güven deposunu kullanır.
         X.509 sertifika zinciri doğrulaması, zaman damgalama için .NET tarafından seçilen varsayılan güven deposunu kullanır.
         Derleme TaskRun (NuGet.Build.Tasks.RestoreTask) sırasında yüklendi: NuGet.DependencyResolver.Core, Version=7.0.2.0, Culture=neutral, PublicKeyToken=31bf3856ad364e35 (konum: C:\Program Files\dotnet\sdk\10.0.103\NuGet.DependencyResolver.Core.dll, MVID: 8b34e545-21b0-4590-be6b-6b43bfa1968c, AssemblyLoadContext: MSBuild plugin C:\Program Files\dotnet\sdk\10.0.103\NuGet.Build.Tasks.dll)
         Derleme TaskRun (NuGet.Build.Tasks.RestoreTask) sırasında yüklendi: NuGet.Commands.resources, Version=7.0.2.0, Culture=tr, PublicKeyToken=31bf3856ad364e35 (konum: C:\Program Files\dotnet\sdk\10.0.103\tr\NuGet.Commands.resources.dll, MVID: 41353f6b-861f-4420-9fb4-7c322be3b691, AssemblyLoadContext: MSBuild plugin C:\Program Files\dotnet\sdk\10.0.103\NuGet.Build.Tasks.dll)
         24 eşzamanlı iş ile geri yükleme çalıştırılıyor.
         C:\Users\ayhan\OneDrive\Desktop\Canlı OBD2 Araç Telemetri Ekranı\HondaTuner\HondaTuner.csproj adlı proje dosyası okunuyor.
         Derleme TaskRun (NuGet.Build.Tasks.RestoreTask) sırasında yüklendi: Newtonsoft.Json, Version=13.0.0.0, Culture=neutral, PublicKeyToken=30ad4fe6b2a6aeed (konum: C:\Program Files\dotnet\sdk\10.0.103\Newtonsoft.Json.dll, MVID: 7e62198b-eab2-4380-bbac-29171862d1d8, AssemblyLoadContext: MSBuild plugin C:\Program Files\dotnet\sdk\10.0.103\NuGet.Build.Tasks.dll)
         Derleme TaskRun (NuGet.Build.Tasks.RestoreTask) sırasında yüklendi: System.Runtime.Serialization.Primitives, Version=10.0.0.0, Culture=neutral, PublicKeyToken=b03f5f7f11d50a3a (konum: C:\Program Files\dotnet\shared\Microsoft.NETCore.App\10.0.3\System.Runtime.Serialization.Primitives.dll, MVID: 9bc74e02-881b-4bc0-82b9-d2a9156b6d41, AssemblyLoadContext: Default)
         Derleme TaskRun (NuGet.Build.Tasks.RestoreTask) sırasında yüklendi: System.Runtime.Numerics, Version=10.0.0.0, Culture=neutral, PublicKeyToken=b03f5f7f11d50a3a (konum: C:\Program Files\dotnet\shared\Microsoft.NETCore.App\10.0.3\System.Runtime.Numerics.dll, MVID: a1d287c5-84bc-4499-8e90-494a1a3f9350, AssemblyLoadContext: Default)
         Derleme TaskRun (NuGet.Build.Tasks.RestoreTask) sırasında yüklendi: System.Text.Encodings.Web, Version=10.0.0.0, Culture=neutral, PublicKeyToken=cc7b13ffcd2ddd51 (konum: C:\Program Files\dotnet\shared\Microsoft.NETCore.App\10.0.3\System.Text.Encodings.Web.dll, MVID: abb4e65f-0f42-4a32-8c87-f5432ece4212, AssemblyLoadContext: Default)
         Derleme TaskRun (NuGet.Build.Tasks.RestoreTask) sırasında yüklendi: System.Reflection.Emit.Lightweight, Version=10.0.0.0, Culture=neutral, PublicKeyToken=b03f5f7f11d50a3a (konum: C:\Program Files\dotnet\shared\Microsoft.NETCore.App\10.0.3\System.Reflection.Emit.Lightweight.dll, MVID: e4d954ed-5d75-4fe6-a4d9-f4b99d304032, AssemblyLoadContext: Default)
         Derleme TaskRun (NuGet.Build.Tasks.RestoreTask) sırasında yüklendi: System.Reflection.Primitives, Version=10.0.0.0, Culture=neutral, PublicKeyToken=b03f5f7f11d50a3a (konum: C:\Program Files\dotnet\shared\Microsoft.NETCore.App\10.0.3\System.Reflection.Primitives.dll, MVID: 1ad3fb70-2485-42ce-8aab-38b4cb8fa126, AssemblyLoadContext: Default)
         Derleme TaskRun (NuGet.Build.Tasks.RestoreTask) sırasında yüklendi: System.Reflection.Emit.ILGeneration, Version=10.0.0.0, Culture=neutral, PublicKeyToken=b03f5f7f11d50a3a (konum: C:\Program Files\dotnet\shared\Microsoft.NETCore.App\10.0.3\System.Reflection.Emit.ILGeneration.dll, MVID: a06ff280-33aa-4509-8f4c-098c866bb75a, AssemblyLoadContext: Default)
         'HondaTuner' için geri yükleme girişleri değiştirilmedi. Geri yüklemeyi tamamlamak için başka bir eylem gerekli değil.
         Geri yükleme işleniyor...
         Varlıklar dosyası değiştirilmedi. Varlıklar dosyasına yazma işlemi atlanıyor. Yol: C:\Users\ayhan\OneDrive\Desktop\Canlı OBD2 Araç Telemetri Ekranı\HondaTuner\obj\project.assets.json
         İşlemsiz geri yükleme. Önbellek güncelleştirilmeyecek. Yol: C:\Users\ayhan\OneDrive\Desktop\Canlı OBD2 Araç Telemetri Ekranı\HondaTuner\obj\project.nuget.cache
         Derleme TaskRun (NuGet.Build.Tasks.RestoreTask) sırasında yüklendi: NuGet.Common.resources, Version=7.0.2.0, Culture=tr, PublicKeyToken=31bf3856ad364e35 (konum: C:\Program Files\dotnet\sdk\10.0.103\tr\NuGet.Common.resources.dll, MVID: 61476d92-ef77-48e7-944e-4711e6acdb46, AssemblyLoadContext: MSBuild plugin C:\Program Files\dotnet\sdk\10.0.103\NuGet.Build.Tasks.dll)
         C:\Users\ayhan\OneDrive\Desktop\Canlı OBD2 Araç Telemetri Ekranı\HondaTuner\HondaTuner.csproj geri yüklendi (35 ms içinde).
         
         Kullanılan NuGet yapılandırma dosyaları:
             C:\Users\ayhan\AppData\Roaming\NuGet\NuGet.Config
         
         Kullanılan akışlar:
             https://api.nuget.org/v3/index.json
         Geri yükleme için tüm projeler güncel.
       "RestoreTask" görevini yürütme tamamlandı.
     1>"HondaTuner.csproj" projesinde "Restore" hedefini oluşturma tamamlandı.
     1>"C:\Users\ayhan\OneDrive\Desktop\Canlı OBD2 Araç Telemetri Ekranı\HondaTuner\HondaTuner.csproj" Projesini Oluşturma İşlemi Tamamlandı (Restore hedef).
     0>"Microsoft.NET.Sdk" SDK’sı "DefaultSdkResolver" çözümleyicisi tarafından "C:\Program Files\dotnet\sdk\10.0.103\Sdks\Microsoft.NET.Sdk\Sdk" konumuna ve "" sürümüne başarıyla çözümlendi.
       C:\Program Files\dotnet\sdk\10.0.103\Sdks\Microsoft.NET.Sdk\Sdk\Sdk.props(49,11): message : 'C:\Program Files\dotnet\sdk\10.0.103\' değerine sahip 'MSBuildExtensionsPath' özelliği ortamdan genişletildi.
       C:\Program Files\dotnet\sdk\10.0.103\Current\Microsoft.Common.props(60,5): message : Özellik yeniden ataması: $(MSBuildProjectExtensionsPath)="C:\Users\ayhan\OneDrive\Desktop\Canlı OBD2 Araç Telemetri Ekranı\HondaTuner\obj\" (önceki değer: "obj\") konum: C:\Program Files\dotnet\sdk\10.0.103\Current\Microsoft.Common.props (60,5)
       C:\Users\ayhan\OneDrive\Desktop\Canlı OBD2 Araç Telemetri Ekranı\HondaTuner\obj\HondaTuner.csproj.nuget.g.props(7,5): message : 'C:\Users\ayhan' değerine sahip 'USERPROFILE' özelliği ortamdan genişletildi.
       C:\Program Files\dotnet\sdk\10.0.103\Current\Microsoft.Common.props(84,119): message : 'C:\Users\ayhan\AppData\Local\Microsoft\MSBuild' değerine sahip 'MSBuildUserExtensionsPath' özelliği ortamdan genişletildi.
       C:\Program Files\dotnet\sdk\10.0.103\Sdks\Microsoft.NET.Sdk\targets\Microsoft.NET.Sdk.props(90,5): message : Özellik yeniden ataması: $(AssemblySearchPaths)="{CandidateAssemblyFiles};{HintPathFromItem}" (önceki değer: "{CandidateAssemblyFiles}") konum: C:\Program Files\dotnet\sdk\10.0.103\Sdks\Microsoft.NET.Sdk\targets\Microsoft.NET.Sdk.props (90,5)
       C:\Program Files\dotnet\sdk\10.0.103\Sdks\Microsoft.NET.Sdk\targets\Microsoft.NET.Sdk.props(91,5): message : Özellik yeniden ataması: $(AssemblySearchPaths)="{CandidateAssemblyFiles};{HintPathFromItem};{TargetFrameworkDirectory}" (önceki değer: "{CandidateAssemblyFiles};{HintPathFromItem}") konum: C:\Program Files\dotnet\sdk\10.0.103\Sdks\Microsoft.NET.Sdk\targets\Microsoft.NET.Sdk.props (91,5)
       C:\Program Files\dotnet\sdk\10.0.103\Sdks\Microsoft.NET.Sdk\targets\Microsoft.NET.Sdk.props(92,5): message : Özellik yeniden ataması: $(AssemblySearchPaths)="{CandidateAssemblyFiles};{HintPathFromItem};{TargetFrameworkDirectory};{RawFileName}" (önceki değer: "{CandidateAssemblyFiles};{HintPathFromItem};{TargetFrameworkDirectory}") konum: C:\Program Files\dotnet\sdk\10.0.103\Sdks\Microsoft.NET.Sdk\targets\Microsoft.NET.Sdk.props (92,5)
       "DefaultSdkResolver" çözümleyicisi "Microsoft.NET.SDK.WorkloadAutoImportPropsLocator" SDK’sını çözümlemeyi denedi.
       Uyarılar: null
       Hatalar: MSB4276: "C:\Program Files\dotnet\sdk\10.0.103\Sdks\Microsoft.NET.SDK.WorkloadAutoImportPropsLocator\Sdk" dizini olmadığından, varsayılan SDK çözümleyicisi "Microsoft.NET.SDK.WorkloadAutoImportPropsLocator" SDK’sını çözümleyemedi.
       "Microsoft.NET.SDK.WorkloadAutoImportPropsLocator" SDK’sı "Microsoft.DotNet.MSBuildWorkloadSdkResolver" çözümleyicisi tarafından "null" konumuna ve "null" sürümüne başarıyla çözümlendi.
       C:\Users\ayhan\OneDrive\Desktop\Canlı OBD2 Araç Telemetri Ekranı\HondaTuner\HondaTuner.csproj(4,5): message : Özellik yeniden ataması: $(OutputType)="WinExe" (önceki değer: "Library") konum: C:\Users\ayhan\OneDrive\Desktop\Canlı OBD2 Araç Telemetri Ekranı\HondaTuner\HondaTuner.csproj (4,5)
       C:\Program Files\dotnet\sdk\10.0.103\Sdks\Microsoft.NET.Sdk\targets\Microsoft.NET.Sdk.ImportPublishProfile.targets(28,5): message : Özellik yeniden ataması: $(PublishProfileImported)="false" (önceki değer: "true") konum: C:\Program Files\dotnet\sdk\10.0.103\Sdks\Microsoft.NET.Sdk\targets\Microsoft.NET.Sdk.ImportPublishProfile.targets (28,5)
       C:\Program Files\dotnet\sdk\10.0.103\Sdks\Microsoft.NET.Sdk\targets\Microsoft.NET.TargetFrameworkInference.targets(80,5): message : Özellik yeniden ataması: $(TargetPlatformVersion)="0.0" (önceki değer: "0.0.0.0") konum: C:\Program Files\dotnet\sdk\10.0.103\Sdks\Microsoft.NET.Sdk\targets\Microsoft.NET.TargetFrameworkInference.targets (80,5)
       C:\Program Files\dotnet\sdk\10.0.103\Sdks\Microsoft.NET.Sdk\targets\Microsoft.NET.TargetFrameworkInference.targets(81,5): message : Özellik yeniden ataması: $(TargetPlatformVersion)="" (önceki değer: "0.0") konum: C:\Program Files\dotnet\sdk\10.0.103\Sdks\Microsoft.NET.Sdk\targets\Microsoft.NET.TargetFrameworkInference.targets (81,5)
       C:\Program Files\dotnet\sdk\10.0.103\Sdks\Microsoft.NET.Sdk\targets\Microsoft.NET.TargetFrameworkInference.targets(84,5): message : Özellik yeniden ataması: $(TargetPlatformIdentifier)="Windows" (önceki değer: "windows") konum: C:\Program Files\dotnet\sdk\10.0.103\Sdks\Microsoft.NET.Sdk\targets\Microsoft.NET.TargetFrameworkInference.targets (84,5)
       C:\Program Files\dotnet\sdk\10.0.103\Sdks\Microsoft.NET.Sdk\targets\Microsoft.NET.DefaultOutputPaths.targets(127,5): message : Özellik yeniden ataması: $(DefaultItemExcludes)=";bin\Debug\/**;obj\Debug\/**" (önceki değer: ";bin\Debug\/**") konum: C:\Program Files\dotnet\sdk\10.0.103\Sdks\Microsoft.NET.Sdk\targets\Microsoft.NET.DefaultOutputPaths.targets (127,5)
       C:\Program Files\dotnet\sdk\10.0.103\Sdks\Microsoft.NET.Sdk\targets\Microsoft.NET.DefaultOutputPaths.targets(142,5): message : Özellik yeniden ataması: $(OutputPath)="bin\Debug\net6.0-windows\" (önceki değer: "bin\Debug\") konum: C:\Program Files\dotnet\sdk\10.0.103\Sdks\Microsoft.NET.Sdk\targets\Microsoft.NET.DefaultOutputPaths.targets (142,5)
       C:\Program Files\dotnet\sdk\10.0.103\Sdks\Microsoft.NET.Sdk\targets\Microsoft.NET.DefaultOutputPaths.targets(147,5): message : Özellik yeniden ataması: $(IntermediateOutputPath)="obj\Debug\net6.0-windows\" (önceki değer: "obj\Debug\") konum: C:\Program Files\dotnet\sdk\10.0.103\Sdks\Microsoft.NET.Sdk\targets\Microsoft.NET.DefaultOutputPaths.targets (147,5)
       "DefaultSdkResolver" çözümleyicisi "Microsoft.NET.SDK.WorkloadManifestTargetsLocator" SDK’sını çözümlemeyi denedi.
       Uyarılar: null
       Hatalar: MSB4276: "C:\Program Files\dotnet\sdk\10.0.103\Sdks\Microsoft.NET.SDK.WorkloadManifestTargetsLocator\Sdk" dizini olmadığından, varsayılan SDK çözümleyicisi "Microsoft.NET.SDK.WorkloadManifestTargetsLocator" SDK’sını çözümleyemedi.
       "Microsoft.NET.SDK.WorkloadManifestTargetsLocator" SDK’sı "Microsoft.DotNet.MSBuildWorkloadSdkResolver" çözümleyicisi tarafından "C:\Program Files\dotnet\sdk-manifests\10.0.100\microsoft.net.sdk.android\36.1.2" konumuna ve "null" sürümüne başarıyla çözümlendi.
       C:\Program Files\dotnet\sdk\10.0.103\Sdks\Microsoft.NET.Sdk\targets\Microsoft.NET.Sdk.BeforeCommon.targets(371,5): message : Özellik yeniden ataması: $(RoslynTargetsPath)="C:\Program Files\dotnet\sdk\10.0.103\Sdks\Microsoft.NET.Sdk\targets\..\..\..\Roslyn" (önceki değer: "C:\Program Files\dotnet\sdk\10.0.103\Roslyn") konum: C:\Program Files\dotnet\sdk\10.0.103\Sdks\Microsoft.NET.Sdk\targets\Microsoft.NET.Sdk.BeforeCommon.targets (371,5)
       C:\Program Files\dotnet\sdk\10.0.103\Roslyn\Microsoft.Managed.Core.targets(6,5): message : Özellik yeniden ataması: $(_BuildTasksDirectory)="C:\Program Files\dotnet\sdk\10.0.103\Sdks\Microsoft.NET.Sdk\targets\..\..\..\Roslyn\" (önceki değer: "C:\Program Files\dotnet\sdk\10.0.103\Roslyn\") konum: C:\Program Files\dotnet\sdk\10.0.103\Roslyn\Microsoft.Managed.Core.targets (6,5)
       C:\Program Files\dotnet\sdk\10.0.103\Roslyn\Microsoft.CSharp.Core.targets(200,5): message : Özellik yeniden ataması: $(CommandLineArgsForDesignTimeEvaluation)="-langversion:10.0 -define:TRACE" (önceki değer: "-langversion:10.0") konum: C:\Program Files\dotnet\sdk\10.0.103\Roslyn\Microsoft.CSharp.Core.targets (200,5)
       C:\Program Files\dotnet\sdk\10.0.103\Microsoft.Common.CurrentVersion.targets(175,5): message : Özellik yeniden ataması: $(_DebugSymbolsProduced)="true" (önceki değer: "false") konum: C:\Program Files\dotnet\sdk\10.0.103\Microsoft.Common.CurrentVersion.targets (175,5)
       C:\Program Files\dotnet\sdk\10.0.103\Microsoft.Common.CurrentVersion.targets(185,5): message : Özellik yeniden ataması: $(_DocumentationFileProduced)="false" (önceki değer: "true") konum: C:\Program Files\dotnet\sdk\10.0.103\Microsoft.Common.CurrentVersion.targets (185,5)
       C:\Program Files\dotnet\sdk\10.0.103\Microsoft.Common.CurrentVersion.targets(393,5): message : Özellik yeniden ataması: $(MSBuildCopyMarkerName)="HondaTuner.csproj.Up2Date" (önceki değer: "HondaTuner.csproj") konum: C:\Program Files\dotnet\sdk\10.0.103\Microsoft.Common.CurrentVersion.targets (393,5)
       C:\Program Files\dotnet\sdk\10.0.103\Microsoft.Common.CurrentVersion.targets(541,5): message : Özellik yeniden ataması: $(ProcessorArchitecture)="msil" (önceki değer: "") konum: C:\Program Files\dotnet\sdk\10.0.103\Microsoft.Common.CurrentVersion.targets (541,5)
       C:\Program Files\dotnet\sdk\10.0.103\Microsoft.Common.CurrentVersion.targets(580,5): message : Özellik yeniden ataması: $(DelaySign)="" (önceki değer: "false") konum: C:\Program Files\dotnet\sdk\10.0.103\Microsoft.Common.CurrentVersion.targets (580,5)
       C:\Program Files\dotnet\sdk\10.0.103\Microsoft.Common.CurrentVersion.targets(2606,5): message : 'C:\Users\ayhan\AppData\Local' değerine sahip 'LOCALAPPDATA' özelliği ortamdan genişletildi.
       C:\Program Files\dotnet\sdk\10.0.103\Microsoft.Common.CurrentVersion.targets(3934,5): message : Özellik yeniden ataması: $(_SGenGenerateSerializationAssembliesConfig)="Auto" (önceki değer: "") konum: C:\Program Files\dotnet\sdk\10.0.103\Microsoft.Common.CurrentVersion.targets (3934,5)
       C:\Program Files\dotnet\sdk\10.0.103\Microsoft.Common.CurrentVersion.targets(3935,5): message : Özellik yeniden ataması: $(_SGenGenerateSerializationAssembliesConfig)="Off" (önceki değer: "Auto") konum: C:\Program Files\dotnet\sdk\10.0.103\Microsoft.Common.CurrentVersion.targets (3935,5)
       C:\Program Files\dotnet\sdk\10.0.103\Microsoft.Common.CurrentVersion.targets(5146,5): message : Özellik yeniden ataması: $(_TargetsThatPrepareProjectReferences)="
       C:\Program Files\dotnet\sdk\10.0.103\Microsoft.Common.CurrentVersion.targets(5146,5): message :       AssignProjectConfiguration;
       C:\Program Files\dotnet\sdk\10.0.103\Microsoft.Common.CurrentVersion.targets(5146,5): message :       _SplitProjectReferencesByFileExistence
       C:\Program Files\dotnet\sdk\10.0.103\Microsoft.Common.CurrentVersion.targets(5146,5): message :     " (önceki değer: "_SplitProjectReferencesByFileExistence") konum: C:\Program Files\dotnet\sdk\10.0.103\Microsoft.Common.CurrentVersion.targets (5146,5)
       C:\Program Files\dotnet\sdk\10.0.103\Microsoft.Common.CurrentVersion.targets(6959,5): message : 'C:\Program Files\dotnet\sdk\10.0.103' değerine sahip 'MSBuildExtensionsPath32' özelliği ortamdan genişletildi.
       "NuGetInteractive" özelliği genel bir özelliktir ve değiştirilemez.
       C:\Program Files\dotnet\sdk\10.0.103\Sdks\Microsoft.NET.Sdk\targets\Microsoft.PackageDependencyResolution.targets(29,5): message : Özellik yeniden ataması: $(ProjectAssetsCacheFile)="C:\Users\ayhan\OneDrive\Desktop\Canlı OBD2 Araç Telemetri Ekranı\HondaTuner\obj\Debug\net6.0-windows\HondaTuner.assets.cache" (önceki değer: "obj\Debug\net6.0-windows\HondaTuner.assets.cache") konum: C:\Program Files\dotnet\sdk\10.0.103\Sdks\Microsoft.NET.Sdk\targets\Microsoft.PackageDependencyResolution.targets (29,5)
       C:\Program Files\dotnet\sdk\10.0.103\Sdks\Microsoft.NET.Sdk\targets\Microsoft.PackageDependencyResolution.targets(80,5): message : Özellik yeniden ataması: $(ResolveAssemblyReferencesDependsOn)="
       C:\Program Files\dotnet\sdk\10.0.103\Sdks\Microsoft.NET.Sdk\targets\Microsoft.PackageDependencyResolution.targets(80,5): message :       
       C:\Program Files\dotnet\sdk\10.0.103\Sdks\Microsoft.NET.Sdk\targets\Microsoft.PackageDependencyResolution.targets(80,5): message :       ResolveProjectReferences;
       C:\Program Files\dotnet\sdk\10.0.103\Sdks\Microsoft.NET.Sdk\targets\Microsoft.PackageDependencyResolution.targets(80,5): message :       FindInvalidProjectReferences;
       C:\Program Files\dotnet\sdk\10.0.103\Sdks\Microsoft.NET.Sdk\targets\Microsoft.PackageDependencyResolution.targets(80,5): message :       GetFrameworkPaths;
       C:\Program Files\dotnet\sdk\10.0.103\Sdks\Microsoft.NET.Sdk\targets\Microsoft.PackageDependencyResolution.targets(80,5): message :       GetReferenceAssemblyPaths;
       C:\Program Files\dotnet\sdk\10.0.103\Sdks\Microsoft.NET.Sdk\targets\Microsoft.PackageDependencyResolution.targets(80,5): message :       PrepareForBuild;
       C:\Program Files\dotnet\sdk\10.0.103\Sdks\Microsoft.NET.Sdk\targets\Microsoft.PackageDependencyResolution.targets(80,5): message :       ResolveSDKReferences;
       C:\Program Files\dotnet\sdk\10.0.103\Sdks\Microsoft.NET.Sdk\targets\Microsoft.PackageDependencyResolution.targets(80,5): message :       ExpandSDKReferences;
       C:\Program Files\dotnet\sdk\10.0.103\Sdks\Microsoft.NET.Sdk\targets\Microsoft.PackageDependencyResolution.targets(80,5): message :     ;
       C:\Program Files\dotnet\sdk\10.0.103\Sdks\Microsoft.NET.Sdk\targets\Microsoft.PackageDependencyResolution.targets(80,5): message :       ResolvePackageDependenciesForBuild;
       C:\Program Files\dotnet\sdk\10.0.103\Sdks\Microsoft.NET.Sdk\targets\Microsoft.PackageDependencyResolution.targets(80,5): message :       _HandlePackageFileConflicts;
       C:\Program Files\dotnet\sdk\10.0.103\Sdks\Microsoft.NET.Sdk\targets\Microsoft.PackageDependencyResolution.targets(80,5): message :     " (önceki değer: "
       C:\Program Files\dotnet\sdk\10.0.103\Sdks\Microsoft.NET.Sdk\targets\Microsoft.PackageDependencyResolution.targets(80,5): message :       ResolveProjectReferences;
       C:\Program Files\dotnet\sdk\10.0.103\Sdks\Microsoft.NET.Sdk\targets\Microsoft.PackageDependencyResolution.targets(80,5): message :       FindInvalidProjectReferences;
       C:\Program Files\dotnet\sdk\10.0.103\Sdks\Microsoft.NET.Sdk\targets\Microsoft.PackageDependencyResolution.targets(80,5): message :       GetFrameworkPaths;
       C:\Program Files\dotnet\sdk\10.0.103\Sdks\Microsoft.NET.Sdk\targets\Microsoft.PackageDependencyResolution.targets(80,5): message :       GetReferenceAssemblyPaths;
       C:\Program Files\dotnet\sdk\10.0.103\Sdks\Microsoft.NET.Sdk\targets\Microsoft.PackageDependencyResolution.targets(80,5): message :       PrepareForBuild;
       C:\Program Files\dotnet\sdk\10.0.103\Sdks\Microsoft.NET.Sdk\targets\Microsoft.PackageDependencyResolution.targets(80,5): message :       ResolveSDKReferences;
       C:\Program Files\dotnet\sdk\10.0.103\Sdks\Microsoft.NET.Sdk\targets\Microsoft.PackageDependencyResolution.targets(80,5): message :       ExpandSDKReferences;
       C:\Program Files\dotnet\sdk\10.0.103\Sdks\Microsoft.NET.Sdk\targets\Microsoft.PackageDependencyResolution.targets(80,5): message :     ") konum: C:\Program Files\dotnet\sdk\10.0.103\Sdks\Microsoft.NET.Sdk\targets\Microsoft.PackageDependencyResolution.targets (80,5)
       C:\Program Files\dotnet\sdk\10.0.103\Sdks\Microsoft.NET.Sdk\targets\Microsoft.PackageDependencyResolution.targets(86,5): message : Özellik yeniden ataması: $(PrepareResourcesDependsOn)="
       C:\Program Files\dotnet\sdk\10.0.103\Sdks\Microsoft.NET.Sdk\targets\Microsoft.PackageDependencyResolution.targets(86,5): message :       ResolvePackageDependenciesForBuild;
       C:\Program Files\dotnet\sdk\10.0.103\Sdks\Microsoft.NET.Sdk\targets\Microsoft.PackageDependencyResolution.targets(86,5): message :       _HandlePackageFileConflicts;
       C:\Program Files\dotnet\sdk\10.0.103\Sdks\Microsoft.NET.Sdk\targets\Microsoft.PackageDependencyResolution.targets(86,5): message :       
       C:\Program Files\dotnet\sdk\10.0.103\Sdks\Microsoft.NET.Sdk\targets\Microsoft.PackageDependencyResolution.targets(86,5): message :       ;
       C:\Program Files\dotnet\sdk\10.0.103\Sdks\Microsoft.NET.Sdk\targets\Microsoft.PackageDependencyResolution.targets(86,5): message :       PrepareResourceNames;
       C:\Program Files\dotnet\sdk\10.0.103\Sdks\Microsoft.NET.Sdk\targets\Microsoft.PackageDependencyResolution.targets(86,5): message :       ResGen;
       C:\Program Files\dotnet\sdk\10.0.103\Sdks\Microsoft.NET.Sdk\targets\Microsoft.PackageDependencyResolution.targets(86,5): message :       CompileLicxFiles
       C:\Program Files\dotnet\sdk\10.0.103\Sdks\Microsoft.NET.Sdk\targets\Microsoft.PackageDependencyResolution.targets(86,5): message :     
       C:\Program Files\dotnet\sdk\10.0.103\Sdks\Microsoft.NET.Sdk\targets\Microsoft.PackageDependencyResolution.targets(86,5): message :     " (önceki değer: "
       C:\Program Files\dotnet\sdk\10.0.103\Sdks\Microsoft.NET.Sdk\targets\Microsoft.PackageDependencyResolution.targets(86,5): message :       ;
       C:\Program Files\dotnet\sdk\10.0.103\Sdks\Microsoft.NET.Sdk\targets\Microsoft.PackageDependencyResolution.targets(86,5): message :       PrepareResourceNames;
       C:\Program Files\dotnet\sdk\10.0.103\Sdks\Microsoft.NET.Sdk\targets\Microsoft.PackageDependencyResolution.targets(86,5): message :       ResGen;
       C:\Program Files\dotnet\sdk\10.0.103\Sdks\Microsoft.NET.Sdk\targets\Microsoft.PackageDependencyResolution.targets(86,5): message :       CompileLicxFiles
       C:\Program Files\dotnet\sdk\10.0.103\Sdks\Microsoft.NET.Sdk\targets\Microsoft.PackageDependencyResolution.targets(86,5): message :     ") konum: C:\Program Files\dotnet\sdk\10.0.103\Sdks\Microsoft.NET.Sdk\targets\Microsoft.PackageDependencyResolution.targets (86,5)
       C:\Program Files\dotnet\sdk\10.0.103\Sdks\Microsoft.NET.Sdk\targets\Microsoft.NET.Sdk.DefaultItems.targets(35,5): message : Özellik yeniden ataması: $(DefaultItemExcludes)=";bin\Debug\/**;obj\Debug\/**;bin\/**" (önceki değer: ";bin\Debug\/**;obj\Debug\/**") konum: C:\Program Files\dotnet\sdk\10.0.103\Sdks\Microsoft.NET.Sdk\targets\Microsoft.NET.Sdk.DefaultItems.targets (35,5)
       C:\Program Files\dotnet\sdk\10.0.103\Sdks\Microsoft.NET.Sdk\targets\Microsoft.NET.Sdk.DefaultItems.targets(37,5): message : Özellik yeniden ataması: $(DefaultItemExcludes)=";bin\Debug\/**;obj\Debug\/**;bin\/**;obj\/**" (önceki değer: ";bin\Debug\/**;obj\Debug\/**;bin\/**") konum: C:\Program Files\dotnet\sdk\10.0.103\Sdks\Microsoft.NET.Sdk\targets\Microsoft.NET.Sdk.DefaultItems.targets (37,5)
       C:\Program Files\dotnet\sdk\10.0.103\Sdks\Microsoft.NET.Sdk\targets\Microsoft.NET.Sdk.DefaultItems.targets(40,5): message : Özellik yeniden ataması: $(DefaultItemExcludes)=";bin\Debug\/**;obj\Debug\/**;bin\/**;obj\/**;**/*.user" (önceki değer: ";bin\Debug\/**;obj\Debug\/**;bin\/**;obj\/**") konum: C:\Program Files\dotnet\sdk\10.0.103\Sdks\Microsoft.NET.Sdk\targets\Microsoft.NET.Sdk.DefaultItems.targets (40,5)
       C:\Program Files\dotnet\sdk\10.0.103\Sdks\Microsoft.NET.Sdk\targets\Microsoft.NET.Sdk.DefaultItems.targets(41,5): message : Özellik yeniden ataması: $(DefaultItemExcludes)=";bin\Debug\/**;obj\Debug\/**;bin\/**;obj\/**;**/*.user;**/*.*proj" (önceki değer: ";bin\Debug\/**;obj\Debug\/**;bin\/**;obj\/**;**/*.user") konum: C:\Program Files\dotnet\sdk\10.0.103\Sdks\Microsoft.NET.Sdk\targets\Microsoft.NET.Sdk.DefaultItems.targets (41,5)
       C:\Program Files\dotnet\sdk\10.0.103\Sdks\Microsoft.NET.Sdk\targets\Microsoft.NET.Sdk.DefaultItems.targets(42,5): message : Özellik yeniden ataması: $(DefaultItemExcludes)=";bin\Debug\/**;obj\Debug\/**;bin\/**;obj\/**;**/*.user;**/*.*proj;**/*.sln" (önceki değer: ";bin\Debug\/**;obj\Debug\/**;bin\/**;obj\/**;**/*.user;**/*.*proj") konum: C:\Program Files\dotnet\sdk\10.0.103\Sdks\Microsoft.NET.Sdk\targets\Microsoft.NET.Sdk.DefaultItems.targets (42,5)
       C:\Program Files\dotnet\sdk\10.0.103\Sdks\Microsoft.NET.Sdk\targets\Microsoft.NET.Sdk.DefaultItems.targets(43,5): message : Özellik yeniden ataması: $(DefaultItemExcludes)=";bin\Debug\/**;obj\Debug\/**;bin\/**;obj\/**;**/*.user;**/*.*proj;**/*.sln;**/*.slnx" (önceki değer: ";bin\Debug\/**;obj\Debug\/**;bin\/**;obj\/**;**/*.user;**/*.*proj;**/*.sln") konum: C:\Program Files\dotnet\sdk\10.0.103\Sdks\Microsoft.NET.Sdk\targets\Microsoft.NET.Sdk.DefaultItems.targets (43,5)
       C:\Program Files\dotnet\sdk\10.0.103\Sdks\Microsoft.NET.Sdk\targets\Microsoft.NET.Sdk.DefaultItems.targets(44,5): message : Özellik yeniden ataması: $(DefaultItemExcludes)=";bin\Debug\/**;obj\Debug\/**;bin\/**;obj\/**;**/*.user;**/*.*proj;**/*.sln;**/*.slnx;**/*.vssscc" (önceki değer: ";bin\Debug\/**;obj\Debug\/**;bin\/**;obj\/**;**/*.user;**/*.*proj;**/*.sln;**/*.slnx") konum: C:\Program Files\dotnet\sdk\10.0.103\Sdks\Microsoft.NET.Sdk\targets\Microsoft.NET.Sdk.DefaultItems.targets (44,5)
       C:\Program Files\dotnet\sdk\10.0.103\Sdks\Microsoft.NET.Sdk\targets\Microsoft.NET.Sdk.DefaultItems.targets(45,5): message : Özellik yeniden ataması: $(DefaultItemExcludes)=";bin\Debug\/**;obj\Debug\/**;bin\/**;obj\/**;**/*.user;**/*.*proj;**/*.sln;**/*.slnx;**/*.vssscc;**/.DS_Store" (önceki değer: ";bin\Debug\/**;obj\Debug\/**;bin\/**;obj\/**;**/*.user;**/*.*proj;**/*.sln;**/*.slnx;**/*.vssscc") konum: C:\Program Files\dotnet\sdk\10.0.103\Sdks\Microsoft.NET.Sdk\targets\Microsoft.NET.Sdk.DefaultItems.targets (45,5)
       C:\Program Files\dotnet\sdk\10.0.103\Sdks\Microsoft.NET.Sdk\targets\Microsoft.NET.Sdk.FrameworkReferenceResolution.targets(14,5): message : Özellik yeniden ataması: $(ResolveAssemblyReferencesDependsOn)="
       C:\Program Files\dotnet\sdk\10.0.103\Sdks\Microsoft.NET.Sdk\targets\Microsoft.NET.Sdk.FrameworkReferenceResolution.targets(14,5): message :       
       C:\Program Files\dotnet\sdk\10.0.103\Sdks\Microsoft.NET.Sdk\targets\Microsoft.NET.Sdk.FrameworkReferenceResolution.targets(14,5): message :       
       C:\Program Files\dotnet\sdk\10.0.103\Sdks\Microsoft.NET.Sdk\targets\Microsoft.NET.Sdk.FrameworkReferenceResolution.targets(14,5): message :       ResolveProjectReferences;
       C:\Program Files\dotnet\sdk\10.0.103\Sdks\Microsoft.NET.Sdk\targets\Microsoft.NET.Sdk.FrameworkReferenceResolution.targets(14,5): message :       FindInvalidProjectReferences;
       C:\Program Files\dotnet\sdk\10.0.103\Sdks\Microsoft.NET.Sdk\targets\Microsoft.NET.Sdk.FrameworkReferenceResolution.targets(14,5): message :       GetFrameworkPaths;
       C:\Program Files\dotnet\sdk\10.0.103\Sdks\Microsoft.NET.Sdk\targets\Microsoft.NET.Sdk.FrameworkReferenceResolution.targets(14,5): message :       GetReferenceAssemblyPaths;
       C:\Program Files\dotnet\sdk\10.0.103\Sdks\Microsoft.NET.Sdk\targets\Microsoft.NET.Sdk.FrameworkReferenceResolution.targets(14,5): message :       PrepareForBuild;
       C:\Program Files\dotnet\sdk\10.0.103\Sdks\Microsoft.NET.Sdk\targets\Microsoft.NET.Sdk.FrameworkReferenceResolution.targets(14,5): message :       ResolveSDKReferences;
       C:\Program Files\dotnet\sdk\10.0.103\Sdks\Microsoft.NET.Sdk\targets\Microsoft.NET.Sdk.FrameworkReferenceResolution.targets(14,5): message :       ExpandSDKReferences;
       C:\Program Files\dotnet\sdk\10.0.103\Sdks\Microsoft.NET.Sdk\targets\Microsoft.NET.Sdk.FrameworkReferenceResolution.targets(14,5): message :     ;
       C:\Program Files\dotnet\sdk\10.0.103\Sdks\Microsoft.NET.Sdk\targets\Microsoft.NET.Sdk.FrameworkReferenceResolution.targets(14,5): message :       ResolvePackageDependenciesForBuild;
       C:\Program Files\dotnet\sdk\10.0.103\Sdks\Microsoft.NET.Sdk\targets\Microsoft.NET.Sdk.FrameworkReferenceResolution.targets(14,5): message :       _HandlePackageFileConflicts;
       C:\Program Files\dotnet\sdk\10.0.103\Sdks\Microsoft.NET.Sdk\targets\Microsoft.NET.Sdk.FrameworkReferenceResolution.targets(14,5): message :     ;
       C:\Program Files\dotnet\sdk\10.0.103\Sdks\Microsoft.NET.Sdk\targets\Microsoft.NET.Sdk.FrameworkReferenceResolution.targets(14,5): message :       ResolveTargetingPackAssets;
       C:\Program Files\dotnet\sdk\10.0.103\Sdks\Microsoft.NET.Sdk\targets\Microsoft.NET.Sdk.FrameworkReferenceResolution.targets(14,5): message :     " (önceki değer: "
       C:\Program Files\dotnet\sdk\10.0.103\Sdks\Microsoft.NET.Sdk\targets\Microsoft.NET.Sdk.FrameworkReferenceResolution.targets(14,5): message :       
       C:\Program Files\dotnet\sdk\10.0.103\Sdks\Microsoft.NET.Sdk\targets\Microsoft.NET.Sdk.FrameworkReferenceResolution.targets(14,5): message :       ResolveProjectReferences;
       C:\Program Files\dotnet\sdk\10.0.103\Sdks\Microsoft.NET.Sdk\targets\Microsoft.NET.Sdk.FrameworkReferenceResolution.targets(14,5): message :       FindInvalidProjectReferences;
       C:\Program Files\dotnet\sdk\10.0.103\Sdks\Microsoft.NET.Sdk\targets\Microsoft.NET.Sdk.FrameworkReferenceResolution.targets(14,5): message :       GetFrameworkPaths;
       C:\Program Files\dotnet\sdk\10.0.103\Sdks\Microsoft.NET.Sdk\targets\Microsoft.NET.Sdk.FrameworkReferenceResolution.targets(14,5): message :       GetReferenceAssemblyPaths;
       C:\Program Files\dotnet\sdk\10.0.103\Sdks\Microsoft.NET.Sdk\targets\Microsoft.NET.Sdk.FrameworkReferenceResolution.targets(14,5): message :       PrepareForBuild;
       C:\Program Files\dotnet\sdk\10.0.103\Sdks\Microsoft.NET.Sdk\targets\Microsoft.NET.Sdk.FrameworkReferenceResolution.targets(14,5): message :       ResolveSDKReferences;
       C:\Program Files\dotnet\sdk\10.0.103\Sdks\Microsoft.NET.Sdk\targets\Microsoft.NET.Sdk.FrameworkReferenceResolution.targets(14,5): message :       ExpandSDKReferences;
       C:\Program Files\dotnet\sdk\10.0.103\Sdks\Microsoft.NET.Sdk\targets\Microsoft.NET.Sdk.FrameworkReferenceResolution.targets(14,5): message :     ;
       C:\Program Files\dotnet\sdk\10.0.103\Sdks\Microsoft.NET.Sdk\targets\Microsoft.NET.Sdk.FrameworkReferenceResolution.targets(14,5): message :       ResolvePackageDependenciesForBuild;
       C:\Program Files\dotnet\sdk\10.0.103\Sdks\Microsoft.NET.Sdk\targets\Microsoft.NET.Sdk.FrameworkReferenceResolution.targets(14,5): message :       _HandlePackageFileConflicts;
       C:\Program Files\dotnet\sdk\10.0.103\Sdks\Microsoft.NET.Sdk\targets\Microsoft.NET.Sdk.FrameworkReferenceResolution.targets(14,5): message :     ") konum: C:\Program Files\dotnet\sdk\10.0.103\Sdks\Microsoft.NET.Sdk\targets\Microsoft.NET.Sdk.FrameworkReferenceResolution.targets (14,5)
       C:\Program Files\dotnet\sdk\10.0.103\Sdks\Microsoft.NET.Sdk\targets\Microsoft.NET.Sdk.targets(44,5): message : Özellik yeniden ataması: $(_GenerateRuntimeConfigurationPropertyInputsCache)="C:\Users\ayhan\OneDrive\Desktop\Canlı OBD2 Araç Telemetri Ekranı\HondaTuner\obj\Debug\net6.0-windows\HondaTuner.genruntimeconfig.cache" (önceki değer: "obj\Debug\net6.0-windows\HondaTuner.genruntimeconfig.cache") konum: C:\Program Files\dotnet\sdk\10.0.103\Sdks\Microsoft.NET.Sdk\targets\Microsoft.NET.Sdk.targets (44,5)
       C:\Program Files\dotnet\sdk\10.0.103\Sdks\Microsoft.NET.Sdk\targets\Microsoft.NET.Sdk.targets(46,5): message : Özellik yeniden ataması: $(_GeneratePublishDependencyFilePropertyInputsCache)="C:\Users\ayhan\OneDrive\Desktop\Canlı OBD2 Araç Telemetri Ekranı\HondaTuner\obj\Debug\net6.0-windows\HondaTuner.genpublishdeps.cache" (önceki değer: "obj\Debug\net6.0-windows\HondaTuner.genpublishdeps.cache") konum: C:\Program Files\dotnet\sdk\10.0.103\Sdks\Microsoft.NET.Sdk\targets\Microsoft.NET.Sdk.targets (46,5)
       C:\Program Files\dotnet\sdk\10.0.103\Sdks\Microsoft.NET.Sdk\targets\Microsoft.NET.Sdk.targets(48,5): message : Özellik yeniden ataması: $(_GenerateSingleFileBundlePropertyInputsCache)="C:\Users\ayhan\OneDrive\Desktop\Canlı OBD2 Araç Telemetri Ekranı\HondaTuner\obj\Debug\net6.0-windows\HondaTuner.genbundle.cache" (önceki değer: "obj\Debug\net6.0-windows\HondaTuner.genbundle.cache") konum: C:\Program Files\dotnet\sdk\10.0.103\Sdks\Microsoft.NET.Sdk\targets\Microsoft.NET.Sdk.targets (48,5)
       C:\Program Files\dotnet\sdk\10.0.103\Sdks\Microsoft.NET.Sdk\targets\Microsoft.NET.Sdk.targets(81,5): message : Özellik yeniden ataması: $(GenerateRuntimeConfigDevFile)="false" (önceki değer: "true") konum: C:\Program Files\dotnet\sdk\10.0.103\Sdks\Microsoft.NET.Sdk\targets\Microsoft.NET.Sdk.targets (81,5)
       C:\Program Files\dotnet\sdk\10.0.103\Sdks\Microsoft.NET.Sdk\targets\Microsoft.NET.Sdk.targets(98,5): message : Özellik yeniden ataması: $(_DefaultUserProfileRuntimeStorePath)="C:\Users\ayhan" (önceki değer: "") konum: C:\Program Files\dotnet\sdk\10.0.103\Sdks\Microsoft.NET.Sdk\targets\Microsoft.NET.Sdk.targets (98,5)
       C:\Program Files\dotnet\sdk\10.0.103\Sdks\Microsoft.NET.Sdk\targets\Microsoft.NET.Sdk.targets(99,5): message : Özellik yeniden ataması: $(_DefaultUserProfileRuntimeStorePath)="C:\Users\ayhan\.dotnet\store" (önceki değer: "C:\Users\ayhan") konum: C:\Program Files\dotnet\sdk\10.0.103\Sdks\Microsoft.NET.Sdk\targets\Microsoft.NET.Sdk.targets (99,5)
       C:\Program Files\dotnet\sdk\10.0.103\Sdks\Microsoft.NET.Sdk\targets\Microsoft.NET.Sdk.targets(144,5): message : Özellik yeniden ataması: $(AvailablePlatforms)="Any CPU,x86,x64,ARM32" (önceki değer: "Any CPU,x86,x64") konum: C:\Program Files\dotnet\sdk\10.0.103\Sdks\Microsoft.NET.Sdk\targets\Microsoft.NET.Sdk.targets (144,5)
       C:\Program Files\dotnet\sdk\10.0.103\Sdks\Microsoft.NET.Sdk\targets\Microsoft.NET.Sdk.targets(148,5): message : Özellik yeniden ataması: $(AvailablePlatforms)="Any CPU,x86,x64,ARM32,ARM64" (önceki değer: "Any CPU,x86,x64,ARM32") konum: C:\Program Files\dotnet\sdk\10.0.103\Sdks\Microsoft.NET.Sdk\targets\Microsoft.NET.Sdk.targets (148,5)
       C:\Program Files\dotnet\sdk\10.0.103\Sdks\Microsoft.NET.Sdk\targets\Microsoft.NET.Sdk.targets(204,5): message : Özellik yeniden ataması: $(CoreBuildDependsOn)="
       C:\Program Files\dotnet\sdk\10.0.103\Sdks\Microsoft.NET.Sdk\targets\Microsoft.NET.Sdk.targets(204,5): message :       _CheckForBuildWithNoBuild;
       C:\Program Files\dotnet\sdk\10.0.103\Sdks\Microsoft.NET.Sdk\targets\Microsoft.NET.Sdk.targets(204,5): message :       
       C:\Program Files\dotnet\sdk\10.0.103\Sdks\Microsoft.NET.Sdk\targets\Microsoft.NET.Sdk.targets(204,5): message :       BuildOnlySettings;
       C:\Program Files\dotnet\sdk\10.0.103\Sdks\Microsoft.NET.Sdk\targets\Microsoft.NET.Sdk.targets(204,5): message :       PrepareForBuild;
       C:\Program Files\dotnet\sdk\10.0.103\Sdks\Microsoft.NET.Sdk\targets\Microsoft.NET.Sdk.targets(204,5): message :       PreBuildEvent;
       C:\Program Files\dotnet\sdk\10.0.103\Sdks\Microsoft.NET.Sdk\targets\Microsoft.NET.Sdk.targets(204,5): message :       ResolveReferences;
       C:\Program Files\dotnet\sdk\10.0.103\Sdks\Microsoft.NET.Sdk\targets\Microsoft.NET.Sdk.targets(204,5): message :       PrepareResources;
       C:\Program Files\dotnet\sdk\10.0.103\Sdks\Microsoft.NET.Sdk\targets\Microsoft.NET.Sdk.targets(204,5): message :       ResolveKeySource;
       C:\Program Files\dotnet\sdk\10.0.103\Sdks\Microsoft.NET.Sdk\targets\Microsoft.NET.Sdk.targets(204,5): message :       Compile;
       C:\Program Files\dotnet\sdk\10.0.103\Sdks\Microsoft.NET.Sdk\targets\Microsoft.NET.Sdk.targets(204,5): message :       ExportWindowsMDFile;
       C:\Program Files\dotnet\sdk\10.0.103\Sdks\Microsoft.NET.Sdk\targets\Microsoft.NET.Sdk.targets(204,5): message :       UnmanagedUnregistration;
       C:\Program Files\dotnet\sdk\10.0.103\Sdks\Microsoft.NET.Sdk\targets\Microsoft.NET.Sdk.targets(204,5): message :       GenerateSerializationAssemblies;
       C:\Program Files\dotnet\sdk\10.0.103\Sdks\Microsoft.NET.Sdk\targets\Microsoft.NET.Sdk.targets(204,5): message :       CreateSatelliteAssemblies;
       C:\Program Files\dotnet\sdk\10.0.103\Sdks\Microsoft.NET.Sdk\targets\Microsoft.NET.Sdk.targets(204,5): message :       GenerateManifests;
       C:\Program Files\dotnet\sdk\10.0.103\Sdks\Microsoft.NET.Sdk\targets\Microsoft.NET.Sdk.targets(204,5): message :       GetTargetPath;
       C:\Program Files\dotnet\sdk\10.0.103\Sdks\Microsoft.NET.Sdk\targets\Microsoft.NET.Sdk.targets(204,5): message :       PrepareForRun;
       C:\Program Files\dotnet\sdk\10.0.103\Sdks\Microsoft.NET.Sdk\targets\Microsoft.NET.Sdk.targets(204,5): message :       UnmanagedRegistration;
       C:\Program Files\dotnet\sdk\10.0.103\Sdks\Microsoft.NET.Sdk\targets\Microsoft.NET.Sdk.targets(204,5): message :       IncrementalClean;
       C:\Program Files\dotnet\sdk\10.0.103\Sdks\Microsoft.NET.Sdk\targets\Microsoft.NET.Sdk.targets(204,5): message :       PostBuildEvent
       C:\Program Files\dotnet\sdk\10.0.103\Sdks\Microsoft.NET.Sdk\targets\Microsoft.NET.Sdk.targets(204,5): message :     ;
       C:\Program Files\dotnet\sdk\10.0.103\Sdks\Microsoft.NET.Sdk\targets\Microsoft.NET.Sdk.targets(204,5): message :       GenerateBuildDependencyFile;
       C:\Program Files\dotnet\sdk\10.0.103\Sdks\Microsoft.NET.Sdk\targets\Microsoft.NET.Sdk.targets(204,5): message :       GenerateBuildRuntimeConfigurationFiles
       C:\Program Files\dotnet\sdk\10.0.103\Sdks\Microsoft.NET.Sdk\targets\Microsoft.NET.Sdk.targets(204,5): message :     " (önceki değer: "
       C:\Program Files\dotnet\sdk\10.0.103\Sdks\Microsoft.NET.Sdk\targets\Microsoft.NET.Sdk.targets(204,5): message :       BuildOnlySettings;
       C:\Program Files\dotnet\sdk\10.0.103\Sdks\Microsoft.NET.Sdk\targets\Microsoft.NET.Sdk.targets(204,5): message :       PrepareForBuild;
       C:\Program Files\dotnet\sdk\10.0.103\Sdks\Microsoft.NET.Sdk\targets\Microsoft.NET.Sdk.targets(204,5): message :       PreBuildEvent;
       C:\Program Files\dotnet\sdk\10.0.103\Sdks\Microsoft.NET.Sdk\targets\Microsoft.NET.Sdk.targets(204,5): message :       ResolveReferences;
       C:\Program Files\dotnet\sdk\10.0.103\Sdks\Microsoft.NET.Sdk\targets\Microsoft.NET.Sdk.targets(204,5): message :       PrepareResources;
       C:\Program Files\dotnet\sdk\10.0.103\Sdks\Microsoft.NET.Sdk\targets\Microsoft.NET.Sdk.targets(204,5): message :       ResolveKeySource;
       C:\Program Files\dotnet\sdk\10.0.103\Sdks\Microsoft.NET.Sdk\targets\Microsoft.NET.Sdk.targets(204,5): message :       Compile;
       C:\Program Files\dotnet\sdk\10.0.103\Sdks\Microsoft.NET.Sdk\targets\Microsoft.NET.Sdk.targets(204,5): message :       ExportWindowsMDFile;
       C:\Program Files\dotnet\sdk\10.0.103\Sdks\Microsoft.NET.Sdk\targets\Microsoft.NET.Sdk.targets(204,5): message :       UnmanagedUnregistration;
       C:\Program Files\dotnet\sdk\10.0.103\Sdks\Microsoft.NET.Sdk\targets\Microsoft.NET.Sdk.targets(204,5): message :       GenerateSerializationAssemblies;
       C:\Program Files\dotnet\sdk\10.0.103\Sdks\Microsoft.NET.Sdk\targets\Microsoft.NET.Sdk.targets(204,5): message :       CreateSatelliteAssemblies;
       C:\Program Files\dotnet\sdk\10.0.103\Sdks\Microsoft.NET.Sdk\targets\Microsoft.NET.Sdk.targets(204,5): message :       GenerateManifests;
       C:\Program Files\dotnet\sdk\10.0.103\Sdks\Microsoft.NET.Sdk\targets\Microsoft.NET.Sdk.targets(204,5): message :       GetTargetPath;
       C:\Program Files\dotnet\sdk\10.0.103\Sdks\Microsoft.NET.Sdk\targets\Microsoft.NET.Sdk.targets(204,5): message :       PrepareForRun;
       C:\Program Files\dotnet\sdk\10.0.103\Sdks\Microsoft.NET.Sdk\targets\Microsoft.NET.Sdk.targets(204,5): message :       UnmanagedRegistration;
       C:\Program Files\dotnet\sdk\10.0.103\Sdks\Microsoft.NET.Sdk\targets\Microsoft.NET.Sdk.targets(204,5): message :       IncrementalClean;
       C:\Program Files\dotnet\sdk\10.0.103\Sdks\Microsoft.NET.Sdk\targets\Microsoft.NET.Sdk.targets(204,5): message :       PostBuildEvent
       C:\Program Files\dotnet\sdk\10.0.103\Sdks\Microsoft.NET.Sdk\targets\Microsoft.NET.Sdk.targets(204,5): message :     ") konum: C:\Program Files\dotnet\sdk\10.0.103\Sdks\Microsoft.NET.Sdk\targets\Microsoft.NET.Sdk.targets (204,5)
       C:\Program Files\dotnet\sdk\10.0.103\Sdks\Microsoft.NET.Sdk\targets\Microsoft.NET.Sdk.targets(213,5): message : Özellik yeniden ataması: $(CoreCleanDependsOn)="
       C:\Program Files\dotnet\sdk\10.0.103\Sdks\Microsoft.NET.Sdk\targets\Microsoft.NET.Sdk.targets(213,5): message :       _SdkBeforeClean;
       C:\Program Files\dotnet\sdk\10.0.103\Sdks\Microsoft.NET.Sdk\targets\Microsoft.NET.Sdk.targets(213,5): message :       
       C:\Program Files\dotnet\sdk\10.0.103\Sdks\Microsoft.NET.Sdk\targets\Microsoft.NET.Sdk.targets(213,5): message :     " (önceki değer: "") konum: C:\Program Files\dotnet\sdk\10.0.103\Sdks\Microsoft.NET.Sdk\targets\Microsoft.NET.Sdk.targets (213,5)
       C:\Program Files\dotnet\sdk\10.0.103\Sdks\Microsoft.NET.Sdk\targets\Microsoft.NET.Sdk.targets(220,5): message : Özellik yeniden ataması: $(RebuildDependsOn)="
       C:\Program Files\dotnet\sdk\10.0.103\Sdks\Microsoft.NET.Sdk\targets\Microsoft.NET.Sdk.targets(220,5): message :       _SdkBeforeRebuild;
       C:\Program Files\dotnet\sdk\10.0.103\Sdks\Microsoft.NET.Sdk\targets\Microsoft.NET.Sdk.targets(220,5): message :       
       C:\Program Files\dotnet\sdk\10.0.103\Sdks\Microsoft.NET.Sdk\targets\Microsoft.NET.Sdk.targets(220,5): message :       BeforeRebuild;
       C:\Program Files\dotnet\sdk\10.0.103\Sdks\Microsoft.NET.Sdk\targets\Microsoft.NET.Sdk.targets(220,5): message :       Clean;
       C:\Program Files\dotnet\sdk\10.0.103\Sdks\Microsoft.NET.Sdk\targets\Microsoft.NET.Sdk.targets(220,5): message :       Build;
       C:\Program Files\dotnet\sdk\10.0.103\Sdks\Microsoft.NET.Sdk\targets\Microsoft.NET.Sdk.targets(220,5): message :       AfterRebuild;
       C:\Program Files\dotnet\sdk\10.0.103\Sdks\Microsoft.NET.Sdk\targets\Microsoft.NET.Sdk.targets(220,5): message :     
       C:\Program Files\dotnet\sdk\10.0.103\Sdks\Microsoft.NET.Sdk\targets\Microsoft.NET.Sdk.targets(220,5): message :     " (önceki değer: "
       C:\Program Files\dotnet\sdk\10.0.103\Sdks\Microsoft.NET.Sdk\targets\Microsoft.NET.Sdk.targets(220,5): message :       BeforeRebuild;
       C:\Program Files\dotnet\sdk\10.0.103\Sdks\Microsoft.NET.Sdk\targets\Microsoft.NET.Sdk.targets(220,5): message :       Clean;
       C:\Program Files\dotnet\sdk\10.0.103\Sdks\Microsoft.NET.Sdk\targets\Microsoft.NET.Sdk.targets(220,5): message :       Build;
       C:\Program Files\dotnet\sdk\10.0.103\Sdks\Microsoft.NET.Sdk\targets\Microsoft.NET.Sdk.targets(220,5): message :       AfterRebuild;
       C:\Program Files\dotnet\sdk\10.0.103\Sdks\Microsoft.NET.Sdk\targets\Microsoft.NET.Sdk.targets(220,5): message :     ") konum: C:\Program Files\dotnet\sdk\10.0.103\Sdks\Microsoft.NET.Sdk\targets\Microsoft.NET.Sdk.targets (220,5)
       C:\Program Files\dotnet\sdk\10.0.103\Sdks\Microsoft.NET.Sdk\targets\Microsoft.NET.Sdk.targets(799,5): message : Özellik yeniden ataması: $(CompileDependsOn)="
       C:\Program Files\dotnet\sdk\10.0.103\Sdks\Microsoft.NET.Sdk\targets\Microsoft.NET.Sdk.targets(799,5): message :       
       C:\Program Files\dotnet\sdk\10.0.103\Sdks\Microsoft.NET.Sdk\targets\Microsoft.NET.Sdk.targets(799,5): message :       ResolveReferences;
       C:\Program Files\dotnet\sdk\10.0.103\Sdks\Microsoft.NET.Sdk\targets\Microsoft.NET.Sdk.targets(799,5): message :       ResolveKeySource;
       C:\Program Files\dotnet\sdk\10.0.103\Sdks\Microsoft.NET.Sdk\targets\Microsoft.NET.Sdk.targets(799,5): message :       SetWin32ManifestProperties;
       C:\Program Files\dotnet\sdk\10.0.103\Sdks\Microsoft.NET.Sdk\targets\Microsoft.NET.Sdk.targets(799,5): message :       _SetPreferNativeArm64Win32ManifestProperties;
       C:\Program Files\dotnet\sdk\10.0.103\Sdks\Microsoft.NET.Sdk\targets\Microsoft.NET.Sdk.targets(799,5): message :       FindReferenceAssembliesForReferences;
       C:\Program Files\dotnet\sdk\10.0.103\Sdks\Microsoft.NET.Sdk\targets\Microsoft.NET.Sdk.targets(799,5): message :       _GenerateCompileInputs;
       C:\Program Files\dotnet\sdk\10.0.103\Sdks\Microsoft.NET.Sdk\targets\Microsoft.NET.Sdk.targets(799,5): message :       BeforeCompile;
       C:\Program Files\dotnet\sdk\10.0.103\Sdks\Microsoft.NET.Sdk\targets\Microsoft.NET.Sdk.targets(799,5): message :       _TimeStampBeforeCompile;
       C:\Program Files\dotnet\sdk\10.0.103\Sdks\Microsoft.NET.Sdk\targets\Microsoft.NET.Sdk.targets(799,5): message :       _GenerateCompileDependencyCache;
       C:\Program Files\dotnet\sdk\10.0.103\Sdks\Microsoft.NET.Sdk\targets\Microsoft.NET.Sdk.targets(799,5): message :       CoreCompile;
       C:\Program Files\dotnet\sdk\10.0.103\Sdks\Microsoft.NET.Sdk\targets\Microsoft.NET.Sdk.targets(799,5): message :       _TimeStampAfterCompile;
       C:\Program Files\dotnet\sdk\10.0.103\Sdks\Microsoft.NET.Sdk\targets\Microsoft.NET.Sdk.targets(799,5): message :       AfterCompile;
       C:\Program Files\dotnet\sdk\10.0.103\Sdks\Microsoft.NET.Sdk\targets\Microsoft.NET.Sdk.targets(799,5): message :     ;
       C:\Program Files\dotnet\sdk\10.0.103\Sdks\Microsoft.NET.Sdk\targets\Microsoft.NET.Sdk.targets(799,5): message :       _CreateAppHost;
       C:\Program Files\dotnet\sdk\10.0.103\Sdks\Microsoft.NET.Sdk\targets\Microsoft.NET.Sdk.targets(799,5): message :       _CreateComHost;
       C:\Program Files\dotnet\sdk\10.0.103\Sdks\Microsoft.NET.Sdk\targets\Microsoft.NET.Sdk.targets(799,5): message :       _GetIjwHostPaths;
       C:\Program Files\dotnet\sdk\10.0.103\Sdks\Microsoft.NET.Sdk\targets\Microsoft.NET.Sdk.targets(799,5): message :     " (önceki değer: "
       C:\Program Files\dotnet\sdk\10.0.103\Sdks\Microsoft.NET.Sdk\targets\Microsoft.NET.Sdk.targets(799,5): message :       ResolveReferences;
       C:\Program Files\dotnet\sdk\10.0.103\Sdks\Microsoft.NET.Sdk\targets\Microsoft.NET.Sdk.targets(799,5): message :       ResolveKeySource;
       C:\Program Files\dotnet\sdk\10.0.103\Sdks\Microsoft.NET.Sdk\targets\Microsoft.NET.Sdk.targets(799,5): message :       SetWin32ManifestProperties;
       C:\Program Files\dotnet\sdk\10.0.103\Sdks\Microsoft.NET.Sdk\targets\Microsoft.NET.Sdk.targets(799,5): message :       _SetPreferNativeArm64Win32ManifestProperties;
       C:\Program Files\dotnet\sdk\10.0.103\Sdks\Microsoft.NET.Sdk\targets\Microsoft.NET.Sdk.targets(799,5): message :       FindReferenceAssembliesForReferences;
       C:\Program Files\dotnet\sdk\10.0.103\Sdks\Microsoft.NET.Sdk\targets\Microsoft.NET.Sdk.targets(799,5): message :       _GenerateCompileInputs;
       C:\Program Files\dotnet\sdk\10.0.103\Sdks\Microsoft.NET.Sdk\targets\Microsoft.NET.Sdk.targets(799,5): message :       BeforeCompile;
       C:\Program Files\dotnet\sdk\10.0.103\Sdks\Microsoft.NET.Sdk\targets\Microsoft.NET.Sdk.targets(799,5): message :       _TimeStampBeforeCompile;
       C:\Program Files\dotnet\sdk\10.0.103\Sdks\Microsoft.NET.Sdk\targets\Microsoft.NET.Sdk.targets(799,5): message :       _GenerateCompileDependencyCache;
       C:\Program Files\dotnet\sdk\10.0.103\Sdks\Microsoft.NET.Sdk\targets\Microsoft.NET.Sdk.targets(799,5): message :       CoreCompile;
       C:\Program Files\dotnet\sdk\10.0.103\Sdks\Microsoft.NET.Sdk\targets\Microsoft.NET.Sdk.targets(799,5): message :       _TimeStampAfterCompile;
       C:\Program Files\dotnet\sdk\10.0.103\Sdks\Microsoft.NET.Sdk\targets\Microsoft.NET.Sdk.targets(799,5): message :       AfterCompile;
       C:\Program Files\dotnet\sdk\10.0.103\Sdks\Microsoft.NET.Sdk\targets\Microsoft.NET.Sdk.targets(799,5): message :     ") konum: C:\Program Files\dotnet\sdk\10.0.103\Sdks\Microsoft.NET.Sdk\targets\Microsoft.NET.Sdk.targets (799,5)
       C:\Program Files\dotnet\sdk\10.0.103\Sdks\Microsoft.NET.Sdk\targets\Microsoft.NET.Sdk.targets(1131,5): message : Özellik yeniden ataması: $(CreateSatelliteAssembliesDependsOn)="
       C:\Program Files\dotnet\sdk\10.0.103\Sdks\Microsoft.NET.Sdk\targets\Microsoft.NET.Sdk.targets(1131,5): message :       
       C:\Program Files\dotnet\sdk\10.0.103\Sdks\Microsoft.NET.Sdk\targets\Microsoft.NET.Sdk.targets(1131,5): message :       ;
       C:\Program Files\dotnet\sdk\10.0.103\Sdks\Microsoft.NET.Sdk\targets\Microsoft.NET.Sdk.targets(1131,5): message :       _GenerateSatelliteAssemblyInputs;
       C:\Program Files\dotnet\sdk\10.0.103\Sdks\Microsoft.NET.Sdk\targets\Microsoft.NET.Sdk.targets(1131,5): message :       ComputeIntermediateSatelliteAssemblies;
       C:\Program Files\dotnet\sdk\10.0.103\Sdks\Microsoft.NET.Sdk\targets\Microsoft.NET.Sdk.targets(1131,5): message :       GenerateSatelliteAssemblies
       C:\Program Files\dotnet\sdk\10.0.103\Sdks\Microsoft.NET.Sdk\targets\Microsoft.NET.Sdk.targets(1131,5): message :     ;
       C:\Program Files\dotnet\sdk\10.0.103\Sdks\Microsoft.NET.Sdk\targets\Microsoft.NET.Sdk.targets(1131,5): message :       CoreGenerateSatelliteAssemblies
       C:\Program Files\dotnet\sdk\10.0.103\Sdks\Microsoft.NET.Sdk\targets\Microsoft.NET.Sdk.targets(1131,5): message :     " (önceki değer: "
       C:\Program Files\dotnet\sdk\10.0.103\Sdks\Microsoft.NET.Sdk\targets\Microsoft.NET.Sdk.targets(1131,5): message :       ;
       C:\Program Files\dotnet\sdk\10.0.103\Sdks\Microsoft.NET.Sdk\targets\Microsoft.NET.Sdk.targets(1131,5): message :       _GenerateSatelliteAssemblyInputs;
       C:\Program Files\dotnet\sdk\10.0.103\Sdks\Microsoft.NET.Sdk\targets\Microsoft.NET.Sdk.targets(1131,5): message :       ComputeIntermediateSatelliteAssemblies;
       C:\Program Files\dotnet\sdk\10.0.103\Sdks\Microsoft.NET.Sdk\targets\Microsoft.NET.Sdk.targets(1131,5): message :       GenerateSatelliteAssemblies
       C:\Program Files\dotnet\sdk\10.0.103\Sdks\Microsoft.NET.Sdk\targets\Microsoft.NET.Sdk.targets(1131,5): message :     ") konum: C:\Program Files\dotnet\sdk\10.0.103\Sdks\Microsoft.NET.Sdk\targets\Microsoft.NET.Sdk.targets (1131,5)
       C:\Program Files\dotnet\sdk\10.0.103\Sdks\Microsoft.SourceLink.GitLab\build\Microsoft.SourceLink.GitLab.targets(12,5): message : Özellik yeniden ataması: $(SourceLinkUrlInitializerTargets)=";_InitializeGitHubSourceLinkUrl;_InitializeGitLabSourceLinkUrl" (önceki değer: ";_InitializeGitHubSourceLinkUrl") konum: C:\Program Files\dotnet\sdk\10.0.103\Sdks\Microsoft.SourceLink.GitLab\build\Microsoft.SourceLink.GitLab.targets (12,5)
       C:\Program Files\dotnet\sdk\10.0.103\Sdks\Microsoft.SourceLink.GitLab\build\Microsoft.SourceLink.GitLab.targets(13,5): message : Özellik yeniden ataması: $(SourceControlManagerUrlTranslationTargets)=";TranslateGitHubUrlsInSourceControlInformation;TranslateGitLabUrlsInSourceControlInformation" (önceki değer: ";TranslateGitHubUrlsInSourceControlInformation") konum: C:\Program Files\dotnet\sdk\10.0.103\Sdks\Microsoft.SourceLink.GitLab\build\Microsoft.SourceLink.GitLab.targets (13,5)
       C:\Program Files\dotnet\sdk\10.0.103\Sdks\Microsoft.SourceLink.AzureRepos.Git\build\Microsoft.SourceLink.AzureRepos.Git.targets(12,5): message : Özellik yeniden ataması: $(SourceLinkUrlInitializerTargets)=";_InitializeGitHubSourceLinkUrl;_InitializeGitLabSourceLinkUrl;_InitializeAzureReposGitSourceLinkUrl" (önceki değer: ";_InitializeGitHubSourceLinkUrl;_InitializeGitLabSourceLinkUrl") konum: C:\Program Files\dotnet\sdk\10.0.103\Sdks\Microsoft.SourceLink.AzureRepos.Git\build\Microsoft.SourceLink.AzureRepos.Git.targets (12,5)
       C:\Program Files\dotnet\sdk\10.0.103\Sdks\Microsoft.SourceLink.AzureRepos.Git\build\Microsoft.SourceLink.AzureRepos.Git.targets(13,5): message : Özellik yeniden ataması: $(SourceControlManagerUrlTranslationTargets)=";TranslateGitHubUrlsInSourceControlInformation;TranslateGitLabUrlsInSourceControlInformation;TranslateAzureReposGitUrlsInSourceControlInformation" (önceki değer: ";TranslateGitHubUrlsInSourceControlInformation;TranslateGitLabUrlsInSourceControlInformation") konum: C:\Program Files\dotnet\sdk\10.0.103\Sdks\Microsoft.SourceLink.AzureRepos.Git\build\Microsoft.SourceLink.AzureRepos.Git.targets (13,5)
       C:\Program Files\dotnet\sdk\10.0.103\Sdks\Microsoft.SourceLink.Bitbucket.Git\build\Microsoft.SourceLink.Bitbucket.Git.targets(12,5): message : Özellik yeniden ataması: $(SourceLinkUrlInitializerTargets)=";_InitializeGitHubSourceLinkUrl;_InitializeGitLabSourceLinkUrl;_InitializeAzureReposGitSourceLinkUrl;_InitializeBitbucketGitSourceLinkUrl" (önceki değer: ";_InitializeGitHubSourceLinkUrl;_InitializeGitLabSourceLinkUrl;_InitializeAzureReposGitSourceLinkUrl") konum: C:\Program Files\dotnet\sdk\10.0.103\Sdks\Microsoft.SourceLink.Bitbucket.Git\build\Microsoft.SourceLink.Bitbucket.Git.targets (12,5)
       C:\Program Files\dotnet\sdk\10.0.103\Sdks\Microsoft.SourceLink.Bitbucket.Git\build\Microsoft.SourceLink.Bitbucket.Git.targets(13,5): message : Özellik yeniden ataması: $(SourceControlManagerUrlTranslationTargets)=";TranslateGitHubUrlsInSourceControlInformation;TranslateGitLabUrlsInSourceControlInformation;TranslateAzureReposGitUrlsInSourceControlInformation;TranslateBitbucketGitUrlsInSourceControlInformation" (önceki değer: ";TranslateGitHubUrlsInSourceControlInformation;TranslateGitLabUrlsInSourceControlInformation;TranslateAzureReposGitUrlsInSourceControlInformation") konum: C:\Program Files\dotnet\sdk\10.0.103\Sdks\Microsoft.SourceLink.Bitbucket.Git\build\Microsoft.SourceLink.Bitbucket.Git.targets (13,5)
       C:\Program Files\dotnet\sdk\10.0.103\Sdks\Microsoft.NET.Sdk\targets\Microsoft.NET.DesignerSupport.targets(21,5): message : Özellik yeniden ataması: $(DesignerRuntimeImplementationProjectOutputGroupDependsOn)="
       C:\Program Files\dotnet\sdk\10.0.103\Sdks\Microsoft.NET.Sdk\targets\Microsoft.NET.DesignerSupport.targets(21,5): message :       
       C:\Program Files\dotnet\sdk\10.0.103\Sdks\Microsoft.NET.Sdk\targets\Microsoft.NET.DesignerSupport.targets(21,5): message :       ;
       C:\Program Files\dotnet\sdk\10.0.103\Sdks\Microsoft.NET.Sdk\targets\Microsoft.NET.DesignerSupport.targets(21,5): message :       
       C:\Program Files\dotnet\sdk\10.0.103\Sdks\Microsoft.NET.Sdk\targets\Microsoft.NET.DesignerSupport.targets(21,5): message :       ;
       C:\Program Files\dotnet\sdk\10.0.103\Sdks\Microsoft.NET.Sdk\targets\Microsoft.NET.DesignerSupport.targets(21,5): message :       BuildOnlySettings;
       C:\Program Files\dotnet\sdk\10.0.103\Sdks\Microsoft.NET.Sdk\targets\Microsoft.NET.DesignerSupport.targets(21,5): message :       PrepareForBuild;
       C:\Program Files\dotnet\sdk\10.0.103\Sdks\Microsoft.NET.Sdk\targets\Microsoft.NET.DesignerSupport.targets(21,5): message :       AssignTargetPaths;
       C:\Program Files\dotnet\sdk\10.0.103\Sdks\Microsoft.NET.Sdk\targets\Microsoft.NET.DesignerSupport.targets(21,5): message :       ResolveReferences
       C:\Program Files\dotnet\sdk\10.0.103\Sdks\Microsoft.NET.Sdk\targets\Microsoft.NET.DesignerSupport.targets(21,5): message :     
       C:\Program Files\dotnet\sdk\10.0.103\Sdks\Microsoft.NET.Sdk\targets\Microsoft.NET.DesignerSupport.targets(21,5): message :     ;
       C:\Program Files\dotnet\sdk\10.0.103\Sdks\Microsoft.NET.Sdk\targets\Microsoft.NET.DesignerSupport.targets(21,5): message :       _GenerateDesignerDepsFile;
       C:\Program Files\dotnet\sdk\10.0.103\Sdks\Microsoft.NET.Sdk\targets\Microsoft.NET.DesignerSupport.targets(21,5): message :       _GenerateDesignerRuntimeConfigFile;
       C:\Program Files\dotnet\sdk\10.0.103\Sdks\Microsoft.NET.Sdk\targets\Microsoft.NET.DesignerSupport.targets(21,5): message :       GetCopyToOutputDirectoryItems;
       C:\Program Files\dotnet\sdk\10.0.103\Sdks\Microsoft.NET.Sdk\targets\Microsoft.NET.DesignerSupport.targets(21,5): message :       _GatherDesignerShadowCopyFiles;
       C:\Program Files\dotnet\sdk\10.0.103\Sdks\Microsoft.NET.Sdk\targets\Microsoft.NET.DesignerSupport.targets(21,5): message :     " (önceki değer: "
       C:\Program Files\dotnet\sdk\10.0.103\Sdks\Microsoft.NET.Sdk\targets\Microsoft.NET.DesignerSupport.targets(21,5): message :       ;
       C:\Program Files\dotnet\sdk\10.0.103\Sdks\Microsoft.NET.Sdk\targets\Microsoft.NET.DesignerSupport.targets(21,5): message :       
       C:\Program Files\dotnet\sdk\10.0.103\Sdks\Microsoft.NET.Sdk\targets\Microsoft.NET.DesignerSupport.targets(21,5): message :       ;
       C:\Program Files\dotnet\sdk\10.0.103\Sdks\Microsoft.NET.Sdk\targets\Microsoft.NET.DesignerSupport.targets(21,5): message :       BuildOnlySettings;
       C:\Program Files\dotnet\sdk\10.0.103\Sdks\Microsoft.NET.Sdk\targets\Microsoft.NET.DesignerSupport.targets(21,5): message :       PrepareForBuild;
       C:\Program Files\dotnet\sdk\10.0.103\Sdks\Microsoft.NET.Sdk\targets\Microsoft.NET.DesignerSupport.targets(21,5): message :       AssignTargetPaths;
       C:\Program Files\dotnet\sdk\10.0.103\Sdks\Microsoft.NET.Sdk\targets\Microsoft.NET.DesignerSupport.targets(21,5): message :       ResolveReferences
       C:\Program Files\dotnet\sdk\10.0.103\Sdks\Microsoft.NET.Sdk\targets\Microsoft.NET.DesignerSupport.targets(21,5): message :     
       C:\Program Files\dotnet\sdk\10.0.103\Sdks\Microsoft.NET.Sdk\targets\Microsoft.NET.DesignerSupport.targets(21,5): message :     ") konum: C:\Program Files\dotnet\sdk\10.0.103\Sdks\Microsoft.NET.Sdk\targets\Microsoft.NET.DesignerSupport.targets (21,5)
       C:\Program Files\dotnet\sdk\10.0.103\Sdks\Microsoft.NET.Sdk\targets\Microsoft.NET.Sdk.CSharp.targets(31,5): message : Özellik yeniden ataması: $(DefineConstants)="TRACE;DEBUG" (önceki değer: "TRACE") konum: C:\Program Files\dotnet\sdk\10.0.103\Sdks\Microsoft.NET.Sdk\targets\Microsoft.NET.Sdk.CSharp.targets (31,5)
       C:\Program Files\dotnet\sdk\10.0.103\Sdks\Microsoft.NET.Sdk\targets\Microsoft.NET.Windows.targets(49,5): message : Özellik yeniden ataması: $(TargetPlatformVersion)="7.0" (önceki değer: "") konum: C:\Program Files\dotnet\sdk\10.0.103\Sdks\Microsoft.NET.Sdk\targets\Microsoft.NET.Windows.targets (49,5)
       C:\Program Files\dotnet\sdk\10.0.103\Sdks\Microsoft.NET.Sdk\targets\Microsoft.NET.Windows.targets(50,5): message : Özellik yeniden ataması: $(EffectiveTargetPlatformVersion)="7.0" (önceki değer: "") konum: C:\Program Files\dotnet\sdk\10.0.103\Sdks\Microsoft.NET.Sdk\targets\Microsoft.NET.Windows.targets (50,5)
       C:\Program Files\dotnet\sdk\10.0.103\Sdks\Microsoft.NET.Sdk\targets\Microsoft.NET.Windows.targets(60,5): message : Özellik yeniden ataması: $(SupportedOSPlatformVersion)="7.0" (önceki değer: "") konum: C:\Program Files\dotnet\sdk\10.0.103\Sdks\Microsoft.NET.Sdk\targets\Microsoft.NET.Windows.targets (60,5)
       C:\Program Files\dotnet\sdk\10.0.103\Sdks\Microsoft.NET.Sdk\targets\Microsoft.NET.Windows.targets(61,5): message : Özellik yeniden ataması: $(TargetPlatformMinVersion)="7.0" (önceki değer: "") konum: C:\Program Files\dotnet\sdk\10.0.103\Sdks\Microsoft.NET.Sdk\targets\Microsoft.NET.Windows.targets (61,5)
       C:\Program Files\dotnet\sdk\10.0.103\Sdks\Microsoft.NET.Sdk\targets\Microsoft.NET.Windows.targets(239,5): message : Özellik yeniden ataması: $(_RunCsWinRTGeneratorPropertyInputsCachePath)="C:\Users\ayhan\OneDrive\Desktop\Canlı OBD2 Araç Telemetri Ekranı\HondaTuner\obj\Debug\net6.0-windows\HondaTuner.cswinrtgen.cache" (önceki değer: "obj\Debug\net6.0-windows\HondaTuner.cswinrtgen.cache") konum: C:\Program Files\dotnet\sdk\10.0.103\Sdks\Microsoft.NET.Sdk\targets\Microsoft.NET.Windows.targets (239,5)
       C:\Program Files\dotnet\sdk\10.0.103\Sdks\Microsoft.NET.Sdk\targets\Microsoft.NET.Sdk.targets(1497,5): message : Özellik yeniden ataması: $(TargetPlatformDisplayName)="Windows 7.0" (önceki değer: "Windows ") konum: C:\Program Files\dotnet\sdk\10.0.103\Sdks\Microsoft.NET.Sdk\targets\Microsoft.NET.Sdk.targets (1497,5)
       C:\Program Files\dotnet\sdk\10.0.103\Sdks\Microsoft.NET.Sdk.WindowsDesktop\targets\Microsoft.NET.Sdk.WindowsDesktop.targets(51,5): message : Özellik yeniden ataması: $(_TargetFrameworkVersionValue)="6.0" (önceki değer: "0.0") konum: C:\Program Files\dotnet\sdk\10.0.103\Sdks\Microsoft.NET.Sdk.WindowsDesktop\targets\Microsoft.NET.Sdk.WindowsDesktop.targets (51,5)
       C:\Program Files\dotnet\sdk\10.0.103\Sdks\Microsoft.NET.Sdk.WindowsDesktop\targets\Microsoft.WinFX.targets(61,7): message : Özellik yeniden ataması: $(PrepareResourceNamesDependsOn)="
       C:\Program Files\dotnet\sdk\10.0.103\Sdks\Microsoft.NET.Sdk.WindowsDesktop\targets\Microsoft.WinFX.targets(61,7): message :                     AssignWinFXEmbeddedResource;
       C:\Program Files\dotnet\sdk\10.0.103\Sdks\Microsoft.NET.Sdk.WindowsDesktop\targets\Microsoft.WinFX.targets(61,7): message :                     
       C:\Program Files\dotnet\sdk\10.0.103\Sdks\Microsoft.NET.Sdk.WindowsDesktop\targets\Microsoft.WinFX.targets(61,7): message :       AssignTargetPaths;
       C:\Program Files\dotnet\sdk\10.0.103\Sdks\Microsoft.NET.Sdk.WindowsDesktop\targets\Microsoft.WinFX.targets(61,7): message :       SplitResourcesByCulture;
       C:\Program Files\dotnet\sdk\10.0.103\Sdks\Microsoft.NET.Sdk.WindowsDesktop\targets\Microsoft.WinFX.targets(61,7): message :       CreateManifestResourceNames;
       C:\Program Files\dotnet\sdk\10.0.103\Sdks\Microsoft.NET.Sdk.WindowsDesktop\targets\Microsoft.WinFX.targets(61,7): message :       CreateCustomManifestResourceNames
       C:\Program Files\dotnet\sdk\10.0.103\Sdks\Microsoft.NET.Sdk.WindowsDesktop\targets\Microsoft.WinFX.targets(61,7): message :     
       C:\Program Files\dotnet\sdk\10.0.103\Sdks\Microsoft.NET.Sdk.WindowsDesktop\targets\Microsoft.WinFX.targets(61,7): message :       " (önceki değer: "
       C:\Program Files\dotnet\sdk\10.0.103\Sdks\Microsoft.NET.Sdk.WindowsDesktop\targets\Microsoft.WinFX.targets(61,7): message :       AssignTargetPaths;
       C:\Program Files\dotnet\sdk\10.0.103\Sdks\Microsoft.NET.Sdk.WindowsDesktop\targets\Microsoft.WinFX.targets(61,7): message :       SplitResourcesByCulture;
       C:\Program Files\dotnet\sdk\10.0.103\Sdks\Microsoft.NET.Sdk.WindowsDesktop\targets\Microsoft.WinFX.targets(61,7): message :       CreateManifestResourceNames;
       C:\Program Files\dotnet\sdk\10.0.103\Sdks\Microsoft.NET.Sdk.WindowsDesktop\targets\Microsoft.WinFX.targets(61,7): message :       CreateCustomManifestResourceNames
       C:\Program Files\dotnet\sdk\10.0.103\Sdks\Microsoft.NET.Sdk.WindowsDesktop\targets\Microsoft.WinFX.targets(61,7): message :     ") konum: C:\Program Files\dotnet\sdk\10.0.103\Sdks\Microsoft.NET.Sdk.WindowsDesktop\targets\Microsoft.WinFX.targets (61,7)
       C:\Program Files\dotnet\sdk\10.0.103\Sdks\Microsoft.NET.Sdk.WindowsDesktop\targets\Microsoft.WinFX.targets(69,7): message : Özellik yeniden ataması: $(PrepareResourcesDependsOn)="
       C:\Program Files\dotnet\sdk\10.0.103\Sdks\Microsoft.NET.Sdk.WindowsDesktop\targets\Microsoft.WinFX.targets(69,7): message :                 MarkupCompilePass1;
       C:\Program Files\dotnet\sdk\10.0.103\Sdks\Microsoft.NET.Sdk.WindowsDesktop\targets\Microsoft.WinFX.targets(69,7): message :                 AfterMarkupCompilePass1;
       C:\Program Files\dotnet\sdk\10.0.103\Sdks\Microsoft.NET.Sdk.WindowsDesktop\targets\Microsoft.WinFX.targets(69,7): message :                 MarkupCompilePass2ForMainAssembly;
       C:\Program Files\dotnet\sdk\10.0.103\Sdks\Microsoft.NET.Sdk.WindowsDesktop\targets\Microsoft.WinFX.targets(69,7): message :                 FileClassification;
       C:\Program Files\dotnet\sdk\10.0.103\Sdks\Microsoft.NET.Sdk.WindowsDesktop\targets\Microsoft.WinFX.targets(69,7): message :                 MainResourcesGeneration;
       C:\Program Files\dotnet\sdk\10.0.103\Sdks\Microsoft.NET.Sdk.WindowsDesktop\targets\Microsoft.WinFX.targets(69,7): message :                 
       C:\Program Files\dotnet\sdk\10.0.103\Sdks\Microsoft.NET.Sdk.WindowsDesktop\targets\Microsoft.WinFX.targets(69,7): message :       ResolvePackageDependenciesForBuild;
       C:\Program Files\dotnet\sdk\10.0.103\Sdks\Microsoft.NET.Sdk.WindowsDesktop\targets\Microsoft.WinFX.targets(69,7): message :       _HandlePackageFileConflicts;
       C:\Program Files\dotnet\sdk\10.0.103\Sdks\Microsoft.NET.Sdk.WindowsDesktop\targets\Microsoft.WinFX.targets(69,7): message :       
       C:\Program Files\dotnet\sdk\10.0.103\Sdks\Microsoft.NET.Sdk.WindowsDesktop\targets\Microsoft.WinFX.targets(69,7): message :       ;
       C:\Program Files\dotnet\sdk\10.0.103\Sdks\Microsoft.NET.Sdk.WindowsDesktop\targets\Microsoft.WinFX.targets(69,7): message :       PrepareResourceNames;
       C:\Program Files\dotnet\sdk\10.0.103\Sdks\Microsoft.NET.Sdk.WindowsDesktop\targets\Microsoft.WinFX.targets(69,7): message :       ResGen;
       C:\Program Files\dotnet\sdk\10.0.103\Sdks\Microsoft.NET.Sdk.WindowsDesktop\targets\Microsoft.WinFX.targets(69,7): message :       CompileLicxFiles
       C:\Program Files\dotnet\sdk\10.0.103\Sdks\Microsoft.NET.Sdk.WindowsDesktop\targets\Microsoft.WinFX.targets(69,7): message :     
       C:\Program Files\dotnet\sdk\10.0.103\Sdks\Microsoft.NET.Sdk.WindowsDesktop\targets\Microsoft.WinFX.targets(69,7): message :     
       C:\Program Files\dotnet\sdk\10.0.103\Sdks\Microsoft.NET.Sdk.WindowsDesktop\targets\Microsoft.WinFX.targets(69,7): message :       " (önceki değer: "
       C:\Program Files\dotnet\sdk\10.0.103\Sdks\Microsoft.NET.Sdk.WindowsDesktop\targets\Microsoft.WinFX.targets(69,7): message :       ResolvePackageDependenciesForBuild;
       C:\Program Files\dotnet\sdk\10.0.103\Sdks\Microsoft.NET.Sdk.WindowsDesktop\targets\Microsoft.WinFX.targets(69,7): message :       _HandlePackageFileConflicts;
       C:\Program Files\dotnet\sdk\10.0.103\Sdks\Microsoft.NET.Sdk.WindowsDesktop\targets\Microsoft.WinFX.targets(69,7): message :       
       C:\Program Files\dotnet\sdk\10.0.103\Sdks\Microsoft.NET.Sdk.WindowsDesktop\targets\Microsoft.WinFX.targets(69,7): message :       ;
       C:\Program Files\dotnet\sdk\10.0.103\Sdks\Microsoft.NET.Sdk.WindowsDesktop\targets\Microsoft.WinFX.targets(69,7): message :       PrepareResourceNames;
       C:\Program Files\dotnet\sdk\10.0.103\Sdks\Microsoft.NET.Sdk.WindowsDesktop\targets\Microsoft.WinFX.targets(69,7): message :       ResGen;
       C:\Program Files\dotnet\sdk\10.0.103\Sdks\Microsoft.NET.Sdk.WindowsDesktop\targets\Microsoft.WinFX.targets(69,7): message :       CompileLicxFiles
       C:\Program Files\dotnet\sdk\10.0.103\Sdks\Microsoft.NET.Sdk.WindowsDesktop\targets\Microsoft.WinFX.targets(69,7): message :     
       C:\Program Files\dotnet\sdk\10.0.103\Sdks\Microsoft.NET.Sdk.WindowsDesktop\targets\Microsoft.WinFX.targets(69,7): message :     ") konum: C:\Program Files\dotnet\sdk\10.0.103\Sdks\Microsoft.NET.Sdk.WindowsDesktop\targets\Microsoft.WinFX.targets (69,7)
       C:\Program Files\dotnet\sdk\10.0.103\Sdks\Microsoft.NET.Sdk.WindowsDesktop\targets\Microsoft.WinFX.targets(136,5): message : Özellik yeniden ataması: $(CompileDependsOn)="
       C:\Program Files\dotnet\sdk\10.0.103\Sdks\Microsoft.NET.Sdk.WindowsDesktop\targets\Microsoft.WinFX.targets(136,5): message :         
       C:\Program Files\dotnet\sdk\10.0.103\Sdks\Microsoft.NET.Sdk.WindowsDesktop\targets\Microsoft.WinFX.targets(136,5): message :       
       C:\Program Files\dotnet\sdk\10.0.103\Sdks\Microsoft.NET.Sdk.WindowsDesktop\targets\Microsoft.WinFX.targets(136,5): message :       ResolveReferences;
       C:\Program Files\dotnet\sdk\10.0.103\Sdks\Microsoft.NET.Sdk.WindowsDesktop\targets\Microsoft.WinFX.targets(136,5): message :       ResolveKeySource;
       C:\Program Files\dotnet\sdk\10.0.103\Sdks\Microsoft.NET.Sdk.WindowsDesktop\targets\Microsoft.WinFX.targets(136,5): message :       SetWin32ManifestProperties;
       C:\Program Files\dotnet\sdk\10.0.103\Sdks\Microsoft.NET.Sdk.WindowsDesktop\targets\Microsoft.WinFX.targets(136,5): message :       _SetPreferNativeArm64Win32ManifestProperties;
       C:\Program Files\dotnet\sdk\10.0.103\Sdks\Microsoft.NET.Sdk.WindowsDesktop\targets\Microsoft.WinFX.targets(136,5): message :       FindReferenceAssembliesForReferences;
       C:\Program Files\dotnet\sdk\10.0.103\Sdks\Microsoft.NET.Sdk.WindowsDesktop\targets\Microsoft.WinFX.targets(136,5): message :       _GenerateCompileInputs;
       C:\Program Files\dotnet\sdk\10.0.103\Sdks\Microsoft.NET.Sdk.WindowsDesktop\targets\Microsoft.WinFX.targets(136,5): message :       BeforeCompile;
       C:\Program Files\dotnet\sdk\10.0.103\Sdks\Microsoft.NET.Sdk.WindowsDesktop\targets\Microsoft.WinFX.targets(136,5): message :       _TimeStampBeforeCompile;
       C:\Program Files\dotnet\sdk\10.0.103\Sdks\Microsoft.NET.Sdk.WindowsDesktop\targets\Microsoft.WinFX.targets(136,5): message :       _GenerateCompileDependencyCache;
       C:\Program Files\dotnet\sdk\10.0.103\Sdks\Microsoft.NET.Sdk.WindowsDesktop\targets\Microsoft.WinFX.targets(136,5): message :       CoreCompile;
       C:\Program Files\dotnet\sdk\10.0.103\Sdks\Microsoft.NET.Sdk.WindowsDesktop\targets\Microsoft.WinFX.targets(136,5): message :       _TimeStampAfterCompile;
       C:\Program Files\dotnet\sdk\10.0.103\Sdks\Microsoft.NET.Sdk.WindowsDesktop\targets\Microsoft.WinFX.targets(136,5): message :       AfterCompile;
       C:\Program Files\dotnet\sdk\10.0.103\Sdks\Microsoft.NET.Sdk.WindowsDesktop\targets\Microsoft.WinFX.targets(136,5): message :     ;
       C:\Program Files\dotnet\sdk\10.0.103\Sdks\Microsoft.NET.Sdk.WindowsDesktop\targets\Microsoft.WinFX.targets(136,5): message :       _CreateAppHost;
       C:\Program Files\dotnet\sdk\10.0.103\Sdks\Microsoft.NET.Sdk.WindowsDesktop\targets\Microsoft.WinFX.targets(136,5): message :       _CreateComHost;
       C:\Program Files\dotnet\sdk\10.0.103\Sdks\Microsoft.NET.Sdk.WindowsDesktop\targets\Microsoft.WinFX.targets(136,5): message :       _GetIjwHostPaths;
       C:\Program Files\dotnet\sdk\10.0.103\Sdks\Microsoft.NET.Sdk.WindowsDesktop\targets\Microsoft.WinFX.targets(136,5): message :     ;
       C:\Program Files\dotnet\sdk\10.0.103\Sdks\Microsoft.NET.Sdk.WindowsDesktop\targets\Microsoft.WinFX.targets(136,5): message :         _AfterCompileWinFXInternal
       C:\Program Files\dotnet\sdk\10.0.103\Sdks\Microsoft.NET.Sdk.WindowsDesktop\targets\Microsoft.WinFX.targets(136,5): message :     " (önceki değer: "
       C:\Program Files\dotnet\sdk\10.0.103\Sdks\Microsoft.NET.Sdk.WindowsDesktop\targets\Microsoft.WinFX.targets(136,5): message :       
       C:\Program Files\dotnet\sdk\10.0.103\Sdks\Microsoft.NET.Sdk.WindowsDesktop\targets\Microsoft.WinFX.targets(136,5): message :       ResolveReferences;
       C:\Program Files\dotnet\sdk\10.0.103\Sdks\Microsoft.NET.Sdk.WindowsDesktop\targets\Microsoft.WinFX.targets(136,5): message :       ResolveKeySource;
       C:\Program Files\dotnet\sdk\10.0.103\Sdks\Microsoft.NET.Sdk.WindowsDesktop\targets\Microsoft.WinFX.targets(136,5): message :       SetWin32ManifestProperties;
       C:\Program Files\dotnet\sdk\10.0.103\Sdks\Microsoft.NET.Sdk.WindowsDesktop\targets\Microsoft.WinFX.targets(136,5): message :       _SetPreferNativeArm64Win32ManifestProperties;
       C:\Program Files\dotnet\sdk\10.0.103\Sdks\Microsoft.NET.Sdk.WindowsDesktop\targets\Microsoft.WinFX.targets(136,5): message :       FindReferenceAssembliesForReferences;
       C:\Program Files\dotnet\sdk\10.0.103\Sdks\Microsoft.NET.Sdk.WindowsDesktop\targets\Microsoft.WinFX.targets(136,5): message :       _GenerateCompileInputs;
       C:\Program Files\dotnet\sdk\10.0.103\Sdks\Microsoft.NET.Sdk.WindowsDesktop\targets\Microsoft.WinFX.targets(136,5): message :       BeforeCompile;
       C:\Program Files\dotnet\sdk\10.0.103\Sdks\Microsoft.NET.Sdk.WindowsDesktop\targets\Microsoft.WinFX.targets(136,5): message :       _TimeStampBeforeCompile;
       C:\Program Files\dotnet\sdk\10.0.103\Sdks\Microsoft.NET.Sdk.WindowsDesktop\targets\Microsoft.WinFX.targets(136,5): message :       _GenerateCompileDependencyCache;
       C:\Program Files\dotnet\sdk\10.0.103\Sdks\Microsoft.NET.Sdk.WindowsDesktop\targets\Microsoft.WinFX.targets(136,5): message :       CoreCompile;
       C:\Program Files\dotnet\sdk\10.0.103\Sdks\Microsoft.NET.Sdk.WindowsDesktop\targets\Microsoft.WinFX.targets(136,5): message :       _TimeStampAfterCompile;
       C:\Program Files\dotnet\sdk\10.0.103\Sdks\Microsoft.NET.Sdk.WindowsDesktop\targets\Microsoft.WinFX.targets(136,5): message :       AfterCompile;
       C:\Program Files\dotnet\sdk\10.0.103\Sdks\Microsoft.NET.Sdk.WindowsDesktop\targets\Microsoft.WinFX.targets(136,5): message :     ;
       C:\Program Files\dotnet\sdk\10.0.103\Sdks\Microsoft.NET.Sdk.WindowsDesktop\targets\Microsoft.WinFX.targets(136,5): message :       _CreateAppHost;
       C:\Program Files\dotnet\sdk\10.0.103\Sdks\Microsoft.NET.Sdk.WindowsDesktop\targets\Microsoft.WinFX.targets(136,5): message :       _CreateComHost;
       C:\Program Files\dotnet\sdk\10.0.103\Sdks\Microsoft.NET.Sdk.WindowsDesktop\targets\Microsoft.WinFX.targets(136,5): message :       _GetIjwHostPaths;
       C:\Program Files\dotnet\sdk\10.0.103\Sdks\Microsoft.NET.Sdk.WindowsDesktop\targets\Microsoft.WinFX.targets(136,5): message :     ") konum: C:\Program Files\dotnet\sdk\10.0.103\Sdks\Microsoft.NET.Sdk.WindowsDesktop\targets\Microsoft.WinFX.targets (136,5)
       C:\Program Files\dotnet\sdk\10.0.103\Sdks\Microsoft.NET.Sdk.WindowsDesktop\targets\Microsoft.WinFX.targets(803,9): message : Özellik yeniden ataması: $(PublishBuildDependsOn)="
       C:\Program Files\dotnet\sdk\10.0.103\Sdks\Microsoft.NET.Sdk.WindowsDesktop\targets\Microsoft.WinFX.targets(803,9): message :             BuildOnlySettings;
       C:\Program Files\dotnet\sdk\10.0.103\Sdks\Microsoft.NET.Sdk.WindowsDesktop\targets\Microsoft.WinFX.targets(803,9): message :             PrepareForBuild;
       C:\Program Files\dotnet\sdk\10.0.103\Sdks\Microsoft.NET.Sdk.WindowsDesktop\targets\Microsoft.WinFX.targets(803,9): message :             ResolveReferences;
       C:\Program Files\dotnet\sdk\10.0.103\Sdks\Microsoft.NET.Sdk.WindowsDesktop\targets\Microsoft.WinFX.targets(803,9): message :             PrepareResources;
       C:\Program Files\dotnet\sdk\10.0.103\Sdks\Microsoft.NET.Sdk.WindowsDesktop\targets\Microsoft.WinFX.targets(803,9): message :             ResolveKeySource;
       C:\Program Files\dotnet\sdk\10.0.103\Sdks\Microsoft.NET.Sdk.WindowsDesktop\targets\Microsoft.WinFX.targets(803,9): message :             PrepareResourcesForSatelliteAssemblies;
       C:\Program Files\dotnet\sdk\10.0.103\Sdks\Microsoft.NET.Sdk.WindowsDesktop\targets\Microsoft.WinFX.targets(803,9): message :             GenerateSerializationAssemblies;
       C:\Program Files\dotnet\sdk\10.0.103\Sdks\Microsoft.NET.Sdk.WindowsDesktop\targets\Microsoft.WinFX.targets(803,9): message :             CreateSatelliteAssemblies;
       C:\Program Files\dotnet\sdk\10.0.103\Sdks\Microsoft.NET.Sdk.WindowsDesktop\targets\Microsoft.WinFX.targets(803,9): message :         " (önceki değer: "
       C:\Program Files\dotnet\sdk\10.0.103\Sdks\Microsoft.NET.Sdk.WindowsDesktop\targets\Microsoft.WinFX.targets(803,9): message :       BuildOnlySettings;
       C:\Program Files\dotnet\sdk\10.0.103\Sdks\Microsoft.NET.Sdk.WindowsDesktop\targets\Microsoft.WinFX.targets(803,9): message :       PrepareForBuild;
       C:\Program Files\dotnet\sdk\10.0.103\Sdks\Microsoft.NET.Sdk.WindowsDesktop\targets\Microsoft.WinFX.targets(803,9): message :       ResolveReferences;
       C:\Program Files\dotnet\sdk\10.0.103\Sdks\Microsoft.NET.Sdk.WindowsDesktop\targets\Microsoft.WinFX.targets(803,9): message :       PrepareResources;
       C:\Program Files\dotnet\sdk\10.0.103\Sdks\Microsoft.NET.Sdk.WindowsDesktop\targets\Microsoft.WinFX.targets(803,9): message :       ResolveKeySource;
       C:\Program Files\dotnet\sdk\10.0.103\Sdks\Microsoft.NET.Sdk.WindowsDesktop\targets\Microsoft.WinFX.targets(803,9): message :       GenerateSerializationAssemblies;
       C:\Program Files\dotnet\sdk\10.0.103\Sdks\Microsoft.NET.Sdk.WindowsDesktop\targets\Microsoft.WinFX.targets(803,9): message :       CreateSatelliteAssemblies;
       C:\Program Files\dotnet\sdk\10.0.103\Sdks\Microsoft.NET.Sdk.WindowsDesktop\targets\Microsoft.WinFX.targets(803,9): message :     ") konum: C:\Program Files\dotnet\sdk\10.0.103\Sdks\Microsoft.NET.Sdk.WindowsDesktop\targets\Microsoft.WinFX.targets (803,9)
       C:\Program Files\dotnet\sdk\10.0.103\NuGet.Build.Tasks.Pack.targets(34,5): message : Özellik yeniden ataması: $(PackageDescription)="Package Description" (önceki değer: "") konum: C:\Program Files\dotnet\sdk\10.0.103\NuGet.Build.Tasks.Pack.targets (34,5)
       C:\Program Files\dotnet\sdk\10.0.103\NuGet.Build.Tasks.Pack.targets(59,5): message : Özellik yeniden ataması: $(GenerateNuspecDependsOn)="Build;_LoadPackInputItems; _GetTargetFrameworksOutput; _WalkEachTargetPerFramework; _GetPackageFiles; " (önceki değer: "_LoadPackInputItems; _GetTargetFrameworksOutput; _WalkEachTargetPerFramework; _GetPackageFiles; ") konum: C:\Program Files\dotnet\sdk\10.0.103\NuGet.Build.Tasks.Pack.targets (59,5)
       C:\Program Files\dotnet\sdk\10.0.103\Sdks\Microsoft.NET.Sdk\Sdk\Sdk.targets(59,5): message : Özellik yeniden ataması: $(_IsNotSetContainersTargetsDir)="true" (önceki değer: "false") konum: C:\Program Files\dotnet\sdk\10.0.103\Sdks\Microsoft.NET.Sdk\Sdk\Sdk.targets (59,5)
       C:\Program Files\dotnet\sdk\10.0.103\Containers\build\Microsoft.NET.Build.Containers.targets(5,5): message : Özellik yeniden ataması: $(_IsSDKContainerAllowedVersion)="true" (önceki değer: "false") konum: C:\Program Files\dotnet\sdk\10.0.103\Containers\build\Microsoft.NET.Build.Containers.targets (5,5)
       "C:\Program Files\dotnet\sdk\10.0.103\Sdks\Microsoft.NET.Sdk\targets\Microsoft.NET.Sdk.FrameworkReferenceResolution.targets" projesindeki "ResolveFrameworkReferences" hedefi kullanılarak "C:\Program Files\dotnet\sdk\10.0.103\Microsoft.Common.CurrentVersion.targets" projesindeki "ResolveFrameworkReferences" hedefinin üzerine yazılıyor.
       "C:\Program Files\dotnet\sdk\10.0.103\Sdks\Microsoft.NET.Sdk\targets\Microsoft.NET.Sdk.targets" projesindeki "GenerateSupportedTargetFrameworkAlias" hedefi kullanılarak "C:\Program Files\dotnet\sdk\10.0.103\Microsoft.Common.CurrentVersion.targets" projesindeki "GenerateSupportedTargetFrameworkAlias" hedefinin üzerine yazılıyor.
       "C:\Program Files\dotnet\sdk\10.0.103\Sdks\Microsoft.NET.Sdk\targets\Microsoft.NET.DisableStandardFrameworkResolution.targets" projesindeki "GetReferenceAssemblyPaths" hedefi kullanılarak "C:\Program Files\dotnet\sdk\10.0.103\Microsoft.Common.CurrentVersion.targets" projesindeki "GetReferenceAssemblyPaths" hedefinin üzerine yazılıyor.
       "C:\Program Files\dotnet\sdk\10.0.103\Sdks\Microsoft.NET.Sdk\targets\Microsoft.NET.DisableStandardFrameworkResolution.targets" projesindeki "GetFrameworkPaths" hedefi kullanılarak "C:\Program Files\dotnet\sdk\10.0.103\Microsoft.Common.CurrentVersion.targets" projesindeki "GetFrameworkPaths" hedefinin üzerine yazılıyor.
       "C:\Program Files\dotnet\sdk\10.0.103\Sdks\Microsoft.NET.Sdk\targets\Microsoft.NET.DesignerSupport.targets" projesindeki "DesignerRuntimeImplementationProjectOutputGroup" hedefi kullanılarak "C:\Program Files\dotnet\sdk\10.0.103\Microsoft.Common.CurrentVersion.targets" projesindeki "DesignerRuntimeImplementationProjectOutputGroup" hedefinin üzerine yazılıyor.
       "C:\Program Files\dotnet\sdk\10.0.103\Sdks\Microsoft.NET.Sdk\targets\Microsoft.NET.Publish.targets" projesindeki "Publish" hedefi kullanılarak "C:\Program Files\dotnet\sdk\10.0.103\Microsoft.Common.CurrentVersion.targets" projesindeki "Publish" hedefinin üzerine yazılıyor.
       "C:\Program Files\dotnet\sdk\10.0.103\Sdks\Microsoft.NET.Sdk\targets\Microsoft.NET.Publish.targets" projesindeki "ResolveReadyToRunCompilers" hedefi kullanılarak "C:\Program Files\dotnet\sdk\10.0.103\Sdks\Microsoft.NET.Sdk\targets\Microsoft.NET.CrossGen.targets" projesindeki "ResolveReadyToRunCompilers" hedefinin üzerine yazılıyor.
       "C:\Program Files\dotnet\sdk\10.0.103\Sdks\Microsoft.NET.Sdk\targets\Microsoft.NET.Publish.targets" projesindeki "GetCopyToPublishDirectoryItems" hedefi kullanılarak "C:\Program Files\dotnet\sdk\10.0.103\Microsoft.Common.CurrentVersion.targets" projesindeki "GetCopyToPublishDirectoryItems" hedefinin üzerine yazılıyor.
       "C:\Program Files\dotnet\sdk\10.0.103\Sdks\Microsoft.NET.Sdk\targets\Microsoft.NET.Sdk.targets" projesindeki "Run" hedefi kullanılarak "C:\Program Files\dotnet\sdk\10.0.103\Microsoft.Common.CurrentVersion.targets" projesindeki "Run" hedefinin üzerine yazılıyor.
       "C:\Program Files\dotnet\sdk\10.0.103\Sdks\Microsoft.NET.Sdk.WindowsDesktop\targets\Microsoft.WinFX.targets" projesindeki "SatelliteDllsProjectOutputGroup" hedefi kullanılarak "C:\Program Files\dotnet\sdk\10.0.103\Microsoft.Common.CurrentVersion.targets" projesindeki "SatelliteDllsProjectOutputGroup" hedefinin üzerine yazılıyor.
   1:7>1 düğümünde "C:\Users\ayhan\OneDrive\Desktop\Canlı OBD2 Araç Telemetri Ekranı\HondaTuner\HondaTuner.csproj" projesi (varsayılan hedefler).
   1:7>"C:\Users\ayhan\OneDrive\Desktop\Canlı OBD2 Araç Telemetri Ekranı\HondaTuner\HondaTuner.csproj" projesinin "C:\Program Files\dotnet\sdk\10.0.103\Sdks\Microsoft.NET.Sdk\targets\Microsoft.NET.TargetFrameworkInference.targets" dosyasındaki "_CollectTargetFrameworkForTelemetry" hedefi ("_CheckForInvalidConfigurationAndPlatform" hedefi buna bağımlı):
   1:7>"C:\Program Files\dotnet\sdk\10.0.103\Sdks\Microsoft.NET.Sdk\targets\..\tools\net10.0\Microsoft.NET.Build.Tasks.dll" derlemesindeki "AllowEmptyTelemetry" görevi kullanılıyor.
       "AllowEmptyTelemetry" görevi
       "AllowEmptyTelemetry" görevini yürütme tamamlandı.
   1:7>"HondaTuner.csproj" projesinde "_CollectTargetFrameworkForTelemetry" hedefini oluşturma tamamlandı.
   1:7>"C:\Users\ayhan\OneDrive\Desktop\Canlı OBD2 Araç Telemetri Ekranı\HondaTuner\HondaTuner.csproj" projesinin "C:\Program Files\dotnet\sdk\10.0.103\Sdks\Microsoft.NET.Sdk\targets\Microsoft.NET.TargetFrameworkInference.targets" dosyasındaki "_CheckForUnsupportedTargetPlatformIdentifier" hedefi ("_CheckForInvalidConfigurationAndPlatform" hedefi buna bağımlı):
   1:7>"HondaTuner.csproj" projesinde "_CheckForUnsupportedTargetPlatformIdentifier" hedefini oluşturma tamamlandı.
   1:7>"C:\Users\ayhan\OneDrive\Desktop\Canlı OBD2 Araç Telemetri Ekranı\HondaTuner\HondaTuner.csproj" projesinin "C:\Program Files\dotnet\sdk\10.0.103\Sdks\Microsoft.NET.Sdk\targets\Microsoft.NET.TargetFrameworkInference.targets" dosyasındaki "_CheckForUnsupportedNETCoreVersion" hedefi ("_CheckForInvalidConfigurationAndPlatform" hedefi buna bağımlı):
   1:7>"HondaTuner.csproj" projesinde "_CheckForUnsupportedNETCoreVersion" hedefini oluşturma tamamlandı.
   1:7>"C:\Users\ayhan\OneDrive\Desktop\Canlı OBD2 Araç Telemetri Ekranı\HondaTuner\HondaTuner.csproj" projesinin "C:\Program Files\dotnet\sdk\10.0.103\Sdks\Microsoft.NET.Sdk\targets\Microsoft.NET.EolTargetFrameworks.targets" dosyasındaki "_CheckForEolTargetFrameworks" hedefi ("_CheckForInvalidConfigurationAndPlatform" hedefi buna bağımlı):
       "C:\Program Files\dotnet\sdk\10.0.103\Sdks\Microsoft.NET.Sdk\targets\..\tools\net10.0\Microsoft.NET.Build.Tasks.dll" derlemesindeki "NETSdkWarning" görevi kullanılıyor.
       "NETSdkWarning" görevi
   1:7>C:\Program Files\dotnet\sdk\10.0.103\Sdks\Microsoft.NET.Sdk\targets\Microsoft.NET.EolTargetFrameworks.targets(32,5): warning NETSDK1138: 'net6.0-windows' hedef çerçevesi destek kapsamı dışında ve gelecekte güvenlik güncelleştirmeleri almayacak. Lütfen destek ilkesi hakkında daha fazla bilgi için şuraya bakın: https://aka.ms/dotnet-core-support. [C:\Users\ayhan\OneDrive\Desktop\Canlı OBD2 Araç Telemetri Ekranı\HondaTuner\HondaTuner.csproj]
       "NETSdkWarning" görevini yürütme tamamlandı.
   1:7>"HondaTuner.csproj" projesinde "_CheckForEolTargetFrameworks" hedefini oluşturma tamamlandı.
   1:7>"C:\Users\ayhan\OneDrive\Desktop\Canlı OBD2 Araç Telemetri Ekranı\HondaTuner\HondaTuner.csproj" projesinin "C:\Program Files\dotnet\sdk\10.0.103\Sdks\Microsoft.NET.Sdk\targets\Microsoft.NET.TargetFrameworkInference.targets" dosyasındaki "_CheckForUnsupportedCppNETCoreVersion" hedefi ("_CheckForInvalidConfigurationAndPlatform" hedefi buna bağımlı):
   1:7>"HondaTuner.csproj" projesinde "_CheckForUnsupportedCppNETCoreVersion" hedefini oluşturma tamamlandı.
   1:7>"C:\Users\ayhan\OneDrive\Desktop\Canlı OBD2 Araç Telemetri Ekranı\HondaTuner\HondaTuner.csproj" projesinin "C:\Program Files\dotnet\sdk\10.0.103\Sdks\Microsoft.NET.Sdk\targets\Microsoft.NET.TargetFrameworkInference.targets" dosyasındaki "_CheckForSupportedOSPlatformVersionHigherThanTargetPlatformVersion" hedefi ("_CheckForInvalidConfigurationAndPlatform" hedefi buna bağımlı):
   1:7>"HondaTuner.csproj" projesinde "_CheckForSupportedOSPlatformVersionHigherThanTargetPlatformVersion" hedefini oluşturma tamamlandı.
   1:7>"C:\Users\ayhan\OneDrive\Desktop\Canlı OBD2 Araç Telemetri Ekranı\HondaTuner\HondaTuner.csproj" projesinin "C:\Program Files\dotnet\sdk\10.0.103\Sdks\Microsoft.NET.Sdk\targets\Microsoft.NET.TargetFrameworkInference.targets" dosyasındaki "_NormalizeTargetPlatformVersion" hedefi ("_CheckForInvalidTargetPlatformVersion" hedefi buna bağımlı):
   1:7>"HondaTuner.csproj" projesinde "_NormalizeTargetPlatformVersion" hedefini oluşturma tamamlandı.
   1:7>"C:\Users\ayhan\OneDrive\Desktop\Canlı OBD2 Araç Telemetri Ekranı\HondaTuner\HondaTuner.csproj" projesinin "C:\Program Files\dotnet\sdk\10.0.103\Sdks\Microsoft.NET.Sdk\targets\Microsoft.NET.TargetFrameworkInference.targets" dosyasındaki "_CheckForInvalidTargetPlatformVersion" hedefi ("_CheckForInvalidConfigurationAndPlatform" hedefi buna bağımlı):
   1:7>"HondaTuner.csproj" projesinde "_CheckForInvalidTargetPlatformVersion" hedefini oluşturma tamamlandı.
   1:7>"C:\Users\ayhan\OneDrive\Desktop\Canlı OBD2 Araç Telemetri Ekranı\HondaTuner\HondaTuner.csproj" projesinin "C:\Program Files\dotnet\sdk\10.0.103\Sdks\Microsoft.NET.Sdk\targets\Microsoft.NET.DefaultOutputPaths.targets" dosyasındaki "_CheckForUnsupportedArtifactsPath" hedefi ("_CheckForInvalidConfigurationAndPlatform" hedefi buna bağımlı):
   1:7>"HondaTuner.csproj" projesinde "_CheckForUnsupportedArtifactsPath" hedefini oluşturma tamamlandı.
   1:7>"C:\Users\ayhan\OneDrive\Desktop\Canlı OBD2 Araç Telemetri Ekranı\HondaTuner\HondaTuner.csproj" projesinin "C:\Program Files\dotnet\sdk\10.0.103\Sdks\Microsoft.NET.Sdk\targets\Microsoft.NET.RuntimeIdentifierInference.targets" dosyasındaki "_CheckRIDAsserts" hedefi ("_CheckForUnsupportedAppHostUsage" hedefi buna bağımlı):
   1:7>"HondaTuner.csproj" projesinde "_CheckRIDAsserts" hedefini oluşturma tamamlandı.
   1:7>"C:\Users\ayhan\OneDrive\Desktop\Canlı OBD2 Araç Telemetri Ekranı\HondaTuner\HondaTuner.csproj" projesinin "C:\Program Files\dotnet\sdk\10.0.103\Sdks\Microsoft.NET.Sdk\targets\Microsoft.NET.RuntimeIdentifierInference.targets" dosyasındaki "_CheckForUnsupportedAppHostUsage" hedefi ("_CheckForInvalidConfigurationAndPlatform" hedefi buna bağımlı):
   1:7>"HondaTuner.csproj" projesinde "_CheckForUnsupportedAppHostUsage" hedefini oluşturma tamamlandı.
   1:7>"C:\Users\ayhan\OneDrive\Desktop\Canlı OBD2 Araç Telemetri Ekranı\HondaTuner\HondaTuner.csproj" projesinin "C:\Program Files\dotnet\sdk\10.0.103\Sdks\Microsoft.NET.Sdk\targets\Microsoft.NET.RuntimeIdentifierInference.targets" dosyasındaki "_CheckForUnsupportedHostingUsage" hedefi ("_CheckForInvalidConfigurationAndPlatform" hedefi buna bağımlı):
   1:7>"HondaTuner.csproj" projesinde "_CheckForUnsupportedHostingUsage" hedefini oluşturma tamamlandı.
   1:7>"C:\Users\ayhan\OneDrive\Desktop\Canlı OBD2 Araç Telemetri Ekranı\HondaTuner\HondaTuner.csproj" projesinin "C:\Program Files\dotnet\sdk\10.0.103\Sdks\Microsoft.NET.Sdk\targets\Microsoft.NET.RuntimeIdentifierInference.targets" dosyasındaki "_CheckForLanguageAndFeatureCombinationSupport" hedefi ("_CheckForInvalidConfigurationAndPlatform" hedefi buna bağımlı):
   1:7>"HondaTuner.csproj" projesinde "_CheckForLanguageAndFeatureCombinationSupport" hedefini oluşturma tamamlandı.
   1:7>"C:\Users\ayhan\OneDrive\Desktop\Canlı OBD2 Araç Telemetri Ekranı\HondaTuner\HondaTuner.csproj" projesinin "C:\Program Files\dotnet\sdk\10.0.103\Sdks\Microsoft.NET.Sdk\targets\Microsoft.NET.Sdk.DefaultItems.Shared.targets" dosyasındaki "UpdateAspNetToFrameworkReference" hedefi ("ApplyImplicitVersions" hedefi buna bağımlı):
       "C:\Program Files\dotnet\sdk\10.0.103\Sdks\Microsoft.NET.Sdk\targets\..\tools\net10.0\Microsoft.NET.Build.Tasks.dll" derlemesindeki "CheckIfPackageReferenceShouldBeFrameworkReference" görevi kullanılıyor.
       "CheckIfPackageReferenceShouldBeFrameworkReference" görevi
       "CheckIfPackageReferenceShouldBeFrameworkReference" görevini yürütme tamamlandı.
       "CheckIfPackageReferenceShouldBeFrameworkReference" görevi
       "CheckIfPackageReferenceShouldBeFrameworkReference" görevini yürütme tamamlandı.
   1:7>"HondaTuner.csproj" projesinde "UpdateAspNetToFrameworkReference" hedefini oluşturma tamamlandı.
   1:7>"C:\Users\ayhan\OneDrive\Desktop\Canlı OBD2 Araç Telemetri Ekranı\HondaTuner\HondaTuner.csproj" projesinin "C:\Program Files\dotnet\sdk\10.0.103\Sdks\Microsoft.NET.Sdk\targets\Microsoft.NET.Sdk.DefaultItems.Shared.targets" dosyasındaki "CheckForImplicitPackageReferenceOverrides" hedefi ("ApplyImplicitVersions" hedefi buna bağımlı):
       "C:\Program Files\dotnet\sdk\10.0.103\Sdks\Microsoft.NET.Sdk\targets\..\tools\net10.0\Microsoft.NET.Build.Tasks.dll" derlemesindeki "CheckForImplicitPackageReferenceOverrides" görevi kullanılıyor.
       "CheckForImplicitPackageReferenceOverrides" görevi
       "CheckForImplicitPackageReferenceOverrides" görevini yürütme tamamlandı.
   1:7>"HondaTuner.csproj" projesinde "CheckForImplicitPackageReferenceOverrides" hedefini oluşturma tamamlandı.
   1:7>"C:\Users\ayhan\OneDrive\Desktop\Canlı OBD2 Araç Telemetri Ekranı\HondaTuner\HondaTuner.csproj" projesinin "C:\Program Files\dotnet\sdk\10.0.103\Sdks\Microsoft.NET.Sdk\targets\Microsoft.NET.Sdk.DefaultItems.Shared.targets" dosyasındaki "ApplyImplicitVersions" hedefi ("CollectPackageReferences" hedefi buna bağımlı):
       "C:\Program Files\dotnet\sdk\10.0.103\Sdks\Microsoft.NET.Sdk\targets\..\tools\net10.0\Microsoft.NET.Build.Tasks.dll" derlemesindeki "ApplyImplicitVersions" görevi kullanılıyor.
       "ApplyImplicitVersions" görevi
       "ApplyImplicitVersions" görevini yürütme tamamlandı.
   1:7>"HondaTuner.csproj" projesinde "ApplyImplicitVersions" hedefini oluşturma tamamlandı.
       "CheckForImplicitPackageReferenceOverrides" hedefi atlandı. Önceden başarılı bir şekilde derlenmişti.
   1:7>"C:\Users\ayhan\OneDrive\Desktop\Canlı OBD2 Araç Telemetri Ekranı\HondaTuner\HondaTuner.csproj" projesinin "C:\Program Files\dotnet\sdk\10.0.103\Sdks\Microsoft.NET.Sdk\targets\Microsoft.NET.Sdk.FrameworkReferenceResolution.targets" dosyasındaki "AddWindowsSdkKnownFrameworkReferences" hedefi ("ProcessFrameworkReferences" hedefi buna bağımlı):
       "C:\Program Files\dotnet\sdk\10.0.103\Sdks\Microsoft.NET.Sdk\targets\..\tools\net10.0\Microsoft.NET.Build.Tasks.dll" derlemesindeki "CreateWindowsSdkKnownFrameworkReferences" görevi kullanılıyor.
       "CreateWindowsSdkKnownFrameworkReferences" görevi
       "CreateWindowsSdkKnownFrameworkReferences" görevini yürütme tamamlandı.
   1:7>"HondaTuner.csproj" projesinde "AddWindowsSdkKnownFrameworkReferences" hedefini oluşturma tamamlandı.
   1:7>"C:\Users\ayhan\OneDrive\Desktop\Canlı OBD2 Araç Telemetri Ekranı\HondaTuner\HondaTuner.csproj" projesinin "C:\Program Files\dotnet\sdk\10.0.103\Sdks\Microsoft.NET.Sdk\targets\Microsoft.NET.Publish.targets" dosyasındaki "_ComputeToolPackInputsToProcessFrameworkReferences" hedefi ("ProcessFrameworkReferences" hedefi buna bağımlı):
   1:7>"HondaTuner.csproj" projesinde "_ComputeToolPackInputsToProcessFrameworkReferences" hedefini oluşturma tamamlandı.
   1:7>"C:\Users\ayhan\OneDrive\Desktop\Canlı OBD2 Araç Telemetri Ekranı\HondaTuner\HondaTuner.csproj" projesinin "C:\Program Files\dotnet\sdk\10.0.103\Sdks\Microsoft.NET.Sdk\targets\Microsoft.NET.Sdk.FrameworkReferenceResolution.targets" dosyasındaki "ProcessFrameworkReferences" hedefi ("CollectPackageReferences" hedefi buna bağımlı):
       "C:\Program Files\dotnet\sdk\10.0.103\Sdks\Microsoft.NET.Sdk\targets\..\tools\net10.0\Microsoft.NET.Build.Tasks.dll" derlemesindeki "CheckForDuplicateFrameworkReferences" görevi kullanılıyor.
       "CheckForDuplicateFrameworkReferences" görevi
       "CheckForDuplicateFrameworkReferences" görevini yürütme tamamlandı.
       "C:\Program Files\dotnet\sdk\10.0.103\Sdks\Microsoft.NET.Sdk\targets\..\tools\net10.0\Microsoft.NET.Build.Tasks.dll" derlemesindeki "ProcessFrameworkReferences" görevi kullanılıyor.
       "ProcessFrameworkReferences" görevi
         Found 2 known framework references for target framework .NETCoreApp
         Found 4 known runtime packs for target framework .NETCoreApp
         Selected Microsoft.NETCore.App with RIDs 'linux-arm;linux-arm64;linux-musl-arm64;linux-musl-x64;linux-x64;osx-x64;tizen.4.0.0-armel;tizen.5.0.0-armel;win-arm;win-arm64;win-x64;win-x86;linux-musl-arm;osx-arm64;linux-s390x;linux-loongarch64'
         Selected targeting pack 'Microsoft.NETCore.App@6.0.36'
         Added runtime framework 'Microsoft.NETCore.App@6.0.0'
         Selected Microsoft.WindowsDesktop.App with RIDs 'win-x64;win-x86;win-arm64'
         Selected targeting pack 'Microsoft.WindowsDesktop.App@6.0.36'
         Added runtime framework 'Microsoft.WindowsDesktop.App@6.0.0'
         Selected Microsoft.WindowsDesktop.App with RIDs 'win-x64;win-x86;win-arm64'
         Selected targeting pack 'Microsoft.WindowsDesktop.App.WPF@6.0.36'
         Added runtime framework 'Microsoft.WindowsDesktop.App@6.0.0'
         Selected Microsoft.WindowsDesktop.App with RIDs 'win-x64;win-x86;win-arm64'
         Selected targeting pack 'Microsoft.WindowsDesktop.App.WindowsForms@6.0.36'
         Added runtime framework 'Microsoft.WindowsDesktop.App@6.0.0'
         Selected Microsoft.AspNetCore.App with RIDs 'win-x64;win-x86;win-arm;osx-x64;linux-musl-x64;linux-musl-arm64;linux-x64;linux-arm;linux-arm64;linux-musl-arm;win-arm64;osx-arm64;linux-s390x;linux-loongarch64'
         Selected targeting pack 'Microsoft.AspNetCore.App@6.0.36'
         Added runtime framework 'Microsoft.AspNetCore.App@6.0.0'
       "ProcessFrameworkReferences" görevini yürütme tamamlandı.
       "C:\Program Files\dotnet\sdk\10.0.103\Sdks\Microsoft.NET.Sdk\targets\..\tools\net10.0\Microsoft.NET.Build.Tasks.dll" derlemesindeki "ResolveAppHosts" görevi kullanılıyor.
       "ResolveAppHosts" görevi
       "ResolveAppHosts" görevini yürütme tamamlandı.
   1:7>"HondaTuner.csproj" projesinde "ProcessFrameworkReferences" hedefini oluşturma tamamlandı.
   1:7>"C:\Users\ayhan\OneDrive\Desktop\Canlı OBD2 Araç Telemetri Ekranı\HondaTuner\HondaTuner.csproj" projesinin "C:\Program Files\dotnet\sdk\10.0.103\Sdks\Microsoft.NET.Sdk\targets\Microsoft.NET.ObsoleteReferences.targets" dosyasındaki "_CheckForObsoleteDotNetCliToolReferences" hedefi ("CollectPackageReferences" hedefi buna bağımlı):
   1:7>"HondaTuner.csproj" projesinde "_CheckForObsoleteDotNetCliToolReferences" hedefini oluşturma tamamlandı.
   1:7>"C:\Users\ayhan\OneDrive\Desktop\Canlı OBD2 Araç Telemetri Ekranı\HondaTuner\HondaTuner.csproj" projesinin "C:\Program Files\dotnet\sdk\10.0.103\NuGet.targets" dosyasındaki "CollectPackageReferences" hedefi ("_GetRestoreProjectStyle" hedefi buna bağımlı):
       "C:\Program Files\dotnet\sdk\10.0.103\NuGet.Build.Tasks.dll" derlemesindeki "CheckForDuplicateNuGetItemsTask" görevi kullanılıyor.
       "CheckForDuplicateNuGetItemsTask" görevi
       "CheckForDuplicateNuGetItemsTask" görevini yürütme tamamlandı.
   1:7>"HondaTuner.csproj" projesinde "CollectPackageReferences" hedefini oluşturma tamamlandı.
   1:7>"C:\Users\ayhan\OneDrive\Desktop\Canlı OBD2 Araç Telemetri Ekranı\HondaTuner\HondaTuner.csproj" projesinin "C:\Program Files\dotnet\sdk\10.0.103\NuGet.targets" dosyasındaki "_GetRestoreProjectStyle" hedefi ("EnableIntermediateOutputPathMismatchWarning" hedefi buna bağımlı):
       "C:\Program Files\dotnet\sdk\10.0.103\NuGet.Build.Tasks.dll" derlemesindeki "GetRestoreProjectStyleTask" görevi kullanılıyor.
       "GetRestoreProjectStyleTask" görevi
       "GetRestoreProjectStyleTask" görevini yürütme tamamlandı.
   1:7>"HondaTuner.csproj" projesinde "_GetRestoreProjectStyle" hedefini oluşturma tamamlandı.
   1:7>"C:\Users\ayhan\OneDrive\Desktop\Canlı OBD2 Araç Telemetri Ekranı\HondaTuner\HondaTuner.csproj" projesinin "C:\Program Files\dotnet\sdk\10.0.103\NuGet.targets" dosyasındaki "EnableIntermediateOutputPathMismatchWarning" hedefi ("_CheckForInvalidConfigurationAndPlatform" hedefi buna bağımlı):
   1:7>"HondaTuner.csproj" projesinde "EnableIntermediateOutputPathMismatchWarning" hedefini oluşturma tamamlandı.
       "ApplyImplicitVersions" hedefi atlandı. Önceden başarılı bir şekilde derlenmişti.
       "CheckForImplicitPackageReferenceOverrides" hedefi atlandı. Önceden başarılı bir şekilde derlenmişti.
   1:7>"C:\Users\ayhan\OneDrive\Desktop\Canlı OBD2 Araç Telemetri Ekranı\HondaTuner\HondaTuner.csproj" projesinin "C:\Program Files\dotnet\sdk\10.0.103\Sdks\Microsoft.NET.Sdk\targets\Microsoft.NET.Sdk.DefaultItems.Shared.targets" dosyasındaki "CheckForDuplicateItems" hedefi ("_CheckForInvalidConfigurationAndPlatform" hedefi buna bağımlı):
       "C:\Program Files\dotnet\sdk\10.0.103\Sdks\Microsoft.NET.Sdk\targets\..\tools\net10.0\Microsoft.NET.Build.Tasks.dll" derlemesindeki "CheckForDuplicateItems" görevi kullanılıyor.
       "CheckForDuplicateItems" görevi
       "CheckForDuplicateItems" görevini yürütme tamamlandı.
       "CheckForDuplicateItems" görevi
       "CheckForDuplicateItems" görevini yürütme tamamlandı.
       "CheckForDuplicateItems" görevi
       "CheckForDuplicateItems" görevini yürütme tamamlandı.
   1:7>"HondaTuner.csproj" projesinde "CheckForDuplicateItems" hedefini oluşturma tamamlandı.
   1:7>"C:\Users\ayhan\OneDrive\Desktop\Canlı OBD2 Araç Telemetri Ekranı\HondaTuner\HondaTuner.csproj" projesinin "C:\Program Files\dotnet\sdk\10.0.103\Sdks\Microsoft.NET.Sdk\targets\Microsoft.NET.Sdk.DefaultItems.targets" dosyasındaki "_CheckForInvalidWindowsDesktopTargetingConfiguration" hedefi ("_CheckForInvalidConfigurationAndPlatform" hedefi buna bağımlı):
   1:7>"HondaTuner.csproj" projesinde "_CheckForInvalidWindowsDesktopTargetingConfiguration" hedefini oluşturma tamamlandı.
       "ProcessFrameworkReferences" hedefi atlandı. Önceden başarılı bir şekilde derlenmişti.
   1:7>"C:\Users\ayhan\OneDrive\Desktop\Canlı OBD2 Araç Telemetri Ekranı\HondaTuner\HondaTuner.csproj" projesinin "C:\Program Files\dotnet\sdk\10.0.103\Sdks\Microsoft.NET.Sdk.WindowsDesktop\targets\Microsoft.NET.Sdk.WindowsDesktop.targets" dosyasındaki "_WindowsDesktopFrameworkRequiresUseWpfOrUseWindowsForms" hedefi ("_CheckForInvalidConfigurationAndPlatform" hedefi buna bağımlı):
   1:7>"HondaTuner.csproj" projesinde "_WindowsDesktopFrameworkRequiresUseWpfOrUseWindowsForms" hedefini oluşturma tamamlandı.
   1:7>"C:\Users\ayhan\OneDrive\Desktop\Canlı OBD2 Araç Telemetri Ekranı\HondaTuner\HondaTuner.csproj" projesinin "C:\Program Files\dotnet\sdk\10.0.103\Microsoft.Common.CurrentVersion.targets" dosyasındaki "_CheckForInvalidConfigurationAndPlatform" hedefi ("BeforeBuild" hedefi buna bağımlı):
       "Message" görevi
         Configuration=Debug
       "Message" görevini yürütme tamamlandı.
       "Message" görevi
         Platform=AnyCPU
       "Message" görevini yürütme tamamlandı.
   1:7>"HondaTuner.csproj" projesinde "_CheckForInvalidConfigurationAndPlatform" hedefini oluşturma tamamlandı.
   1:7>"C:\Users\ayhan\OneDrive\Desktop\Canlı OBD2 Araç Telemetri Ekranı\HondaTuner\HondaTuner.csproj" projesinin "C:\Program Files\dotnet\sdk\10.0.103\Sdks\Microsoft.NET.Sdk\targets\Microsoft.NET.Sdk.targets" dosyasındaki "ValidateCommandLineProperties" hedefi ("BeforeBuild" hedefi buna bağımlı):
   1:7>"HondaTuner.csproj" projesinde "ValidateCommandLineProperties" hedefini oluşturma tamamlandı.
   1:7>"C:\Users\ayhan\OneDrive\Desktop\Canlı OBD2 Araç Telemetri Ekranı\HondaTuner\HondaTuner.csproj" projesinin "C:\Program Files\dotnet\sdk\10.0.103\Microsoft.Common.CurrentVersion.targets" dosyasındaki "BeforeBuild" hedefi ("Build" hedefi buna bağımlı):
   1:7>"HondaTuner.csproj" projesinde "BeforeBuild" hedefini oluşturma tamamlandı.
   1:7>"C:\Users\ayhan\OneDrive\Desktop\Canlı OBD2 Araç Telemetri Ekranı\HondaTuner\HondaTuner.csproj" projesinin "C:\Program Files\dotnet\sdk\10.0.103\Microsoft.Common.CurrentVersion.targets" dosyasındaki "BuildOnlySettings" hedefi ("CoreBuild" hedefi buna bağımlı):
       C:\Program Files\dotnet\sdk\10.0.103\Microsoft.Common.CurrentVersion.targets(1168,7): message : Özellik yeniden ataması: $(BuildingProject)="true" (önceki değer: "false") konum: C:\Program Files\dotnet\sdk\10.0.103\Microsoft.Common.CurrentVersion.targets (1168,7) [C:\Users\ayhan\OneDrive\Desktop\Canlı OBD2 Araç Telemetri Ekranı\HondaTuner\HondaTuner.csproj]
   1:7>"HondaTuner.csproj" projesinde "BuildOnlySettings" hedefini oluşturma tamamlandı.
   1:7>"C:\Users\ayhan\OneDrive\Desktop\Canlı OBD2 Araç Telemetri Ekranı\HondaTuner\HondaTuner.csproj" projesinin "C:\Program Files\dotnet\sdk\10.0.103\Sdks\Microsoft.NET.Sdk\targets\Microsoft.NET.DisableStandardFrameworkResolution.targets" dosyasındaki "GetFrameworkPaths" hedefi ("PrepareForBuild" hedefi buna bağımlı):
   1:7>"HondaTuner.csproj" projesinde "GetFrameworkPaths" hedefini oluşturma tamamlandı.
   1:7>"C:\Users\ayhan\OneDrive\Desktop\Canlı OBD2 Araç Telemetri Ekranı\HondaTuner\HondaTuner.csproj" projesinin "C:\Program Files\dotnet\sdk\10.0.103\Sdks\Microsoft.NET.Sdk\targets\Microsoft.NET.DisableStandardFrameworkResolution.targets" dosyasındaki "GetReferenceAssemblyPaths" hedefi ("PrepareForBuild" hedefi buna bağımlı):
   1:7>"HondaTuner.csproj" projesinde "GetReferenceAssemblyPaths" hedefini oluşturma tamamlandı.
   1:7>"C:\Users\ayhan\OneDrive\Desktop\Canlı OBD2 Araç Telemetri Ekranı\HondaTuner\HondaTuner.csproj" projesinin "C:\Program Files\dotnet\sdk\10.0.103\Microsoft.Common.CurrentVersion.targets" dosyasındaki "PrepareForBuild" hedefi ("CoreBuild" hedefi buna bağımlı):
       "Microsoft.Build.Tasks.Core, Version=15.1.0.0, Culture=neutral, PublicKeyToken=b03f5f7f11d50a3a" derlemesindeki "FindAppConfigFile" görevi kullanılıyor.
       "FindAppConfigFile" görevi
       "FindAppConfigFile" görevini yürütme tamamlandı.
       "Microsoft.Build.Tasks.Core, Version=15.1.0.0, Culture=neutral, PublicKeyToken=b03f5f7f11d50a3a" derlemesindeki "MakeDir" görevi kullanılıyor.
       "MakeDir" görevi
       "MakeDir" görevini yürütme tamamlandı.
   1:7>"HondaTuner.csproj" projesinde "PrepareForBuild" hedefini oluşturma tamamlandı.
   1:7>"C:\Users\ayhan\OneDrive\Desktop\Canlı OBD2 Araç Telemetri Ekranı\HondaTuner\HondaTuner.csproj" projesinin "C:\Program Files\dotnet\sdk\10.0.103\Sdks\Microsoft.NET.Sdk\targets\Microsoft.NET.Sdk.BeforeCommon.targets" dosyasındaki "GenerateTargetFrameworkDefineConstants" hedefi ("AddImplicitDefineConstants" hedefi buna bağımlı):
   1:7>"HondaTuner.csproj" projesinde "GenerateTargetFrameworkDefineConstants" hedefini oluşturma tamamlandı.
   1:7>"C:\Users\ayhan\OneDrive\Desktop\Canlı OBD2 Araç Telemetri Ekranı\HondaTuner\HondaTuner.csproj" projesinin "C:\Program Files\dotnet\sdk\10.0.103\Sdks\Microsoft.NET.Sdk\targets\Microsoft.NET.Sdk.BeforeCommon.targets" dosyasındaki "GenerateTargetPlatformDefineConstants" hedefi ("AddImplicitDefineConstants" hedefi buna bağımlı):
   1:7>"HondaTuner.csproj" projesinde "GenerateTargetPlatformDefineConstants" hedefini oluşturma tamamlandı.
   1:7>"C:\Users\ayhan\OneDrive\Desktop\Canlı OBD2 Araç Telemetri Ekranı\HondaTuner\HondaTuner.csproj" projesinin "C:\Program Files\dotnet\sdk\10.0.103\Sdks\Microsoft.NET.Sdk\targets\Microsoft.NET.Sdk.BeforeCommon.targets" dosyasındaki "GenerateNETCompatibleDefineConstants" hedefi ("AddImplicitDefineConstants" hedefi buna bağımlı):
   1:7>"HondaTuner.csproj" projesinde "GenerateNETCompatibleDefineConstants" hedefini oluşturma tamamlandı.
   1:7>"C:\Users\ayhan\OneDrive\Desktop\Canlı OBD2 Araç Telemetri Ekranı\HondaTuner\HondaTuner.csproj" projesinin "C:\Program Files\dotnet\sdk\10.0.103\Sdks\Microsoft.NET.Sdk\targets\Microsoft.NET.Sdk.BeforeCommon.targets" dosyasındaki "GeneratePlatformCompatibleDefineConstants" hedefi ("AddImplicitDefineConstants" hedefi buna bağımlı):
   1:7>"HondaTuner.csproj" projesinde "GeneratePlatformCompatibleDefineConstants" hedefini oluşturma tamamlandı.
   1:7>"C:\Users\ayhan\OneDrive\Desktop\Canlı OBD2 Araç Telemetri Ekranı\HondaTuner\HondaTuner.csproj" projesinin "C:\Program Files\dotnet\sdk\10.0.103\Sdks\Microsoft.NET.Sdk\targets\Microsoft.NET.Sdk.BeforeCommon.targets" dosyasındaki "AddImplicitDefineConstants" hedefi ("CoreBuild" hedefi buna bağımlı):
       C:\Program Files\dotnet\sdk\10.0.103\Sdks\Microsoft.NET.Sdk\targets\Microsoft.NET.Sdk.BeforeCommon.targets(295,7): message : Özellik yeniden ataması: $(DefineConstants)="TRACE;DEBUG;NET;NET6_0;NETCOREAPP;WINDOWS;WINDOWS7_0;NET5_0_OR_GREATER;NET6_0_OR_GREATER;NETCOREAPP3_0_OR_GREATER;NETCOREAPP3_1_OR_GREATER;WİNDOWS7_0_OR_GREATER" (önceki değer: "TRACE;DEBUG") konum: C:\Program Files\dotnet\sdk\10.0.103\Sdks\Microsoft.NET.Sdk\targets\Microsoft.NET.Sdk.BeforeCommon.targets (295,7) [C:\Users\ayhan\OneDrive\Desktop\Canlı OBD2 Araç Telemetri Ekranı\HondaTuner\HondaTuner.csproj]
   1:7>"HondaTuner.csproj" projesinde "AddImplicitDefineConstants" hedefini oluşturma tamamlandı.
   1:7>"C:\Users\ayhan\OneDrive\Desktop\Canlı OBD2 Araç Telemetri Ekranı\HondaTuner\HondaTuner.csproj" projesinin "C:\Program Files\dotnet\sdk\10.0.103\Microsoft.Common.CurrentVersion.targets" dosyasındaki "BeforeResolveReferences" hedefi ("ResolveReferences" hedefi buna bağımlı):
   1:7>"HondaTuner.csproj" projesinde "BeforeResolveReferences" hedefini oluşturma tamamlandı.
   1:7>"C:\Users\ayhan\OneDrive\Desktop\Canlı OBD2 Araç Telemetri Ekranı\HondaTuner\HondaTuner.csproj" projesinin "C:\Program Files\dotnet\sdk\10.0.103\Microsoft.Common.CurrentVersion.targets" dosyasındaki "IgnoreJavaScriptOutputAssembly" hedefi ("AssignProjectConfiguration" hedefi buna bağımlı):
   1:7>"HondaTuner.csproj" projesinde "IgnoreJavaScriptOutputAssembly" hedefini oluşturma tamamlandı.
       "ProcessFrameworkReferences" hedefi atlandı. Önceden başarılı bir şekilde derlenmişti.
   1:7>"C:\Users\ayhan\OneDrive\Desktop\Canlı OBD2 Araç Telemetri Ekranı\HondaTuner\HondaTuner.csproj" projesinin "C:\Program Files\dotnet\sdk\10.0.103\Sdks\Microsoft.NET.Sdk\targets\Microsoft.NET.Sdk.Shared.targets" dosyasındaki "_DefaultMicrosoftNETPlatformLibrary" hedefi ("ResolvePackageAssets" hedefi buna bağımlı):
   1:7>"HondaTuner.csproj" projesinde "_DefaultMicrosoftNETPlatformLibrary" hedefini oluşturma tamamlandı.
   1:7>"C:\Users\ayhan\OneDrive\Desktop\Canlı OBD2 Araç Telemetri Ekranı\HondaTuner\HondaTuner.csproj" projesinin "C:\Program Files\dotnet\sdk\10.0.103\Sdks\Microsoft.NET.Sdk\targets\Microsoft.NET.Sdk.Shared.targets" dosyasındaki "_ComputePackageReferencePublish" hedefi ("ResolvePackageAssets" hedefi buna bağımlı):
   1:7>"HondaTuner.csproj" projesinde "_ComputePackageReferencePublish" hedefini oluşturma tamamlandı.
   1:7>"C:\Users\ayhan\OneDrive\Desktop\Canlı OBD2 Araç Telemetri Ekranı\HondaTuner\HondaTuner.csproj" projesinin "C:\Program Files\dotnet\sdk\10.0.103\Sdks\Microsoft.NET.Sdk\targets\Microsoft.PackageDependencyResolution.targets" dosyasındaki "ResolvePackageAssets" hedefi ("ResolveLockFileReferences" hedefi buna bağımlı):
       "C:\Program Files\dotnet\sdk\10.0.103\Sdks\Microsoft.NET.Sdk\targets\..\tools\net10.0\Microsoft.NET.Build.Tasks.dll" derlemesindeki "ResolvePackageAssets" görevi kullanılıyor.
       "ResolvePackageAssets" görevi
       "ResolvePackageAssets" görevini yürütme tamamlandı.
   1:7>"HondaTuner.csproj" projesinde "ResolvePackageAssets" hedefini oluşturma tamamlandı.
   1:7>"C:\Users\ayhan\OneDrive\Desktop\Canlı OBD2 Araç Telemetri Ekranı\HondaTuner\HondaTuner.csproj" projesinin "C:\Program Files\dotnet\sdk\10.0.103\Sdks\Microsoft.NET.Sdk\targets\Microsoft.PackageDependencyResolution.targets" dosyasındaki "ResolveLockFileReferences" hedefi ("ResolvePackageDependenciesForBuild" hedefi buna bağımlı):
       "C:\Program Files\dotnet\sdk\10.0.103\Sdks\Microsoft.NET.Sdk\targets\..\tools\net10.0\Microsoft.NET.Build.Tasks.dll" derlemesindeki "JoinItems" görevi kullanılıyor.
       "JoinItems" görevi
       "JoinItems" görevini yürütme tamamlandı.
   1:7>"HondaTuner.csproj" projesinde "ResolveLockFileReferences" hedefini oluşturma tamamlandı.
       "ResolvePackageAssets" hedefi atlandı. Önceden başarılı bir şekilde derlenmişti.
   1:7>"C:\Users\ayhan\OneDrive\Desktop\Canlı OBD2 Araç Telemetri Ekranı\HondaTuner\HondaTuner.csproj" projesinin "C:\Program Files\dotnet\sdk\10.0.103\Sdks\Microsoft.NET.Sdk\targets\Microsoft.PackageDependencyResolution.targets" dosyasındaki "ResolveLockFileAnalyzers" hedefi ("ResolvePackageDependenciesForBuild" hedefi buna bağımlı):
   1:7>"HondaTuner.csproj" projesinde "ResolveLockFileAnalyzers" hedefini oluşturma tamamlandı.
       "ResolvePackageAssets" hedefi atlandı. Önceden başarılı bir şekilde derlenmişti.
   1:7>"C:\Users\ayhan\OneDrive\Desktop\Canlı OBD2 Araç Telemetri Ekranı\HondaTuner\HondaTuner.csproj" projesinin "C:\Program Files\dotnet\sdk\10.0.103\Sdks\Microsoft.NET.Sdk\targets\Microsoft.PackageDependencyResolution.targets" dosyasındaki "ResolveLockFileCopyLocalFiles" hedefi ("ResolvePackageDependenciesForBuild" hedefi buna bağımlı):
   1:7>"HondaTuner.csproj" projesinde "ResolveLockFileCopyLocalFiles" hedefini oluşturma tamamlandı.
       "ResolvePackageAssets" hedefi atlandı. Önceden başarılı bir şekilde derlenmişti.
   1:7>"C:\Users\ayhan\OneDrive\Desktop\Canlı OBD2 Araç Telemetri Ekranı\HondaTuner\HondaTuner.csproj" projesinin "C:\Program Files\dotnet\sdk\10.0.103\Sdks\Microsoft.NET.Sdk\targets\Microsoft.PackageDependencyResolution.targets" dosyasındaki "IncludeTransitiveProjectReferences" hedefi ("ResolvePackageDependenciesForBuild" hedefi buna bağımlı):
   1:7>"HondaTuner.csproj" projesinde "IncludeTransitiveProjectReferences" hedefini oluşturma tamamlandı.
   1:7>"C:\Users\ayhan\OneDrive\Desktop\Canlı OBD2 Araç Telemetri Ekranı\HondaTuner\HondaTuner.csproj" projesinin "C:\Program Files\dotnet\sdk\10.0.103\Sdks\Microsoft.NET.Sdk\targets\Microsoft.PackageDependencyResolution.targets" dosyasındaki "ResolvePackageDependenciesForBuild" hedefi ("AssignProjectConfiguration" hedefi buna bağımlı):
   1:7>"HondaTuner.csproj" projesinde "ResolvePackageDependenciesForBuild" hedefini oluşturma tamamlandı.
   1:7>"C:\Users\ayhan\OneDrive\Desktop\Canlı OBD2 Araç Telemetri Ekranı\HondaTuner\HondaTuner.csproj" projesinin "C:\Program Files\dotnet\sdk\10.0.103\Microsoft.Common.CurrentVersion.targets" dosyasındaki "_SplitProjectReferencesByFileExistence" hedefi ("PrepareProjectReferences" hedefi buna bağımlı):
   1:7>"HondaTuner.csproj" projesinde "_SplitProjectReferencesByFileExistence" hedefini oluşturma tamamlandı.
   1:7>"C:\Users\ayhan\OneDrive\Desktop\Canlı OBD2 Araç Telemetri Ekranı\HondaTuner\HondaTuner.csproj" projesinin "C:\Program Files\dotnet\sdk\10.0.103\Microsoft.Common.CurrentVersion.targets" dosyasındaki "_AddOutputPathToGlobalPropertiesToRemove" hedefi ("_GetProjectReferenceTargetFrameworkProperties" hedefi buna bağımlı):
   1:7>"HondaTuner.csproj" projesinde "_AddOutputPathToGlobalPropertiesToRemove" hedefini oluşturma tamamlandı.
   1:7>"C:\Users\ayhan\OneDrive\Desktop\Canlı OBD2 Araç Telemetri Ekranı\HondaTuner\HondaTuner.csproj" projesinin "C:\Program Files\dotnet\sdk\10.0.103\Microsoft.Common.CurrentVersion.targets" dosyasındaki "_GetProjectReferenceTargetFrameworkProperties" hedefi ("PrepareProjectReferences" hedefi buna bağımlı):
       "MSBuild" görevi
       "MSBuild" görevini yürütme tamamlandı.
       "Microsoft.Build.Tasks.Core, Version=15.1.0.0, Culture=neutral, PublicKeyToken=b03f5f7f11d50a3a" derlemesindeki "SetRidAgnosticValueForProjects" görevi kullanılıyor.
       "SetRidAgnosticValueForProjects" görevi
       "SetRidAgnosticValueForProjects" görevini yürütme tamamlandı.
   1:7>"HondaTuner.csproj" projesinde "_GetProjectReferenceTargetFrameworkProperties" hedefini oluşturma tamamlandı.
   1:7>"C:\Users\ayhan\OneDrive\Desktop\Canlı OBD2 Araç Telemetri Ekranı\HondaTuner\HondaTuner.csproj" projesinin "C:\Program Files\dotnet\sdk\10.0.103\Sdks\Microsoft.NET.Sdk\targets\Microsoft.NET.Sdk.targets" dosyasındaki "_CalculateIsVSTestTestProject" hedefi ("ValidateExecutableReferences" hedefi buna bağımlı):
   1:7>"HondaTuner.csproj" projesinde "_CalculateIsVSTestTestProject" hedefini oluşturma tamamlandı.
   1:7>"C:\Users\ayhan\OneDrive\Desktop\Canlı OBD2 Araç Telemetri Ekranı\HondaTuner\HondaTuner.csproj" projesinin "C:\Program Files\dotnet\sdk\10.0.103\Sdks\Microsoft.NET.Sdk\targets\Microsoft.NET.Sdk.targets" dosyasındaki "ValidateExecutableReferences" hedefi ("PrepareProjectReferences" hedefi buna bağımlı):
       "C:\Program Files\dotnet\sdk\10.0.103\Sdks\Microsoft.NET.Sdk\targets\..\tools\net10.0\Microsoft.NET.Build.Tasks.dll" derlemesindeki "ValidateExecutableReferences" görevi kullanılıyor.
       "ValidateExecutableReferences" görevi
       "ValidateExecutableReferences" görevini yürütme tamamlandı.
   1:7>"HondaTuner.csproj" projesinde "ValidateExecutableReferences" hedefini oluşturma tamamlandı.
   1:7>"C:\Users\ayhan\OneDrive\Desktop\Canlı OBD2 Araç Telemetri Ekranı\HondaTuner\HondaTuner.csproj" projesinin "C:\Program Files\dotnet\sdk\10.0.103\Microsoft.Common.CurrentVersion.targets" dosyasındaki "PrepareProjectReferences" hedefi ("ResolveProjectReferences" hedefi buna bağımlı):
   1:7>"HondaTuner.csproj" projesinde "PrepareProjectReferences" hedefini oluşturma tamamlandı.
   1:7>"C:\Users\ayhan\OneDrive\Desktop\Canlı OBD2 Araç Telemetri Ekranı\HondaTuner\HondaTuner.csproj" projesinin "C:\Program Files\dotnet\sdk\10.0.103\Microsoft.Common.CurrentVersion.targets" dosyasındaki "ResolveProjectReferences" hedefi ("ResolveReferences" hedefi buna bağımlı):
   1:7>"HondaTuner.csproj" projesinde "ResolveProjectReferences" hedefini oluşturma tamamlandı.
   1:7>"C:\Users\ayhan\OneDrive\Desktop\Canlı OBD2 Araç Telemetri Ekranı\HondaTuner\HondaTuner.csproj" projesinin "C:\Program Files\dotnet\sdk\10.0.103\Sdks\Microsoft.NET.Sdk\targets\Microsoft.NET.Windows.targets" dosyasındaki "RemoveManagedWinRTComponentWinMDReferences" hedefi ("ResolveReferences" hedefi buna bağımlı):
   1:7>"HondaTuner.csproj" projesinde "RemoveManagedWinRTComponentWinMDReferences" hedefini oluşturma tamamlandı.
       "ResolveProjectReferences" hedefi atlandı. Önceden başarılı bir şekilde derlenmişti.
       "GetFrameworkPaths" hedefi atlandı. Önceden başarılı bir şekilde derlenmişti.
       "GetReferenceAssemblyPaths" hedefi atlandı. Önceden başarılı bir şekilde derlenmişti.
       "PrepareForBuild" hedefi atlandı. Önceden başarılı bir şekilde derlenmişti.
   1:7>"C:\Users\ayhan\OneDrive\Desktop\Canlı OBD2 Araç Telemetri Ekranı\HondaTuner\HondaTuner.csproj" projesinin "C:\Program Files\dotnet\sdk\10.0.103\Microsoft.Common.CurrentVersion.targets" dosyasındaki "ResolveSDKReferences" hedefi ("ResolveAssemblyReferences" hedefi buna bağımlı):
   1:7>"HondaTuner.csproj" projesinde "ResolveSDKReferences" hedefini oluşturma tamamlandı.
       "ResolveSDKReferences" hedefi atlandı. Önceden başarılı bir şekilde derlenmişti.
   1:7>"C:\Users\ayhan\OneDrive\Desktop\Canlı OBD2 Araç Telemetri Ekranı\HondaTuner\HondaTuner.csproj" projesinin "C:\Program Files\dotnet\sdk\10.0.103\Microsoft.Common.CurrentVersion.targets" dosyasındaki "ExpandSDKReferences" hedefi ("ResolveAssemblyReferences" hedefi buna bağımlı):
   1:7>"HondaTuner.csproj" projesinde "ExpandSDKReferences" hedefini oluşturma tamamlandı.
       "ResolvePackageDependenciesForBuild" hedefi atlandı. Önceden başarılı bir şekilde derlenmişti.
       "GetFrameworkPaths" hedefi atlandı. Önceden başarılı bir şekilde derlenmişti.
       "GetReferenceAssemblyPaths" hedefi atlandı. Önceden başarılı bir şekilde derlenmişti.
       "ProcessFrameworkReferences" hedefi atlandı. Önceden başarılı bir şekilde derlenmişti.
       "ResolvePackageAssets" hedefi atlandı. Önceden başarılı bir şekilde derlenmişti.
   1:7>"C:\Users\ayhan\OneDrive\Desktop\Canlı OBD2 Araç Telemetri Ekranı\HondaTuner\HondaTuner.csproj" projesinin "C:\Program Files\dotnet\sdk\10.0.103\Sdks\Microsoft.NET.Sdk\targets\Microsoft.NET.Sdk.FrameworkReferenceResolution.targets" dosyasındaki "ResolveFrameworkReferences" hedefi ("ResolveTargetingPackAssets" hedefi buna bağımlı):
       "C:\Program Files\dotnet\sdk\10.0.103\Sdks\Microsoft.NET.Sdk\targets\..\tools\net10.0\Microsoft.NET.Build.Tasks.dll" derlemesindeki "GetPackageDirectory" görevi kullanılıyor.
       "GetPackageDirectory" görevi
       "GetPackageDirectory" görevini yürütme tamamlandı.
       "GetPackageDirectory" görevi
       "GetPackageDirectory" görevini yürütme tamamlandı.
       "GetPackageDirectory" görevi
       "GetPackageDirectory" görevini yürütme tamamlandı.
       "GetPackageDirectory" görevi
       "GetPackageDirectory" görevini yürütme tamamlandı.
       "GetPackageDirectory" görevi
       "GetPackageDirectory" görevini yürütme tamamlandı.
       "GetPackageDirectory" görevi
       "GetPackageDirectory" görevini yürütme tamamlandı.
       "GetPackageDirectory" görevi
       "GetPackageDirectory" görevini yürütme tamamlandı.
       "GetPackageDirectory" görevi
       "GetPackageDirectory" görevini yürütme tamamlandı.
       "GetPackageDirectory" görevi
       "GetPackageDirectory" görevini yürütme tamamlandı.
       "GetPackageDirectory" görevi
       "GetPackageDirectory" görevini yürütme tamamlandı.
       "C:\Program Files\dotnet\sdk\10.0.103\Sdks\Microsoft.NET.Sdk\targets\..\tools\net10.0\Microsoft.NET.Build.Tasks.dll" derlemesindeki "ResolveFrameworkReferences" görevi kullanılıyor.
       "ResolveFrameworkReferences" görevi
       "ResolveFrameworkReferences" görevini yürütme tamamlandı.
   1:7>"HondaTuner.csproj" projesinde "ResolveFrameworkReferences" hedefini oluşturma tamamlandı.
   1:7>"C:\Users\ayhan\OneDrive\Desktop\Canlı OBD2 Araç Telemetri Ekranı\HondaTuner\HondaTuner.csproj" projesinin "C:\Program Files\dotnet\sdk\10.0.103\Sdks\Microsoft.NET.Sdk\targets\Microsoft.NET.Sdk.FrameworkReferenceResolution.targets" dosyasındaki "ResolveTargetingPackAssets" hedefi ("_HandlePackageFileConflicts" hedefi buna bağımlı):
       "C:\Program Files\dotnet\sdk\10.0.103\Sdks\Microsoft.NET.Sdk\targets\..\tools\net10.0\Microsoft.NET.Build.Tasks.dll" derlemesindeki "ResolveTargetingPackAssets" görevi kullanılıyor.
       "ResolveTargetingPackAssets" görevi
       "ResolveTargetingPackAssets" görevini yürütme tamamlandı.
   1:7>"HondaTuner.csproj" projesinde "ResolveTargetingPackAssets" hedefini oluşturma tamamlandı.
   1:7>"C:\Users\ayhan\OneDrive\Desktop\Canlı OBD2 Araç Telemetri Ekranı\HondaTuner\HondaTuner.csproj" projesinin "C:\Program Files\dotnet\sdk\10.0.103\Sdks\Microsoft.NET.Sdk\targets\Microsoft.NET.Sdk.FrameworkReferenceResolution.targets" dosyasındaki "ResolveOffByDefaultAnalyzers" hedefi ("_HandlePackageFileConflicts" hedefi buna bağımlı):
   1:7>"HondaTuner.csproj" projesinde "ResolveOffByDefaultAnalyzers" hedefini oluşturma tamamlandı.
   1:7>"C:\Users\ayhan\OneDrive\Desktop\Canlı OBD2 Araç Telemetri Ekranı\HondaTuner\HondaTuner.csproj" projesinin "C:\Program Files\dotnet\sdk\10.0.103\Sdks\Microsoft.NET.Sdk\targets\Microsoft.NET.ConflictResolution.targets" dosyasındaki "_HandlePackageFileConflicts" hedefi ("ResolveAssemblyReferences" hedefi buna bağımlı):
       "C:\Program Files\dotnet\sdk\10.0.103\Sdks\Microsoft.NET.Sdk\targets\..\tools\net10.0\Microsoft.NET.Build.Tasks.dll" derlemesindeki "ResolvePackageFileConflicts" görevi kullanılıyor.
       "ResolvePackageFileConflicts" görevi
         'Reference:C:\Users\ayhan\.nuget\packages\microsoft.netcore.app.ref\6.0.36\ref/net6.0/Microsoft.VisualBasic.dll' ile 'Reference:C:\Users\ayhan\.nuget\packages\microsoft.windowsdesktop.app.ref\6.0.36\ref/net6.0/Microsoft.VisualBasic.dll' arasında çakışmayla karşılaşıldı. '10.1.0.0' AssemblyVersion değeri '10.0.0.0' değerinden büyük olduğundan 'Reference:C:\Users\ayhan\.nuget\packages\microsoft.windowsdesktop.app.ref\6.0.36\ref/net6.0/Microsoft.VisualBasic.dll' seçiliyor.
         'Reference:C:\Users\ayhan\.nuget\packages\microsoft.netcore.app.ref\6.0.36\ref/net6.0/System.Drawing.dll' ile 'Reference:C:\Users\ayhan\.nuget\packages\microsoft.windowsdesktop.app.ref\6.0.36\ref/net6.0/System.Drawing.dll' arasında çakışmayla karşılaşıldı. '6.0.2.0' AssemblyVersion değeri '4.0.0.0' değerinden büyük olduğundan 'Reference:C:\Users\ayhan\.nuget\packages\microsoft.windowsdesktop.app.ref\6.0.36\ref/net6.0/System.Drawing.dll' seçiliyor.
         'Platform:Microsoft.VisualBasic.dll' ile 'Platform:Microsoft.VisualBasic.dll' arasında çakışmayla karşılaşıldı. '10.1.0.0' AssemblyVersion değeri '10.0.0.0' değerinden büyük olduğundan 'Platform:Microsoft.VisualBasic.dll' seçiliyor.
         'Platform:System.Drawing.dll' ile 'Platform:System.Drawing.dll' arasında çakışmayla karşılaşıldı. '6.0.0.0' AssemblyVersion değeri '4.0.0.0' değerinden büyük olduğundan 'Platform:System.Drawing.dll' seçiliyor.
         'Platform:WindowsBase.dll' ile 'Platform:WindowsBase.dll' arasında çakışmayla karşılaşıldı. '6.0.0.0' AssemblyVersion değeri '4.0.0.0' değerinden büyük olduğundan 'Platform:WindowsBase.dll' seçiliyor.
         'Platform:System.Private.DataContractSerialization.dll' ile 'Platform:System.Private.DataContractSerialization.dll' arasında çakışmayla karşılaşıldı. Eşit dosya ve bütünleştirilmiş kod sürümleri nedeniyle kazanan belirlenemedi.
         'Platform:System.Private.Uri.dll' ile 'Platform:System.Private.Uri.dll' arasında çakışmayla karşılaşıldı. Eşit dosya ve bütünleştirilmiş kod sürümleri nedeniyle kazanan belirlenemedi.
         'Platform:System.Private.Xml.dll' ile 'Platform:System.Private.Xml.dll' arasında çakışmayla karşılaşıldı. Eşit dosya ve bütünleştirilmiş kod sürümleri nedeniyle kazanan belirlenemedi.
         'Platform:System.Private.Xml.Linq.dll' ile 'Platform:System.Private.Xml.Linq.dll' arasında çakışmayla karşılaşıldı. Eşit dosya ve bütünleştirilmiş kod sürümleri nedeniyle kazanan belirlenemedi.
         'Platform:mscordaccore_amd64_amd64_6.0.21.52210.dll' ile 'Platform:mscordaccore_amd64_amd64_6.0.21.52210.dll' arasında çakışmayla karşılaşıldı. Eşit dosya ve bütünleştirilmiş kod sürümleri nedeniyle kazanan belirlenemedi.
       "ResolvePackageFileConflicts" görevini yürütme tamamlandı.
   1:7>"HondaTuner.csproj" projesinde "_HandlePackageFileConflicts" hedefini oluşturma tamamlandı.
       "ResolveTargetingPackAssets" hedefi atlandı. Önceden başarılı bir şekilde derlenmişti.
   1:7>"C:\Users\ayhan\OneDrive\Desktop\Canlı OBD2 Araç Telemetri Ekranı\HondaTuner\HondaTuner.csproj" projesinin "C:\Program Files\dotnet\sdk\10.0.103\Microsoft.Common.CurrentVersion.targets" dosyasındaki "ResolveAssemblyReferences" hedefi ("ResolveReferences" hedefi buna bağımlı):
       "Microsoft.Build.Tasks.Core, Version=15.1.0.0, Culture=neutral, PublicKeyToken=b03f5f7f11d50a3a" derlemesindeki "ResolveAssemblyReference" görevi kullanılıyor.
       "ResolveAssemblyReference" görevi
         TargetFrameworkMoniker:
             .NETCoreApp,Version=v6.0
         TargetFrameworkMonikerDisplayName:
             .NET 6.0
         TargetedRuntimeVersion:
             
         Assemblies:
             C:\Users\ayhan\.nuget\packages\system.io.ports\8.0.0\lib\net6.0\System.IO.Ports.dll
                 Private = 'false'
                 HintPath = 'C:\Users\ayhan\.nuget\packages\system.io.ports\8.0.0\lib\net6.0\System.IO.Ports.dll'
             C:\Users\ayhan\.nuget\packages\microsoft.netcore.app.ref\6.0.36\ref/net6.0/Microsoft.CSharp.dll
                 Private = 'false'
             C:\Users\ayhan\.nuget\packages\microsoft.netcore.app.ref\6.0.36\ref/net6.0/Microsoft.VisualBasic.Core.dll
                 Private = 'false'
             C:\Users\ayhan\.nuget\packages\microsoft.netcore.app.ref\6.0.36\ref/net6.0/Microsoft.Win32.Primitives.dll
                 Private = 'false'
             C:\Users\ayhan\.nuget\packages\microsoft.netcore.app.ref\6.0.36\ref/net6.0/Microsoft.Win32.Registry.dll
                 Private = 'false'
             C:\Users\ayhan\.nuget\packages\microsoft.netcore.app.ref\6.0.36\ref/net6.0/System.AppContext.dll
                 Private = 'false'
             C:\Users\ayhan\.nuget\packages\microsoft.netcore.app.ref\6.0.36\ref/net6.0/System.Buffers.dll
                 Private = 'false'
             C:\Users\ayhan\.nuget\packages\microsoft.netcore.app.ref\6.0.36\ref/net6.0/System.Collections.Concurrent.dll
                 Private = 'false'
             C:\Users\ayhan\.nuget\packages\microsoft.netcore.app.ref\6.0.36\ref/net6.0/System.Collections.Immutable.dll
                 Private = 'false'
             C:\Users\ayhan\.nuget\packages\microsoft.netcore.app.ref\6.0.36\ref/net6.0/System.Collections.NonGeneric.dll
                 Private = 'false'
             C:\Users\ayhan\.nuget\packages\microsoft.netcore.app.ref\6.0.36\ref/net6.0/System.Collections.Specialized.dll
                 Private = 'false'
             C:\Users\ayhan\.nuget\packages\microsoft.netcore.app.ref\6.0.36\ref/net6.0/System.Collections.dll
                 Private = 'false'
             C:\Users\ayhan\.nuget\packages\microsoft.netcore.app.ref\6.0.36\ref/net6.0/System.ComponentModel.Annotations.dll
                 Private = 'false'
             C:\Users\ayhan\.nuget\packages\microsoft.netcore.app.ref\6.0.36\ref/net6.0/System.ComponentModel.DataAnnotations.dll
                 Private = 'false'
             C:\Users\ayhan\.nuget\packages\microsoft.netcore.app.ref\6.0.36\ref/net6.0/System.ComponentModel.EventBasedAsync.dll
                 Private = 'false'
             C:\Users\ayhan\.nuget\packages\microsoft.netcore.app.ref\6.0.36\ref/net6.0/System.ComponentModel.Primitives.dll
                 Private = 'false'
             C:\Users\ayhan\.nuget\packages\microsoft.netcore.app.ref\6.0.36\ref/net6.0/System.ComponentModel.TypeConverter.dll
                 Private = 'false'
             C:\Users\ayhan\.nuget\packages\microsoft.netcore.app.ref\6.0.36\ref/net6.0/System.ComponentModel.dll
                 Private = 'false'
             C:\Users\ayhan\.nuget\packages\microsoft.netcore.app.ref\6.0.36\ref/net6.0/System.Configuration.dll
                 Private = 'false'
             C:\Users\ayhan\.nuget\packages\microsoft.netcore.app.ref\6.0.36\ref/net6.0/System.Console.dll
                 Private = 'false'
             C:\Users\ayhan\.nuget\packages\microsoft.netcore.app.ref\6.0.36\ref/net6.0/System.Core.dll
                 Private = 'false'
             C:\Users\ayhan\.nuget\packages\microsoft.netcore.app.ref\6.0.36\ref/net6.0/System.Data.Common.dll
                 Private = 'false'
             C:\Users\ayhan\.nuget\packages\microsoft.netcore.app.ref\6.0.36\ref/net6.0/System.Data.DataSetExtensions.dll
                 Private = 'false'
             C:\Users\ayhan\.nuget\packages\microsoft.netcore.app.ref\6.0.36\ref/net6.0/System.Data.dll
                 Private = 'false'
             C:\Users\ayhan\.nuget\packages\microsoft.netcore.app.ref\6.0.36\ref/net6.0/System.Diagnostics.Contracts.dll
                 Private = 'false'
             C:\Users\ayhan\.nuget\packages\microsoft.netcore.app.ref\6.0.36\ref/net6.0/System.Diagnostics.Debug.dll
                 Private = 'false'
             C:\Users\ayhan\.nuget\packages\microsoft.netcore.app.ref\6.0.36\ref/net6.0/System.Diagnostics.DiagnosticSource.dll
                 Private = 'false'
             C:\Users\ayhan\.nuget\packages\microsoft.netcore.app.ref\6.0.36\ref/net6.0/System.Diagnostics.FileVersionInfo.dll
                 Private = 'false'
             C:\Users\ayhan\.nuget\packages\microsoft.netcore.app.ref\6.0.36\ref/net6.0/System.Diagnostics.Process.dll
                 Private = 'false'
             C:\Users\ayhan\.nuget\packages\microsoft.netcore.app.ref\6.0.36\ref/net6.0/System.Diagnostics.StackTrace.dll
                 Private = 'false'
             C:\Users\ayhan\.nuget\packages\microsoft.netcore.app.ref\6.0.36\ref/net6.0/System.Diagnostics.TextWriterTraceListener.dll
                 Private = 'false'
             C:\Users\ayhan\.nuget\packages\microsoft.netcore.app.ref\6.0.36\ref/net6.0/System.Diagnostics.Tools.dll
                 Private = 'false'
             C:\Users\ayhan\.nuget\packages\microsoft.netcore.app.ref\6.0.36\ref/net6.0/System.Diagnostics.TraceSource.dll
                 Private = 'false'
             C:\Users\ayhan\.nuget\packages\microsoft.netcore.app.ref\6.0.36\ref/net6.0/System.Diagnostics.Tracing.dll
                 Private = 'false'
             C:\Users\ayhan\.nuget\packages\microsoft.netcore.app.ref\6.0.36\ref/net6.0/System.Drawing.Primitives.dll
                 Private = 'false'
             C:\Users\ayhan\.nuget\packages\microsoft.netcore.app.ref\6.0.36\ref/net6.0/System.Dynamic.Runtime.dll
                 Private = 'false'
             C:\Users\ayhan\.nuget\packages\microsoft.netcore.app.ref\6.0.36\ref/net6.0/System.Formats.Asn1.dll
                 Private = 'false'
             C:\Users\ayhan\.nuget\packages\microsoft.netcore.app.ref\6.0.36\ref/net6.0/System.Globalization.Calendars.dll
                 Private = 'false'
             C:\Users\ayhan\.nuget\packages\microsoft.netcore.app.ref\6.0.36\ref/net6.0/System.Globalization.Extensions.dll
                 Private = 'false'
             C:\Users\ayhan\.nuget\packages\microsoft.netcore.app.ref\6.0.36\ref/net6.0/System.Globalization.dll
                 Private = 'false'
             C:\Users\ayhan\.nuget\packages\microsoft.netcore.app.ref\6.0.36\ref/net6.0/System.IO.Compression.Brotli.dll
                 Private = 'false'
             C:\Users\ayhan\.nuget\packages\microsoft.netcore.app.ref\6.0.36\ref/net6.0/System.IO.Compression.FileSystem.dll
                 Private = 'false'
             C:\Users\ayhan\.nuget\packages\microsoft.netcore.app.ref\6.0.36\ref/net6.0/System.IO.Compression.ZipFile.dll
                 Private = 'false'
             C:\Users\ayhan\.nuget\packages\microsoft.netcore.app.ref\6.0.36\ref/net6.0/System.IO.Compression.dll
                 Private = 'false'
             C:\Users\ayhan\.nuget\packages\microsoft.netcore.app.ref\6.0.36\ref/net6.0/System.IO.FileSystem.AccessControl.dll
                 Private = 'false'
             C:\Users\ayhan\.nuget\packages\microsoft.netcore.app.ref\6.0.36\ref/net6.0/System.IO.FileSystem.DriveInfo.dll
                 Private = 'false'
             C:\Users\ayhan\.nuget\packages\microsoft.netcore.app.ref\6.0.36\ref/net6.0/System.IO.FileSystem.Primitives.dll
                 Private = 'false'
             C:\Users\ayhan\.nuget\packages\microsoft.netcore.app.ref\6.0.36\ref/net6.0/System.IO.FileSystem.Watcher.dll
                 Private = 'false'
             C:\Users\ayhan\.nuget\packages\microsoft.netcore.app.ref\6.0.36\ref/net6.0/System.IO.FileSystem.dll
                 Private = 'false'
             C:\Users\ayhan\.nuget\packages\microsoft.netcore.app.ref\6.0.36\ref/net6.0/System.IO.IsolatedStorage.dll
                 Private = 'false'
             C:\Users\ayhan\.nuget\packages\microsoft.netcore.app.ref\6.0.36\ref/net6.0/System.IO.MemoryMappedFiles.dll
                 Private = 'false'
             C:\Users\ayhan\.nuget\packages\microsoft.netcore.app.ref\6.0.36\ref/net6.0/System.IO.Pipes.AccessControl.dll
                 Private = 'false'
             C:\Users\ayhan\.nuget\packages\microsoft.netcore.app.ref\6.0.36\ref/net6.0/System.IO.Pipes.dll
                 Private = 'false'
             C:\Users\ayhan\.nuget\packages\microsoft.netcore.app.ref\6.0.36\ref/net6.0/System.IO.UnmanagedMemoryStream.dll
                 Private = 'false'
             C:\Users\ayhan\.nuget\packages\microsoft.netcore.app.ref\6.0.36\ref/net6.0/System.IO.dll
                 Private = 'false'
             C:\Users\ayhan\.nuget\packages\microsoft.netcore.app.ref\6.0.36\ref/net6.0/System.Linq.Expressions.dll
                 Private = 'false'
             C:\Users\ayhan\.nuget\packages\microsoft.netcore.app.ref\6.0.36\ref/net6.0/System.Linq.Parallel.dll
                 Private = 'false'
             C:\Users\ayhan\.nuget\packages\microsoft.netcore.app.ref\6.0.36\ref/net6.0/System.Linq.Queryable.dll
                 Private = 'false'
             C:\Users\ayhan\.nuget\packages\microsoft.netcore.app.ref\6.0.36\ref/net6.0/System.Linq.dll
                 Private = 'false'
             C:\Users\ayhan\.nuget\packages\microsoft.netcore.app.ref\6.0.36\ref/net6.0/System.Memory.dll
                 Private = 'false'
             C:\Users\ayhan\.nuget\packages\microsoft.netcore.app.ref\6.0.36\ref/net6.0/System.Net.Http.Json.dll
                 Private = 'false'
             C:\Users\ayhan\.nuget\packages\microsoft.netcore.app.ref\6.0.36\ref/net6.0/System.Net.Http.dll
                 Private = 'false'
             C:\Users\ayhan\.nuget\packages\microsoft.netcore.app.ref\6.0.36\ref/net6.0/System.Net.HttpListener.dll
                 Private = 'false'
             C:\Users\ayhan\.nuget\packages\microsoft.netcore.app.ref\6.0.36\ref/net6.0/System.Net.Mail.dll
                 Private = 'false'
             C:\Users\ayhan\.nuget\packages\microsoft.netcore.app.ref\6.0.36\ref/net6.0/System.Net.NameResolution.dll
                 Private = 'false'
             C:\Users\ayhan\.nuget\packages\microsoft.netcore.app.ref\6.0.36\ref/net6.0/System.Net.NetworkInformation.dll
                 Private = 'false'
             C:\Users\ayhan\.nuget\packages\microsoft.netcore.app.ref\6.0.36\ref/net6.0/System.Net.Ping.dll
                 Private = 'false'
             C:\Users\ayhan\.nuget\packages\microsoft.netcore.app.ref\6.0.36\ref/net6.0/System.Net.Primitives.dll
                 Private = 'false'
             C:\Users\ayhan\.nuget\packages\microsoft.netcore.app.ref\6.0.36\ref/net6.0/System.Net.Requests.dll
                 Private = 'false'
             C:\Users\ayhan\.nuget\packages\microsoft.netcore.app.ref\6.0.36\ref/net6.0/System.Net.Security.dll
                 Private = 'false'
             C:\Users\ayhan\.nuget\packages\microsoft.netcore.app.ref\6.0.36\ref/net6.0/System.Net.ServicePoint.dll
                 Private = 'false'
             C:\Users\ayhan\.nuget\packages\microsoft.netcore.app.ref\6.0.36\ref/net6.0/System.Net.Sockets.dll
                 Private = 'false'
             C:\Users\ayhan\.nuget\packages\microsoft.netcore.app.ref\6.0.36\ref/net6.0/System.Net.WebClient.dll
                 Private = 'false'
             C:\Users\ayhan\.nuget\packages\microsoft.netcore.app.ref\6.0.36\ref/net6.0/System.Net.WebHeaderCollection.dll
                 Private = 'false'
             C:\Users\ayhan\.nuget\packages\microsoft.netcore.app.ref\6.0.36\ref/net6.0/System.Net.WebProxy.dll
                 Private = 'false'
             C:\Users\ayhan\.nuget\packages\microsoft.netcore.app.ref\6.0.36\ref/net6.0/System.Net.WebSockets.Client.dll
                 Private = 'false'
             C:\Users\ayhan\.nuget\packages\microsoft.netcore.app.ref\6.0.36\ref/net6.0/System.Net.WebSockets.dll
                 Private = 'false'
             C:\Users\ayhan\.nuget\packages\microsoft.netcore.app.ref\6.0.36\ref/net6.0/System.Net.dll
                 Private = 'false'
             C:\Users\ayhan\.nuget\packages\microsoft.netcore.app.ref\6.0.36\ref/net6.0/System.Numerics.Vectors.dll
                 Private = 'false'
             C:\Users\ayhan\.nuget\packages\microsoft.netcore.app.ref\6.0.36\ref/net6.0/System.Numerics.dll
                 Private = 'false'
             C:\Users\ayhan\.nuget\packages\microsoft.netcore.app.ref\6.0.36\ref/net6.0/System.ObjectModel.dll
                 Private = 'false'
             C:\Users\ayhan\.nuget\packages\microsoft.netcore.app.ref\6.0.36\ref/net6.0/System.Reflection.DispatchProxy.dll
                 Private = 'false'
             C:\Users\ayhan\.nuget\packages\microsoft.netcore.app.ref\6.0.36\ref/net6.0/System.Reflection.Emit.ILGeneration.dll
                 Private = 'false'
             C:\Users\ayhan\.nuget\packages\microsoft.netcore.app.ref\6.0.36\ref/net6.0/System.Reflection.Emit.Lightweight.dll
                 Private = 'false'
             C:\Users\ayhan\.nuget\packages\microsoft.netcore.app.ref\6.0.36\ref/net6.0/System.Reflection.Emit.dll
                 Private = 'false'
             C:\Users\ayhan\.nuget\packages\microsoft.netcore.app.ref\6.0.36\ref/net6.0/System.Reflection.Extensions.dll
                 Private = 'false'
             C:\Users\ayhan\.nuget\packages\microsoft.netcore.app.ref\6.0.36\ref/net6.0/System.Reflection.Metadata.dll
                 Private = 'false'
             C:\Users\ayhan\.nuget\packages\microsoft.netcore.app.ref\6.0.36\ref/net6.0/System.Reflection.Primitives.dll
                 Private = 'false'
             C:\Users\ayhan\.nuget\packages\microsoft.netcore.app.ref\6.0.36\ref/net6.0/System.Reflection.TypeExtensions.dll
                 Private = 'false'
             C:\Users\ayhan\.nuget\packages\microsoft.netcore.app.ref\6.0.36\ref/net6.0/System.Reflection.dll
                 Private = 'false'
             C:\Users\ayhan\.nuget\packages\microsoft.netcore.app.ref\6.0.36\ref/net6.0/System.Resources.Reader.dll
                 Private = 'false'
             C:\Users\ayhan\.nuget\packages\microsoft.netcore.app.ref\6.0.36\ref/net6.0/System.Resources.ResourceManager.dll
                 Private = 'false'
             C:\Users\ayhan\.nuget\packages\microsoft.netcore.app.ref\6.0.36\ref/net6.0/System.Resources.Writer.dll
                 Private = 'false'
             C:\Users\ayhan\.nuget\packages\microsoft.netcore.app.ref\6.0.36\ref/net6.0/System.Runtime.CompilerServices.Unsafe.dll
                 Private = 'false'
             C:\Users\ayhan\.nuget\packages\microsoft.netcore.app.ref\6.0.36\ref/net6.0/System.Runtime.CompilerServices.VisualC.dll
                 Private = 'false'
             C:\Users\ayhan\.nuget\packages\microsoft.netcore.app.ref\6.0.36\ref/net6.0/System.Runtime.Extensions.dll
                 Private = 'false'
             C:\Users\ayhan\.nuget\packages\microsoft.netcore.app.ref\6.0.36\ref/net6.0/System.Runtime.Handles.dll
                 Private = 'false'
             C:\Users\ayhan\.nuget\packages\microsoft.netcore.app.ref\6.0.36\ref/net6.0/System.Runtime.InteropServices.RuntimeInformation.dll
                 Private = 'false'
             C:\Users\ayhan\.nuget\packages\microsoft.netcore.app.ref\6.0.36\ref/net6.0/System.Runtime.InteropServices.dll
                 Private = 'false'
             C:\Users\ayhan\.nuget\packages\microsoft.netcore.app.ref\6.0.36\ref/net6.0/System.Runtime.Intrinsics.dll
                 Private = 'false'
             C:\Users\ayhan\.nuget\packages\microsoft.netcore.app.ref\6.0.36\ref/net6.0/System.Runtime.Loader.dll
                 Private = 'false'
             C:\Users\ayhan\.nuget\packages\microsoft.netcore.app.ref\6.0.36\ref/net6.0/System.Runtime.Numerics.dll
                 Private = 'false'
             C:\Users\ayhan\.nuget\packages\microsoft.netcore.app.ref\6.0.36\ref/net6.0/System.Runtime.Serialization.Formatters.dll
                 Private = 'false'
             C:\Users\ayhan\.nuget\packages\microsoft.netcore.app.ref\6.0.36\ref/net6.0/System.Runtime.Serialization.Json.dll
                 Private = 'false'
             C:\Users\ayhan\.nuget\packages\microsoft.netcore.app.ref\6.0.36\ref/net6.0/System.Runtime.Serialization.Primitives.dll
                 Private = 'false'
             C:\Users\ayhan\.nuget\packages\microsoft.netcore.app.ref\6.0.36\ref/net6.0/System.Runtime.Serialization.Xml.dll
                 Private = 'false'
             C:\Users\ayhan\.nuget\packages\microsoft.netcore.app.ref\6.0.36\ref/net6.0/System.Runtime.Serialization.dll
                 Private = 'false'
             C:\Users\ayhan\.nuget\packages\microsoft.netcore.app.ref\6.0.36\ref/net6.0/System.Runtime.dll
                 Private = 'false'
             C:\Users\ayhan\.nuget\packages\microsoft.netcore.app.ref\6.0.36\ref/net6.0/System.Security.AccessControl.dll
                 Private = 'false'
             C:\Users\ayhan\.nuget\packages\microsoft.netcore.app.ref\6.0.36\ref/net6.0/System.Security.Claims.dll
                 Private = 'false'
             C:\Users\ayhan\.nuget\packages\microsoft.netcore.app.ref\6.0.36\ref/net6.0/System.Security.Cryptography.Algorithms.dll
                 Private = 'false'
             C:\Users\ayhan\.nuget\packages\microsoft.netcore.app.ref\6.0.36\ref/net6.0/System.Security.Cryptography.Cng.dll
                 Private = 'false'
             C:\Users\ayhan\.nuget\packages\microsoft.netcore.app.ref\6.0.36\ref/net6.0/System.Security.Cryptography.Csp.dll
                 Private = 'false'
             C:\Users\ayhan\.nuget\packages\microsoft.netcore.app.ref\6.0.36\ref/net6.0/System.Security.Cryptography.Encoding.dll
                 Private = 'false'
             C:\Users\ayhan\.nuget\packages\microsoft.netcore.app.ref\6.0.36\ref/net6.0/System.Security.Cryptography.OpenSsl.dll
                 Private = 'false'
             C:\Users\ayhan\.nuget\packages\microsoft.netcore.app.ref\6.0.36\ref/net6.0/System.Security.Cryptography.Primitives.dll
                 Private = 'false'
             C:\Users\ayhan\.nuget\packages\microsoft.netcore.app.ref\6.0.36\ref/net6.0/System.Security.Cryptography.X509Certificates.dll
                 Private = 'false'
             C:\Users\ayhan\.nuget\packages\microsoft.netcore.app.ref\6.0.36\ref/net6.0/System.Security.Principal.Windows.dll
                 Private = 'false'
             C:\Users\ayhan\.nuget\packages\microsoft.netcore.app.ref\6.0.36\ref/net6.0/System.Security.Principal.dll
                 Private = 'false'
             C:\Users\ayhan\.nuget\packages\microsoft.netcore.app.ref\6.0.36\ref/net6.0/System.Security.SecureString.dll
                 Private = 'false'
             C:\Users\ayhan\.nuget\packages\microsoft.netcore.app.ref\6.0.36\ref/net6.0/System.Security.dll
                 Private = 'false'
             C:\Users\ayhan\.nuget\packages\microsoft.netcore.app.ref\6.0.36\ref/net6.0/System.ServiceModel.Web.dll
                 Private = 'false'
             C:\Users\ayhan\.nuget\packages\microsoft.netcore.app.ref\6.0.36\ref/net6.0/System.ServiceProcess.dll
                 Private = 'false'
             C:\Users\ayhan\.nuget\packages\microsoft.netcore.app.ref\6.0.36\ref/net6.0/System.Text.Encoding.CodePages.dll
                 Private = 'false'
             C:\Users\ayhan\.nuget\packages\microsoft.netcore.app.ref\6.0.36\ref/net6.0/System.Text.Encoding.Extensions.dll
                 Private = 'false'
             C:\Users\ayhan\.nuget\packages\microsoft.netcore.app.ref\6.0.36\ref/net6.0/System.Text.Encoding.dll
                 Private = 'false'
             C:\Users\ayhan\.nuget\packages\microsoft.netcore.app.ref\6.0.36\ref/net6.0/System.Text.Encodings.Web.dll
                 Private = 'false'
             C:\Users\ayhan\.nuget\packages\microsoft.netcore.app.ref\6.0.36\ref/net6.0/System.Text.Json.dll
                 Private = 'false'
             C:\Users\ayhan\.nuget\packages\microsoft.netcore.app.ref\6.0.36\ref/net6.0/System.Text.RegularExpressions.dll
                 Private = 'false'
             C:\Users\ayhan\.nuget\packages\microsoft.netcore.app.ref\6.0.36\ref/net6.0/System.Threading.Channels.dll
                 Private = 'false'
             C:\Users\ayhan\.nuget\packages\microsoft.netcore.app.ref\6.0.36\ref/net6.0/System.Threading.Overlapped.dll
                 Private = 'false'
             C:\Users\ayhan\.nuget\packages\microsoft.netcore.app.ref\6.0.36\ref/net6.0/System.Threading.Tasks.Dataflow.dll
                 Private = 'false'
             C:\Users\ayhan\.nuget\packages\microsoft.netcore.app.ref\6.0.36\ref/net6.0/System.Threading.Tasks.Extensions.dll
                 Private = 'false'
             C:\Users\ayhan\.nuget\packages\microsoft.netcore.app.ref\6.0.36\ref/net6.0/System.Threading.Tasks.Parallel.dll
                 Private = 'false'
             C:\Users\ayhan\.nuget\packages\microsoft.netcore.app.ref\6.0.36\ref/net6.0/System.Threading.Tasks.dll
                 Private = 'false'
             C:\Users\ayhan\.nuget\packages\microsoft.netcore.app.ref\6.0.36\ref/net6.0/System.Threading.Thread.dll
                 Private = 'false'
             C:\Users\ayhan\.nuget\packages\microsoft.netcore.app.ref\6.0.36\ref/net6.0/System.Threading.ThreadPool.dll
                 Private = 'false'
             C:\Users\ayhan\.nuget\packages\microsoft.netcore.app.ref\6.0.36\ref/net6.0/System.Threading.Timer.dll
                 Private = 'false'
             C:\Users\ayhan\.nuget\packages\microsoft.netcore.app.ref\6.0.36\ref/net6.0/System.Threading.dll
                 Private = 'false'
             C:\Users\ayhan\.nuget\packages\microsoft.netcore.app.ref\6.0.36\ref/net6.0/System.Transactions.Local.dll
                 Private = 'false'
             C:\Users\ayhan\.nuget\packages\microsoft.netcore.app.ref\6.0.36\ref/net6.0/System.Transactions.dll
                 Private = 'false'
             C:\Users\ayhan\.nuget\packages\microsoft.netcore.app.ref\6.0.36\ref/net6.0/System.ValueTuple.dll
                 Private = 'false'
             C:\Users\ayhan\.nuget\packages\microsoft.netcore.app.ref\6.0.36\ref/net6.0/System.Web.HttpUtility.dll
                 Private = 'false'
             C:\Users\ayhan\.nuget\packages\microsoft.netcore.app.ref\6.0.36\ref/net6.0/System.Web.dll
                 Private = 'false'
             C:\Users\ayhan\.nuget\packages\microsoft.netcore.app.ref\6.0.36\ref/net6.0/System.Windows.dll
                 Private = 'false'
             C:\Users\ayhan\.nuget\packages\microsoft.netcore.app.ref\6.0.36\ref/net6.0/System.Xml.Linq.dll
                 Private = 'false'
             C:\Users\ayhan\.nuget\packages\microsoft.netcore.app.ref\6.0.36\ref/net6.0/System.Xml.ReaderWriter.dll
                 Private = 'false'
             C:\Users\ayhan\.nuget\packages\microsoft.netcore.app.ref\6.0.36\ref/net6.0/System.Xml.Serialization.dll
                 Private = 'false'
             C:\Users\ayhan\.nuget\packages\microsoft.netcore.app.ref\6.0.36\ref/net6.0/System.Xml.XDocument.dll
                 Private = 'false'
             C:\Users\ayhan\.nuget\packages\microsoft.netcore.app.ref\6.0.36\ref/net6.0/System.Xml.XPath.XDocument.dll
                 Private = 'false'
             C:\Users\ayhan\.nuget\packages\microsoft.netcore.app.ref\6.0.36\ref/net6.0/System.Xml.XPath.dll
                 Private = 'false'
             C:\Users\ayhan\.nuget\packages\microsoft.netcore.app.ref\6.0.36\ref/net6.0/System.Xml.XmlDocument.dll
                 Private = 'false'
             C:\Users\ayhan\.nuget\packages\microsoft.netcore.app.ref\6.0.36\ref/net6.0/System.Xml.XmlSerializer.dll
                 Private = 'false'
             C:\Users\ayhan\.nuget\packages\microsoft.netcore.app.ref\6.0.36\ref/net6.0/System.Xml.dll
                 Private = 'false'
             C:\Users\ayhan\.nuget\packages\microsoft.netcore.app.ref\6.0.36\ref/net6.0/System.dll
                 Private = 'false'
             C:\Users\ayhan\.nuget\packages\microsoft.netcore.app.ref\6.0.36\ref/net6.0/WindowsBase.dll
                 Private = 'false'
             C:\Users\ayhan\.nuget\packages\microsoft.netcore.app.ref\6.0.36\ref/net6.0/mscorlib.dll
                 Private = 'false'
             C:\Users\ayhan\.nuget\packages\microsoft.netcore.app.ref\6.0.36\ref/net6.0/netstandard.dll
                 Private = 'false'
             C:\Users\ayhan\.nuget\packages\microsoft.windowsdesktop.app.ref\6.0.36\ref/net6.0/Accessibility.dll
                 Private = 'false'
             C:\Users\ayhan\.nuget\packages\microsoft.windowsdesktop.app.ref\6.0.36\ref/net6.0/Microsoft.VisualBasic.Forms.dll
                 Private = 'false'
             C:\Users\ayhan\.nuget\packages\microsoft.windowsdesktop.app.ref\6.0.36\ref/net6.0/Microsoft.VisualBasic.dll
                 Private = 'false'
             C:\Users\ayhan\.nuget\packages\microsoft.windowsdesktop.app.ref\6.0.36\ref/net6.0/Microsoft.Win32.Registry.AccessControl.dll
                 Private = 'false'
             C:\Users\ayhan\.nuget\packages\microsoft.windowsdesktop.app.ref\6.0.36\ref/net6.0/Microsoft.Win32.SystemEvents.dll
                 Private = 'false'
             C:\Users\ayhan\.nuget\packages\microsoft.windowsdesktop.app.ref\6.0.36\ref/net6.0/System.CodeDom.dll
                 Private = 'false'
             C:\Users\ayhan\.nuget\packages\microsoft.windowsdesktop.app.ref\6.0.36\ref/net6.0/System.Configuration.ConfigurationManager.dll
                 Private = 'false'
             C:\Users\ayhan\.nuget\packages\microsoft.windowsdesktop.app.ref\6.0.36\ref/net6.0/System.Design.dll
                 Private = 'false'
             C:\Users\ayhan\.nuget\packages\microsoft.windowsdesktop.app.ref\6.0.36\ref/net6.0/System.Diagnostics.EventLog.dll
                 Private = 'false'
             C:\Users\ayhan\.nuget\packages\microsoft.windowsdesktop.app.ref\6.0.36\ref/net6.0/System.Diagnostics.PerformanceCounter.dll
                 Private = 'false'
             C:\Users\ayhan\.nuget\packages\microsoft.windowsdesktop.app.ref\6.0.36\ref/net6.0/System.DirectoryServices.dll
                 Private = 'false'
             C:\Users\ayhan\.nuget\packages\microsoft.windowsdesktop.app.ref\6.0.36\ref/net6.0/System.Drawing.Common.dll
                 Private = 'false'
             C:\Users\ayhan\.nuget\packages\microsoft.windowsdesktop.app.ref\6.0.36\ref/net6.0/System.Drawing.Design.dll
                 Private = 'false'
             C:\Users\ayhan\.nuget\packages\microsoft.windowsdesktop.app.ref\6.0.36\ref/net6.0/System.Drawing.dll
                 Private = 'false'
             C:\Users\ayhan\.nuget\packages\microsoft.windowsdesktop.app.ref\6.0.36\ref/net6.0/System.IO.Packaging.dll
                 Private = 'false'
             C:\Users\ayhan\.nuget\packages\microsoft.windowsdesktop.app.ref\6.0.36\ref/net6.0/System.Resources.Extensions.dll
                 Private = 'false'
             C:\Users\ayhan\.nuget\packages\microsoft.windowsdesktop.app.ref\6.0.36\ref/net6.0/System.Security.Cryptography.Pkcs.dll
                 Private = 'false'
             C:\Users\ayhan\.nuget\packages\microsoft.windowsdesktop.app.ref\6.0.36\ref/net6.0/System.Security.Cryptography.ProtectedData.dll
                 Private = 'false'
             C:\Users\ayhan\.nuget\packages\microsoft.windowsdesktop.app.ref\6.0.36\ref/net6.0/System.Security.Cryptography.Xml.dll
                 Private = 'false'
             C:\Users\ayhan\.nuget\packages\microsoft.windowsdesktop.app.ref\6.0.36\ref/net6.0/System.Security.Permissions.dll
                 Private = 'false'
             C:\Users\ayhan\.nuget\packages\microsoft.windowsdesktop.app.ref\6.0.36\ref/net6.0/System.Threading.AccessControl.dll
                 Private = 'false'
             C:\Users\ayhan\.nuget\packages\microsoft.windowsdesktop.app.ref\6.0.36\ref/net6.0/System.Windows.Extensions.dll
                 Private = 'false'
             C:\Users\ayhan\.nuget\packages\microsoft.windowsdesktop.app.ref\6.0.36\ref/net6.0/System.Windows.Forms.Design.Editors.dll
                 Private = 'false'
             C:\Users\ayhan\.nuget\packages\microsoft.windowsdesktop.app.ref\6.0.36\ref/net6.0/System.Windows.Forms.Design.dll
                 Private = 'false'
             C:\Users\ayhan\.nuget\packages\microsoft.windowsdesktop.app.ref\6.0.36\ref/net6.0/System.Windows.Forms.Primitives.dll
                 Private = 'false'
             C:\Users\ayhan\.nuget\packages\microsoft.windowsdesktop.app.ref\6.0.36\ref/net6.0/System.Windows.Forms.dll
                 Private = 'false'
         AssemblyFiles:
         CandidateAssemblyFiles:
         TargetFrameworkDirectories:
             
         NonCultureResourceDirectories:
             
         InstalledAssemblyTables:
         IgnoreInstalledAssemblyTable:
             False
         SearchPaths:
             {CandidateAssemblyFiles}
             {HintPathFromItem}
             {TargetFrameworkDirectory}
             {RawFileName}
         AllowedAssemblyExtensions:
             .winmd
             .dll
             .exe
         AllowedRelatedFileExtensions:
             .pdb
             .xml
             .pri
             .dll.config
             .exe.config
         AppConfigFile:
             
         AutoUnify:
             True
         EnableCustomCulture:
             False
         EnableCustomCulture:
             False
         CopyLocalDependenciesWhenParentReferenceInGac:
             True
         FindDependencies:
             True
         TargetProcessorArchitecture:
             msil
         StateFile:
             obj\Debug\net6.0-windows\HondaTuner.csproj.AssemblyReference.cache
         InstalledAssemblySubsetTables:
         IgnoreInstalledAssemblySubsetTable:
             False
         TargetFrameworkSubsets:
         FullTargetFrameworkSubsetNames:
             Full
         ProfileName:
             
         FullFrameworkFolders:
         LatestTargetFrameworkDirectories:
         ProfileTablesLocation:
         Birincil başvuru: "System.IO.Ports, Version=8.0.0.0, Culture=neutral, PublicKeyToken=cc7b13ffcd2ddd51".
             Çözümlenmiş dosya yolu: "C:\Users\ayhan\.nuget\packages\system.io.ports\8.0.0\lib\net6.0\System.IO.Ports.dll".
             Başvuru, "{HintPathFromItem}" arama yolu konumunda bulundu.
             En az bir kaynak öğesi için "Private" "false" olarak ayarlanmış olduğundan ve "Private", herhangi bir kaynak öğesi için "true" olarak ayarlanmış olmadığından bu başvuru "CopyLocal" değildir.
         Birincil başvuru: "Microsoft.CSharp, Version=6.0.0.0, Culture=neutral, PublicKeyToken=b03f5f7f11d50a3a".
             Çözümlenmiş dosya yolu: "C:\Users\ayhan\.nuget\packages\microsoft.netcore.app.ref\6.0.36\ref\net6.0\Microsoft.CSharp.dll".
             Başvuru, "{RawFileName}" arama yolu konumunda bulundu.
             En az bir kaynak öğesi için "Private" "false" olarak ayarlanmış olduğundan ve "Private", herhangi bir kaynak öğesi için "true" olarak ayarlanmış olmadığından bu başvuru "CopyLocal" değildir.
         Birincil başvuru: "Microsoft.VisualBasic.Core, Version=11.0.0.0, Culture=neutral, PublicKeyToken=b03f5f7f11d50a3a".
             Çözümlenmiş dosya yolu: "C:\Users\ayhan\.nuget\packages\microsoft.netcore.app.ref\6.0.36\ref\net6.0\Microsoft.VisualBasic.Core.dll".
             Başvuru, "{RawFileName}" arama yolu konumunda bulundu.
             En az bir kaynak öğesi için "Private" "false" olarak ayarlanmış olduğundan ve "Private", herhangi bir kaynak öğesi için "true" olarak ayarlanmış olmadığından bu başvuru "CopyLocal" değildir.
         Birincil başvuru: "Microsoft.Win32.Primitives, Version=6.0.0.0, Culture=neutral, PublicKeyToken=b03f5f7f11d50a3a".
             Çözümlenmiş dosya yolu: "C:\Users\ayhan\.nuget\packages\microsoft.netcore.app.ref\6.0.36\ref\net6.0\Microsoft.Win32.Primitives.dll".
             Başvuru, "{RawFileName}" arama yolu konumunda bulundu.
             En az bir kaynak öğesi için "Private" "false" olarak ayarlanmış olduğundan ve "Private", herhangi bir kaynak öğesi için "true" olarak ayarlanmış olmadığından bu başvuru "CopyLocal" değildir.
         Birincil başvuru: "Microsoft.Win32.Registry, Version=6.0.0.0, Culture=neutral, PublicKeyToken=b03f5f7f11d50a3a".
             Çözümlenmiş dosya yolu: "C:\Users\ayhan\.nuget\packages\microsoft.netcore.app.ref\6.0.36\ref\net6.0\Microsoft.Win32.Registry.dll".
             Başvuru, "{RawFileName}" arama yolu konumunda bulundu.
             En az bir kaynak öğesi için "Private" "false" olarak ayarlanmış olduğundan ve "Private", herhangi bir kaynak öğesi için "true" olarak ayarlanmış olmadığından bu başvuru "CopyLocal" değildir.
         Birincil başvuru: "System.AppContext, Version=6.0.0.0, Culture=neutral, PublicKeyToken=b03f5f7f11d50a3a".
             Çözümlenmiş dosya yolu: "C:\Users\ayhan\.nuget\packages\microsoft.netcore.app.ref\6.0.36\ref\net6.0\System.AppContext.dll".
             Başvuru, "{RawFileName}" arama yolu konumunda bulundu.
             En az bir kaynak öğesi için "Private" "false" olarak ayarlanmış olduğundan ve "Private", herhangi bir kaynak öğesi için "true" olarak ayarlanmış olmadığından bu başvuru "CopyLocal" değildir.
         Birincil başvuru: "System.Buffers, Version=6.0.0.0, Culture=neutral, PublicKeyToken=cc7b13ffcd2ddd51".
             Çözümlenmiş dosya yolu: "C:\Users\ayhan\.nuget\packages\microsoft.netcore.app.ref\6.0.36\ref\net6.0\System.Buffers.dll".
             Başvuru, "{RawFileName}" arama yolu konumunda bulundu.
             En az bir kaynak öğesi için "Private" "false" olarak ayarlanmış olduğundan ve "Private", herhangi bir kaynak öğesi için "true" olarak ayarlanmış olmadığından bu başvuru "CopyLocal" değildir.
         Birincil başvuru: "System.Collections.Concurrent, Version=6.0.0.0, Culture=neutral, PublicKeyToken=b03f5f7f11d50a3a".
             Çözümlenmiş dosya yolu: "C:\Users\ayhan\.nuget\packages\microsoft.netcore.app.ref\6.0.36\ref\net6.0\System.Collections.Concurrent.dll".
             Başvuru, "{RawFileName}" arama yolu konumunda bulundu.
             En az bir kaynak öğesi için "Private" "false" olarak ayarlanmış olduğundan ve "Private", herhangi bir kaynak öğesi için "true" olarak ayarlanmış olmadığından bu başvuru "CopyLocal" değildir.
         Birincil başvuru: "System.Collections.Immutable, Version=6.0.0.0, Culture=neutral, PublicKeyToken=b03f5f7f11d50a3a".
             Çözümlenmiş dosya yolu: "C:\Users\ayhan\.nuget\packages\microsoft.netcore.app.ref\6.0.36\ref\net6.0\System.Collections.Immutable.dll".
             Başvuru, "{RawFileName}" arama yolu konumunda bulundu.
             En az bir kaynak öğesi için "Private" "false" olarak ayarlanmış olduğundan ve "Private", herhangi bir kaynak öğesi için "true" olarak ayarlanmış olmadığından bu başvuru "CopyLocal" değildir.
         Birincil başvuru: "System.Collections.NonGeneric, Version=6.0.0.0, Culture=neutral, PublicKeyToken=b03f5f7f11d50a3a".
             Çözümlenmiş dosya yolu: "C:\Users\ayhan\.nuget\packages\microsoft.netcore.app.ref\6.0.36\ref\net6.0\System.Collections.NonGeneric.dll".
             Başvuru, "{RawFileName}" arama yolu konumunda bulundu.
             En az bir kaynak öğesi için "Private" "false" olarak ayarlanmış olduğundan ve "Private", herhangi bir kaynak öğesi için "true" olarak ayarlanmış olmadığından bu başvuru "CopyLocal" değildir.
         Birincil başvuru: "System.Collections.Specialized, Version=6.0.0.0, Culture=neutral, PublicKeyToken=b03f5f7f11d50a3a".
             Çözümlenmiş dosya yolu: "C:\Users\ayhan\.nuget\packages\microsoft.netcore.app.ref\6.0.36\ref\net6.0\System.Collections.Specialized.dll".
             Başvuru, "{RawFileName}" arama yolu konumunda bulundu.
             En az bir kaynak öğesi için "Private" "false" olarak ayarlanmış olduğundan ve "Private", herhangi bir kaynak öğesi için "true" olarak ayarlanmış olmadığından bu başvuru "CopyLocal" değildir.
         Birincil başvuru: "System.Collections, Version=6.0.0.0, Culture=neutral, PublicKeyToken=b03f5f7f11d50a3a".
             Çözümlenmiş dosya yolu: "C:\Users\ayhan\.nuget\packages\microsoft.netcore.app.ref\6.0.36\ref\net6.0\System.Collections.dll".
             Başvuru, "{RawFileName}" arama yolu konumunda bulundu.
             En az bir kaynak öğesi için "Private" "false" olarak ayarlanmış olduğundan ve "Private", herhangi bir kaynak öğesi için "true" olarak ayarlanmış olmadığından bu başvuru "CopyLocal" değildir.
         Birincil başvuru: "System.ComponentModel.Annotations, Version=6.0.0.0, Culture=neutral, PublicKeyToken=b03f5f7f11d50a3a".
             Çözümlenmiş dosya yolu: "C:\Users\ayhan\.nuget\packages\microsoft.netcore.app.ref\6.0.36\ref\net6.0\System.ComponentModel.Annotations.dll".
             Başvuru, "{RawFileName}" arama yolu konumunda bulundu.
             En az bir kaynak öğesi için "Private" "false" olarak ayarlanmış olduğundan ve "Private", herhangi bir kaynak öğesi için "true" olarak ayarlanmış olmadığından bu başvuru "CopyLocal" değildir.
         Birincil başvuru: "System.ComponentModel.DataAnnotations, Version=4.0.0.0, Culture=neutral, PublicKeyToken=31bf3856ad364e35".
             Çözümlenmiş dosya yolu: "C:\Users\ayhan\.nuget\packages\microsoft.netcore.app.ref\6.0.36\ref\net6.0\System.ComponentModel.DataAnnotations.dll".
             Başvuru, "{RawFileName}" arama yolu konumunda bulundu.
             En az bir kaynak öğesi için "Private" "false" olarak ayarlanmış olduğundan ve "Private", herhangi bir kaynak öğesi için "true" olarak ayarlanmış olmadığından bu başvuru "CopyLocal" değildir.
         Birincil başvuru: "System.ComponentModel.EventBasedAsync, Version=6.0.0.0, Culture=neutral, PublicKeyToken=b03f5f7f11d50a3a".
             Çözümlenmiş dosya yolu: "C:\Users\ayhan\.nuget\packages\microsoft.netcore.app.ref\6.0.36\ref\net6.0\System.ComponentModel.EventBasedAsync.dll".
             Başvuru, "{RawFileName}" arama yolu konumunda bulundu.
             En az bir kaynak öğesi için "Private" "false" olarak ayarlanmış olduğundan ve "Private", herhangi bir kaynak öğesi için "true" olarak ayarlanmış olmadığından bu başvuru "CopyLocal" değildir.
         Birincil başvuru: "System.ComponentModel.Primitives, Version=6.0.0.0, Culture=neutral, PublicKeyToken=b03f5f7f11d50a3a".
             Çözümlenmiş dosya yolu: "C:\Users\ayhan\.nuget\packages\microsoft.netcore.app.ref\6.0.36\ref\net6.0\System.ComponentModel.Primitives.dll".
             Başvuru, "{RawFileName}" arama yolu konumunda bulundu.
             En az bir kaynak öğesi için "Private" "false" olarak ayarlanmış olduğundan ve "Private", herhangi bir kaynak öğesi için "true" olarak ayarlanmış olmadığından bu başvuru "CopyLocal" değildir.
         Birincil başvuru: "System.ComponentModel.TypeConverter, Version=6.0.0.0, Culture=neutral, PublicKeyToken=b03f5f7f11d50a3a".
             Çözümlenmiş dosya yolu: "C:\Users\ayhan\.nuget\packages\microsoft.netcore.app.ref\6.0.36\ref\net6.0\System.ComponentModel.TypeConverter.dll".
             Başvuru, "{RawFileName}" arama yolu konumunda bulundu.
             En az bir kaynak öğesi için "Private" "false" olarak ayarlanmış olduğundan ve "Private", herhangi bir kaynak öğesi için "true" olarak ayarlanmış olmadığından bu başvuru "CopyLocal" değildir.
         Birincil başvuru: "System.ComponentModel, Version=6.0.0.0, Culture=neutral, PublicKeyToken=b03f5f7f11d50a3a".
             Çözümlenmiş dosya yolu: "C:\Users\ayhan\.nuget\packages\microsoft.netcore.app.ref\6.0.36\ref\net6.0\System.ComponentModel.dll".
             Başvuru, "{RawFileName}" arama yolu konumunda bulundu.
             En az bir kaynak öğesi için "Private" "false" olarak ayarlanmış olduğundan ve "Private", herhangi bir kaynak öğesi için "true" olarak ayarlanmış olmadığından bu başvuru "CopyLocal" değildir.
         Birincil başvuru: "System.Configuration, Version=4.0.0.0, Culture=neutral, PublicKeyToken=b03f5f7f11d50a3a".
             Çözümlenmiş dosya yolu: "C:\Users\ayhan\.nuget\packages\microsoft.netcore.app.ref\6.0.36\ref\net6.0\System.Configuration.dll".
             Başvuru, "{RawFileName}" arama yolu konumunda bulundu.
             En az bir kaynak öğesi için "Private" "false" olarak ayarlanmış olduğundan ve "Private", herhangi bir kaynak öğesi için "true" olarak ayarlanmış olmadığından bu başvuru "CopyLocal" değildir.
         Birincil başvuru: "System.Console, Version=6.0.0.0, Culture=neutral, PublicKeyToken=b03f5f7f11d50a3a".
             Çözümlenmiş dosya yolu: "C:\Users\ayhan\.nuget\packages\microsoft.netcore.app.ref\6.0.36\ref\net6.0\System.Console.dll".
             Başvuru, "{RawFileName}" arama yolu konumunda bulundu.
             En az bir kaynak öğesi için "Private" "false" olarak ayarlanmış olduğundan ve "Private", herhangi bir kaynak öğesi için "true" olarak ayarlanmış olmadığından bu başvuru "CopyLocal" değildir.
         Birincil başvuru: "System.Core, Version=4.0.0.0, Culture=neutral, PublicKeyToken=b77a5c561934e089".
             Çözümlenmiş dosya yolu: "C:\Users\ayhan\.nuget\packages\microsoft.netcore.app.ref\6.0.36\ref\net6.0\System.Core.dll".
             Başvuru, "{RawFileName}" arama yolu konumunda bulundu.
             En az bir kaynak öğesi için "Private" "false" olarak ayarlanmış olduğundan ve "Private", herhangi bir kaynak öğesi için "true" olarak ayarlanmış olmadığından bu başvuru "CopyLocal" değildir.
         Birincil başvuru: "System.Data.Common, Version=6.0.0.0, Culture=neutral, PublicKeyToken=b03f5f7f11d50a3a".
             Çözümlenmiş dosya yolu: "C:\Users\ayhan\.nuget\packages\microsoft.netcore.app.ref\6.0.36\ref\net6.0\System.Data.Common.dll".
             Başvuru, "{RawFileName}" arama yolu konumunda bulundu.
             En az bir kaynak öğesi için "Private" "false" olarak ayarlanmış olduğundan ve "Private", herhangi bir kaynak öğesi için "true" olarak ayarlanmış olmadığından bu başvuru "CopyLocal" değildir.
         Birincil başvuru: "System.Data.DataSetExtensions, Version=4.0.0.0, Culture=neutral, PublicKeyToken=b77a5c561934e089".
             Çözümlenmiş dosya yolu: "C:\Users\ayhan\.nuget\packages\microsoft.netcore.app.ref\6.0.36\ref\net6.0\System.Data.DataSetExtensions.dll".
             Başvuru, "{RawFileName}" arama yolu konumunda bulundu.
             En az bir kaynak öğesi için "Private" "false" olarak ayarlanmış olduğundan ve "Private", herhangi bir kaynak öğesi için "true" olarak ayarlanmış olmadığından bu başvuru "CopyLocal" değildir.
         Birincil başvuru: "System.Data, Version=4.0.0.0, Culture=neutral, PublicKeyToken=b77a5c561934e089".
             Çözümlenmiş dosya yolu: "C:\Users\ayhan\.nuget\packages\microsoft.netcore.app.ref\6.0.36\ref\net6.0\System.Data.dll".
             Başvuru, "{RawFileName}" arama yolu konumunda bulundu.
             En az bir kaynak öğesi için "Private" "false" olarak ayarlanmış olduğundan ve "Private", herhangi bir kaynak öğesi için "true" olarak ayarlanmış olmadığından bu başvuru "CopyLocal" değildir.
         Birincil başvuru: "System.Diagnostics.Contracts, Version=6.0.0.0, Culture=neutral, PublicKeyToken=b03f5f7f11d50a3a".
             Çözümlenmiş dosya yolu: "C:\Users\ayhan\.nuget\packages\microsoft.netcore.app.ref\6.0.36\ref\net6.0\System.Diagnostics.Contracts.dll".
             Başvuru, "{RawFileName}" arama yolu konumunda bulundu.
             En az bir kaynak öğesi için "Private" "false" olarak ayarlanmış olduğundan ve "Private", herhangi bir kaynak öğesi için "true" olarak ayarlanmış olmadığından bu başvuru "CopyLocal" değildir.
         Birincil başvuru: "System.Diagnostics.Debug, Version=6.0.0.0, Culture=neutral, PublicKeyToken=b03f5f7f11d50a3a".
             Çözümlenmiş dosya yolu: "C:\Users\ayhan\.nuget\packages\microsoft.netcore.app.ref\6.0.36\ref\net6.0\System.Diagnostics.Debug.dll".
             Başvuru, "{RawFileName}" arama yolu konumunda bulundu.
             En az bir kaynak öğesi için "Private" "false" olarak ayarlanmış olduğundan ve "Private", herhangi bir kaynak öğesi için "true" olarak ayarlanmış olmadığından bu başvuru "CopyLocal" değildir.
         Birincil başvuru: "System.Diagnostics.DiagnosticSource, Version=6.0.0.0, Culture=neutral, PublicKeyToken=cc7b13ffcd2ddd51".
             Çözümlenmiş dosya yolu: "C:\Users\ayhan\.nuget\packages\microsoft.netcore.app.ref\6.0.36\ref\net6.0\System.Diagnostics.DiagnosticSource.dll".
             Başvuru, "{RawFileName}" arama yolu konumunda bulundu.
             En az bir kaynak öğesi için "Private" "false" olarak ayarlanmış olduğundan ve "Private", herhangi bir kaynak öğesi için "true" olarak ayarlanmış olmadığından bu başvuru "CopyLocal" değildir.
         Birincil başvuru: "System.Diagnostics.FileVersionInfo, Version=6.0.0.0, Culture=neutral, PublicKeyToken=b03f5f7f11d50a3a".
             Çözümlenmiş dosya yolu: "C:\Users\ayhan\.nuget\packages\microsoft.netcore.app.ref\6.0.36\ref\net6.0\System.Diagnostics.FileVersionInfo.dll".
             Başvuru, "{RawFileName}" arama yolu konumunda bulundu.
             En az bir kaynak öğesi için "Private" "false" olarak ayarlanmış olduğundan ve "Private", herhangi bir kaynak öğesi için "true" olarak ayarlanmış olmadığından bu başvuru "CopyLocal" değildir.
         Birincil başvuru: "System.Diagnostics.Process, Version=6.0.0.0, Culture=neutral, PublicKeyToken=b03f5f7f11d50a3a".
             Çözümlenmiş dosya yolu: "C:\Users\ayhan\.nuget\packages\microsoft.netcore.app.ref\6.0.36\ref\net6.0\System.Diagnostics.Process.dll".
             Başvuru, "{RawFileName}" arama yolu konumunda bulundu.
             En az bir kaynak öğesi için "Private" "false" olarak ayarlanmış olduğundan ve "Private", herhangi bir kaynak öğesi için "true" olarak ayarlanmış olmadığından bu başvuru "CopyLocal" değildir.
         Birincil başvuru: "System.Diagnostics.StackTrace, Version=6.0.0.0, Culture=neutral, PublicKeyToken=b03f5f7f11d50a3a".
             Çözümlenmiş dosya yolu: "C:\Users\ayhan\.nuget\packages\microsoft.netcore.app.ref\6.0.36\ref\net6.0\System.Diagnostics.StackTrace.dll".
             Başvuru, "{RawFileName}" arama yolu konumunda bulundu.
             En az bir kaynak öğesi için "Private" "false" olarak ayarlanmış olduğundan ve "Private", herhangi bir kaynak öğesi için "true" olarak ayarlanmış olmadığından bu başvuru "CopyLocal" değildir.
         Birincil başvuru: "System.Diagnostics.TextWriterTraceListener, Version=6.0.0.0, Culture=neutral, PublicKeyToken=b03f5f7f11d50a3a".
             Çözümlenmiş dosya yolu: "C:\Users\ayhan\.nuget\packages\microsoft.netcore.app.ref\6.0.36\ref\net6.0\System.Diagnostics.TextWriterTraceListener.dll".
             Başvuru, "{RawFileName}" arama yolu konumunda bulundu.
             En az bir kaynak öğesi için "Private" "false" olarak ayarlanmış olduğundan ve "Private", herhangi bir kaynak öğesi için "true" olarak ayarlanmış olmadığından bu başvuru "CopyLocal" değildir.
         Birincil başvuru: "System.Diagnostics.Tools, Version=6.0.0.0, Culture=neutral, PublicKeyToken=b03f5f7f11d50a3a".
             Çözümlenmiş dosya yolu: "C:\Users\ayhan\.nuget\packages\microsoft.netcore.app.ref\6.0.36\ref\net6.0\System.Diagnostics.Tools.dll".
             Başvuru, "{RawFileName}" arama yolu konumunda bulundu.
             En az bir kaynak öğesi için "Private" "false" olarak ayarlanmış olduğundan ve "Private", herhangi bir kaynak öğesi için "true" olarak ayarlanmış olmadığından bu başvuru "CopyLocal" değildir.
         Birincil başvuru: "System.Diagnostics.TraceSource, Version=6.0.0.0, Culture=neutral, PublicKeyToken=b03f5f7f11d50a3a".
             Çözümlenmiş dosya yolu: "C:\Users\ayhan\.nuget\packages\microsoft.netcore.app.ref\6.0.36\ref\net6.0\System.Diagnostics.TraceSource.dll".
             Başvuru, "{RawFileName}" arama yolu konumunda bulundu.
             En az bir kaynak öğesi için "Private" "false" olarak ayarlanmış olduğundan ve "Private", herhangi bir kaynak öğesi için "true" olarak ayarlanmış olmadığından bu başvuru "CopyLocal" değildir.
         Birincil başvuru: "System.Diagnostics.Tracing, Version=6.0.0.0, Culture=neutral, PublicKeyToken=b03f5f7f11d50a3a".
             Çözümlenmiş dosya yolu: "C:\Users\ayhan\.nuget\packages\microsoft.netcore.app.ref\6.0.36\ref\net6.0\System.Diagnostics.Tracing.dll".
             Başvuru, "{RawFileName}" arama yolu konumunda bulundu.
             En az bir kaynak öğesi için "Private" "false" olarak ayarlanmış olduğundan ve "Private", herhangi bir kaynak öğesi için "true" olarak ayarlanmış olmadığından bu başvuru "CopyLocal" değildir.
         Birincil başvuru: "System.Drawing.Primitives, Version=6.0.0.0, Culture=neutral, PublicKeyToken=b03f5f7f11d50a3a".
             Çözümlenmiş dosya yolu: "C:\Users\ayhan\.nuget\packages\microsoft.netcore.app.ref\6.0.36\ref\net6.0\System.Drawing.Primitives.dll".
             Başvuru, "{RawFileName}" arama yolu konumunda bulundu.
             En az bir kaynak öğesi için "Private" "false" olarak ayarlanmış olduğundan ve "Private", herhangi bir kaynak öğesi için "true" olarak ayarlanmış olmadığından bu başvuru "CopyLocal" değildir.
         Birincil başvuru: "System.Dynamic.Runtime, Version=6.0.0.0, Culture=neutral, PublicKeyToken=b03f5f7f11d50a3a".
             Çözümlenmiş dosya yolu: "C:\Users\ayhan\.nuget\packages\microsoft.netcore.app.ref\6.0.36\ref\net6.0\System.Dynamic.Runtime.dll".
             Başvuru, "{RawFileName}" arama yolu konumunda bulundu.
             En az bir kaynak öğesi için "Private" "false" olarak ayarlanmış olduğundan ve "Private", herhangi bir kaynak öğesi için "true" olarak ayarlanmış olmadığından bu başvuru "CopyLocal" değildir.
         Birincil başvuru: "System.Formats.Asn1, Version=6.0.0.0, Culture=neutral, PublicKeyToken=cc7b13ffcd2ddd51".
             Çözümlenmiş dosya yolu: "C:\Users\ayhan\.nuget\packages\microsoft.netcore.app.ref\6.0.36\ref\net6.0\System.Formats.Asn1.dll".
             Başvuru, "{RawFileName}" arama yolu konumunda bulundu.
             En az bir kaynak öğesi için "Private" "false" olarak ayarlanmış olduğundan ve "Private", herhangi bir kaynak öğesi için "true" olarak ayarlanmış olmadığından bu başvuru "CopyLocal" değildir.
         Birincil başvuru: "System.Globalization.Calendars, Version=6.0.0.0, Culture=neutral, PublicKeyToken=b03f5f7f11d50a3a".
             Çözümlenmiş dosya yolu: "C:\Users\ayhan\.nuget\packages\microsoft.netcore.app.ref\6.0.36\ref\net6.0\System.Globalization.Calendars.dll".
             Başvuru, "{RawFileName}" arama yolu konumunda bulundu.
             En az bir kaynak öğesi için "Private" "false" olarak ayarlanmış olduğundan ve "Private", herhangi bir kaynak öğesi için "true" olarak ayarlanmış olmadığından bu başvuru "CopyLocal" değildir.
         Birincil başvuru: "System.Globalization.Extensions, Version=6.0.0.0, Culture=neutral, PublicKeyToken=b03f5f7f11d50a3a".
             Çözümlenmiş dosya yolu: "C:\Users\ayhan\.nuget\packages\microsoft.netcore.app.ref\6.0.36\ref\net6.0\System.Globalization.Extensions.dll".
             Başvuru, "{RawFileName}" arama yolu konumunda bulundu.
             En az bir kaynak öğesi için "Private" "false" olarak ayarlanmış olduğundan ve "Private", herhangi bir kaynak öğesi için "true" olarak ayarlanmış olmadığından bu başvuru "CopyLocal" değildir.
         Birincil başvuru: "System.Globalization, Version=6.0.0.0, Culture=neutral, PublicKeyToken=b03f5f7f11d50a3a".
             Çözümlenmiş dosya yolu: "C:\Users\ayhan\.nuget\packages\microsoft.netcore.app.ref\6.0.36\ref\net6.0\System.Globalization.dll".
             Başvuru, "{RawFileName}" arama yolu konumunda bulundu.
             En az bir kaynak öğesi için "Private" "false" olarak ayarlanmış olduğundan ve "Private", herhangi bir kaynak öğesi için "true" olarak ayarlanmış olmadığından bu başvuru "CopyLocal" değildir.
         Birincil başvuru: "System.IO.Compression.Brotli, Version=6.0.0.0, Culture=neutral, PublicKeyToken=b77a5c561934e089".
             Çözümlenmiş dosya yolu: "C:\Users\ayhan\.nuget\packages\microsoft.netcore.app.ref\6.0.36\ref\net6.0\System.IO.Compression.Brotli.dll".
             Başvuru, "{RawFileName}" arama yolu konumunda bulundu.
             En az bir kaynak öğesi için "Private" "false" olarak ayarlanmış olduğundan ve "Private", herhangi bir kaynak öğesi için "true" olarak ayarlanmış olmadığından bu başvuru "CopyLocal" değildir.
         Birincil başvuru: "System.IO.Compression.FileSystem, Version=4.0.0.0, Culture=neutral, PublicKeyToken=b77a5c561934e089".
             Çözümlenmiş dosya yolu: "C:\Users\ayhan\.nuget\packages\microsoft.netcore.app.ref\6.0.36\ref\net6.0\System.IO.Compression.FileSystem.dll".
             Başvuru, "{RawFileName}" arama yolu konumunda bulundu.
             En az bir kaynak öğesi için "Private" "false" olarak ayarlanmış olduğundan ve "Private", herhangi bir kaynak öğesi için "true" olarak ayarlanmış olmadığından bu başvuru "CopyLocal" değildir.
         Birincil başvuru: "System.IO.Compression.ZipFile, Version=6.0.0.0, Culture=neutral, PublicKeyToken=b77a5c561934e089".
             Çözümlenmiş dosya yolu: "C:\Users\ayhan\.nuget\packages\microsoft.netcore.app.ref\6.0.36\ref\net6.0\System.IO.Compression.ZipFile.dll".
             Başvuru, "{RawFileName}" arama yolu konumunda bulundu.
             En az bir kaynak öğesi için "Private" "false" olarak ayarlanmış olduğundan ve "Private", herhangi bir kaynak öğesi için "true" olarak ayarlanmış olmadığından bu başvuru "CopyLocal" değildir.
         Birincil başvuru: "System.IO.Compression, Version=6.0.0.0, Culture=neutral, PublicKeyToken=b77a5c561934e089".
             Çözümlenmiş dosya yolu: "C:\Users\ayhan\.nuget\packages\microsoft.netcore.app.ref\6.0.36\ref\net6.0\System.IO.Compression.dll".
             Başvuru, "{RawFileName}" arama yolu konumunda bulundu.
             En az bir kaynak öğesi için "Private" "false" olarak ayarlanmış olduğundan ve "Private", herhangi bir kaynak öğesi için "true" olarak ayarlanmış olmadığından bu başvuru "CopyLocal" değildir.
         Birincil başvuru: "System.IO.FileSystem.AccessControl, Version=6.0.0.0, Culture=neutral, PublicKeyToken=b03f5f7f11d50a3a".
             Çözümlenmiş dosya yolu: "C:\Users\ayhan\.nuget\packages\microsoft.netcore.app.ref\6.0.36\ref\net6.0\System.IO.FileSystem.AccessControl.dll".
             Başvuru, "{RawFileName}" arama yolu konumunda bulundu.
             En az bir kaynak öğesi için "Private" "false" olarak ayarlanmış olduğundan ve "Private", herhangi bir kaynak öğesi için "true" olarak ayarlanmış olmadığından bu başvuru "CopyLocal" değildir.
         Birincil başvuru: "System.IO.FileSystem.DriveInfo, Version=6.0.0.0, Culture=neutral, PublicKeyToken=b03f5f7f11d50a3a".
             Çözümlenmiş dosya yolu: "C:\Users\ayhan\.nuget\packages\microsoft.netcore.app.ref\6.0.36\ref\net6.0\System.IO.FileSystem.DriveInfo.dll".
             Başvuru, "{RawFileName}" arama yolu konumunda bulundu.
             En az bir kaynak öğesi için "Private" "false" olarak ayarlanmış olduğundan ve "Private", herhangi bir kaynak öğesi için "true" olarak ayarlanmış olmadığından bu başvuru "CopyLocal" değildir.
         Birincil başvuru: "System.IO.FileSystem.Primitives, Version=6.0.0.0, Culture=neutral, PublicKeyToken=b03f5f7f11d50a3a".
             Çözümlenmiş dosya yolu: "C:\Users\ayhan\.nuget\packages\microsoft.netcore.app.ref\6.0.36\ref\net6.0\System.IO.FileSystem.Primitives.dll".
             Başvuru, "{RawFileName}" arama yolu konumunda bulundu.
             En az bir kaynak öğesi için "Private" "false" olarak ayarlanmış olduğundan ve "Private", herhangi bir kaynak öğesi için "true" olarak ayarlanmış olmadığından bu başvuru "CopyLocal" değildir.
         Birincil başvuru: "System.IO.FileSystem.Watcher, Version=6.0.0.0, Culture=neutral, PublicKeyToken=b03f5f7f11d50a3a".
             Çözümlenmiş dosya yolu: "C:\Users\ayhan\.nuget\packages\microsoft.netcore.app.ref\6.0.36\ref\net6.0\System.IO.FileSystem.Watcher.dll".
             Başvuru, "{RawFileName}" arama yolu konumunda bulundu.
             En az bir kaynak öğesi için "Private" "false" olarak ayarlanmış olduğundan ve "Private", herhangi bir kaynak öğesi için "true" olarak ayarlanmış olmadığından bu başvuru "CopyLocal" değildir.
         Birincil başvuru: "System.IO.FileSystem, Version=6.0.0.0, Culture=neutral, PublicKeyToken=b03f5f7f11d50a3a".
             Çözümlenmiş dosya yolu: "C:\Users\ayhan\.nuget\packages\microsoft.netcore.app.ref\6.0.36\ref\net6.0\System.IO.FileSystem.dll".
             Başvuru, "{RawFileName}" arama yolu konumunda bulundu.
             En az bir kaynak öğesi için "Private" "false" olarak ayarlanmış olduğundan ve "Private", herhangi bir kaynak öğesi için "true" olarak ayarlanmış olmadığından bu başvuru "CopyLocal" değildir.
         Birincil başvuru: "System.IO.IsolatedStorage, Version=6.0.0.0, Culture=neutral, PublicKeyToken=b03f5f7f11d50a3a".
             Çözümlenmiş dosya yolu: "C:\Users\ayhan\.nuget\packages\microsoft.netcore.app.ref\6.0.36\ref\net6.0\System.IO.IsolatedStorage.dll".
             Başvuru, "{RawFileName}" arama yolu konumunda bulundu.
             En az bir kaynak öğesi için "Private" "false" olarak ayarlanmış olduğundan ve "Private", herhangi bir kaynak öğesi için "true" olarak ayarlanmış olmadığından bu başvuru "CopyLocal" değildir.
         Birincil başvuru: "System.IO.MemoryMappedFiles, Version=6.0.0.0, Culture=neutral, PublicKeyToken=b03f5f7f11d50a3a".
             Çözümlenmiş dosya yolu: "C:\Users\ayhan\.nuget\packages\microsoft.netcore.app.ref\6.0.36\ref\net6.0\System.IO.MemoryMappedFiles.dll".
             Başvuru, "{RawFileName}" arama yolu konumunda bulundu.
             En az bir kaynak öğesi için "Private" "false" olarak ayarlanmış olduğundan ve "Private", herhangi bir kaynak öğesi için "true" olarak ayarlanmış olmadığından bu başvuru "CopyLocal" değildir.
         Birincil başvuru: "System.IO.Pipes.AccessControl, Version=6.0.0.0, Culture=neutral, PublicKeyToken=b03f5f7f11d50a3a".
             Çözümlenmiş dosya yolu: "C:\Users\ayhan\.nuget\packages\microsoft.netcore.app.ref\6.0.36\ref\net6.0\System.IO.Pipes.AccessControl.dll".
             Başvuru, "{RawFileName}" arama yolu konumunda bulundu.
             En az bir kaynak öğesi için "Private" "false" olarak ayarlanmış olduğundan ve "Private", herhangi bir kaynak öğesi için "true" olarak ayarlanmış olmadığından bu başvuru "CopyLocal" değildir.
         Birincil başvuru: "System.IO.Pipes, Version=6.0.0.0, Culture=neutral, PublicKeyToken=b03f5f7f11d50a3a".
             Çözümlenmiş dosya yolu: "C:\Users\ayhan\.nuget\packages\microsoft.netcore.app.ref\6.0.36\ref\net6.0\System.IO.Pipes.dll".
             Başvuru, "{RawFileName}" arama yolu konumunda bulundu.
             En az bir kaynak öğesi için "Private" "false" olarak ayarlanmış olduğundan ve "Private", herhangi bir kaynak öğesi için "true" olarak ayarlanmış olmadığından bu başvuru "CopyLocal" değildir.
         Birincil başvuru: "System.IO.UnmanagedMemoryStream, Version=6.0.0.0, Culture=neutral, PublicKeyToken=b03f5f7f11d50a3a".
             Çözümlenmiş dosya yolu: "C:\Users\ayhan\.nuget\packages\microsoft.netcore.app.ref\6.0.36\ref\net6.0\System.IO.UnmanagedMemoryStream.dll".
             Başvuru, "{RawFileName}" arama yolu konumunda bulundu.
             En az bir kaynak öğesi için "Private" "false" olarak ayarlanmış olduğundan ve "Private", herhangi bir kaynak öğesi için "true" olarak ayarlanmış olmadığından bu başvuru "CopyLocal" değildir.
         Birincil başvuru: "System.IO, Version=6.0.0.0, Culture=neutral, PublicKeyToken=b03f5f7f11d50a3a".
             Çözümlenmiş dosya yolu: "C:\Users\ayhan\.nuget\packages\microsoft.netcore.app.ref\6.0.36\ref\net6.0\System.IO.dll".
             Başvuru, "{RawFileName}" arama yolu konumunda bulundu.
             En az bir kaynak öğesi için "Private" "false" olarak ayarlanmış olduğundan ve "Private", herhangi bir kaynak öğesi için "true" olarak ayarlanmış olmadığından bu başvuru "CopyLocal" değildir.
         Birincil başvuru: "System.Linq.Expressions, Version=6.0.0.0, Culture=neutral, PublicKeyToken=b03f5f7f11d50a3a".
             Çözümlenmiş dosya yolu: "C:\Users\ayhan\.nuget\packages\microsoft.netcore.app.ref\6.0.36\ref\net6.0\System.Linq.Expressions.dll".
             Başvuru, "{RawFileName}" arama yolu konumunda bulundu.
             En az bir kaynak öğesi için "Private" "false" olarak ayarlanmış olduğundan ve "Private", herhangi bir kaynak öğesi için "true" olarak ayarlanmış olmadığından bu başvuru "CopyLocal" değildir.
         Birincil başvuru: "System.Linq.Parallel, Version=6.0.0.0, Culture=neutral, PublicKeyToken=b03f5f7f11d50a3a".
             Çözümlenmiş dosya yolu: "C:\Users\ayhan\.nuget\packages\microsoft.netcore.app.ref\6.0.36\ref\net6.0\System.Linq.Parallel.dll".
             Başvuru, "{RawFileName}" arama yolu konumunda bulundu.
             En az bir kaynak öğesi için "Private" "false" olarak ayarlanmış olduğundan ve "Private", herhangi bir kaynak öğesi için "true" olarak ayarlanmış olmadığından bu başvuru "CopyLocal" değildir.
         Birincil başvuru: "System.Linq.Queryable, Version=6.0.0.0, Culture=neutral, PublicKeyToken=b03f5f7f11d50a3a".
             Çözümlenmiş dosya yolu: "C:\Users\ayhan\.nuget\packages\microsoft.netcore.app.ref\6.0.36\ref\net6.0\System.Linq.Queryable.dll".
             Başvuru, "{RawFileName}" arama yolu konumunda bulundu.
             En az bir kaynak öğesi için "Private" "false" olarak ayarlanmış olduğundan ve "Private", herhangi bir kaynak öğesi için "true" olarak ayarlanmış olmadığından bu başvuru "CopyLocal" değildir.
         Birincil başvuru: "System.Linq, Version=6.0.0.0, Culture=neutral, PublicKeyToken=b03f5f7f11d50a3a".
             Çözümlenmiş dosya yolu: "C:\Users\ayhan\.nuget\packages\microsoft.netcore.app.ref\6.0.36\ref\net6.0\System.Linq.dll".
             Başvuru, "{RawFileName}" arama yolu konumunda bulundu.
             En az bir kaynak öğesi için "Private" "false" olarak ayarlanmış olduğundan ve "Private", herhangi bir kaynak öğesi için "true" olarak ayarlanmış olmadığından bu başvuru "CopyLocal" değildir.
         Birincil başvuru: "System.Memory, Version=6.0.0.0, Culture=neutral, PublicKeyToken=cc7b13ffcd2ddd51".
             Çözümlenmiş dosya yolu: "C:\Users\ayhan\.nuget\packages\microsoft.netcore.app.ref\6.0.36\ref\net6.0\System.Memory.dll".
             Başvuru, "{RawFileName}" arama yolu konumunda bulundu.
             En az bir kaynak öğesi için "Private" "false" olarak ayarlanmış olduğundan ve "Private", herhangi bir kaynak öğesi için "true" olarak ayarlanmış olmadığından bu başvuru "CopyLocal" değildir.
         Birincil başvuru: "System.Net.Http.Json, Version=6.0.0.0, Culture=neutral, PublicKeyToken=cc7b13ffcd2ddd51".
             Çözümlenmiş dosya yolu: "C:\Users\ayhan\.nuget\packages\microsoft.netcore.app.ref\6.0.36\ref\net6.0\System.Net.Http.Json.dll".
             Başvuru, "{RawFileName}" arama yolu konumunda bulundu.
             En az bir kaynak öğesi için "Private" "false" olarak ayarlanmış olduğundan ve "Private", herhangi bir kaynak öğesi için "true" olarak ayarlanmış olmadığından bu başvuru "CopyLocal" değildir.
         Birincil başvuru: "System.Net.Http, Version=6.0.0.0, Culture=neutral, PublicKeyToken=b03f5f7f11d50a3a".
             Çözümlenmiş dosya yolu: "C:\Users\ayhan\.nuget\packages\microsoft.netcore.app.ref\6.0.36\ref\net6.0\System.Net.Http.dll".
             Başvuru, "{RawFileName}" arama yolu konumunda bulundu.
             En az bir kaynak öğesi için "Private" "false" olarak ayarlanmış olduğundan ve "Private", herhangi bir kaynak öğesi için "true" olarak ayarlanmış olmadığından bu başvuru "CopyLocal" değildir.
         Birincil başvuru: "System.Net.HttpListener, Version=6.0.0.0, Culture=neutral, PublicKeyToken=cc7b13ffcd2ddd51".
             Çözümlenmiş dosya yolu: "C:\Users\ayhan\.nuget\packages\microsoft.netcore.app.ref\6.0.36\ref\net6.0\System.Net.HttpListener.dll".
             Başvuru, "{RawFileName}" arama yolu konumunda bulundu.
             En az bir kaynak öğesi için "Private" "false" olarak ayarlanmış olduğundan ve "Private", herhangi bir kaynak öğesi için "true" olarak ayarlanmış olmadığından bu başvuru "CopyLocal" değildir.
         Birincil başvuru: "System.Net.Mail, Version=6.0.0.0, Culture=neutral, PublicKeyToken=cc7b13ffcd2ddd51".
             Çözümlenmiş dosya yolu: "C:\Users\ayhan\.nuget\packages\microsoft.netcore.app.ref\6.0.36\ref\net6.0\System.Net.Mail.dll".
             Başvuru, "{RawFileName}" arama yolu konumunda bulundu.
             En az bir kaynak öğesi için "Private" "false" olarak ayarlanmış olduğundan ve "Private", herhangi bir kaynak öğesi için "true" olarak ayarlanmış olmadığından bu başvuru "CopyLocal" değildir.
         Birincil başvuru: "System.Net.NameResolution, Version=6.0.0.0, Culture=neutral, PublicKeyToken=b03f5f7f11d50a3a".
             Çözümlenmiş dosya yolu: "C:\Users\ayhan\.nuget\packages\microsoft.netcore.app.ref\6.0.36\ref\net6.0\System.Net.NameResolution.dll".
             Başvuru, "{RawFileName}" arama yolu konumunda bulundu.
             En az bir kaynak öğesi için "Private" "false" olarak ayarlanmış olduğundan ve "Private", herhangi bir kaynak öğesi için "true" olarak ayarlanmış olmadığından bu başvuru "CopyLocal" değildir.
         Birincil başvuru: "System.Net.NetworkInformation, Version=6.0.0.0, Culture=neutral, PublicKeyToken=b03f5f7f11d50a3a".
             Çözümlenmiş dosya yolu: "C:\Users\ayhan\.nuget\packages\microsoft.netcore.app.ref\6.0.36\ref\net6.0\System.Net.NetworkInformation.dll".
             Başvuru, "{RawFileName}" arama yolu konumunda bulundu.
             En az bir kaynak öğesi için "Private" "false" olarak ayarlanmış olduğundan ve "Private", herhangi bir kaynak öğesi için "true" olarak ayarlanmış olmadığından bu başvuru "CopyLocal" değildir.
         Birincil başvuru: "System.Net.Ping, Version=6.0.0.0, Culture=neutral, PublicKeyToken=b03f5f7f11d50a3a".
             Çözümlenmiş dosya yolu: "C:\Users\ayhan\.nuget\packages\microsoft.netcore.app.ref\6.0.36\ref\net6.0\System.Net.Ping.dll".
             Başvuru, "{RawFileName}" arama yolu konumunda bulundu.
             En az bir kaynak öğesi için "Private" "false" olarak ayarlanmış olduğundan ve "Private", herhangi bir kaynak öğesi için "true" olarak ayarlanmış olmadığından bu başvuru "CopyLocal" değildir.
         Birincil başvuru: "System.Net.Primitives, Version=6.0.0.0, Culture=neutral, PublicKeyToken=b03f5f7f11d50a3a".
             Çözümlenmiş dosya yolu: "C:\Users\ayhan\.nuget\packages\microsoft.netcore.app.ref\6.0.36\ref\net6.0\System.Net.Primitives.dll".
             Başvuru, "{RawFileName}" arama yolu konumunda bulundu.
             En az bir kaynak öğesi için "Private" "false" olarak ayarlanmış olduğundan ve "Private", herhangi bir kaynak öğesi için "true" olarak ayarlanmış olmadığından bu başvuru "CopyLocal" değildir.
         Birincil başvuru: "System.Net.Requests, Version=6.0.0.0, Culture=neutral, PublicKeyToken=b03f5f7f11d50a3a".
             Çözümlenmiş dosya yolu: "C:\Users\ayhan\.nuget\packages\microsoft.netcore.app.ref\6.0.36\ref\net6.0\System.Net.Requests.dll".
             Başvuru, "{RawFileName}" arama yolu konumunda bulundu.
             En az bir kaynak öğesi için "Private" "false" olarak ayarlanmış olduğundan ve "Private", herhangi bir kaynak öğesi için "true" olarak ayarlanmış olmadığından bu başvuru "CopyLocal" değildir.
         Birincil başvuru: "System.Net.Security, Version=6.0.0.0, Culture=neutral, PublicKeyToken=b03f5f7f11d50a3a".
             Çözümlenmiş dosya yolu: "C:\Users\ayhan\.nuget\packages\microsoft.netcore.app.ref\6.0.36\ref\net6.0\System.Net.Security.dll".
             Başvuru, "{RawFileName}" arama yolu konumunda bulundu.
             En az bir kaynak öğesi için "Private" "false" olarak ayarlanmış olduğundan ve "Private", herhangi bir kaynak öğesi için "true" olarak ayarlanmış olmadığından bu başvuru "CopyLocal" değildir.
         Birincil başvuru: "System.Net.ServicePoint, Version=6.0.0.0, Culture=neutral, PublicKeyToken=cc7b13ffcd2ddd51".
             Çözümlenmiş dosya yolu: "C:\Users\ayhan\.nuget\packages\microsoft.netcore.app.ref\6.0.36\ref\net6.0\System.Net.ServicePoint.dll".
             Başvuru, "{RawFileName}" arama yolu konumunda bulundu.
             En az bir kaynak öğesi için "Private" "false" olarak ayarlanmış olduğundan ve "Private", herhangi bir kaynak öğesi için "true" olarak ayarlanmış olmadığından bu başvuru "CopyLocal" değildir.
         Birincil başvuru: "System.Net.Sockets, Version=6.0.0.0, Culture=neutral, PublicKeyToken=b03f5f7f11d50a3a".
             Çözümlenmiş dosya yolu: "C:\Users\ayhan\.nuget\packages\microsoft.netcore.app.ref\6.0.36\ref\net6.0\System.Net.Sockets.dll".
             Başvuru, "{RawFileName}" arama yolu konumunda bulundu.
             En az bir kaynak öğesi için "Private" "false" olarak ayarlanmış olduğundan ve "Private", herhangi bir kaynak öğesi için "true" olarak ayarlanmış olmadığından bu başvuru "CopyLocal" değildir.
         Birincil başvuru: "System.Net.WebClient, Version=6.0.0.0, Culture=neutral, PublicKeyToken=cc7b13ffcd2ddd51".
             Çözümlenmiş dosya yolu: "C:\Users\ayhan\.nuget\packages\microsoft.netcore.app.ref\6.0.36\ref\net6.0\System.Net.WebClient.dll".
             Başvuru, "{RawFileName}" arama yolu konumunda bulundu.
             En az bir kaynak öğesi için "Private" "false" olarak ayarlanmış olduğundan ve "Private", herhangi bir kaynak öğesi için "true" olarak ayarlanmış olmadığından bu başvuru "CopyLocal" değildir.
         Birincil başvuru: "System.Net.WebHeaderCollection, Version=6.0.0.0, Culture=neutral, PublicKeyToken=b03f5f7f11d50a3a".
             Çözümlenmiş dosya yolu: "C:\Users\ayhan\.nuget\packages\microsoft.netcore.app.ref\6.0.36\ref\net6.0\System.Net.WebHeaderCollection.dll".
             Başvuru, "{RawFileName}" arama yolu konumunda bulundu.
             En az bir kaynak öğesi için "Private" "false" olarak ayarlanmış olduğundan ve "Private", herhangi bir kaynak öğesi için "true" olarak ayarlanmış olmadığından bu başvuru "CopyLocal" değildir.
         Birincil başvuru: "System.Net.WebProxy, Version=6.0.0.0, Culture=neutral, PublicKeyToken=cc7b13ffcd2ddd51".
             Çözümlenmiş dosya yolu: "C:\Users\ayhan\.nuget\packages\microsoft.netcore.app.ref\6.0.36\ref\net6.0\System.Net.WebProxy.dll".
             Başvuru, "{RawFileName}" arama yolu konumunda bulundu.
             En az bir kaynak öğesi için "Private" "false" olarak ayarlanmış olduğundan ve "Private", herhangi bir kaynak öğesi için "true" olarak ayarlanmış olmadığından bu başvuru "CopyLocal" değildir.
         Birincil başvuru: "System.Net.WebSockets.Client, Version=6.0.0.0, Culture=neutral, PublicKeyToken=b03f5f7f11d50a3a".
             Çözümlenmiş dosya yolu: "C:\Users\ayhan\.nuget\packages\microsoft.netcore.app.ref\6.0.36\ref\net6.0\System.Net.WebSockets.Client.dll".
             Başvuru, "{RawFileName}" arama yolu konumunda bulundu.
             En az bir kaynak öğesi için "Private" "false" olarak ayarlanmış olduğundan ve "Private", herhangi bir kaynak öğesi için "true" olarak ayarlanmış olmadığından bu başvuru "CopyLocal" değildir.
         Birincil başvuru: "System.Net.WebSockets, Version=6.0.0.0, Culture=neutral, PublicKeyToken=b03f5f7f11d50a3a".
             Çözümlenmiş dosya yolu: "C:\Users\ayhan\.nuget\packages\microsoft.netcore.app.ref\6.0.36\ref\net6.0\System.Net.WebSockets.dll".
             Başvuru, "{RawFileName}" arama yolu konumunda bulundu.
             En az bir kaynak öğesi için "Private" "false" olarak ayarlanmış olduğundan ve "Private", herhangi bir kaynak öğesi için "true" olarak ayarlanmış olmadığından bu başvuru "CopyLocal" değildir.
         Birincil başvuru: "System.Net, Version=4.0.0.0, Culture=neutral, PublicKeyToken=b03f5f7f11d50a3a".
             Çözümlenmiş dosya yolu: "C:\Users\ayhan\.nuget\packages\microsoft.netcore.app.ref\6.0.36\ref\net6.0\System.Net.dll".
             Başvuru, "{RawFileName}" arama yolu konumunda bulundu.
             En az bir kaynak öğesi için "Private" "false" olarak ayarlanmış olduğundan ve "Private", herhangi bir kaynak öğesi için "true" olarak ayarlanmış olmadığından bu başvuru "CopyLocal" değildir.
         Birincil başvuru: "System.Numerics.Vectors, Version=6.0.0.0, Culture=neutral, PublicKeyToken=b03f5f7f11d50a3a".
             Çözümlenmiş dosya yolu: "C:\Users\ayhan\.nuget\packages\microsoft.netcore.app.ref\6.0.36\ref\net6.0\System.Numerics.Vectors.dll".
             Başvuru, "{RawFileName}" arama yolu konumunda bulundu.
             En az bir kaynak öğesi için "Private" "false" olarak ayarlanmış olduğundan ve "Private", herhangi bir kaynak öğesi için "true" olarak ayarlanmış olmadığından bu başvuru "CopyLocal" değildir.
         Birincil başvuru: "System.Numerics, Version=4.0.0.0, Culture=neutral, PublicKeyToken=b77a5c561934e089".
             Çözümlenmiş dosya yolu: "C:\Users\ayhan\.nuget\packages\microsoft.netcore.app.ref\6.0.36\ref\net6.0\System.Numerics.dll".
             Başvuru, "{RawFileName}" arama yolu konumunda bulundu.
             En az bir kaynak öğesi için "Private" "false" olarak ayarlanmış olduğundan ve "Private", herhangi bir kaynak öğesi için "true" olarak ayarlanmış olmadığından bu başvuru "CopyLocal" değildir.
         Birincil başvuru: "System.ObjectModel, Version=6.0.0.0, Culture=neutral, PublicKeyToken=b03f5f7f11d50a3a".
             Çözümlenmiş dosya yolu: "C:\Users\ayhan\.nuget\packages\microsoft.netcore.app.ref\6.0.36\ref\net6.0\System.ObjectModel.dll".
             Başvuru, "{RawFileName}" arama yolu konumunda bulundu.
             En az bir kaynak öğesi için "Private" "false" olarak ayarlanmış olduğundan ve "Private", herhangi bir kaynak öğesi için "true" olarak ayarlanmış olmadığından bu başvuru "CopyLocal" değildir.
         Birincil başvuru: "System.Reflection.DispatchProxy, Version=6.0.0.0, Culture=neutral, PublicKeyToken=b03f5f7f11d50a3a".
             Çözümlenmiş dosya yolu: "C:\Users\ayhan\.nuget\packages\microsoft.netcore.app.ref\6.0.36\ref\net6.0\System.Reflection.DispatchProxy.dll".
             Başvuru, "{RawFileName}" arama yolu konumunda bulundu.
             En az bir kaynak öğesi için "Private" "false" olarak ayarlanmış olduğundan ve "Private", herhangi bir kaynak öğesi için "true" olarak ayarlanmış olmadığından bu başvuru "CopyLocal" değildir.
         Birincil başvuru: "System.Reflection.Emit.ILGeneration, Version=6.0.0.0, Culture=neutral, PublicKeyToken=b03f5f7f11d50a3a".
             Çözümlenmiş dosya yolu: "C:\Users\ayhan\.nuget\packages\microsoft.netcore.app.ref\6.0.36\ref\net6.0\System.Reflection.Emit.ILGeneration.dll".
             Başvuru, "{RawFileName}" arama yolu konumunda bulundu.
             En az bir kaynak öğesi için "Private" "false" olarak ayarlanmış olduğundan ve "Private", herhangi bir kaynak öğesi için "true" olarak ayarlanmış olmadığından bu başvuru "CopyLocal" değildir.
         Birincil başvuru: "System.Reflection.Emit.Lightweight, Version=6.0.0.0, Culture=neutral, PublicKeyToken=b03f5f7f11d50a3a".
             Çözümlenmiş dosya yolu: "C:\Users\ayhan\.nuget\packages\microsoft.netcore.app.ref\6.0.36\ref\net6.0\System.Reflection.Emit.Lightweight.dll".
             Başvuru, "{RawFileName}" arama yolu konumunda bulundu.
             En az bir kaynak öğesi için "Private" "false" olarak ayarlanmış olduğundan ve "Private", herhangi bir kaynak öğesi için "true" olarak ayarlanmış olmadığından bu başvuru "CopyLocal" değildir.
         Birincil başvuru: "System.Reflection.Emit, Version=6.0.0.0, Culture=neutral, PublicKeyToken=b03f5f7f11d50a3a".
             Çözümlenmiş dosya yolu: "C:\Users\ayhan\.nuget\packages\microsoft.netcore.app.ref\6.0.36\ref\net6.0\System.Reflection.Emit.dll".
             Başvuru, "{RawFileName}" arama yolu konumunda bulundu.
             En az bir kaynak öğesi için "Private" "false" olarak ayarlanmış olduğundan ve "Private", herhangi bir kaynak öğesi için "true" olarak ayarlanmış olmadığından bu başvuru "CopyLocal" değildir.
         Birincil başvuru: "System.Reflection.Extensions, Version=6.0.0.0, Culture=neutral, PublicKeyToken=b03f5f7f11d50a3a".
             Çözümlenmiş dosya yolu: "C:\Users\ayhan\.nuget\packages\microsoft.netcore.app.ref\6.0.36\ref\net6.0\System.Reflection.Extensions.dll".
             Başvuru, "{RawFileName}" arama yolu konumunda bulundu.
             En az bir kaynak öğesi için "Private" "false" olarak ayarlanmış olduğundan ve "Private", herhangi bir kaynak öğesi için "true" olarak ayarlanmış olmadığından bu başvuru "CopyLocal" değildir.
         Birincil başvuru: "System.Reflection.Metadata, Version=6.0.0.0, Culture=neutral, PublicKeyToken=b03f5f7f11d50a3a".
             Çözümlenmiş dosya yolu: "C:\Users\ayhan\.nuget\packages\microsoft.netcore.app.ref\6.0.36\ref\net6.0\System.Reflection.Metadata.dll".
             Başvuru, "{RawFileName}" arama yolu konumunda bulundu.
             En az bir kaynak öğesi için "Private" "false" olarak ayarlanmış olduğundan ve "Private", herhangi bir kaynak öğesi için "true" olarak ayarlanmış olmadığından bu başvuru "CopyLocal" değildir.
         Birincil başvuru: "System.Reflection.Primitives, Version=6.0.0.0, Culture=neutral, PublicKeyToken=b03f5f7f11d50a3a".
             Çözümlenmiş dosya yolu: "C:\Users\ayhan\.nuget\packages\microsoft.netcore.app.ref\6.0.36\ref\net6.0\System.Reflection.Primitives.dll".
             Başvuru, "{RawFileName}" arama yolu konumunda bulundu.
             En az bir kaynak öğesi için "Private" "false" olarak ayarlanmış olduğundan ve "Private", herhangi bir kaynak öğesi için "true" olarak ayarlanmış olmadığından bu başvuru "CopyLocal" değildir.
         Birincil başvuru: "System.Reflection.TypeExtensions, Version=6.0.0.0, Culture=neutral, PublicKeyToken=b03f5f7f11d50a3a".
             Çözümlenmiş dosya yolu: "C:\Users\ayhan\.nuget\packages\microsoft.netcore.app.ref\6.0.36\ref\net6.0\System.Reflection.TypeExtensions.dll".
             Başvuru, "{RawFileName}" arama yolu konumunda bulundu.
             En az bir kaynak öğesi için "Private" "false" olarak ayarlanmış olduğundan ve "Private", herhangi bir kaynak öğesi için "true" olarak ayarlanmış olmadığından bu başvuru "CopyLocal" değildir.
         Birincil başvuru: "System.Reflection, Version=6.0.0.0, Culture=neutral, PublicKeyToken=b03f5f7f11d50a3a".
             Çözümlenmiş dosya yolu: "C:\Users\ayhan\.nuget\packages\microsoft.netcore.app.ref\6.0.36\ref\net6.0\System.Reflection.dll".
             Başvuru, "{RawFileName}" arama yolu konumunda bulundu.
             En az bir kaynak öğesi için "Private" "false" olarak ayarlanmış olduğundan ve "Private", herhangi bir kaynak öğesi için "true" olarak ayarlanmış olmadığından bu başvuru "CopyLocal" değildir.
         Birincil başvuru: "System.Resources.Reader, Version=6.0.0.0, Culture=neutral, PublicKeyToken=b03f5f7f11d50a3a".
             Çözümlenmiş dosya yolu: "C:\Users\ayhan\.nuget\packages\microsoft.netcore.app.ref\6.0.36\ref\net6.0\System.Resources.Reader.dll".
             Başvuru, "{RawFileName}" arama yolu konumunda bulundu.
             En az bir kaynak öğesi için "Private" "false" olarak ayarlanmış olduğundan ve "Private", herhangi bir kaynak öğesi için "true" olarak ayarlanmış olmadığından bu başvuru "CopyLocal" değildir.
         Birincil başvuru: "System.Resources.ResourceManager, Version=6.0.0.0, Culture=neutral, PublicKeyToken=b03f5f7f11d50a3a".
             Çözümlenmiş dosya yolu: "C:\Users\ayhan\.nuget\packages\microsoft.netcore.app.ref\6.0.36\ref\net6.0\System.Resources.ResourceManager.dll".
             Başvuru, "{RawFileName}" arama yolu konumunda bulundu.
             En az bir kaynak öğesi için "Private" "false" olarak ayarlanmış olduğundan ve "Private", herhangi bir kaynak öğesi için "true" olarak ayarlanmış olmadığından bu başvuru "CopyLocal" değildir.
         Birincil başvuru: "System.Resources.Writer, Version=6.0.0.0, Culture=neutral, PublicKeyToken=b03f5f7f11d50a3a".
             Çözümlenmiş dosya yolu: "C:\Users\ayhan\.nuget\packages\microsoft.netcore.app.ref\6.0.36\ref\net6.0\System.Resources.Writer.dll".
             Başvuru, "{RawFileName}" arama yolu konumunda bulundu.
             En az bir kaynak öğesi için "Private" "false" olarak ayarlanmış olduğundan ve "Private", herhangi bir kaynak öğesi için "true" olarak ayarlanmış olmadığından bu başvuru "CopyLocal" değildir.
         Birincil başvuru: "System.Runtime.CompilerServices.Unsafe, Version=6.0.0.0, Culture=neutral, PublicKeyToken=b03f5f7f11d50a3a".
             Çözümlenmiş dosya yolu: "C:\Users\ayhan\.nuget\packages\microsoft.netcore.app.ref\6.0.36\ref\net6.0\System.Runtime.CompilerServices.Unsafe.dll".
             Başvuru, "{RawFileName}" arama yolu konumunda bulundu.
             En az bir kaynak öğesi için "Private" "false" olarak ayarlanmış olduğundan ve "Private", herhangi bir kaynak öğesi için "true" olarak ayarlanmış olmadığından bu başvuru "CopyLocal" değildir.
         Birincil başvuru: "System.Runtime.CompilerServices.VisualC, Version=6.0.0.0, Culture=neutral, PublicKeyToken=b03f5f7f11d50a3a".
             Çözümlenmiş dosya yolu: "C:\Users\ayhan\.nuget\packages\microsoft.netcore.app.ref\6.0.36\ref\net6.0\System.Runtime.CompilerServices.VisualC.dll".
             Başvuru, "{RawFileName}" arama yolu konumunda bulundu.
             En az bir kaynak öğesi için "Private" "false" olarak ayarlanmış olduğundan ve "Private", herhangi bir kaynak öğesi için "true" olarak ayarlanmış olmadığından bu başvuru "CopyLocal" değildir.
         Birincil başvuru: "System.Runtime.Extensions, Version=6.0.0.0, Culture=neutral, PublicKeyToken=b03f5f7f11d50a3a".
             Çözümlenmiş dosya yolu: "C:\Users\ayhan\.nuget\packages\microsoft.netcore.app.ref\6.0.36\ref\net6.0\System.Runtime.Extensions.dll".
             Başvuru, "{RawFileName}" arama yolu konumunda bulundu.
             En az bir kaynak öğesi için "Private" "false" olarak ayarlanmış olduğundan ve "Private", herhangi bir kaynak öğesi için "true" olarak ayarlanmış olmadığından bu başvuru "CopyLocal" değildir.
         Birincil başvuru: "System.Runtime.Handles, Version=6.0.0.0, Culture=neutral, PublicKeyToken=b03f5f7f11d50a3a".
             Çözümlenmiş dosya yolu: "C:\Users\ayhan\.nuget\packages\microsoft.netcore.app.ref\6.0.36\ref\net6.0\System.Runtime.Handles.dll".
             Başvuru, "{RawFileName}" arama yolu konumunda bulundu.
             En az bir kaynak öğesi için "Private" "false" olarak ayarlanmış olduğundan ve "Private", herhangi bir kaynak öğesi için "true" olarak ayarlanmış olmadığından bu başvuru "CopyLocal" değildir.
         Birincil başvuru: "System.Runtime.InteropServices.RuntimeInformation, Version=6.0.0.0, Culture=neutral, PublicKeyToken=b03f5f7f11d50a3a".
             Çözümlenmiş dosya yolu: "C:\Users\ayhan\.nuget\packages\microsoft.netcore.app.ref\6.0.36\ref\net6.0\System.Runtime.InteropServices.RuntimeInformation.dll".
             Başvuru, "{RawFileName}" arama yolu konumunda bulundu.
             En az bir kaynak öğesi için "Private" "false" olarak ayarlanmış olduğundan ve "Private", herhangi bir kaynak öğesi için "true" olarak ayarlanmış olmadığından bu başvuru "CopyLocal" değildir.
         Birincil başvuru: "System.Runtime.InteropServices, Version=6.0.0.0, Culture=neutral, PublicKeyToken=b03f5f7f11d50a3a".
             Çözümlenmiş dosya yolu: "C:\Users\ayhan\.nuget\packages\microsoft.netcore.app.ref\6.0.36\ref\net6.0\System.Runtime.InteropServices.dll".
             Başvuru, "{RawFileName}" arama yolu konumunda bulundu.
             En az bir kaynak öğesi için "Private" "false" olarak ayarlanmış olduğundan ve "Private", herhangi bir kaynak öğesi için "true" olarak ayarlanmış olmadığından bu başvuru "CopyLocal" değildir.
         Birincil başvuru: "System.Runtime.Intrinsics, Version=6.0.0.0, Culture=neutral, PublicKeyToken=cc7b13ffcd2ddd51".
             Çözümlenmiş dosya yolu: "C:\Users\ayhan\.nuget\packages\microsoft.netcore.app.ref\6.0.36\ref\net6.0\System.Runtime.Intrinsics.dll".
             Başvuru, "{RawFileName}" arama yolu konumunda bulundu.
             En az bir kaynak öğesi için "Private" "false" olarak ayarlanmış olduğundan ve "Private", herhangi bir kaynak öğesi için "true" olarak ayarlanmış olmadığından bu başvuru "CopyLocal" değildir.
         Birincil başvuru: "System.Runtime.Loader, Version=6.0.0.0, Culture=neutral, PublicKeyToken=b03f5f7f11d50a3a".
             Çözümlenmiş dosya yolu: "C:\Users\ayhan\.nuget\packages\microsoft.netcore.app.ref\6.0.36\ref\net6.0\System.Runtime.Loader.dll".
             Başvuru, "{RawFileName}" arama yolu konumunda bulundu.
             En az bir kaynak öğesi için "Private" "false" olarak ayarlanmış olduğundan ve "Private", herhangi bir kaynak öğesi için "true" olarak ayarlanmış olmadığından bu başvuru "CopyLocal" değildir.
         Birincil başvuru: "System.Runtime.Numerics, Version=6.0.0.0, Culture=neutral, PublicKeyToken=b03f5f7f11d50a3a".
             Çözümlenmiş dosya yolu: "C:\Users\ayhan\.nuget\packages\microsoft.netcore.app.ref\6.0.36\ref\net6.0\System.Runtime.Numerics.dll".
             Başvuru, "{RawFileName}" arama yolu konumunda bulundu.
             En az bir kaynak öğesi için "Private" "false" olarak ayarlanmış olduğundan ve "Private", herhangi bir kaynak öğesi için "true" olarak ayarlanmış olmadığından bu başvuru "CopyLocal" değildir.
         Birincil başvuru: "System.Runtime.Serialization.Formatters, Version=6.0.0.0, Culture=neutral, PublicKeyToken=b03f5f7f11d50a3a".
             Çözümlenmiş dosya yolu: "C:\Users\ayhan\.nuget\packages\microsoft.netcore.app.ref\6.0.36\ref\net6.0\System.Runtime.Serialization.Formatters.dll".
             Başvuru, "{RawFileName}" arama yolu konumunda bulundu.
             En az bir kaynak öğesi için "Private" "false" olarak ayarlanmış olduğundan ve "Private", herhangi bir kaynak öğesi için "true" olarak ayarlanmış olmadığından bu başvuru "CopyLocal" değildir.
         Birincil başvuru: "System.Runtime.Serialization.Json, Version=6.0.0.0, Culture=neutral, PublicKeyToken=b03f5f7f11d50a3a".
             Çözümlenmiş dosya yolu: "C:\Users\ayhan\.nuget\packages\microsoft.netcore.app.ref\6.0.36\ref\net6.0\System.Runtime.Serialization.Json.dll".
             Başvuru, "{RawFileName}" arama yolu konumunda bulundu.
             En az bir kaynak öğesi için "Private" "false" olarak ayarlanmış olduğundan ve "Private", herhangi bir kaynak öğesi için "true" olarak ayarlanmış olmadığından bu başvuru "CopyLocal" değildir.
         Birincil başvuru: "System.Runtime.Serialization.Primitives, Version=6.0.0.0, Culture=neutral, PublicKeyToken=b03f5f7f11d50a3a".
             Çözümlenmiş dosya yolu: "C:\Users\ayhan\.nuget\packages\microsoft.netcore.app.ref\6.0.36\ref\net6.0\System.Runtime.Serialization.Primitives.dll".
             Başvuru, "{RawFileName}" arama yolu konumunda bulundu.
             En az bir kaynak öğesi için "Private" "false" olarak ayarlanmış olduğundan ve "Private", herhangi bir kaynak öğesi için "true" olarak ayarlanmış olmadığından bu başvuru "CopyLocal" değildir.
         Birincil başvuru: "System.Runtime.Serialization.Xml, Version=6.0.0.0, Culture=neutral, PublicKeyToken=b03f5f7f11d50a3a".
             Çözümlenmiş dosya yolu: "C:\Users\ayhan\.nuget\packages\microsoft.netcore.app.ref\6.0.36\ref\net6.0\System.Runtime.Serialization.Xml.dll".
             Başvuru, "{RawFileName}" arama yolu konumunda bulundu.
             En az bir kaynak öğesi için "Private" "false" olarak ayarlanmış olduğundan ve "Private", herhangi bir kaynak öğesi için "true" olarak ayarlanmış olmadığından bu başvuru "CopyLocal" değildir.
         Birincil başvuru: "System.Runtime.Serialization, Version=4.0.0.0, Culture=neutral, PublicKeyToken=b77a5c561934e089".
             Çözümlenmiş dosya yolu: "C:\Users\ayhan\.nuget\packages\microsoft.netcore.app.ref\6.0.36\ref\net6.0\System.Runtime.Serialization.dll".
             Başvuru, "{RawFileName}" arama yolu konumunda bulundu.
             En az bir kaynak öğesi için "Private" "false" olarak ayarlanmış olduğundan ve "Private", herhangi bir kaynak öğesi için "true" olarak ayarlanmış olmadığından bu başvuru "CopyLocal" değildir.
         Birincil başvuru: "System.Runtime, Version=6.0.0.0, Culture=neutral, PublicKeyToken=b03f5f7f11d50a3a".
             Çözümlenmiş dosya yolu: "C:\Users\ayhan\.nuget\packages\microsoft.netcore.app.ref\6.0.36\ref\net6.0\System.Runtime.dll".
             Başvuru, "{RawFileName}" arama yolu konumunda bulundu.
             En az bir kaynak öğesi için "Private" "false" olarak ayarlanmış olduğundan ve "Private", herhangi bir kaynak öğesi için "true" olarak ayarlanmış olmadığından bu başvuru "CopyLocal" değildir.
         Birincil başvuru: "System.Security.AccessControl, Version=6.0.0.0, Culture=neutral, PublicKeyToken=b03f5f7f11d50a3a".
             Çözümlenmiş dosya yolu: "C:\Users\ayhan\.nuget\packages\microsoft.netcore.app.ref\6.0.36\ref\net6.0\System.Security.AccessControl.dll".
             Başvuru, "{RawFileName}" arama yolu konumunda bulundu.
             En az bir kaynak öğesi için "Private" "false" olarak ayarlanmış olduğundan ve "Private", herhangi bir kaynak öğesi için "true" olarak ayarlanmış olmadığından bu başvuru "CopyLocal" değildir.
         Birincil başvuru: "System.Security.Claims, Version=6.0.0.0, Culture=neutral, PublicKeyToken=b03f5f7f11d50a3a".
             Çözümlenmiş dosya yolu: "C:\Users\ayhan\.nuget\packages\microsoft.netcore.app.ref\6.0.36\ref\net6.0\System.Security.Claims.dll".
             Başvuru, "{RawFileName}" arama yolu konumunda bulundu.
             En az bir kaynak öğesi için "Private" "false" olarak ayarlanmış olduğundan ve "Private", herhangi bir kaynak öğesi için "true" olarak ayarlanmış olmadığından bu başvuru "CopyLocal" değildir.
         Birincil başvuru: "System.Security.Cryptography.Algorithms, Version=6.0.0.0, Culture=neutral, PublicKeyToken=b03f5f7f11d50a3a".
             Çözümlenmiş dosya yolu: "C:\Users\ayhan\.nuget\packages\microsoft.netcore.app.ref\6.0.36\ref\net6.0\System.Security.Cryptography.Algorithms.dll".
             Başvuru, "{RawFileName}" arama yolu konumunda bulundu.
             En az bir kaynak öğesi için "Private" "false" olarak ayarlanmış olduğundan ve "Private", herhangi bir kaynak öğesi için "true" olarak ayarlanmış olmadığından bu başvuru "CopyLocal" değildir.
         Birincil başvuru: "System.Security.Cryptography.Cng, Version=6.0.0.0, Culture=neutral, PublicKeyToken=b03f5f7f11d50a3a".
             Çözümlenmiş dosya yolu: "C:\Users\ayhan\.nuget\packages\microsoft.netcore.app.ref\6.0.36\ref\net6.0\System.Security.Cryptography.Cng.dll".
             Başvuru, "{RawFileName}" arama yolu konumunda bulundu.
             En az bir kaynak öğesi için "Private" "false" olarak ayarlanmış olduğundan ve "Private", herhangi bir kaynak öğesi için "true" olarak ayarlanmış olmadığından bu başvuru "CopyLocal" değildir.
         Birincil başvuru: "System.Security.Cryptography.Csp, Version=6.0.0.0, Culture=neutral, PublicKeyToken=b03f5f7f11d50a3a".
             Çözümlenmiş dosya yolu: "C:\Users\ayhan\.nuget\packages\microsoft.netcore.app.ref\6.0.36\ref\net6.0\System.Security.Cryptography.Csp.dll".
             Başvuru, "{RawFileName}" arama yolu konumunda bulundu.
             En az bir kaynak öğesi için "Private" "false" olarak ayarlanmış olduğundan ve "Private", herhangi bir kaynak öğesi için "true" olarak ayarlanmış olmadığından bu başvuru "CopyLocal" değildir.
         Birincil başvuru: "System.Security.Cryptography.Encoding, Version=6.0.0.0, Culture=neutral, PublicKeyToken=b03f5f7f11d50a3a".
             Çözümlenmiş dosya yolu: "C:\Users\ayhan\.nuget\packages\microsoft.netcore.app.ref\6.0.36\ref\net6.0\System.Security.Cryptography.Encoding.dll".
             Başvuru, "{RawFileName}" arama yolu konumunda bulundu.
             En az bir kaynak öğesi için "Private" "false" olarak ayarlanmış olduğundan ve "Private", herhangi bir kaynak öğesi için "true" olarak ayarlanmış olmadığından bu başvuru "CopyLocal" değildir.
         Birincil başvuru: "System.Security.Cryptography.OpenSsl, Version=6.0.0.0, Culture=neutral, PublicKeyToken=b03f5f7f11d50a3a".
             Çözümlenmiş dosya yolu: "C:\Users\ayhan\.nuget\packages\microsoft.netcore.app.ref\6.0.36\ref\net6.0\System.Security.Cryptography.OpenSsl.dll".
             Başvuru, "{RawFileName}" arama yolu konumunda bulundu.
             En az bir kaynak öğesi için "Private" "false" olarak ayarlanmış olduğundan ve "Private", herhangi bir kaynak öğesi için "true" olarak ayarlanmış olmadığından bu başvuru "CopyLocal" değildir.
         Birincil başvuru: "System.Security.Cryptography.Primitives, Version=6.0.0.0, Culture=neutral, PublicKeyToken=b03f5f7f11d50a3a".
             Çözümlenmiş dosya yolu: "C:\Users\ayhan\.nuget\packages\microsoft.netcore.app.ref\6.0.36\ref\net6.0\System.Security.Cryptography.Primitives.dll".
             Başvuru, "{RawFileName}" arama yolu konumunda bulundu.
             En az bir kaynak öğesi için "Private" "false" olarak ayarlanmış olduğundan ve "Private", herhangi bir kaynak öğesi için "true" olarak ayarlanmış olmadığından bu başvuru "CopyLocal" değildir.
         Birincil başvuru: "System.Security.Cryptography.X509Certificates, Version=6.0.0.0, Culture=neutral, PublicKeyToken=b03f5f7f11d50a3a".
             Çözümlenmiş dosya yolu: "C:\Users\ayhan\.nuget\packages\microsoft.netcore.app.ref\6.0.36\ref\net6.0\System.Security.Cryptography.X509Certificates.dll".
             Başvuru, "{RawFileName}" arama yolu konumunda bulundu.
             En az bir kaynak öğesi için "Private" "false" olarak ayarlanmış olduğundan ve "Private", herhangi bir kaynak öğesi için "true" olarak ayarlanmış olmadığından bu başvuru "CopyLocal" değildir.
         Birincil başvuru: "System.Security.Principal.Windows, Version=6.0.0.0, Culture=neutral, PublicKeyToken=b03f5f7f11d50a3a".
             Çözümlenmiş dosya yolu: "C:\Users\ayhan\.nuget\packages\microsoft.netcore.app.ref\6.0.36\ref\net6.0\System.Security.Principal.Windows.dll".
             Başvuru, "{RawFileName}" arama yolu konumunda bulundu.
             En az bir kaynak öğesi için "Private" "false" olarak ayarlanmış olduğundan ve "Private", herhangi bir kaynak öğesi için "true" olarak ayarlanmış olmadığından bu başvuru "CopyLocal" değildir.
         Birincil başvuru: "System.Security.Principal, Version=6.0.0.0, Culture=neutral, PublicKeyToken=b03f5f7f11d50a3a".
             Çözümlenmiş dosya yolu: "C:\Users\ayhan\.nuget\packages\microsoft.netcore.app.ref\6.0.36\ref\net6.0\System.Security.Principal.dll".
             Başvuru, "{RawFileName}" arama yolu konumunda bulundu.
             En az bir kaynak öğesi için "Private" "false" olarak ayarlanmış olduğundan ve "Private", herhangi bir kaynak öğesi için "true" olarak ayarlanmış olmadığından bu başvuru "CopyLocal" değildir.
         Birincil başvuru: "System.Security.SecureString, Version=6.0.0.0, Culture=neutral, PublicKeyToken=b03f5f7f11d50a3a".
             Çözümlenmiş dosya yolu: "C:\Users\ayhan\.nuget\packages\microsoft.netcore.app.ref\6.0.36\ref\net6.0\System.Security.SecureString.dll".
             Başvuru, "{RawFileName}" arama yolu konumunda bulundu.
             En az bir kaynak öğesi için "Private" "false" olarak ayarlanmış olduğundan ve "Private", herhangi bir kaynak öğesi için "true" olarak ayarlanmış olmadığından bu başvuru "CopyLocal" değildir.
         Birincil başvuru: "System.Security, Version=4.0.0.0, Culture=neutral, PublicKeyToken=b03f5f7f11d50a3a".
             Çözümlenmiş dosya yolu: "C:\Users\ayhan\.nuget\packages\microsoft.netcore.app.ref\6.0.36\ref\net6.0\System.Security.dll".
             Başvuru, "{RawFileName}" arama yolu konumunda bulundu.
             En az bir kaynak öğesi için "Private" "false" olarak ayarlanmış olduğundan ve "Private", herhangi bir kaynak öğesi için "true" olarak ayarlanmış olmadığından bu başvuru "CopyLocal" değildir.
         Birincil başvuru: "System.ServiceModel.Web, Version=4.0.0.0, Culture=neutral, PublicKeyToken=31bf3856ad364e35".
             Çözümlenmiş dosya yolu: "C:\Users\ayhan\.nuget\packages\microsoft.netcore.app.ref\6.0.36\ref\net6.0\System.ServiceModel.Web.dll".
             Başvuru, "{RawFileName}" arama yolu konumunda bulundu.
             En az bir kaynak öğesi için "Private" "false" olarak ayarlanmış olduğundan ve "Private", herhangi bir kaynak öğesi için "true" olarak ayarlanmış olmadığından bu başvuru "CopyLocal" değildir.
         Birincil başvuru: "System.ServiceProcess, Version=4.0.0.0, Culture=neutral, PublicKeyToken=b03f5f7f11d50a3a".
             Çözümlenmiş dosya yolu: "C:\Users\ayhan\.nuget\packages\microsoft.netcore.app.ref\6.0.36\ref\net6.0\System.ServiceProcess.dll".
             Başvuru, "{RawFileName}" arama yolu konumunda bulundu.
             En az bir kaynak öğesi için "Private" "false" olarak ayarlanmış olduğundan ve "Private", herhangi bir kaynak öğesi için "true" olarak ayarlanmış olmadığından bu başvuru "CopyLocal" değildir.
         Birincil başvuru: "System.Text.Encoding.CodePages, Version=6.0.0.0, Culture=neutral, PublicKeyToken=b03f5f7f11d50a3a".
             Çözümlenmiş dosya yolu: "C:\Users\ayhan\.nuget\packages\microsoft.netcore.app.ref\6.0.36\ref\net6.0\System.Text.Encoding.CodePages.dll".
             Başvuru, "{RawFileName}" arama yolu konumunda bulundu.
             En az bir kaynak öğesi için "Private" "false" olarak ayarlanmış olduğundan ve "Private", herhangi bir kaynak öğesi için "true" olarak ayarlanmış olmadığından bu başvuru "CopyLocal" değildir.
         Birincil başvuru: "System.Text.Encoding.Extensions, Version=6.0.0.0, Culture=neutral, PublicKeyToken=b03f5f7f11d50a3a".
             Çözümlenmiş dosya yolu: "C:\Users\ayhan\.nuget\packages\microsoft.netcore.app.ref\6.0.36\ref\net6.0\System.Text.Encoding.Extensions.dll".
             Başvuru, "{RawFileName}" arama yolu konumunda bulundu.
             En az bir kaynak öğesi için "Private" "false" olarak ayarlanmış olduğundan ve "Private", herhangi bir kaynak öğesi için "true" olarak ayarlanmış olmadığından bu başvuru "CopyLocal" değildir.
         Birincil başvuru: "System.Text.Encoding, Version=6.0.0.0, Culture=neutral, PublicKeyToken=b03f5f7f11d50a3a".
             Çözümlenmiş dosya yolu: "C:\Users\ayhan\.nuget\packages\microsoft.netcore.app.ref\6.0.36\ref\net6.0\System.Text.Encoding.dll".
             Başvuru, "{RawFileName}" arama yolu konumunda bulundu.
             En az bir kaynak öğesi için "Private" "false" olarak ayarlanmış olduğundan ve "Private", herhangi bir kaynak öğesi için "true" olarak ayarlanmış olmadığından bu başvuru "CopyLocal" değildir.
         Birincil başvuru: "System.Text.Encodings.Web, Version=6.0.0.0, Culture=neutral, PublicKeyToken=cc7b13ffcd2ddd51".
             Çözümlenmiş dosya yolu: "C:\Users\ayhan\.nuget\packages\microsoft.netcore.app.ref\6.0.36\ref\net6.0\System.Text.Encodings.Web.dll".
             Başvuru, "{RawFileName}" arama yolu konumunda bulundu.
             En az bir kaynak öğesi için "Private" "false" olarak ayarlanmış olduğundan ve "Private", herhangi bir kaynak öğesi için "true" olarak ayarlanmış olmadığından bu başvuru "CopyLocal" değildir.
         Birincil başvuru: "System.Text.Json, Version=6.0.0.0, Culture=neutral, PublicKeyToken=cc7b13ffcd2ddd51".
             Çözümlenmiş dosya yolu: "C:\Users\ayhan\.nuget\packages\microsoft.netcore.app.ref\6.0.36\ref\net6.0\System.Text.Json.dll".
             Başvuru, "{RawFileName}" arama yolu konumunda bulundu.
             En az bir kaynak öğesi için "Private" "false" olarak ayarlanmış olduğundan ve "Private", herhangi bir kaynak öğesi için "true" olarak ayarlanmış olmadığından bu başvuru "CopyLocal" değildir.
         Birincil başvuru: "System.Text.RegularExpressions, Version=6.0.0.0, Culture=neutral, PublicKeyToken=b03f5f7f11d50a3a".
             Çözümlenmiş dosya yolu: "C:\Users\ayhan\.nuget\packages\microsoft.netcore.app.ref\6.0.36\ref\net6.0\System.Text.RegularExpressions.dll".
             Başvuru, "{RawFileName}" arama yolu konumunda bulundu.
             En az bir kaynak öğesi için "Private" "false" olarak ayarlanmış olduğundan ve "Private", herhangi bir kaynak öğesi için "true" olarak ayarlanmış olmadığından bu başvuru "CopyLocal" değildir.
         Birincil başvuru: "System.Threading.Channels, Version=6.0.0.0, Culture=neutral, PublicKeyToken=cc7b13ffcd2ddd51".
             Çözümlenmiş dosya yolu: "C:\Users\ayhan\.nuget\packages\microsoft.netcore.app.ref\6.0.36\ref\net6.0\System.Threading.Channels.dll".
             Başvuru, "{RawFileName}" arama yolu konumunda bulundu.
             En az bir kaynak öğesi için "Private" "false" olarak ayarlanmış olduğundan ve "Private", herhangi bir kaynak öğesi için "true" olarak ayarlanmış olmadığından bu başvuru "CopyLocal" değildir.
         Birincil başvuru: "System.Threading.Overlapped, Version=6.0.0.0, Culture=neutral, PublicKeyToken=b03f5f7f11d50a3a".
             Çözümlenmiş dosya yolu: "C:\Users\ayhan\.nuget\packages\microsoft.netcore.app.ref\6.0.36\ref\net6.0\System.Threading.Overlapped.dll".
             Başvuru, "{RawFileName}" arama yolu konumunda bulundu.
             En az bir kaynak öğesi için "Private" "false" olarak ayarlanmış olduğundan ve "Private", herhangi bir kaynak öğesi için "true" olarak ayarlanmış olmadığından bu başvuru "CopyLocal" değildir.
         Birincil başvuru: "System.Threading.Tasks.Dataflow, Version=6.0.0.0, Culture=neutral, PublicKeyToken=b03f5f7f11d50a3a".
             Çözümlenmiş dosya yolu: "C:\Users\ayhan\.nuget\packages\microsoft.netcore.app.ref\6.0.36\ref\net6.0\System.Threading.Tasks.Dataflow.dll".
             Başvuru, "{RawFileName}" arama yolu konumunda bulundu.
             En az bir kaynak öğesi için "Private" "false" olarak ayarlanmış olduğundan ve "Private", herhangi bir kaynak öğesi için "true" olarak ayarlanmış olmadığından bu başvuru "CopyLocal" değildir.
         Birincil başvuru: "System.Threading.Tasks.Extensions, Version=6.0.0.0, Culture=neutral, PublicKeyToken=cc7b13ffcd2ddd51".
             Çözümlenmiş dosya yolu: "C:\Users\ayhan\.nuget\packages\microsoft.netcore.app.ref\6.0.36\ref\net6.0\System.Threading.Tasks.Extensions.dll".
             Başvuru, "{RawFileName}" arama yolu konumunda bulundu.
             En az bir kaynak öğesi için "Private" "false" olarak ayarlanmış olduğundan ve "Private", herhangi bir kaynak öğesi için "true" olarak ayarlanmış olmadığından bu başvuru "CopyLocal" değildir.
         Birincil başvuru: "System.Threading.Tasks.Parallel, Version=6.0.0.0, Culture=neutral, PublicKeyToken=b03f5f7f11d50a3a".
             Çözümlenmiş dosya yolu: "C:\Users\ayhan\.nuget\packages\microsoft.netcore.app.ref\6.0.36\ref\net6.0\System.Threading.Tasks.Parallel.dll".
             Başvuru, "{RawFileName}" arama yolu konumunda bulundu.
             En az bir kaynak öğesi için "Private" "false" olarak ayarlanmış olduğundan ve "Private", herhangi bir kaynak öğesi için "true" olarak ayarlanmış olmadığından bu başvuru "CopyLocal" değildir.
         Birincil başvuru: "System.Threading.Tasks, Version=6.0.0.0, Culture=neutral, PublicKeyToken=b03f5f7f11d50a3a".
             Çözümlenmiş dosya yolu: "C:\Users\ayhan\.nuget\packages\microsoft.netcore.app.ref\6.0.36\ref\net6.0\System.Threading.Tasks.dll".
             Başvuru, "{RawFileName}" arama yolu konumunda bulundu.
             En az bir kaynak öğesi için "Private" "false" olarak ayarlanmış olduğundan ve "Private", herhangi bir kaynak öğesi için "true" olarak ayarlanmış olmadığından bu başvuru "CopyLocal" değildir.
         Birincil başvuru: "System.Threading.Thread, Version=6.0.0.0, Culture=neutral, PublicKeyToken=b03f5f7f11d50a3a".
             Çözümlenmiş dosya yolu: "C:\Users\ayhan\.nuget\packages\microsoft.netcore.app.ref\6.0.36\ref\net6.0\System.Threading.Thread.dll".
             Başvuru, "{RawFileName}" arama yolu konumunda bulundu.
             En az bir kaynak öğesi için "Private" "false" olarak ayarlanmış olduğundan ve "Private", herhangi bir kaynak öğesi için "true" olarak ayarlanmış olmadığından bu başvuru "CopyLocal" değildir.
         Birincil başvuru: "System.Threading.ThreadPool, Version=6.0.0.0, Culture=neutral, PublicKeyToken=b03f5f7f11d50a3a".
             Çözümlenmiş dosya yolu: "C:\Users\ayhan\.nuget\packages\microsoft.netcore.app.ref\6.0.36\ref\net6.0\System.Threading.ThreadPool.dll".
             Başvuru, "{RawFileName}" arama yolu konumunda bulundu.
             En az bir kaynak öğesi için "Private" "false" olarak ayarlanmış olduğundan ve "Private", herhangi bir kaynak öğesi için "true" olarak ayarlanmış olmadığından bu başvuru "CopyLocal" değildir.
         Birincil başvuru: "System.Threading.Timer, Version=6.0.0.0, Culture=neutral, PublicKeyToken=b03f5f7f11d50a3a".
             Çözümlenmiş dosya yolu: "C:\Users\ayhan\.nuget\packages\microsoft.netcore.app.ref\6.0.36\ref\net6.0\System.Threading.Timer.dll".
             Başvuru, "{RawFileName}" arama yolu konumunda bulundu.
             En az bir kaynak öğesi için "Private" "false" olarak ayarlanmış olduğundan ve "Private", herhangi bir kaynak öğesi için "true" olarak ayarlanmış olmadığından bu başvuru "CopyLocal" değildir.
         Birincil başvuru: "System.Threading, Version=6.0.0.0, Culture=neutral, PublicKeyToken=b03f5f7f11d50a3a".
             Çözümlenmiş dosya yolu: "C:\Users\ayhan\.nuget\packages\microsoft.netcore.app.ref\6.0.36\ref\net6.0\System.Threading.dll".
             Başvuru, "{RawFileName}" arama yolu konumunda bulundu.
             En az bir kaynak öğesi için "Private" "false" olarak ayarlanmış olduğundan ve "Private", herhangi bir kaynak öğesi için "true" olarak ayarlanmış olmadığından bu başvuru "CopyLocal" değildir.
         Birincil başvuru: "System.Transactions.Local, Version=6.0.0.0, Culture=neutral, PublicKeyToken=cc7b13ffcd2ddd51".
             Çözümlenmiş dosya yolu: "C:\Users\ayhan\.nuget\packages\microsoft.netcore.app.ref\6.0.36\ref\net6.0\System.Transactions.Local.dll".
             Başvuru, "{RawFileName}" arama yolu konumunda bulundu.
             En az bir kaynak öğesi için "Private" "false" olarak ayarlanmış olduğundan ve "Private", herhangi bir kaynak öğesi için "true" olarak ayarlanmış olmadığından bu başvuru "CopyLocal" değildir.
         Birincil başvuru: "System.Transactions, Version=4.0.0.0, Culture=neutral, PublicKeyToken=b77a5c561934e089".
             Çözümlenmiş dosya yolu: "C:\Users\ayhan\.nuget\packages\microsoft.netcore.app.ref\6.0.36\ref\net6.0\System.Transactions.dll".
             Başvuru, "{RawFileName}" arama yolu konumunda bulundu.
             En az bir kaynak öğesi için "Private" "false" olarak ayarlanmış olduğundan ve "Private", herhangi bir kaynak öğesi için "true" olarak ayarlanmış olmadığından bu başvuru "CopyLocal" değildir.
         Birincil başvuru: "System.ValueTuple, Version=4.0.3.0, Culture=neutral, PublicKeyToken=cc7b13ffcd2ddd51".
             Çözümlenmiş dosya yolu: "C:\Users\ayhan\.nuget\packages\microsoft.netcore.app.ref\6.0.36\ref\net6.0\System.ValueTuple.dll".
             Başvuru, "{RawFileName}" arama yolu konumunda bulundu.
             En az bir kaynak öğesi için "Private" "false" olarak ayarlanmış olduğundan ve "Private", herhangi bir kaynak öğesi için "true" olarak ayarlanmış olmadığından bu başvuru "CopyLocal" değildir.
         Birincil başvuru: "System.Web.HttpUtility, Version=6.0.0.0, Culture=neutral, PublicKeyToken=cc7b13ffcd2ddd51".
             Çözümlenmiş dosya yolu: "C:\Users\ayhan\.nuget\packages\microsoft.netcore.app.ref\6.0.36\ref\net6.0\System.Web.HttpUtility.dll".
             Başvuru, "{RawFileName}" arama yolu konumunda bulundu.
             En az bir kaynak öğesi için "Private" "false" olarak ayarlanmış olduğundan ve "Private", herhangi bir kaynak öğesi için "true" olarak ayarlanmış olmadığından bu başvuru "CopyLocal" değildir.
         Birincil başvuru: "System.Web, Version=4.0.0.0, Culture=neutral, PublicKeyToken=b03f5f7f11d50a3a".
             Çözümlenmiş dosya yolu: "C:\Users\ayhan\.nuget\packages\microsoft.netcore.app.ref\6.0.36\ref\net6.0\System.Web.dll".
             Başvuru, "{RawFileName}" arama yolu konumunda bulundu.
             En az bir kaynak öğesi için "Private" "false" olarak ayarlanmış olduğundan ve "Private", herhangi bir kaynak öğesi için "true" olarak ayarlanmış olmadığından bu başvuru "CopyLocal" değildir.
         Birincil başvuru: "System.Windows, Version=4.0.0.0, Culture=neutral, PublicKeyToken=b03f5f7f11d50a3a".
             Çözümlenmiş dosya yolu: "C:\Users\ayhan\.nuget\packages\microsoft.netcore.app.ref\6.0.36\ref\net6.0\System.Windows.dll".
             Başvuru, "{RawFileName}" arama yolu konumunda bulundu.
             En az bir kaynak öğesi için "Private" "false" olarak ayarlanmış olduğundan ve "Private", herhangi bir kaynak öğesi için "true" olarak ayarlanmış olmadığından bu başvuru "CopyLocal" değildir.
         Birincil başvuru: "System.Xml.Linq, Version=4.0.0.0, Culture=neutral, PublicKeyToken=b77a5c561934e089".
             Çözümlenmiş dosya yolu: "C:\Users\ayhan\.nuget\packages\microsoft.netcore.app.ref\6.0.36\ref\net6.0\System.Xml.Linq.dll".
             Başvuru, "{RawFileName}" arama yolu konumunda bulundu.
             En az bir kaynak öğesi için "Private" "false" olarak ayarlanmış olduğundan ve "Private", herhangi bir kaynak öğesi için "true" olarak ayarlanmış olmadığından bu başvuru "CopyLocal" değildir.
         Birincil başvuru: "System.Xml.ReaderWriter, Version=6.0.0.0, Culture=neutral, PublicKeyToken=b03f5f7f11d50a3a".
             Çözümlenmiş dosya yolu: "C:\Users\ayhan\.nuget\packages\microsoft.netcore.app.ref\6.0.36\ref\net6.0\System.Xml.ReaderWriter.dll".
             Başvuru, "{RawFileName}" arama yolu konumunda bulundu.
             En az bir kaynak öğesi için "Private" "false" olarak ayarlanmış olduğundan ve "Private", herhangi bir kaynak öğesi için "true" olarak ayarlanmış olmadığından bu başvuru "CopyLocal" değildir.
         Birincil başvuru: "System.Xml.Serialization, Version=4.0.0.0, Culture=neutral, PublicKeyToken=b77a5c561934e089".
             Çözümlenmiş dosya yolu: "C:\Users\ayhan\.nuget\packages\microsoft.netcore.app.ref\6.0.36\ref\net6.0\System.Xml.Serialization.dll".
             Başvuru, "{RawFileName}" arama yolu konumunda bulundu.
             En az bir kaynak öğesi için "Private" "false" olarak ayarlanmış olduğundan ve "Private", herhangi bir kaynak öğesi için "true" olarak ayarlanmış olmadığından bu başvuru "CopyLocal" değildir.
         Birincil başvuru: "System.Xml.XDocument, Version=6.0.0.0, Culture=neutral, PublicKeyToken=b03f5f7f11d50a3a".
             Çözümlenmiş dosya yolu: "C:\Users\ayhan\.nuget\packages\microsoft.netcore.app.ref\6.0.36\ref\net6.0\System.Xml.XDocument.dll".
             Başvuru, "{RawFileName}" arama yolu konumunda bulundu.
             En az bir kaynak öğesi için "Private" "false" olarak ayarlanmış olduğundan ve "Private", herhangi bir kaynak öğesi için "true" olarak ayarlanmış olmadığından bu başvuru "CopyLocal" değildir.
         Birincil başvuru: "System.Xml.XPath.XDocument, Version=6.0.0.0, Culture=neutral, PublicKeyToken=b03f5f7f11d50a3a".
             Çözümlenmiş dosya yolu: "C:\Users\ayhan\.nuget\packages\microsoft.netcore.app.ref\6.0.36\ref\net6.0\System.Xml.XPath.XDocument.dll".
             Başvuru, "{RawFileName}" arama yolu konumunda bulundu.
             En az bir kaynak öğesi için "Private" "false" olarak ayarlanmış olduğundan ve "Private", herhangi bir kaynak öğesi için "true" olarak ayarlanmış olmadığından bu başvuru "CopyLocal" değildir.
         Birincil başvuru: "System.Xml.XPath, Version=6.0.0.0, Culture=neutral, PublicKeyToken=b03f5f7f11d50a3a".
             Çözümlenmiş dosya yolu: "C:\Users\ayhan\.nuget\packages\microsoft.netcore.app.ref\6.0.36\ref\net6.0\System.Xml.XPath.dll".
             Başvuru, "{RawFileName}" arama yolu konumunda bulundu.
             En az bir kaynak öğesi için "Private" "false" olarak ayarlanmış olduğundan ve "Private", herhangi bir kaynak öğesi için "true" olarak ayarlanmış olmadığından bu başvuru "CopyLocal" değildir.
         Birincil başvuru: "System.Xml.XmlDocument, Version=6.0.0.0, Culture=neutral, PublicKeyToken=b03f5f7f11d50a3a".
             Çözümlenmiş dosya yolu: "C:\Users\ayhan\.nuget\packages\microsoft.netcore.app.ref\6.0.36\ref\net6.0\System.Xml.XmlDocument.dll".
             Başvuru, "{RawFileName}" arama yolu konumunda bulundu.
             En az bir kaynak öğesi için "Private" "false" olarak ayarlanmış olduğundan ve "Private", herhangi bir kaynak öğesi için "true" olarak ayarlanmış olmadığından bu başvuru "CopyLocal" değildir.
         Birincil başvuru: "System.Xml.XmlSerializer, Version=6.0.0.0, Culture=neutral, PublicKeyToken=b03f5f7f11d50a3a".
             Çözümlenmiş dosya yolu: "C:\Users\ayhan\.nuget\packages\microsoft.netcore.app.ref\6.0.36\ref\net6.0\System.Xml.XmlSerializer.dll".
             Başvuru, "{RawFileName}" arama yolu konumunda bulundu.
             En az bir kaynak öğesi için "Private" "false" olarak ayarlanmış olduğundan ve "Private", herhangi bir kaynak öğesi için "true" olarak ayarlanmış olmadığından bu başvuru "CopyLocal" değildir.
         Birincil başvuru: "System.Xml, Version=4.0.0.0, Culture=neutral, PublicKeyToken=b77a5c561934e089".
             Çözümlenmiş dosya yolu: "C:\Users\ayhan\.nuget\packages\microsoft.netcore.app.ref\6.0.36\ref\net6.0\System.Xml.dll".
             Başvuru, "{RawFileName}" arama yolu konumunda bulundu.
             En az bir kaynak öğesi için "Private" "false" olarak ayarlanmış olduğundan ve "Private", herhangi bir kaynak öğesi için "true" olarak ayarlanmış olmadığından bu başvuru "CopyLocal" değildir.
         Birincil başvuru: "System, Version=4.0.0.0, Culture=neutral, PublicKeyToken=b77a5c561934e089".
             Çözümlenmiş dosya yolu: "C:\Users\ayhan\.nuget\packages\microsoft.netcore.app.ref\6.0.36\ref\net6.0\System.dll".
             Başvuru, "{RawFileName}" arama yolu konumunda bulundu.
             En az bir kaynak öğesi için "Private" "false" olarak ayarlanmış olduğundan ve "Private", herhangi bir kaynak öğesi için "true" olarak ayarlanmış olmadığından bu başvuru "CopyLocal" değildir.
         Birincil başvuru: "WindowsBase, Version=4.0.0.0, Culture=neutral, PublicKeyToken=31bf3856ad364e35".
             Çözümlenmiş dosya yolu: "C:\Users\ayhan\.nuget\packages\microsoft.netcore.app.ref\6.0.36\ref\net6.0\WindowsBase.dll".
             Başvuru, "{RawFileName}" arama yolu konumunda bulundu.
             En az bir kaynak öğesi için "Private" "false" olarak ayarlanmış olduğundan ve "Private", herhangi bir kaynak öğesi için "true" olarak ayarlanmış olmadığından bu başvuru "CopyLocal" değildir.
         Birincil başvuru: "mscorlib, Version=4.0.0.0, Culture=neutral, PublicKeyToken=b77a5c561934e089".
             Çözümlenmiş dosya yolu: "C:\Users\ayhan\.nuget\packages\microsoft.netcore.app.ref\6.0.36\ref\net6.0\mscorlib.dll".
             Başvuru, "{RawFileName}" arama yolu konumunda bulundu.
             En az bir kaynak öğesi için "Private" "false" olarak ayarlanmış olduğundan ve "Private", herhangi bir kaynak öğesi için "true" olarak ayarlanmış olmadığından bu başvuru "CopyLocal" değildir.
         Birincil başvuru: "netstandard, Version=2.1.0.0, Culture=neutral, PublicKeyToken=cc7b13ffcd2ddd51".
             Çözümlenmiş dosya yolu: "C:\Users\ayhan\.nuget\packages\microsoft.netcore.app.ref\6.0.36\ref\net6.0\netstandard.dll".
             Başvuru, "{RawFileName}" arama yolu konumunda bulundu.
             En az bir kaynak öğesi için "Private" "false" olarak ayarlanmış olduğundan ve "Private", herhangi bir kaynak öğesi için "true" olarak ayarlanmış olmadığından bu başvuru "CopyLocal" değildir.
         Birincil başvuru: "Accessibility, Version=4.0.0.0, Culture=neutral, PublicKeyToken=31bf3856ad364e35".
             Çözümlenmiş dosya yolu: "C:\Users\ayhan\.nuget\packages\microsoft.windowsdesktop.app.ref\6.0.36\ref\net6.0\Accessibility.dll".
             Başvuru, "{RawFileName}" arama yolu konumunda bulundu.
             En az bir kaynak öğesi için "Private" "false" olarak ayarlanmış olduğundan ve "Private", herhangi bir kaynak öğesi için "true" olarak ayarlanmış olmadığından bu başvuru "CopyLocal" değildir.
         Birincil başvuru: "Microsoft.VisualBasic.Forms, Version=6.0.2.0, Culture=neutral, PublicKeyToken=b03f5f7f11d50a3a".
             Çözümlenmiş dosya yolu: "C:\Users\ayhan\.nuget\packages\microsoft.windowsdesktop.app.ref\6.0.36\ref\net6.0\Microsoft.VisualBasic.Forms.dll".
             Başvuru, "{RawFileName}" arama yolu konumunda bulundu.
             En az bir kaynak öğesi için "Private" "false" olarak ayarlanmış olduğundan ve "Private", herhangi bir kaynak öğesi için "true" olarak ayarlanmış olmadığından bu başvuru "CopyLocal" değildir.
         Birincil başvuru: "Microsoft.VisualBasic, Version=10.1.0.0, Culture=neutral, PublicKeyToken=b03f5f7f11d50a3a".
             Çözümlenmiş dosya yolu: "C:\Users\ayhan\.nuget\packages\microsoft.windowsdesktop.app.ref\6.0.36\ref\net6.0\Microsoft.VisualBasic.dll".
             Başvuru, "{RawFileName}" arama yolu konumunda bulundu.
             En az bir kaynak öğesi için "Private" "false" olarak ayarlanmış olduğundan ve "Private", herhangi bir kaynak öğesi için "true" olarak ayarlanmış olmadığından bu başvuru "CopyLocal" değildir.
         Birincil başvuru: "Microsoft.Win32.Registry.AccessControl, Version=6.0.0.0, Culture=neutral, PublicKeyToken=b03f5f7f11d50a3a".
             Çözümlenmiş dosya yolu: "C:\Users\ayhan\.nuget\packages\microsoft.windowsdesktop.app.ref\6.0.36\ref\net6.0\Microsoft.Win32.Registry.AccessControl.dll".
             Başvuru, "{RawFileName}" arama yolu konumunda bulundu.
             En az bir kaynak öğesi için "Private" "false" olarak ayarlanmış olduğundan ve "Private", herhangi bir kaynak öğesi için "true" olarak ayarlanmış olmadığından bu başvuru "CopyLocal" değildir.
         Birincil başvuru: "Microsoft.Win32.SystemEvents, Version=6.0.0.0, Culture=neutral, PublicKeyToken=cc7b13ffcd2ddd51".
             Çözümlenmiş dosya yolu: "C:\Users\ayhan\.nuget\packages\microsoft.windowsdesktop.app.ref\6.0.36\ref\net6.0\Microsoft.Win32.SystemEvents.dll".
             Başvuru, "{RawFileName}" arama yolu konumunda bulundu.
             En az bir kaynak öğesi için "Private" "false" olarak ayarlanmış olduğundan ve "Private", herhangi bir kaynak öğesi için "true" olarak ayarlanmış olmadığından bu başvuru "CopyLocal" değildir.
         Birincil başvuru: "System.CodeDom, Version=6.0.0.0, Culture=neutral, PublicKeyToken=cc7b13ffcd2ddd51".
             Çözümlenmiş dosya yolu: "C:\Users\ayhan\.nuget\packages\microsoft.windowsdesktop.app.ref\6.0.36\ref\net6.0\System.CodeDom.dll".
             Başvuru, "{RawFileName}" arama yolu konumunda bulundu.
             En az bir kaynak öğesi için "Private" "false" olarak ayarlanmış olduğundan ve "Private", herhangi bir kaynak öğesi için "true" olarak ayarlanmış olmadığından bu başvuru "CopyLocal" değildir.
         Birincil başvuru: "System.Configuration.ConfigurationManager, Version=6.0.0.0, Culture=neutral, PublicKeyToken=cc7b13ffcd2ddd51".
             Çözümlenmiş dosya yolu: "C:\Users\ayhan\.nuget\packages\microsoft.windowsdesktop.app.ref\6.0.36\ref\net6.0\System.Configuration.ConfigurationManager.dll".
             Başvuru, "{RawFileName}" arama yolu konumunda bulundu.
             En az bir kaynak öğesi için "Private" "false" olarak ayarlanmış olduğundan ve "Private", herhangi bir kaynak öğesi için "true" olarak ayarlanmış olmadığından bu başvuru "CopyLocal" değildir.
         Birincil başvuru: "System.Design, Version=6.0.2.0, Culture=neutral, PublicKeyToken=b03f5f7f11d50a3a".
             Çözümlenmiş dosya yolu: "C:\Users\ayhan\.nuget\packages\microsoft.windowsdesktop.app.ref\6.0.36\ref\net6.0\System.Design.dll".
             Başvuru, "{RawFileName}" arama yolu konumunda bulundu.
             En az bir kaynak öğesi için "Private" "false" olarak ayarlanmış olduğundan ve "Private", herhangi bir kaynak öğesi için "true" olarak ayarlanmış olmadığından bu başvuru "CopyLocal" değildir.
         Birincil başvuru: "System.Diagnostics.EventLog, Version=6.0.0.0, Culture=neutral, PublicKeyToken=cc7b13ffcd2ddd51".
             Çözümlenmiş dosya yolu: "C:\Users\ayhan\.nuget\packages\microsoft.windowsdesktop.app.ref\6.0.36\ref\net6.0\System.Diagnostics.EventLog.dll".
             Başvuru, "{RawFileName}" arama yolu konumunda bulundu.
             En az bir kaynak öğesi için "Private" "false" olarak ayarlanmış olduğundan ve "Private", herhangi bir kaynak öğesi için "true" olarak ayarlanmış olmadığından bu başvuru "CopyLocal" değildir.
         Birincil başvuru: "System.Diagnostics.PerformanceCounter, Version=6.0.0.0, Culture=neutral, PublicKeyToken=cc7b13ffcd2ddd51".
             Çözümlenmiş dosya yolu: "C:\Users\ayhan\.nuget\packages\microsoft.windowsdesktop.app.ref\6.0.36\ref\net6.0\System.Diagnostics.PerformanceCounter.dll".
             Başvuru, "{RawFileName}" arama yolu konumunda bulundu.
             En az bir kaynak öğesi için "Private" "false" olarak ayarlanmış olduğundan ve "Private", herhangi bir kaynak öğesi için "true" olarak ayarlanmış olmadığından bu başvuru "CopyLocal" değildir.
         Birincil başvuru: "System.DirectoryServices, Version=4.0.0.0, Culture=neutral, PublicKeyToken=b03f5f7f11d50a3a".
             Çözümlenmiş dosya yolu: "C:\Users\ayhan\.nuget\packages\microsoft.windowsdesktop.app.ref\6.0.36\ref\net6.0\System.DirectoryServices.dll".
             Başvuru, "{RawFileName}" arama yolu konumunda bulundu.
             En az bir kaynak öğesi için "Private" "false" olarak ayarlanmış olduğundan ve "Private", herhangi bir kaynak öğesi için "true" olarak ayarlanmış olmadığından bu başvuru "CopyLocal" değildir.
         Birincil başvuru: "System.Drawing.Common, Version=6.0.0.0, Culture=neutral, PublicKeyToken=cc7b13ffcd2ddd51".
             Çözümlenmiş dosya yolu: "C:\Users\ayhan\.nuget\packages\microsoft.windowsdesktop.app.ref\6.0.36\ref\net6.0\System.Drawing.Common.dll".
             Başvuru, "{RawFileName}" arama yolu konumunda bulundu.
             En az bir kaynak öğesi için "Private" "false" olarak ayarlanmış olduğundan ve "Private", herhangi bir kaynak öğesi için "true" olarak ayarlanmış olmadığından bu başvuru "CopyLocal" değildir.
         Birincil başvuru: "System.Drawing.Design, Version=6.0.2.0, Culture=neutral, PublicKeyToken=b03f5f7f11d50a3a".
             Çözümlenmiş dosya yolu: "C:\Users\ayhan\.nuget\packages\microsoft.windowsdesktop.app.ref\6.0.36\ref\net6.0\System.Drawing.Design.dll".
             Başvuru, "{RawFileName}" arama yolu konumunda bulundu.
             En az bir kaynak öğesi için "Private" "false" olarak ayarlanmış olduğundan ve "Private", herhangi bir kaynak öğesi için "true" olarak ayarlanmış olmadığından bu başvuru "CopyLocal" değildir.
         Birincil başvuru: "System.Drawing, Version=6.0.2.0, Culture=neutral, PublicKeyToken=b03f5f7f11d50a3a".
             Çözümlenmiş dosya yolu: "C:\Users\ayhan\.nuget\packages\microsoft.windowsdesktop.app.ref\6.0.36\ref\net6.0\System.Drawing.dll".
             Başvuru, "{RawFileName}" arama yolu konumunda bulundu.
             En az bir kaynak öğesi için "Private" "false" olarak ayarlanmış olduğundan ve "Private", herhangi bir kaynak öğesi için "true" olarak ayarlanmış olmadığından bu başvuru "CopyLocal" değildir.
         Birincil başvuru: "System.IO.Packaging, Version=6.0.0.0, Culture=neutral, PublicKeyToken=b03f5f7f11d50a3a".
             Çözümlenmiş dosya yolu: "C:\Users\ayhan\.nuget\packages\microsoft.windowsdesktop.app.ref\6.0.36\ref\net6.0\System.IO.Packaging.dll".
             Başvuru, "{RawFileName}" arama yolu konumunda bulundu.
             En az bir kaynak öğesi için "Private" "false" olarak ayarlanmış olduğundan ve "Private", herhangi bir kaynak öğesi için "true" olarak ayarlanmış olmadığından bu başvuru "CopyLocal" değildir.
         Birincil başvuru: "System.Resources.Extensions, Version=6.0.0.0, Culture=neutral, PublicKeyToken=cc7b13ffcd2ddd51".
             Çözümlenmiş dosya yolu: "C:\Users\ayhan\.nuget\packages\microsoft.windowsdesktop.app.ref\6.0.36\ref\net6.0\System.Resources.Extensions.dll".
             Başvuru, "{RawFileName}" arama yolu konumunda bulundu.
             En az bir kaynak öğesi için "Private" "false" olarak ayarlanmış olduğundan ve "Private", herhangi bir kaynak öğesi için "true" olarak ayarlanmış olmadığından bu başvuru "CopyLocal" değildir.
         Birincil başvuru: "System.Security.Cryptography.Pkcs, Version=6.0.0.0, Culture=neutral, PublicKeyToken=b03f5f7f11d50a3a".
             Çözümlenmiş dosya yolu: "C:\Users\ayhan\.nuget\packages\microsoft.windowsdesktop.app.ref\6.0.36\ref\net6.0\System.Security.Cryptography.Pkcs.dll".
             Başvuru, "{RawFileName}" arama yolu konumunda bulundu.
             En az bir kaynak öğesi için "Private" "false" olarak ayarlanmış olduğundan ve "Private", herhangi bir kaynak öğesi için "true" olarak ayarlanmış olmadığından bu başvuru "CopyLocal" değildir.
         Birincil başvuru: "System.Security.Cryptography.ProtectedData, Version=6.0.0.0, Culture=neutral, PublicKeyToken=b03f5f7f11d50a3a".
             Çözümlenmiş dosya yolu: "C:\Users\ayhan\.nuget\packages\microsoft.windowsdesktop.app.ref\6.0.36\ref\net6.0\System.Security.Cryptography.ProtectedData.dll".
             Başvuru, "{RawFileName}" arama yolu konumunda bulundu.
             En az bir kaynak öğesi için "Private" "false" olarak ayarlanmış olduğundan ve "Private", herhangi bir kaynak öğesi için "true" olarak ayarlanmış olmadığından bu başvuru "CopyLocal" değildir.
         Birincil başvuru: "System.Security.Cryptography.Xml, Version=6.0.0.0, Culture=neutral, PublicKeyToken=cc7b13ffcd2ddd51".
             Çözümlenmiş dosya yolu: "C:\Users\ayhan\.nuget\packages\microsoft.windowsdesktop.app.ref\6.0.36\ref\net6.0\System.Security.Cryptography.Xml.dll".
             Başvuru, "{RawFileName}" arama yolu konumunda bulundu.
             En az bir kaynak öğesi için "Private" "false" olarak ayarlanmış olduğundan ve "Private", herhangi bir kaynak öğesi için "true" olarak ayarlanmış olmadığından bu başvuru "CopyLocal" değildir.
         Birincil başvuru: "System.Security.Permissions, Version=6.0.0.0, Culture=neutral, PublicKeyToken=cc7b13ffcd2ddd51".
             Çözümlenmiş dosya yolu: "C:\Users\ayhan\.nuget\packages\microsoft.windowsdesktop.app.ref\6.0.36\ref\net6.0\System.Security.Permissions.dll".
             Başvuru, "{RawFileName}" arama yolu konumunda bulundu.
             En az bir kaynak öğesi için "Private" "false" olarak ayarlanmış olduğundan ve "Private", herhangi bir kaynak öğesi için "true" olarak ayarlanmış olmadığından bu başvuru "CopyLocal" değildir.
         Birincil başvuru: "System.Threading.AccessControl, Version=6.0.0.0, Culture=neutral, PublicKeyToken=b03f5f7f11d50a3a".
             Çözümlenmiş dosya yolu: "C:\Users\ayhan\.nuget\packages\microsoft.windowsdesktop.app.ref\6.0.36\ref\net6.0\System.Threading.AccessControl.dll".
             Başvuru, "{RawFileName}" arama yolu konumunda bulundu.
             En az bir kaynak öğesi için "Private" "false" olarak ayarlanmış olduğundan ve "Private", herhangi bir kaynak öğesi için "true" olarak ayarlanmış olmadığından bu başvuru "CopyLocal" değildir.
         Birincil başvuru: "System.Windows.Extensions, Version=6.0.0.0, Culture=neutral, PublicKeyToken=cc7b13ffcd2ddd51".
             Çözümlenmiş dosya yolu: "C:\Users\ayhan\.nuget\packages\microsoft.windowsdesktop.app.ref\6.0.36\ref\net6.0\System.Windows.Extensions.dll".
             Başvuru, "{RawFileName}" arama yolu konumunda bulundu.
             En az bir kaynak öğesi için "Private" "false" olarak ayarlanmış olduğundan ve "Private", herhangi bir kaynak öğesi için "true" olarak ayarlanmış olmadığından bu başvuru "CopyLocal" değildir.
         Birincil başvuru: "System.Windows.Forms.Design.Editors, Version=6.0.2.0, Culture=neutral, PublicKeyToken=b03f5f7f11d50a3a".
             Çözümlenmiş dosya yolu: "C:\Users\ayhan\.nuget\packages\microsoft.windowsdesktop.app.ref\6.0.36\ref\net6.0\System.Windows.Forms.Design.Editors.dll".
             Başvuru, "{RawFileName}" arama yolu konumunda bulundu.
             En az bir kaynak öğesi için "Private" "false" olarak ayarlanmış olduğundan ve "Private", herhangi bir kaynak öğesi için "true" olarak ayarlanmış olmadığından bu başvuru "CopyLocal" değildir.
         Birincil başvuru: "System.Windows.Forms.Design, Version=6.0.2.0, Culture=neutral, PublicKeyToken=b77a5c561934e089".
             Çözümlenmiş dosya yolu: "C:\Users\ayhan\.nuget\packages\microsoft.windowsdesktop.app.ref\6.0.36\ref\net6.0\System.Windows.Forms.Design.dll".
             Başvuru, "{RawFileName}" arama yolu konumunda bulundu.
             En az bir kaynak öğesi için "Private" "false" olarak ayarlanmış olduğundan ve "Private", herhangi bir kaynak öğesi için "true" olarak ayarlanmış olmadığından bu başvuru "CopyLocal" değildir.
         Birincil başvuru: "System.Windows.Forms.Primitives, Version=6.0.2.0, Culture=neutral, PublicKeyToken=b77a5c561934e089".
             Çözümlenmiş dosya yolu: "C:\Users\ayhan\.nuget\packages\microsoft.windowsdesktop.app.ref\6.0.36\ref\net6.0\System.Windows.Forms.Primitives.dll".
             Başvuru, "{RawFileName}" arama yolu konumunda bulundu.
             En az bir kaynak öğesi için "Private" "false" olarak ayarlanmış olduğundan ve "Private", herhangi bir kaynak öğesi için "true" olarak ayarlanmış olmadığından bu başvuru "CopyLocal" değildir.
         Birincil başvuru: "System.Windows.Forms, Version=6.0.2.0, Culture=neutral, PublicKeyToken=b77a5c561934e089".
             Çözümlenmiş dosya yolu: "C:\Users\ayhan\.nuget\packages\microsoft.windowsdesktop.app.ref\6.0.36\ref\net6.0\System.Windows.Forms.dll".
             Başvuru, "{RawFileName}" arama yolu konumunda bulundu.
             En az bir kaynak öğesi için "Private" "false" olarak ayarlanmış olduğundan ve "Private", herhangi bir kaynak öğesi için "true" olarak ayarlanmış olmadığından bu başvuru "CopyLocal" değildir.
       "ResolveAssemblyReference" görevini yürütme tamamlandı.
   1:7>"HondaTuner.csproj" projesinde "ResolveAssemblyReferences" hedefini oluşturma tamamlandı.
   1:7>"C:\Users\ayhan\OneDrive\Desktop\Canlı OBD2 Araç Telemetri Ekranı\HondaTuner\HondaTuner.csproj" projesinin "C:\Program Files\dotnet\sdk\10.0.103\Microsoft.Common.CurrentVersion.targets" dosyasındaki "AfterResolveReferences" hedefi ("ResolveReferences" hedefi buna bağımlı):
   1:7>"HondaTuner.csproj" projesinde "AfterResolveReferences" hedefini oluşturma tamamlandı.
   1:7>"C:\Users\ayhan\OneDrive\Desktop\Canlı OBD2 Araç Telemetri Ekranı\HondaTuner\HondaTuner.csproj" projesinin "C:\Program Files\dotnet\sdk\10.0.103\Microsoft.Common.CurrentVersion.targets" dosyasındaki "ResolveReferences" hedefi ("_BlockWinMDsOnUnsupportedTFMs" hedefi buna bağımlı):
   1:7>"HondaTuner.csproj" projesinde "ResolveReferences" hedefini oluşturma tamamlandı.
   1:7>"C:\Users\ayhan\OneDrive\Desktop\Canlı OBD2 Araç Telemetri Ekranı\HondaTuner\HondaTuner.csproj" projesinin "C:\Program Files\dotnet\sdk\10.0.103\Sdks\Microsoft.NET.Sdk\targets\Microsoft.NET.Sdk.targets" dosyasındaki "_BlockWinMDsOnUnsupportedTFMs" hedefi ("CoreBuild" hedefi buna bağımlı):
       "C:\Program Files\dotnet\sdk\10.0.103\Sdks\Microsoft.NET.Sdk\targets\..\tools\net10.0\Microsoft.NET.Build.Tasks.dll" derlemesindeki "CheckForUnsupportedWinMDReferences" görevi kullanılıyor.
       "CheckForUnsupportedWinMDReferences" görevi
       "CheckForUnsupportedWinMDReferences" görevini yürütme tamamlandı.
   1:7>"HondaTuner.csproj" projesinde "_BlockWinMDsOnUnsupportedTFMs" hedefini oluşturma tamamlandı.
       "ResolveReferences" hedefi atlandı. Önceden başarılı bir şekilde derlenmişti.
   1:7>"C:\Users\ayhan\OneDrive\Desktop\Canlı OBD2 Araç Telemetri Ekranı\HondaTuner\HondaTuner.csproj" projesinin "C:\Program Files\dotnet\sdk\10.0.103\Sdks\Microsoft.NET.Sdk.WindowsDesktop\targets\Microsoft.WinFX.targets" dosyasındaki "AfterMarkupCompilePass1" hedefi ("PrepareResources" hedefi buna bağımlı):
   1:7>"HondaTuner.csproj" projesinde "AfterMarkupCompilePass1" hedefini oluşturma tamamlandı.
   1:7>"C:\Users\ayhan\OneDrive\Desktop\Canlı OBD2 Araç Telemetri Ekranı\HondaTuner\HondaTuner.csproj" projesinin "C:\Program Files\dotnet\sdk\10.0.103\Sdks\Microsoft.NET.Sdk.WindowsDesktop\targets\Microsoft.WinFX.targets" dosyasındaki "FileClassification" hedefi ("PrepareResources" hedefi buna bağımlı):
   1:7>"HondaTuner.csproj" projesinde "FileClassification" hedefini oluşturma tamamlandı.
       "ResolvePackageDependenciesForBuild" hedefi atlandı. Önceden başarılı bir şekilde derlenmişti.
       "_HandlePackageFileConflicts" hedefi atlandı. Önceden başarılı bir şekilde derlenmişti.
   1:7>"C:\Users\ayhan\OneDrive\Desktop\Canlı OBD2 Araç Telemetri Ekranı\HondaTuner\HondaTuner.csproj" projesinin "C:\Program Files\dotnet\sdk\10.0.103\Roslyn\Microsoft.Managed.Core.targets" dosyasındaki "CopyAdditionalFiles" hedefi ("AssignTargetPaths" hedefi buna bağımlı):
   1:7>"HondaTuner.csproj" projesinde "CopyAdditionalFiles" hedefini oluşturma tamamlandı.
       "ResolvePackageAssets" hedefi atlandı. Önceden başarılı bir şekilde derlenmişti.
       "ResolveFrameworkReferences" hedefi atlandı. Önceden başarılı bir şekilde derlenmişti.
   1:7>"C:\Users\ayhan\OneDrive\Desktop\Canlı OBD2 Araç Telemetri Ekranı\HondaTuner\HondaTuner.csproj" projesinin "C:\Program Files\dotnet\sdk\10.0.103\Sdks\Microsoft.NET.Sdk\targets\Microsoft.NET.Sdk.targets" dosyasındaki "_GetAppHostPaths" hedefi ("_ComputeNETCoreBuildOutputFiles" hedefi buna bağımlı):
   1:7>"HondaTuner.csproj" projesinde "_GetAppHostPaths" hedefini oluşturma tamamlandı.
   1:7>"C:\Users\ayhan\OneDrive\Desktop\Canlı OBD2 Araç Telemetri Ekranı\HondaTuner\HondaTuner.csproj" projesinin "C:\Program Files\dotnet\sdk\10.0.103\Sdks\Microsoft.NET.Sdk\targets\Microsoft.NET.Sdk.targets" dosyasındaki "_GetAppHostCreationConfiguration" hedefi ("_ComputeNETCoreBuildOutputFiles" hedefi buna bağımlı):
   1:7>"HondaTuner.csproj" projesinde "_GetAppHostCreationConfiguration" hedefini oluşturma tamamlandı.
   1:7>"C:\Users\ayhan\OneDrive\Desktop\Canlı OBD2 Araç Telemetri Ekranı\HondaTuner\HondaTuner.csproj" projesinin "C:\Program Files\dotnet\sdk\10.0.103\Sdks\Microsoft.NET.Sdk\targets\Microsoft.NET.Sdk.targets" dosyasındaki "_ComputeNETCoreBuildOutputFiles" hedefi ("AssignTargetPaths" hedefi buna bağımlı):
   1:7>"HondaTuner.csproj" projesinde "_ComputeNETCoreBuildOutputFiles" hedefini oluşturma tamamlandı.
   1:7>"C:\Users\ayhan\OneDrive\Desktop\Canlı OBD2 Araç Telemetri Ekranı\HondaTuner\HondaTuner.csproj" projesinin "C:\Program Files\dotnet\sdk\10.0.103\Microsoft.Common.CurrentVersion.targets" dosyasındaki "AssignTargetPaths" hedefi ("PrepareResourceNames" hedefi buna bağımlı):
       "Microsoft.Build.Tasks.Core, Version=15.1.0.0, Culture=neutral, PublicKeyToken=b03f5f7f11d50a3a" derlemesindeki "AssignTargetPath" görevi kullanılıyor.
       "AssignTargetPath" görevi
       "AssignTargetPath" görevini yürütme tamamlandı.
       "AssignTargetPath" görevi
       "AssignTargetPath" görevini yürütme tamamlandı.
       "AssignTargetPath" görevi
       "AssignTargetPath" görevini yürütme tamamlandı.
       "AssignTargetPath" görevi
       "AssignTargetPath" görevini yürütme tamamlandı.
   1:7>"HondaTuner.csproj" projesinde "AssignTargetPaths" hedefini oluşturma tamamlandı.
       "AssignTargetPaths" hedefi atlandı. Önceden başarılı bir şekilde derlenmişti.
   1:7>"C:\Users\ayhan\OneDrive\Desktop\Canlı OBD2 Araç Telemetri Ekranı\HondaTuner\HondaTuner.csproj" projesinin "C:\Program Files\dotnet\sdk\10.0.103\Microsoft.Common.CurrentVersion.targets" dosyasındaki "SplitResourcesByCulture" hedefi ("PrepareResourceNames" hedefi buna bağımlı):
       "Microsoft.Build.Tasks.Core, Version=15.1.0.0, Culture=neutral, PublicKeyToken=b03f5f7f11d50a3a" derlemesindeki "AssignCulture" görevi kullanılıyor.
       "AssignCulture" görevi
       "AssignCulture" görevini yürütme tamamlandı.
   1:7>"HondaTuner.csproj" projesinde "SplitResourcesByCulture" hedefini oluşturma tamamlandı.
   1:7>"C:\Users\ayhan\OneDrive\Desktop\Canlı OBD2 Araç Telemetri Ekranı\HondaTuner\HondaTuner.csproj" projesinin "C:\Program Files\dotnet\sdk\10.0.103\Microsoft.Common.CurrentVersion.targets" dosyasındaki "CreateCustomManifestResourceNames" hedefi ("PrepareResourceNames" hedefi buna bağımlı):
   1:7>"HondaTuner.csproj" projesinde "CreateCustomManifestResourceNames" hedefini oluşturma tamamlandı.
   1:7>"C:\Users\ayhan\OneDrive\Desktop\Canlı OBD2 Araç Telemetri Ekranı\HondaTuner\HondaTuner.csproj" projesinin "C:\Program Files\dotnet\sdk\10.0.103\Microsoft.Common.CurrentVersion.targets" dosyasındaki "PrepareResourceNames" hedefi ("PrepareResources" hedefi buna bağımlı):
   1:7>"HondaTuner.csproj" projesinde "PrepareResourceNames" hedefini oluşturma tamamlandı.
       "ResolveAssemblyReferences" hedefi atlandı. Önceden başarılı bir şekilde derlenmişti.
       "SplitResourcesByCulture" hedefi atlandı. Önceden başarılı bir şekilde derlenmişti.
   1:7>"C:\Users\ayhan\OneDrive\Desktop\Canlı OBD2 Araç Telemetri Ekranı\HondaTuner\HondaTuner.csproj" projesinin "C:\Program Files\dotnet\sdk\10.0.103\Microsoft.Common.CurrentVersion.targets" dosyasındaki "BeforeResGen" hedefi ("ResGen" hedefi buna bağımlı):
   1:7>"HondaTuner.csproj" projesinde "BeforeResGen" hedefini oluşturma tamamlandı.
       "ResolveReferences" hedefi atlandı. Önceden başarılı bir şekilde derlenmişti.
   1:7>"C:\Users\ayhan\OneDrive\Desktop\Canlı OBD2 Araç Telemetri Ekranı\HondaTuner\HondaTuner.csproj" projesinin "C:\Program Files\dotnet\sdk\10.0.103\Microsoft.Common.CurrentVersion.targets" dosyasındaki "FindReferenceAssembliesForReferences" hedefi ("CoreResGen" hedefi buna bağımlı):
   1:7>"HondaTuner.csproj" projesinde "FindReferenceAssembliesForReferences" hedefini oluşturma tamamlandı.
   1:7>"C:\Users\ayhan\OneDrive\Desktop\Canlı OBD2 Araç Telemetri Ekranı\HondaTuner\HondaTuner.csproj" projesinin "C:\Program Files\dotnet\sdk\10.0.103\Microsoft.Common.CurrentVersion.targets" dosyasındaki "CoreResGen" hedefi ("ResGen" hedefi buna bağımlı):
   1:7>"HondaTuner.csproj" projesinde "CoreResGen" hedefini oluşturma tamamlandı.
   1:7>"C:\Users\ayhan\OneDrive\Desktop\Canlı OBD2 Araç Telemetri Ekranı\HondaTuner\HondaTuner.csproj" projesinin "C:\Program Files\dotnet\sdk\10.0.103\Microsoft.Common.CurrentVersion.targets" dosyasındaki "AfterResGen" hedefi ("ResGen" hedefi buna bağımlı):
   1:7>"HondaTuner.csproj" projesinde "AfterResGen" hedefini oluşturma tamamlandı.
   1:7>"C:\Users\ayhan\OneDrive\Desktop\Canlı OBD2 Araç Telemetri Ekranı\HondaTuner\HondaTuner.csproj" projesinin "C:\Program Files\dotnet\sdk\10.0.103\Microsoft.Common.CurrentVersion.targets" dosyasındaki "ResGen" hedefi ("PrepareResources" hedefi buna bağımlı):
   1:7>"HondaTuner.csproj" projesinde "ResGen" hedefini oluşturma tamamlandı.
   1:7>"C:\Users\ayhan\OneDrive\Desktop\Canlı OBD2 Araç Telemetri Ekranı\HondaTuner\HondaTuner.csproj" projesinin "C:\Program Files\dotnet\sdk\10.0.103\Microsoft.Common.CurrentVersion.targets" dosyasındaki "PrepareResources" hedefi ("CoreBuild" hedefi buna bağımlı):
   1:7>"HondaTuner.csproj" projesinde "PrepareResources" hedefini oluşturma tamamlandı.
       "ResolveReferences" hedefi atlandı. Önceden başarılı bir şekilde derlenmişti.
   1:7>"C:\Users\ayhan\OneDrive\Desktop\Canlı OBD2 Araç Telemetri Ekranı\HondaTuner\HondaTuner.csproj" projesinin "C:\Program Files\dotnet\sdk\10.0.103\Microsoft.Common.CurrentVersion.targets" dosyasındaki "_SetEmbeddedWin32ManifestProperties" hedefi ("SetWin32ManifestProperties" hedefi buna bağımlı):
       "Microsoft.Build.Tasks.Core, Version=15.1.0.0, Culture=neutral, PublicKeyToken=b03f5f7f11d50a3a" derlemesindeki "GetFrameworkPath" görevi kullanılıyor.
       "GetFrameworkPath" görevi
       "GetFrameworkPath" görevini yürütme tamamlandı.
   1:7>"HondaTuner.csproj" projesinde "_SetEmbeddedWin32ManifestProperties" hedefini oluşturma tamamlandı.
   1:7>"C:\Users\ayhan\OneDrive\Desktop\Canlı OBD2 Araç Telemetri Ekranı\HondaTuner\HondaTuner.csproj" projesinin "C:\Program Files\dotnet\sdk\10.0.103\Microsoft.Common.CurrentVersion.targets" dosyasındaki "SetWin32ManifestProperties" hedefi ("Compile" hedefi buna bağımlı):
   1:7>"HondaTuner.csproj" projesinde "SetWin32ManifestProperties" hedefini oluşturma tamamlandı.
       "FindReferenceAssembliesForReferences" hedefi atlandı. Önceden başarılı bir şekilde derlenmişti.
   1:7>"C:\Users\ayhan\OneDrive\Desktop\Canlı OBD2 Araç Telemetri Ekranı\HondaTuner\HondaTuner.csproj" projesinin "C:\Program Files\dotnet\sdk\10.0.103\Microsoft.Common.CurrentVersion.targets" dosyasındaki "_GenerateCompileInputs" hedefi ("Compile" hedefi buna bağımlı):
   1:7>"HondaTuner.csproj" projesinde "_GenerateCompileInputs" hedefini oluşturma tamamlandı.
       "PrepareForBuild" hedefi atlandı. Önceden başarılı bir şekilde derlenmişti.
   1:7>"C:\Users\ayhan\OneDrive\Desktop\Canlı OBD2 Araç Telemetri Ekranı\HondaTuner\HondaTuner.csproj" projesinin "C:\Program Files\dotnet\sdk\10.0.103\Roslyn\Microsoft.Managed.Core.targets" dosyasındaki "GenerateMSBuildEditorConfigFileShouldRun" hedefi ("GenerateMSBuildEditorConfigFile" hedefi buna bağımlı):
   1:7>"HondaTuner.csproj" projesinde "GenerateMSBuildEditorConfigFileShouldRun" hedefini oluşturma tamamlandı.
   1:7>"C:\Users\ayhan\OneDrive\Desktop\Canlı OBD2 Araç Telemetri Ekranı\HondaTuner\HondaTuner.csproj" projesinin "C:\Program Files\dotnet\sdk\10.0.103\Sdks\Microsoft.NET.Sdk\codestyle\cs\build\Microsoft.CodeAnalysis.CSharp.CodeStyle.targets" dosyasındaki "AddGlobalAnalyzerConfigForPackage_MicrosoftCodeAnalysisCSharpCodeStyle" hedefi ("GenerateMSBuildEditorConfigFileCore" hedefi buna bağımlı):
   1:7>"HondaTuner.csproj" projesinde "AddGlobalAnalyzerConfigForPackage_MicrosoftCodeAnalysisCSharpCodeStyle" hedefini oluşturma tamamlandı.
   1:7>"C:\Users\ayhan\OneDrive\Desktop\Canlı OBD2 Araç Telemetri Ekranı\HondaTuner\HondaTuner.csproj" projesinin "C:\Program Files\dotnet\sdk\10.0.103\Roslyn\Microsoft.Managed.Core.targets" dosyasındaki "GenerateMSBuildEditorConfigFileCore" hedefi ("GenerateMSBuildEditorConfigFile" hedefi buna bağımlı):
       "GenerateMSBuildEditorConfigFileCore" hedefi tam olarak oluşturuluyor.
       Giriş dosyası belirtilmedi.
       "C:\Program Files\dotnet\sdk\10.0.103\Sdks\Microsoft.NET.Sdk\targets\..\..\..\Roslyn\Microsoft.Build.Tasks.CodeAnalysis.dll" derlemesindeki "GenerateMSBuildEditorConfig" görevi kullanılıyor.
       "GenerateMSBuildEditorConfig" görevi
       "GenerateMSBuildEditorConfig" görevini yürütme tamamlandı.
   1:7>"HondaTuner.csproj" projesinde "GenerateMSBuildEditorConfigFileCore" hedefini oluşturma tamamlandı.
   1:7>"C:\Users\ayhan\OneDrive\Desktop\Canlı OBD2 Araç Telemetri Ekranı\HondaTuner\HondaTuner.csproj" projesinin "C:\Program Files\dotnet\sdk\10.0.103\Roslyn\Microsoft.Managed.Core.targets" dosyasındaki "GenerateMSBuildEditorConfigFile" hedefi ("BeforeCompile" hedefi buna bağımlı):
   1:7>"HondaTuner.csproj" projesinde "GenerateMSBuildEditorConfigFile" hedefini oluşturma tamamlandı.
       "PrepareForBuild" hedefi atlandı. Önceden başarılı bir şekilde derlenmişti.
       "GetReferenceAssemblyPaths" hedefi atlandı. Önceden başarılı bir şekilde derlenmişti.
   1:7>"C:\Users\ayhan\OneDrive\Desktop\Canlı OBD2 Araç Telemetri Ekranı\HondaTuner\HondaTuner.csproj" projesinin "C:\Program Files\dotnet\sdk\10.0.103\Microsoft.CSharp.CurrentVersion.targets" dosyasındaki "_SetTargetFrameworkMonikerAttribute" hedefi ("GenerateTargetFrameworkMonikerAttribute" hedefi buna bağımlı):
   1:7>"HondaTuner.csproj" projesinde "_SetTargetFrameworkMonikerAttribute" hedefini oluşturma tamamlandı.
   1:7>"C:\Users\ayhan\OneDrive\Desktop\Canlı OBD2 Araç Telemetri Ekranı\HondaTuner\HondaTuner.csproj" projesinin "C:\Program Files\dotnet\sdk\10.0.103\Microsoft.Common.CurrentVersion.targets" dosyasındaki "GenerateTargetFrameworkMonikerAttribute" hedefi ("BeforeCompile" hedefi buna bağımlı):
       Tüm çıkış dosyaları, giriş dosyalarına göre güncel durumda olduğundan "GenerateTargetFrameworkMonikerAttribute" hedefi atlanıyor.
       Giriş dosyaları: C:\Program Files\dotnet\sdk\10.0.103\Microsoft.Common.targets
       Çıkış dosyaları: obj\Debug\net6.0-windows\.NETCoreApp,Version=v6.0.AssemblyAttributes.cs
   1:7>"HondaTuner.csproj" projesinde "GenerateTargetFrameworkMonikerAttribute" hedefini oluşturma tamamlandı.
       "PrepareForBuild" hedefi atlandı. Önceden başarılı bir şekilde derlenmişti.
   1:7>"C:\Users\ayhan\OneDrive\Desktop\Canlı OBD2 Araç Telemetri Ekranı\HondaTuner\HondaTuner.csproj" projesinin "C:\Program Files\dotnet\sdk\10.0.103\Sdks\Microsoft.NET.Sdk\targets\Microsoft.NET.GenerateAssemblyInfo.targets" dosyasındaki "GetAssemblyVersion" hedefi ("GetAssemblyAttributes" hedefi buna bağımlı):
       "C:\Program Files\dotnet\sdk\10.0.103\Sdks\Microsoft.NET.Sdk\targets\..\tools\net10.0\Microsoft.NET.Build.Tasks.dll" derlemesindeki "GetAssemblyVersion" görevi kullanılıyor.
       "GetAssemblyVersion" görevi
       "GetAssemblyVersion" görevini yürütme tamamlandı.
   1:7>"HondaTuner.csproj" projesinde "GetAssemblyVersion" hedefini oluşturma tamamlandı.
   1:7>"C:\Users\ayhan\OneDrive\Desktop\Canlı OBD2 Araç Telemetri Ekranı\HondaTuner\HondaTuner.csproj" projesinin "C:\Program Files\dotnet\sdk\10.0.103\Sdks\Microsoft.Build.Tasks.Git\build\Microsoft.Build.Tasks.Git.targets" dosyasındaki "InitializeSourceControlInformationFromSourceControlManager" hedefi ("_InitializeSourceControlInformationFromSourceControlManager" hedefi buna bağımlı):
       "C:\Program Files\dotnet\sdk\10.0.103\Sdks\Microsoft.Build.Tasks.Git\build\..\tools\net\Microsoft.Build.Tasks.Git.dll" derlemesindeki "Microsoft.Build.Tasks.Git.LocateRepository" görevi kullanılıyor.
       "Microsoft.Build.Tasks.Git.LocateRepository" görevi
       "Microsoft.Build.Tasks.Git.LocateRepository" görevini yürütme tamamlandı.
   1:7>"HondaTuner.csproj" projesinde "InitializeSourceControlInformationFromSourceControlManager" hedefini oluşturma tamamlandı.
   1:7>"C:\Users\ayhan\OneDrive\Desktop\Canlı OBD2 Araç Telemetri Ekranı\HondaTuner\HondaTuner.csproj" projesinin "C:\Program Files\dotnet\sdk\10.0.103\Sdks\Microsoft.SourceLink.Common\build\InitializeSourceControlInformation.targets" dosyasındaki "_SourceLinkHasSingleProvider" hedefi ("_InitializeSourceControlInformationFromSourceControlManager" hedefi buna bağımlı):
       Derleme TaskRun sırasında yüklendi: Microsoft.SourceLink.Common, Version=10.0.14.7603, Culture=neutral, PublicKeyToken=31bf3856ad364e35 (konum: C:\Program Files\dotnet\sdk\10.0.103\Sdks\Microsoft.SourceLink.Common\tools\net\Microsoft.SourceLink.Common.dll, MVID: 390b9e9c-19e1-474f-88ad-4e0ebb843a0f, AssemblyLoadContext: MSBuild plugin C:\Program Files\dotnet\sdk\10.0.103\Sdks\Microsoft.SourceLink.Common\tools\net\Microsoft.SourceLink.Common.dll)
       "C:\Program Files\dotnet\sdk\10.0.103\Sdks\Microsoft.SourceLink.Common\build\..\tools\net\Microsoft.SourceLink.Common.dll" derlemesindeki "Microsoft.SourceLink.Common.SourceLinkHasSingleProvider" görevi kullanılıyor.
       "Microsoft.SourceLink.Common.SourceLinkHasSingleProvider" görevi
       "Microsoft.SourceLink.Common.SourceLinkHasSingleProvider" görevini yürütme tamamlandı.
   1:7>"HondaTuner.csproj" projesinde "_SourceLinkHasSingleProvider" hedefini oluşturma tamamlandı.
   1:7>"C:\Users\ayhan\OneDrive\Desktop\Canlı OBD2 Araç Telemetri Ekranı\HondaTuner\HondaTuner.csproj" projesinin "C:\Program Files\dotnet\sdk\10.0.103\Sdks\Microsoft.SourceLink.GitHub\build\Microsoft.SourceLink.GitHub.targets" dosyasındaki "TranslateGitHubUrlsInSourceControlInformation" hedefi ("_InitializeSourceControlInformationFromSourceControlManager" hedefi buna bağımlı):
       Derleme TaskRun sırasında yüklendi: Microsoft.SourceLink.GitHub, Version=10.0.14.7603, Culture=neutral, PublicKeyToken=31bf3856ad364e35 (konum: C:\Program Files\dotnet\sdk\10.0.103\Sdks\Microsoft.SourceLink.GitHub\tools\net\Microsoft.SourceLink.GitHub.dll, MVID: 154e1d95-e49c-4e86-9757-5a642a8077fb, AssemblyLoadContext: MSBuild plugin C:\Program Files\dotnet\sdk\10.0.103\Sdks\Microsoft.SourceLink.GitHub\tools\net\Microsoft.SourceLink.GitHub.dll)
       "C:\Program Files\dotnet\sdk\10.0.103\Sdks\Microsoft.SourceLink.GitHub\build\..\tools\net\Microsoft.SourceLink.GitHub.dll" derlemesindeki "Microsoft.SourceLink.GitHub.TranslateRepositoryUrls" görevi kullanılıyor.
       "Microsoft.SourceLink.GitHub.TranslateRepositoryUrls" görevi
       "Microsoft.SourceLink.GitHub.TranslateRepositoryUrls" görevini yürütme tamamlandı.
   1:7>"HondaTuner.csproj" projesinde "TranslateGitHubUrlsInSourceControlInformation" hedefini oluşturma tamamlandı.
   1:7>"C:\Users\ayhan\OneDrive\Desktop\Canlı OBD2 Araç Telemetri Ekranı\HondaTuner\HondaTuner.csproj" projesinin "C:\Program Files\dotnet\sdk\10.0.103\Sdks\Microsoft.SourceLink.GitLab\build\Microsoft.SourceLink.GitLab.targets" dosyasındaki "TranslateGitLabUrlsInSourceControlInformation" hedefi ("_InitializeSourceControlInformationFromSourceControlManager" hedefi buna bağımlı):
       Derleme TaskRun sırasında yüklendi: Microsoft.SourceLink.GitLab, Version=10.0.14.7603, Culture=neutral, PublicKeyToken=31bf3856ad364e35 (konum: C:\Program Files\dotnet\sdk\10.0.103\Sdks\Microsoft.SourceLink.GitLab\tools\net\Microsoft.SourceLink.GitLab.dll, MVID: 6ea7c74f-7bc0-4879-82f0-55d62d4449b2, AssemblyLoadContext: MSBuild plugin C:\Program Files\dotnet\sdk\10.0.103\Sdks\Microsoft.SourceLink.GitLab\tools\net\Microsoft.SourceLink.GitLab.dll)
       "C:\Program Files\dotnet\sdk\10.0.103\Sdks\Microsoft.SourceLink.GitLab\build\..\tools\net\Microsoft.SourceLink.GitLab.dll" derlemesindeki "Microsoft.SourceLink.GitLab.TranslateRepositoryUrls" görevi kullanılıyor.
       "Microsoft.SourceLink.GitLab.TranslateRepositoryUrls" görevi
       "Microsoft.SourceLink.GitLab.TranslateRepositoryUrls" görevini yürütme tamamlandı.
   1:7>"HondaTuner.csproj" projesinde "TranslateGitLabUrlsInSourceControlInformation" hedefini oluşturma tamamlandı.
   1:7>"C:\Users\ayhan\OneDrive\Desktop\Canlı OBD2 Araç Telemetri Ekranı\HondaTuner\HondaTuner.csproj" projesinin "C:\Program Files\dotnet\sdk\10.0.103\Sdks\Microsoft.SourceLink.AzureRepos.Git\build\Microsoft.SourceLink.AzureRepos.Git.targets" dosyasındaki "TranslateAzureReposGitUrlsInSourceControlInformation" hedefi ("_InitializeSourceControlInformationFromSourceControlManager" hedefi buna bağımlı):
       Derleme TaskRun sırasında yüklendi: Microsoft.SourceLink.AzureRepos.Git, Version=10.0.14.7603, Culture=neutral, PublicKeyToken=31bf3856ad364e35 (konum: C:\Program Files\dotnet\sdk\10.0.103\Sdks\Microsoft.SourceLink.AzureRepos.Git\tools\net\Microsoft.SourceLink.AzureRepos.Git.dll, MVID: 22a23f50-b695-4967-8cb6-3ca10cc761c7, AssemblyLoadContext: MSBuild plugin C:\Program Files\dotnet\sdk\10.0.103\Sdks\Microsoft.SourceLink.AzureRepos.Git\tools\net\Microsoft.SourceLink.AzureRepos.Git.dll)
       "C:\Program Files\dotnet\sdk\10.0.103\Sdks\Microsoft.SourceLink.AzureRepos.Git\build\..\tools\net\Microsoft.SourceLink.AzureRepos.Git.dll" derlemesindeki "Microsoft.SourceLink.AzureRepos.Git.TranslateRepositoryUrls" görevi kullanılıyor.
       "Microsoft.SourceLink.AzureRepos.Git.TranslateRepositoryUrls" görevi
       "Microsoft.SourceLink.AzureRepos.Git.TranslateRepositoryUrls" görevini yürütme tamamlandı.
   1:7>"HondaTuner.csproj" projesinde "TranslateAzureReposGitUrlsInSourceControlInformation" hedefini oluşturma tamamlandı.
   1:7>"C:\Users\ayhan\OneDrive\Desktop\Canlı OBD2 Araç Telemetri Ekranı\HondaTuner\HondaTuner.csproj" projesinin "C:\Program Files\dotnet\sdk\10.0.103\Sdks\Microsoft.SourceLink.Bitbucket.Git\build\Microsoft.SourceLink.Bitbucket.Git.targets" dosyasındaki "TranslateBitbucketGitUrlsInSourceControlInformation" hedefi ("_InitializeSourceControlInformationFromSourceControlManager" hedefi buna bağımlı):
       Derleme TaskRun sırasında yüklendi: Microsoft.SourceLink.Bitbucket.Git, Version=10.0.14.7603, Culture=neutral, PublicKeyToken=31bf3856ad364e35 (konum: C:\Program Files\dotnet\sdk\10.0.103\Sdks\Microsoft.SourceLink.Bitbucket.Git\tools\net\Microsoft.SourceLink.Bitbucket.Git.dll, MVID: 290f90d9-d33d-43ee-afe3-b9f31804edd9, AssemblyLoadContext: MSBuild plugin C:\Program Files\dotnet\sdk\10.0.103\Sdks\Microsoft.SourceLink.Bitbucket.Git\tools\net\Microsoft.SourceLink.Bitbucket.Git.dll)
       "C:\Program Files\dotnet\sdk\10.0.103\Sdks\Microsoft.SourceLink.Bitbucket.Git\build\..\tools\net\Microsoft.SourceLink.Bitbucket.Git.dll" derlemesindeki "Microsoft.SourceLink.Bitbucket.Git.TranslateRepositoryUrls" görevi kullanılıyor.
       "Microsoft.SourceLink.Bitbucket.Git.TranslateRepositoryUrls" görevi
       "Microsoft.SourceLink.Bitbucket.Git.TranslateRepositoryUrls" görevini yürütme tamamlandı.
   1:7>"HondaTuner.csproj" projesinde "TranslateBitbucketGitUrlsInSourceControlInformation" hedefini oluşturma tamamlandı.
   1:7>"C:\Users\ayhan\OneDrive\Desktop\Canlı OBD2 Araç Telemetri Ekranı\HondaTuner\HondaTuner.csproj" projesinin "C:\Program Files\dotnet\sdk\10.0.103\Sdks\Microsoft.SourceLink.Common\build\InitializeSourceControlInformation.targets" dosyasındaki "SourceControlManagerPublishTranslatedUrls" hedefi ("_InitializeSourceControlInformationFromSourceControlManager" hedefi buna bağımlı):
   1:7>"HondaTuner.csproj" projesinde "SourceControlManagerPublishTranslatedUrls" hedefini oluşturma tamamlandı.
   1:7>"C:\Users\ayhan\OneDrive\Desktop\Canlı OBD2 Araç Telemetri Ekranı\HondaTuner\HondaTuner.csproj" projesinin "C:\Program Files\dotnet\sdk\10.0.103\Sdks\Microsoft.SourceLink.Common\build\InitializeSourceControlInformation.targets" dosyasındaki "_InitializeSourceControlInformationFromSourceControlManager" hedefi ("InitializeSourceControlInformation" hedefi buna bağımlı):
   1:7>"HondaTuner.csproj" projesinde "_InitializeSourceControlInformationFromSourceControlManager" hedefini oluşturma tamamlandı.
   1:7>"C:\Users\ayhan\OneDrive\Desktop\Canlı OBD2 Araç Telemetri Ekranı\HondaTuner\HondaTuner.csproj" projesinin "C:\Program Files\dotnet\sdk\10.0.103\Microsoft.Common.CurrentVersion.targets" dosyasındaki "InitializeSourceControlInformation" hedefi ("GetAssemblyAttributes" hedefi buna bağımlı):
   1:7>"HondaTuner.csproj" projesinde "InitializeSourceControlInformation" hedefini oluşturma tamamlandı.
       "GetAssemblyVersion" hedefi atlandı. Önceden başarılı bir şekilde derlenmişti.
       "InitializeSourceControlInformation" hedefi atlandı. Önceden başarılı bir şekilde derlenmişti.
   1:7>"C:\Users\ayhan\OneDrive\Desktop\Canlı OBD2 Araç Telemetri Ekranı\HondaTuner\HondaTuner.csproj" projesinin "C:\Program Files\dotnet\sdk\10.0.103\Sdks\Microsoft.NET.Sdk\targets\Microsoft.NET.GenerateAssemblyInfo.targets" dosyasındaki "AddSourceRevisionToInformationalVersion" hedefi ("GetAssemblyAttributes" hedefi buna bağımlı):
   1:7>"HondaTuner.csproj" projesinde "AddSourceRevisionToInformationalVersion" hedefini oluşturma tamamlandı.
   1:7>"C:\Users\ayhan\OneDrive\Desktop\Canlı OBD2 Araç Telemetri Ekranı\HondaTuner\HondaTuner.csproj" projesinin "C:\Program Files\dotnet\sdk\10.0.103\Sdks\Microsoft.NET.Sdk\targets\Microsoft.NET.GenerateAssemblyInfo.targets" dosyasındaki "GetAssemblyAttributes" hedefi ("CreateGeneratedAssemblyInfoInputsCacheFile" hedefi buna bağımlı):
   1:7>"HondaTuner.csproj" projesinde "GetAssemblyAttributes" hedefini oluşturma tamamlandı.
   1:7>"C:\Users\ayhan\OneDrive\Desktop\Canlı OBD2 Araç Telemetri Ekranı\HondaTuner\HondaTuner.csproj" projesinin "C:\Program Files\dotnet\sdk\10.0.103\Sdks\Microsoft.NET.Sdk\targets\Microsoft.NET.GenerateAssemblyInfo.targets" dosyasındaki "CreateGeneratedAssemblyInfoInputsCacheFile" hedefi ("CoreGenerateAssemblyInfo" hedefi buna bağımlı):
       "Microsoft.Build.Tasks.Core, Version=15.1.0.0, Culture=neutral, PublicKeyToken=b03f5f7f11d50a3a" derlemesindeki "Hash" görevi kullanılıyor.
       "Hash" görevi
       "Hash" görevini yürütme tamamlandı.
       "Microsoft.Build.Tasks.Core, Version=15.1.0.0, Culture=neutral, PublicKeyToken=b03f5f7f11d50a3a" derlemesindeki "WriteLinesToFile" görevi kullanılıyor.
       "WriteLinesToFile" görevi
         İçerik değişmeyeceğinden "obj\Debug\net6.0-windows\HondaTuner.AssemblyInfoInputs.cache" dosyası üzerine yazma işlemi atlanacak.
       "WriteLinesToFile" görevini yürütme tamamlandı.
   1:7>"HondaTuner.csproj" projesinde "CreateGeneratedAssemblyInfoInputsCacheFile" hedefini oluşturma tamamlandı.
   1:7>"C:\Users\ayhan\OneDrive\Desktop\Canlı OBD2 Araç Telemetri Ekranı\HondaTuner\HondaTuner.csproj" projesinin "C:\Program Files\dotnet\sdk\10.0.103\Sdks\Microsoft.NET.Sdk\targets\Microsoft.NET.GenerateAssemblyInfo.targets" dosyasındaki "CoreGenerateAssemblyInfo" hedefi ("GenerateAssemblyInfo" hedefi buna bağımlı):
       Tüm çıkış dosyaları, giriş dosyalarına göre güncel durumda olduğundan "CoreGenerateAssemblyInfo" hedefi atlanıyor.
       Giriş dosyaları: obj\Debug\net6.0-windows\HondaTuner.AssemblyInfoInputs.cache
       Çıkış dosyaları: obj\Debug\net6.0-windows\HondaTuner.AssemblyInfo.cs
   1:7>"HondaTuner.csproj" projesinde "CoreGenerateAssemblyInfo" hedefini oluşturma tamamlandı.
   1:7>"C:\Users\ayhan\OneDrive\Desktop\Canlı OBD2 Araç Telemetri Ekranı\HondaTuner\HondaTuner.csproj" projesinin "C:\Program Files\dotnet\sdk\10.0.103\Sdks\Microsoft.NET.Sdk\targets\Microsoft.NET.GenerateAssemblyInfo.targets" dosyasındaki "GenerateAssemblyInfo" hedefi ("BeforeCompile" hedefi buna bağımlı):
   1:7>"HondaTuner.csproj" projesinde "GenerateAssemblyInfo" hedefini oluşturma tamamlandı.
   1:7>"C:\Users\ayhan\OneDrive\Desktop\Canlı OBD2 Araç Telemetri Ekranı\HondaTuner\HondaTuner.csproj" projesinin "C:\Program Files\dotnet\sdk\10.0.103\Microsoft.Common.CurrentVersion.targets" dosyasındaki "BeforeCompile" hedefi ("Compile" hedefi buna bağımlı):
   1:7>"HondaTuner.csproj" projesinde "BeforeCompile" hedefini oluşturma tamamlandı.
       "ResolveAssemblyReferences" hedefi atlandı. Önceden başarılı bir şekilde derlenmişti.
       "_GenerateCompileInputs" hedefi atlandı. Önceden başarılı bir şekilde derlenmişti.
   1:7>"C:\Users\ayhan\OneDrive\Desktop\Canlı OBD2 Araç Telemetri Ekranı\HondaTuner\HondaTuner.csproj" projesinin "C:\Program Files\dotnet\sdk\10.0.103\Microsoft.Common.CurrentVersion.targets" dosyasındaki "_GenerateCompileDependencyCache" hedefi ("Compile" hedefi buna bağımlı):
       "Hash" görevi
       "Hash" görevini yürütme tamamlandı.
       "WriteLinesToFile" görevi
         İçerik değişmeyeceğinden "obj\Debug\net6.0-windows\HondaTuner.csproj.CoreCompileInputs.cache" dosyası üzerine yazma işlemi atlanacak.
       "WriteLinesToFile" görevini yürütme tamamlandı.
   1:7>"HondaTuner.csproj" projesinde "_GenerateCompileDependencyCache" hedefini oluşturma tamamlandı.
   1:7>"C:\Users\ayhan\OneDrive\Desktop\Canlı OBD2 Araç Telemetri Ekranı\HondaTuner\HondaTuner.csproj" projesinin "C:\Program Files\dotnet\sdk\10.0.103\Roslyn\Microsoft.Managed.Core.targets" dosyasındaki "_BeforeVBCSCoreCompile" hedefi ("CoreCompile" hedefi buna bağımlı):
   1:7>"HondaTuner.csproj" projesinde "_BeforeVBCSCoreCompile" hedefini oluşturma tamamlandı.
   1:7>"C:\Users\ayhan\OneDrive\Desktop\Canlı OBD2 Araç Telemetri Ekranı\HondaTuner\HondaTuner.csproj" projesinin "C:\Program Files\dotnet\sdk\10.0.103\Roslyn\Microsoft.Managed.Core.targets" dosyasındaki "_ComputeSkipAnalyzers" hedefi ("CoreCompile" hedefi buna bağımlı):
   1:7>"HondaTuner.csproj" projesinde "_ComputeSkipAnalyzers" hedefini oluşturma tamamlandı.
       "BeforeCompile" hedefi atlandı. Önceden başarılı bir şekilde derlenmişti.
       "InitializeSourceControlInformationFromSourceControlManager" hedefi atlandı. Önceden başarılı bir şekilde derlenmişti.
   1:7>"C:\Users\ayhan\OneDrive\Desktop\Canlı OBD2 Araç Telemetri Ekranı\HondaTuner\HondaTuner.csproj" projesinin "C:\Program Files\dotnet\sdk\10.0.103\Sdks\Microsoft.Build.Tasks.Git\build\Microsoft.Build.Tasks.Git.targets" dosyasındaki "SetEmbeddedFilesFromSourceControlManagerUntrackedFiles" hedefi ("_SetEmbeddedFilesFromSourceControlManagerUntrackedFiles" hedefi buna bağımlı):
   1:7>"HondaTuner.csproj" projesinde "SetEmbeddedFilesFromSourceControlManagerUntrackedFiles" hedefini oluşturma tamamlandı.
   1:7>"C:\Users\ayhan\OneDrive\Desktop\Canlı OBD2 Araç Telemetri Ekranı\HondaTuner\HondaTuner.csproj" projesinin "C:\Program Files\dotnet\sdk\10.0.103\Sdks\Microsoft.SourceLink.Common\build\Microsoft.SourceLink.Common.targets" dosyasındaki "_SetEmbeddedFilesFromSourceControlManagerUntrackedFiles" hedefi ("CoreCompile" hedefi buna bağımlı):
   1:7>"HondaTuner.csproj" projesinde "_SetEmbeddedFilesFromSourceControlManagerUntrackedFiles" hedefini oluşturma tamamlandı.
       "InitializeSourceControlInformation" hedefi atlandı. Önceden başarılı bir şekilde derlenmişti.
   1:7>"C:\Users\ayhan\OneDrive\Desktop\Canlı OBD2 Araç Telemetri Ekranı\HondaTuner\HondaTuner.csproj" projesinin "C:\Program Files\dotnet\sdk\10.0.103\Sdks\Microsoft.SourceLink.Common\build\Microsoft.SourceLink.Common.targets" dosyasındaki "_SetSourceLinkFilePath" hedefi ("_GenerateSourceLinkFile" hedefi buna bağımlı):
   1:7>"HondaTuner.csproj" projesinde "_SetSourceLinkFilePath" hedefini oluşturma tamamlandı.
       "InitializeSourceControlInformation" hedefi atlandı. Önceden başarılı bir şekilde derlenmişti.
   1:7>"C:\Users\ayhan\OneDrive\Desktop\Canlı OBD2 Araç Telemetri Ekranı\HondaTuner\HondaTuner.csproj" projesinin "C:\Program Files\dotnet\sdk\10.0.103\Roslyn\Microsoft.Managed.Core.targets" dosyasındaki "_InitializeSourceRootMappedPathsFromSourceControl" hedefi ("InitializeSourceRootMappedPaths" hedefi buna bağımlı):
   1:7>"HondaTuner.csproj" projesinde "_InitializeSourceRootMappedPathsFromSourceControl" hedefini oluşturma tamamlandı.
   1:7>"C:\Users\ayhan\OneDrive\Desktop\Canlı OBD2 Araç Telemetri Ekranı\HondaTuner\HondaTuner.csproj" projesinin "C:\Program Files\dotnet\sdk\10.0.103\Roslyn\Microsoft.Managed.Core.targets" dosyasındaki "InitializeSourceRootMappedPaths" hedefi ("_InitializeSourceRootMappedPathsOpt" hedefi buna bağımlı):
       "C:\Program Files\dotnet\sdk\10.0.103\Sdks\Microsoft.NET.Sdk\targets\..\..\..\Roslyn\Microsoft.Build.Tasks.CodeAnalysis.dll" derlemesindeki "Microsoft.CodeAnalysis.BuildTasks.MapSourceRoots" görevi kullanılıyor.
       "Microsoft.CodeAnalysis.BuildTasks.MapSourceRoots" görevi
       "Microsoft.CodeAnalysis.BuildTasks.MapSourceRoots" görevini yürütme tamamlandı.
   1:7>"HondaTuner.csproj" projesinde "InitializeSourceRootMappedPaths" hedefini oluşturma tamamlandı.
   1:7>"C:\Users\ayhan\OneDrive\Desktop\Canlı OBD2 Araç Telemetri Ekranı\HondaTuner\HondaTuner.csproj" projesinin "C:\Program Files\dotnet\sdk\10.0.103\Sdks\Microsoft.SourceLink.Common\build\Microsoft.SourceLink.Common.targets" dosyasındaki "_InitializeSourceRootMappedPathsOpt" hedefi ("_GenerateSourceLinkFile" hedefi buna bağımlı):
   1:7>"HondaTuner.csproj" projesinde "_InitializeSourceRootMappedPathsOpt" hedefini oluşturma tamamlandı.
   1:7>"C:\Users\ayhan\OneDrive\Desktop\Canlı OBD2 Araç Telemetri Ekranı\HondaTuner\HondaTuner.csproj" projesinin "C:\Program Files\dotnet\sdk\10.0.103\Sdks\Microsoft.SourceLink.GitHub\build\Microsoft.SourceLink.GitHub.targets" dosyasındaki "_InitializeGitHubSourceLinkUrl" hedefi ("_GenerateSourceLinkFile" hedefi buna bağımlı):
       "_InitializeGitHubSourceLinkUrl" hedefi tam olarak oluşturuluyor.
       Giriş dosyası belirtilmedi.
       "C:\Program Files\dotnet\sdk\10.0.103\Sdks\Microsoft.SourceLink.GitHub\build\..\tools\net\Microsoft.SourceLink.GitHub.dll" derlemesindeki "Microsoft.SourceLink.GitHub.GetSourceLinkUrl" görevi kullanılıyor.
       "Microsoft.SourceLink.GitHub.GetSourceLinkUrl" görevi
       "Microsoft.SourceLink.GitHub.GetSourceLinkUrl" görevini yürütme tamamlandı.
   1:7>"HondaTuner.csproj" projesinde "_InitializeGitHubSourceLinkUrl" hedefini oluşturma tamamlandı.
   1:7>"C:\Users\ayhan\OneDrive\Desktop\Canlı OBD2 Araç Telemetri Ekranı\HondaTuner\HondaTuner.csproj" projesinin "C:\Program Files\dotnet\sdk\10.0.103\Sdks\Microsoft.SourceLink.GitLab\build\Microsoft.SourceLink.GitLab.targets" dosyasındaki "_InitializeGitLabSourceLinkUrl" hedefi ("_GenerateSourceLinkFile" hedefi buna bağımlı):
       "_InitializeGitLabSourceLinkUrl" hedefi tam olarak oluşturuluyor.
       Giriş dosyası belirtilmedi.
       "C:\Program Files\dotnet\sdk\10.0.103\Sdks\Microsoft.SourceLink.GitLab\build\..\tools\net\Microsoft.SourceLink.GitLab.dll" derlemesindeki "Microsoft.SourceLink.GitLab.GetSourceLinkUrl" görevi kullanılıyor.
       "Microsoft.SourceLink.GitLab.GetSourceLinkUrl" görevi
       "Microsoft.SourceLink.GitLab.GetSourceLinkUrl" görevini yürütme tamamlandı.
   1:7>"HondaTuner.csproj" projesinde "_InitializeGitLabSourceLinkUrl" hedefini oluşturma tamamlandı.
   1:7>"C:\Users\ayhan\OneDrive\Desktop\Canlı OBD2 Araç Telemetri Ekranı\HondaTuner\HondaTuner.csproj" projesinin "C:\Program Files\dotnet\sdk\10.0.103\Sdks\Microsoft.SourceLink.AzureRepos.Git\build\Microsoft.SourceLink.AzureRepos.Git.targets" dosyasındaki "_InitializeAzureReposGitSourceLinkUrl" hedefi ("_GenerateSourceLinkFile" hedefi buna bağımlı):
       "_InitializeAzureReposGitSourceLinkUrl" hedefi tam olarak oluşturuluyor.
       Giriş dosyası belirtilmedi.
       "C:\Program Files\dotnet\sdk\10.0.103\Sdks\Microsoft.SourceLink.AzureRepos.Git\build\..\tools\net\Microsoft.SourceLink.AzureRepos.Git.dll" derlemesindeki "Microsoft.SourceLink.AzureRepos.Git.GetSourceLinkUrl" görevi kullanılıyor.
       "Microsoft.SourceLink.AzureRepos.Git.GetSourceLinkUrl" görevi
       "Microsoft.SourceLink.AzureRepos.Git.GetSourceLinkUrl" görevini yürütme tamamlandı.
   1:7>"HondaTuner.csproj" projesinde "_InitializeAzureReposGitSourceLinkUrl" hedefini oluşturma tamamlandı.
   1:7>"C:\Users\ayhan\OneDrive\Desktop\Canlı OBD2 Araç Telemetri Ekranı\HondaTuner\HondaTuner.csproj" projesinin "C:\Program Files\dotnet\sdk\10.0.103\Sdks\Microsoft.SourceLink.Bitbucket.Git\build\Microsoft.SourceLink.Bitbucket.Git.targets" dosyasındaki "_InitializeBitbucketGitSourceLinkUrl" hedefi ("_GenerateSourceLinkFile" hedefi buna bağımlı):
       "_InitializeBitbucketGitSourceLinkUrl" hedefi tam olarak oluşturuluyor.
       Giriş dosyası belirtilmedi.
       "C:\Program Files\dotnet\sdk\10.0.103\Sdks\Microsoft.SourceLink.Bitbucket.Git\build\..\tools\net\Microsoft.SourceLink.Bitbucket.Git.dll" derlemesindeki "Microsoft.SourceLink.Bitbucket.Git.GetSourceLinkUrl" görevi kullanılıyor.
       "Microsoft.SourceLink.Bitbucket.Git.GetSourceLinkUrl" görevi
       "Microsoft.SourceLink.Bitbucket.Git.GetSourceLinkUrl" görevini yürütme tamamlandı.
   1:7>"HondaTuner.csproj" projesinde "_InitializeBitbucketGitSourceLinkUrl" hedefini oluşturma tamamlandı.
   1:7>"C:\Users\ayhan\OneDrive\Desktop\Canlı OBD2 Araç Telemetri Ekranı\HondaTuner\HondaTuner.csproj" projesinin "C:\Program Files\dotnet\sdk\10.0.103\Sdks\Microsoft.SourceLink.Common\build\Microsoft.SourceLink.Common.targets" dosyasındaki "_GenerateSourceLinkFile" hedefi ("GenerateSourceLinkFile" hedefi buna bağımlı):
       "_GenerateSourceLinkFile" hedefi tam olarak oluşturuluyor.
       Giriş dosyası belirtilmedi.
       "C:\Program Files\dotnet\sdk\10.0.103\Sdks\Microsoft.SourceLink.Common\build\..\tools\net\Microsoft.SourceLink.Common.dll" derlemesindeki "Microsoft.SourceLink.Common.GenerateSourceLinkFile" görevi kullanılıyor.
       "Microsoft.SourceLink.Common.GenerateSourceLinkFile" görevi
         Derleme TaskRun (Microsoft.SourceLink.Common.GenerateSourceLinkFile) sırasında yüklendi: Microsoft.SourceLink.Common.resources, Version=10.0.14.7603, Culture=tr, PublicKeyToken=31bf3856ad364e35 (konum: C:\Program Files\dotnet\sdk\10.0.103\Sdks\Microsoft.SourceLink.Common\tools\net\tr\Microsoft.SourceLink.Common.resources.dll, MVID: ac77f69f-aaef-4e62-97c8-0f9e0e9f935b, AssemblyLoadContext: MSBuild plugin C:\Program Files\dotnet\sdk\10.0.103\Sdks\Microsoft.SourceLink.Common\tools\net\Microsoft.SourceLink.Common.dll)
         Source Link boş, 'obj\Debug\net6.0-windows\HondaTuner.sourcelink.json' dosyası yok.
       "Microsoft.SourceLink.Common.GenerateSourceLinkFile" görevini yürütme tamamlandı.
   1:7>"HondaTuner.csproj" projesinde "_GenerateSourceLinkFile" hedefini oluşturma tamamlandı.
   1:7>"C:\Users\ayhan\OneDrive\Desktop\Canlı OBD2 Araç Telemetri Ekranı\HondaTuner\HondaTuner.csproj" projesinin "C:\Program Files\dotnet\sdk\10.0.103\Sdks\Microsoft.SourceLink.Common\build\Microsoft.SourceLink.Common.targets" dosyasındaki "GenerateSourceLinkFile" hedefi ("CoreCompile" hedefi buna bağımlı):
   1:7>"HondaTuner.csproj" projesinde "GenerateSourceLinkFile" hedefini oluşturma tamamlandı.
   1:7>"C:\Users\ayhan\OneDrive\Desktop\Canlı OBD2 Araç Telemetri Ekranı\HondaTuner\HondaTuner.csproj" projesinin "C:\Program Files\dotnet\sdk\10.0.103\Sdks\Microsoft.NET.Sdk\analyzers\build\Microsoft.CodeAnalysis.NetAnalyzers.targets" dosyasındaki "AddGlobalAnalyzerConfigForPackage_MicrosoftCodeAnalysisNetAnalyzers" hedefi ("CoreCompile" hedefi buna bağımlı):
   1:7>"HondaTuner.csproj" projesinde "AddGlobalAnalyzerConfigForPackage_MicrosoftCodeAnalysisNetAnalyzers" hedefini oluşturma tamamlandı.
   1:7>"C:\Users\ayhan\OneDrive\Desktop\Canlı OBD2 Araç Telemetri Ekranı\HondaTuner\HondaTuner.csproj" projesinin "C:\Program Files\dotnet\sdk\10.0.103\Sdks\Microsoft.NET.Sdk.WindowsDesktop\targets\Microsoft.WinFX.targets" dosyasındaki "RemoveDuplicateAnalyzers" hedefi ("CoreCompile" hedefi buna bağımlı):
   1:7>"HondaTuner.csproj" projesinde "RemoveDuplicateAnalyzers" hedefini oluşturma tamamlandı.
   1:7>"C:\Users\ayhan\OneDrive\Desktop\Canlı OBD2 Araç Telemetri Ekranı\HondaTuner\HondaTuner.csproj" projesinin "C:\Program Files\dotnet\sdk\10.0.103\Roslyn\Microsoft.CSharp.Core.targets" dosyasındaki "CoreCompile" hedefi ("Compile" hedefi buna bağımlı):
       "CoreCompile" hedefi tam olarak oluşturuluyor.
       "Calibration\Interpolation\BilinearInterpolationEngine.cs" giriş dosyası, "obj\Debug\net6.0-windows\HondaTuner.pdb" çıkış dosyasından daha yeni.
       C:\Program Files\dotnet\sdk\10.0.103\Roslyn\Microsoft.CSharp.Core.targets(66,7): message : Özellik yeniden ataması: $(NoWarn)="1701;1702;1701;1702" (önceki değer: "1701;1702") konum: C:\Program Files\dotnet\sdk\10.0.103\Roslyn\Microsoft.CSharp.Core.targets (66,7) [C:\Users\ayhan\OneDrive\Desktop\Canlı OBD2 Araç Telemetri Ekranı\HondaTuner\HondaTuner.csproj]
       "C:\Program Files\dotnet\sdk\10.0.103\Sdks\Microsoft.NET.Sdk\targets\..\..\..\Roslyn\Microsoft.Build.Tasks.CodeAnalysis.dll" derlemesindeki "Csc" görevi kullanılıyor.
       "Csc" görevi
         Setting DOTNET_ROOT to 'C:\Program Files\dotnet'
         Derleme TaskRun (Microsoft.CodeAnalysis.BuildTasks.Csc) sırasında yüklendi: Microsoft.Build.Utilities.Core.resources, Version=15.1.0.0, Culture=tr, PublicKeyToken=b03f5f7f11d50a3a (konum: C:\Program Files\dotnet\sdk\10.0.103\tr\Microsoft.Build.Utilities.Core.resources.dll, MVID: 67b4545c-0496-4922-b1a7-320ea2520482, AssemblyLoadContext: Default)
         Araca geçirilen Ortam Değişkenleri:
           DOTNET_ROOT=C:\Program Files\dotnet
         C:\Program Files\dotnet\sdk\10.0.103\Roslyn\bincore\csc.exe /noconfig /unsafe- /checked- /nowarn:1701,1702,1701,1702 /fullpaths /nostdlib+ /errorreport:prompt /warn:6 /define:TRACE;DEBUG;NET;NET6_0;NETCOREAPP;WINDOWS;WINDOWS7_0;NET5_0_OR_GREATER;NET6_0_OR_GREATER;NETCOREAPP3_0_OR_GREATER;NETCOREAPP3_1_OR_GREATER;WİNDOWS7_0_OR_GREATER /highentropyva+ /nullable:disable /reference:C:\Users\ayhan\.nuget\packages\microsoft.windowsdesktop.app.ref\6.0.36\ref\net6.0\Accessibility.dll /reference:C:\Users\ayhan\.nuget\packages\microsoft.netcore.app.ref\6.0.36\ref\net6.0\Microsoft.CSharp.dll /reference:C:\Users\ayhan\.nuget\packages\microsoft.netcore.app.ref\6.0.36\ref\net6.0\Microsoft.VisualBasic.Core.dll /reference:C:\Users\ayhan\.nuget\packages\microsoft.windowsdesktop.app.ref\6.0.36\ref\net6.0\Microsoft.VisualBasic.dll /reference:C:\Users\ayhan\.nuget\packages\microsoft.windowsdesktop.app.ref\6.0.36\ref\net6.0\Microsoft.VisualBasic.Forms.dll /reference:C:\Users\ayhan\.nuget\packages\microsoft.netcore.app.ref\6.0.36\ref\net6.0\Microsoft.Win32.Primitives.dll /reference:C:\Users\ayhan\.nuget\packages\microsoft.windowsdesktop.app.ref\6.0.36\ref\net6.0\Microsoft.Win32.Registry.AccessControl.dll /reference:C:\Users\ayhan\.nuget\packages\microsoft.netcore.app.ref\6.0.36\ref\net6.0\Microsoft.Win32.Registry.dll /reference:C:\Users\ayhan\.nuget\packages\microsoft.windowsdesktop.app.ref\6.0.36\ref\net6.0\Microsoft.Win32.SystemEvents.dll /reference:C:\Users\ayhan\.nuget\packages\microsoft.netcore.app.ref\6.0.36\ref\net6.0\mscorlib.dll /reference:C:\Users\ayhan\.nuget\packages\microsoft.netcore.app.ref\6.0.36\ref\net6.0\netstandard.dll /reference:C:\Users\ayhan\.nuget\packages\microsoft.netcore.app.ref\6.0.36\ref\net6.0\System.AppContext.dll /reference:C:\Users\ayhan\.nuget\packages\microsoft.netcore.app.ref\6.0.36\ref\net6.0\System.Buffers.dll /reference:C:\Users\ayhan\.nuget\packages\microsoft.windowsdesktop.app.ref\6.0.36\ref\net6.0\System.CodeDom.dll /reference:C:\Users\ayhan\.nuget\packages\microsoft.netcore.app.ref\6.0.36\ref\net6.0\System.Collections.Concurrent.dll /reference:C:\Users\ayhan\.nuget\packages\microsoft.netcore.app.ref\6.0.36\ref\net6.0\System.Collections.dll /reference:C:\Users\ayhan\.nuget\packages\microsoft.netcore.app.ref\6.0.36\ref\net6.0\System.Collections.Immutable.dll /reference:C:\Users\ayhan\.nuget\packages\microsoft.netcore.app.ref\6.0.36\ref\net6.0\System.Collections.NonGeneric.dll /reference:C:\Users\ayhan\.nuget\packages\microsoft.netcore.app.ref\6.0.36\ref\net6.0\System.Collections.Specialized.dll /reference:C:\Users\ayhan\.nuget\packages\microsoft.netcore.app.ref\6.0.36\ref\net6.0\System.ComponentModel.Annotations.dll /reference:C:\Users\ayhan\.nuget\packages\microsoft.netcore.app.ref\6.0.36\ref\net6.0\System.ComponentModel.DataAnnotations.dll /reference:C:\Users\ayhan\.nuget\packages\microsoft.netcore.app.ref\6.0.36\ref\net6.0\System.ComponentModel.dll /reference:C:\Users\ayhan\.nuget\packages\microsoft.netcore.app.ref\6.0.36\ref\net6.0\System.ComponentModel.EventBasedAsync.dll /reference:C:\Users\ayhan\.nuget\packages\microsoft.netcore.app.ref\6.0.36\ref\net6.0\System.ComponentModel.Primitives.dll /reference:C:\Users\ayhan\.nuget\packages\microsoft.netcore.app.ref\6.0.36\ref\net6.0\System.ComponentModel.TypeConverter.dll /reference:C:\Users\ayhan\.nuget\packages\microsoft.windowsdesktop.app.ref\6.0.36\ref\net6.0\System.Configuration.ConfigurationManager.dll /reference:C:\Users\ayhan\.nuget\packages\microsoft.netcore.app.ref\6.0.36\ref\net6.0\System.Configuration.dll /reference:C:\Users\ayhan\.nuget\packages\microsoft.netcore.app.ref\6.0.36\ref\net6.0\System.Console.dll /reference:C:\Users\ayhan\.nuget\packages\microsoft.netcore.app.ref\6.0.36\ref\net6.0\System.Core.dll /reference:C:\Users\ayhan\.nuget\packages\microsoft.netcore.app.ref\6.0.36\ref\net6.0\System.Data.Common.dll /reference:C:\Users\ayhan\.nuget\packages\microsoft.netcore.app.ref\6.0.36\ref\net6.0\System.Data.DataSetExtensions.dll /reference:C:\Users\ayhan\.nuget\packages\microsoft.netcore.app.ref\6.0.36\ref\net6.0\System.Data.dll /reference:C:\Users\ayhan\.nuget\packages\microsoft.windowsdesktop.app.ref\6.0.36\ref\net6.0\System.Design.dll /reference:C:\Users\ayhan\.nuget\packages\microsoft.netcore.app.ref\6.0.36\ref\net6.0\System.Diagnostics.Contracts.dll /reference:C:\Users\ayhan\.nuget\packages\microsoft.netcore.app.ref\6.0.36\ref\net6.0\System.Diagnostics.Debug.dll /reference:C:\Users\ayhan\.nuget\packages\microsoft.netcore.app.ref\6.0.36\ref\net6.0\System.Diagnostics.DiagnosticSource.dll /reference:C:\Users\ayhan\.nuget\packages\microsoft.windowsdesktop.app.ref\6.0.36\ref\net6.0\System.Diagnostics.EventLog.dll /reference:C:\Users\ayhan\.nuget\packages\microsoft.netcore.app.ref\6.0.36\ref\net6.0\System.Diagnostics.FileVersionInfo.dll /reference:C:\Users\ayhan\.nuget\packages\microsoft.windowsdesktop.app.ref\6.0.36\ref\net6.0\System.Diagnostics.PerformanceCounter.dll /reference:C:\Users\ayhan\.nuget\packages\microsoft.netcore.app.ref\6.0.36\ref\net6.0\System.Diagnostics.Process.dll /reference:C:\Users\ayhan\.nuget\packages\microsoft.netcore.app.ref\6.0.36\ref\net6.0\System.Diagnostics.StackTrace.dll /reference:C:\Users\ayhan\.nuget\packages\microsoft.netcore.app.ref\6.0.36\ref\net6.0\System.Diagnostics.TextWriterTraceListener.dll /reference:C:\Users\ayhan\.nuget\packages\microsoft.netcore.app.ref\6.0.36\ref\net6.0\System.Diagnostics.Tools.dll /reference:C:\Users\ayhan\.nuget\packages\microsoft.netcore.app.ref\6.0.36\ref\net6.0\System.Diagnostics.TraceSource.dll /reference:C:\Users\ayhan\.nuget\packages\microsoft.netcore.app.ref\6.0.36\ref\net6.0\System.Diagnostics.Tracing.dll /reference:C:\Users\ayhan\.nuget\packages\microsoft.windowsdesktop.app.ref\6.0.36\ref\net6.0\System.DirectoryServices.dll /reference:C:\Users\ayhan\.nuget\packages\microsoft.netcore.app.ref\6.0.36\ref\net6.0\System.dll /reference:C:\Users\ayhan\.nuget\packages\microsoft.windowsdesktop.app.ref\6.0.36\ref\net6.0\System.Drawing.Common.dll /reference:C:\Users\ayhan\.nuget\packages\microsoft.windowsdesktop.app.ref\6.0.36\ref\net6.0\System.Drawing.Design.dll /reference:C:\Users\ayhan\.nuget\packages\microsoft.windowsdesktop.app.ref\6.0.36\ref\net6.0\System.Drawing.dll /reference:C:\Users\ayhan\.nuget\packages\microsoft.netcore.app.ref\6.0.36\ref\net6.0\System.Drawing.Primitives.dll /reference:C:\Users\ayhan\.nuget\packages\microsoft.netcore.app.ref\6.0.36\ref\net6.0\System.Dynamic.Runtime.dll /reference:C:\Users\ayhan\.nuget\packages\microsoft.netcore.app.ref\6.0.36\ref\net6.0\System.Formats.Asn1.dll /reference:C:\Users\ayhan\.nuget\packages\microsoft.netcore.app.ref\6.0.36\ref\net6.0\System.Globalization.Calendars.dll /reference:C:\Users\ayhan\.nuget\packages\microsoft.netcore.app.ref\6.0.36\ref\net6.0\System.Globalization.dll /reference:C:\Users\ayhan\.nuget\packages\microsoft.netcore.app.ref\6.0.36\ref\net6.0\System.Globalization.Extensions.dll /reference:C:\Users\ayhan\.nuget\packages\microsoft.netcore.app.ref\6.0.36\ref\net6.0\System.IO.Compression.Brotli.dll /reference:C:\Users\ayhan\.nuget\packages\microsoft.netcore.app.ref\6.0.36\ref\net6.0\System.IO.Compression.dll /reference:C:\Users\ayhan\.nuget\packages\microsoft.netcore.app.ref\6.0.36\ref\net6.0\System.IO.Compression.FileSystem.dll /reference:C:\Users\ayhan\.nuget\packages\microsoft.netcore.app.ref\6.0.36\ref\net6.0\System.IO.Compression.ZipFile.dll /reference:C:\Users\ayhan\.nuget\packages\microsoft.netcore.app.ref\6.0.36\ref\net6.0\System.IO.dll /reference:C:\Users\ayhan\.nuget\packages\microsoft.netcore.app.ref\6.0.36\ref\net6.0\System.IO.FileSystem.AccessControl.dll /reference:C:\Users\ayhan\.nuget\packages\microsoft.netcore.app.ref\6.0.36\ref\net6.0\System.IO.FileSystem.dll /reference:C:\Users\ayhan\.nuget\packages\microsoft.netcore.app.ref\6.0.36\ref\net6.0\System.IO.FileSystem.DriveInfo.dll /reference:C:\Users\ayhan\.nuget\packages\microsoft.netcore.app.ref\6.0.36\ref\net6.0\System.IO.FileSystem.Primitives.dll /reference:C:\Users\ayhan\.nuget\packages\microsoft.netcore.app.ref\6.0.36\ref\net6.0\System.IO.FileSystem.Watcher.dll /reference:C:\Users\ayhan\.nuget\packages\microsoft.netcore.app.ref\6.0.36\ref\net6.0\System.IO.IsolatedStorage.dll /reference:C:\Users\ayhan\.nuget\packages\microsoft.netcore.app.ref\6.0.36\ref\net6.0\System.IO.MemoryMappedFiles.dll /reference:C:\Users\ayhan\.nuget\packages\microsoft.windowsdesktop.app.ref\6.0.36\ref\net6.0\System.IO.Packaging.dll /reference:C:\Users\ayhan\.nuget\packages\microsoft.netcore.app.ref\6.0.36\ref\net6.0\System.IO.Pipes.AccessControl.dll /reference:C:\Users\ayhan\.nuget\packages\microsoft.netcore.app.ref\6.0.36\ref\net6.0\System.IO.Pipes.dll /reference:C:\Users\ayhan\.nuget\packages\system.io.ports\8.0.0\lib\net6.0\System.IO.Ports.dll /reference:C:\Users\ayhan\.nuget\packages\microsoft.netcore.app.ref\6.0.36\ref\net6.0\System.IO.UnmanagedMemoryStream.dll /reference:C:\Users\ayhan\.nuget\packages\microsoft.netcore.app.ref\6.0.36\ref\net6.0\System.Linq.dll /reference:C:\Users\ayhan\.nuget\packages\microsoft.netcore.app.ref\6.0.36\ref\net6.0\System.Linq.Expressions.dll /reference:C:\Users\ayhan\.nuget\packages\microsoft.netcore.app.ref\6.0.36\ref\net6.0\System.Linq.Parallel.dll /reference:C:\Users\ayhan\.nuget\packages\microsoft.netcore.app.ref\6.0.36\ref\net6.0\System.Linq.Queryable.dll /reference:C:\Users\ayhan\.nuget\packages\microsoft.netcore.app.ref\6.0.36\ref\net6.0\System.Memory.dll /reference:C:\Users\ayhan\.nuget\packages\microsoft.netcore.app.ref\6.0.36\ref\net6.0\System.Net.dll /reference:C:\Users\ayhan\.nuget\packages\microsoft.netcore.app.ref\6.0.36\ref\net6.0\System.Net.Http.dll /reference:C:\Users\ayhan\.nuget\packages\microsoft.netcore.app.ref\6.0.36\ref\net6.0\System.Net.Http.Json.dll /reference:C:\Users\ayhan\.nuget\packages\microsoft.netcore.app.ref\6.0.36\ref\net6.0\System.Net.HttpListener.dll /reference:C:\Users\ayhan\.nuget\packages\microsoft.netcore.app.ref\6.0.36\ref\net6.0\System.Net.Mail.dll /reference:C:\Users\ayhan\.nuget\packages\microsoft.netcore.app.ref\6.0.36\ref\net6.0\System.Net.NameResolution.dll /reference:C:\Users\ayhan\.nuget\packages\microsoft.netcore.app.ref\6.0.36\ref\net6.0\System.Net.NetworkInformation.dll /reference:C:\Users\ayhan\.nuget\packages\microsoft.netcore.app.ref\6.0.36\ref\net6.0\System.Net.Ping.dll /reference:C:\Users\ayhan\.nuget\packages\microsoft.netcore.app.ref\6.0.36\ref\net6.0\System.Net.Primitives.dll /reference:C:\Users\ayhan\.nuget\packages\microsoft.netcore.app.ref\6.0.36\ref\net6.0\System.Net.Requests.dll /reference:C:\Users\ayhan\.nuget\packages\microsoft.netcore.app.ref\6.0.36\ref\net6.0\System.Net.Security.dll /reference:C:\Users\ayhan\.nuget\packages\microsoft.netcore.app.ref\6.0.36\ref\net6.0\System.Net.ServicePoint.dll /reference:C:\Users\ayhan\.nuget\packages\microsoft.netcore.app.ref\6.0.36\ref\net6.0\System.Net.Sockets.dll /reference:C:\Users\ayhan\.nuget\packages\microsoft.netcore.app.ref\6.0.36\ref\net6.0\System.Net.WebClient.dll /reference:C:\Users\ayhan\.nuget\packages\microsoft.netcore.app.ref\6.0.36\ref\net6.0\System.Net.WebHeaderCollection.dll /reference:C:\Users\ayhan\.nuget\packages\microsoft.netcore.app.ref\6.0.36\ref\net6.0\System.Net.WebProxy.dll /reference:C:\Users\ayhan\.nuget\packages\microsoft.netcore.app.ref\6.0.36\ref\net6.0\System.Net.WebSockets.Client.dll /reference:C:\Users\ayhan\.nuget\packages\microsoft.netcore.app.ref\6.0.36\ref\net6.0\System.Net.WebSockets.dll /reference:C:\Users\ayhan\.nuget\packages\microsoft.netcore.app.ref\6.0.36\ref\net6.0\System.Numerics.dll /reference:C:\Users\ayhan\.nuget\packages\microsoft.netcore.app.ref\6.0.36\ref\net6.0\System.Numerics.Vectors.dll /reference:C:\Users\ayhan\.nuget\packages\microsoft.netcore.app.ref\6.0.36\ref\net6.0\System.ObjectModel.dll /reference:C:\Users\ayhan\.nuget\packages\microsoft.netcore.app.ref\6.0.36\ref\net6.0\System.Reflection.DispatchProxy.dll /reference:C:\Users\ayhan\.nuget\packages\microsoft.netcore.app.ref\6.0.36\ref\net6.0\System.Reflection.dll /reference:C:\Users\ayhan\.nuget\packages\microsoft.netcore.app.ref\6.0.36\ref\net6.0\System.Reflection.Emit.dll /reference:C:\Users\ayhan\.nuget\packages\microsoft.netcore.app.ref\6.0.36\ref\net6.0\System.Reflection.Emit.ILGeneration.dll /reference:C:\Users\ayhan\.nuget\packages\microsoft.netcore.app.ref\6.0.36\ref\net6.0\System.Reflection.Emit.Lightweight.dll /reference:C:\Users\ayhan\.nuget\packages\microsoft.netcore.app.ref\6.0.36\ref\net6.0\System.Reflection.Extensions.dll /reference:C:\Users\ayhan\.nuget\packages\microsoft.netcore.app.ref\6.0.36\ref\net6.0\System.Reflection.Metadata.dll /reference:C:\Users\ayhan\.nuget\packages\microsoft.netcore.app.ref\6.0.36\ref\net6.0\System.Reflection.Primitives.dll /reference:C:\Users\ayhan\.nuget\packages\microsoft.netcore.app.ref\6.0.36\ref\net6.0\System.Reflection.TypeExtensions.dll /reference:C:\Users\ayhan\.nuget\packages\microsoft.windowsdesktop.app.ref\6.0.36\ref\net6.0\System.Resources.Extensions.dll /reference:C:\Users\ayhan\.nuget\packages\microsoft.netcore.app.ref\6.0.36\ref\net6.0\System.Resources.Reader.dll /reference:C:\Users\ayhan\.nuget\packages\microsoft.netcore.app.ref\6.0.36\ref\net6.0\System.Resources.ResourceManager.dll /reference:C:\Users\ayhan\.nuget\packages\microsoft.netcore.app.ref\6.0.36\ref\net6.0\System.Resources.Writer.dll /reference:C:\Users\ayhan\.nuget\packages\microsoft.netcore.app.ref\6.0.36\ref\net6.0\System.Runtime.CompilerServices.Unsafe.dll /reference:C:\Users\ayhan\.nuget\packages\microsoft.netcore.app.ref\6.0.36\ref\net6.0\System.Runtime.CompilerServices.VisualC.dll /reference:C:\Users\ayhan\.nuget\packages\microsoft.netcore.app.ref\6.0.36\ref\net6.0\System.Runtime.dll /reference:C:\Users\ayhan\.nuget\packages\microsoft.netcore.app.ref\6.0.36\ref\net6.0\System.Runtime.Extensions.dll /reference:C:\Users\ayhan\.nuget\packages\microsoft.netcore.app.ref\6.0.36\ref\net6.0\System.Runtime.Handles.dll /reference:C:\Users\ayhan\.nuget\packages\microsoft.netcore.app.ref\6.0.36\ref\net6.0\System.Runtime.InteropServices.dll /reference:C:\Users\ayhan\.nuget\packages\microsoft.netcore.app.ref\6.0.36\ref\net6.0\System.Runtime.InteropServices.RuntimeInformation.dll /reference:C:\Users\ayhan\.nuget\packages\microsoft.netcore.app.ref\6.0.36\ref\net6.0\System.Runtime.Intrinsics.dll /reference:C:\Users\ayhan\.nuget\packages\microsoft.netcore.app.ref\6.0.36\ref\net6.0\System.Runtime.Loader.dll /reference:C:\Users\ayhan\.nuget\packages\microsoft.netcore.app.ref\6.0.36\ref\net6.0\System.Runtime.Numerics.dll /reference:C:\Users\ayhan\.nuget\packages\microsoft.netcore.app.ref\6.0.36\ref\net6.0\System.Runtime.Serialization.dll /reference:C:\Users\ayhan\.nuget\packages\microsoft.netcore.app.ref\6.0.36\ref\net6.0\System.Runtime.Serialization.Formatters.dll /reference:C:\Users\ayhan\.nuget\packages\microsoft.netcore.app.ref\6.0.36\ref\net6.0\System.Runtime.Serialization.Json.dll /reference:C:\Users\ayhan\.nuget\packages\microsoft.netcore.app.ref\6.0.36\ref\net6.0\System.Runtime.Serialization.Primitives.dll /reference:C:\Users\ayhan\.nuget\packages\microsoft.netcore.app.ref\6.0.36\ref\net6.0\System.Runtime.Serialization.Xml.dll /reference:C:\Users\ayhan\.nuget\packages\microsoft.netcore.app.ref\6.0.36\ref\net6.0\System.Security.AccessControl.dll /reference:C:\Users\ayhan\.nuget\packages\microsoft.netcore.app.ref\6.0.36\ref\net6.0\System.Security.Claims.dll /reference:C:\Users\ayhan\.nuget\packages\microsoft.netcore.app.ref\6.0.36\ref\net6.0\System.Security.Cryptography.Algorithms.dll /reference:C:\Users\ayhan\.nuget\packages\microsoft.netcore.app.ref\6.0.36\ref\net6.0\System.Security.Cryptography.Cng.dll /reference:C:\Users\ayhan\.nuget\packages\microsoft.netcore.app.ref\6.0.36\ref\net6.0\System.Security.Cryptography.Csp.dll /reference:C:\Users\ayhan\.nuget\packages\microsoft.netcore.app.ref\6.0.36\ref\net6.0\System.Security.Cryptography.Encoding.dll /reference:C:\Users\ayhan\.nuget\packages\microsoft.netcore.app.ref\6.0.36\ref\net6.0\System.Security.Cryptography.OpenSsl.dll /reference:C:\Users\ayhan\.nuget\packages\microsoft.windowsdesktop.app.ref\6.0.36\ref\net6.0\System.Security.Cryptography.Pkcs.dll /reference:C:\Users\ayhan\.nuget\packages\microsoft.netcore.app.ref\6.0.36\ref\net6.0\System.Security.Cryptography.Primitives.dll /reference:C:\Users\ayhan\.nuget\packages\microsoft.windowsdesktop.app.ref\6.0.36\ref\net6.0\System.Security.Cryptography.ProtectedData.dll /reference:C:\Users\ayhan\.nuget\packages\microsoft.netcore.app.ref\6.0.36\ref\net6.0\System.Security.Cryptography.X509Certificates.dll /reference:C:\Users\ayhan\.nuget\packages\microsoft.windowsdesktop.app.ref\6.0.36\ref\net6.0\System.Security.Cryptography.Xml.dll /reference:C:\Users\ayhan\.nuget\packages\microsoft.netcore.app.ref\6.0.36\ref\net6.0\System.Security.dll /reference:C:\Users\ayhan\.nuget\packages\microsoft.windowsdesktop.app.ref\6.0.36\ref\net6.0\System.Security.Permissions.dll /reference:C:\Users\ayhan\.nuget\packages\microsoft.netcore.app.ref\6.0.36\ref\net6.0\System.Security.Principal.dll /reference:C:\Users\ayhan\.nuget\packages\microsoft.netcore.app.ref\6.0.36\ref\net6.0\System.Security.Principal.Windows.dll /reference:C:\Users\ayhan\.nuget\packages\microsoft.netcore.app.ref\6.0.36\ref\net6.0\System.Security.SecureString.dll /reference:C:\Users\ayhan\.nuget\packages\microsoft.netcore.app.ref\6.0.36\ref\net6.0\System.ServiceModel.Web.dll /reference:C:\Users\ayhan\.nuget\packages\microsoft.netcore.app.ref\6.0.36\ref\net6.0\System.ServiceProcess.dll /reference:C:\Users\ayhan\.nuget\packages\microsoft.netcore.app.ref\6.0.36\ref\net6.0\System.Text.Encoding.CodePages.dll /reference:C:\Users\ayhan\.nuget\packages\microsoft.netcore.app.ref\6.0.36\ref\net6.0\System.Text.Encoding.dll /reference:C:\Users\ayhan\.nuget\packages\microsoft.netcore.app.ref\6.0.36\ref\net6.0\System.Text.Encoding.Extensions.dll /reference:C:\Users\ayhan\.nuget\packages\microsoft.netcore.app.ref\6.0.36\ref\net6.0\System.Text.Encodings.Web.dll /reference:C:\Users\ayhan\.nuget\packages\microsoft.netcore.app.ref\6.0.36\ref\net6.0\System.Text.Json.dll /reference:C:\Users\ayhan\.nuget\packages\microsoft.netcore.app.ref\6.0.36\ref\net6.0\System.Text.RegularExpressions.dll /reference:C:\Users\ayhan\.nuget\packages\microsoft.windowsdesktop.app.ref\6.0.36\ref\net6.0\System.Threading.AccessControl.dll /reference:C:\Users\ayhan\.nuget\packages\microsoft.netcore.app.ref\6.0.36\ref\net6.0\System.Threading.Channels.dll /reference:C:\Users\ayhan\.nuget\packages\microsoft.netcore.app.ref\6.0.36\ref\net6.0\System.Threading.dll /reference:C:\Users\ayhan\.nuget\packages\microsoft.netcore.app.ref\6.0.36\ref\net6.0\System.Threading.Overlapped.dll /reference:C:\Users\ayhan\.nuget\packages\microsoft.netcore.app.ref\6.0.36\ref\net6.0\System.Threading.Tasks.Dataflow.dll /reference:C:\Users\ayhan\.nuget\packages\microsoft.netcore.app.ref\6.0.36\ref\net6.0\System.Threading.Tasks.dll /reference:C:\Users\ayhan\.nuget\packages\microsoft.netcore.app.ref\6.0.36\ref\net6.0\System.Threading.Tasks.Extensions.dll /reference:C:\Users\ayhan\.nuget\packages\microsoft.netcore.app.ref\6.0.36\ref\net6.0\System.Threading.Tasks.Parallel.dll /reference:C:\Users\ayhan\.nuget\packages\microsoft.netcore.app.ref\6.0.36\ref\net6.0\System.Threading.Thread.dll /reference:C:\Users\ayhan\.nuget\packages\microsoft.netcore.app.ref\6.0.36\ref\net6.0\System.Threading.ThreadPool.dll /reference:C:\Users\ayhan\.nuget\packages\microsoft.netcore.app.ref\6.0.36\ref\net6.0\System.Threading.Timer.dll /reference:C:\Users\ayhan\.nuget\packages\microsoft.netcore.app.ref\6.0.36\ref\net6.0\System.Transactions.dll /reference:C:\Users\ayhan\.nuget\packages\microsoft.netcore.app.ref\6.0.36\ref\net6.0\System.Transactions.Local.dll /reference:C:\Users\ayhan\.nuget\packages\microsoft.netcore.app.ref\6.0.36\ref\net6.0\System.ValueTuple.dll /reference:C:\Users\ayhan\.nuget\packages\microsoft.netcore.app.ref\6.0.36\ref\net6.0\System.Web.dll /reference:C:\Users\ayhan\.nuget\packages\microsoft.netcore.app.ref\6.0.36\ref\net6.0\System.Web.HttpUtility.dll /reference:C:\Users\ayhan\.nuget\packages\microsoft.netcore.app.ref\6.0.36\ref\net6.0\System.Windows.dll /reference:C:\Users\ayhan\.nuget\packages\microsoft.windowsdesktop.app.ref\6.0.36\ref\net6.0\System.Windows.Extensions.dll /reference:C:\Users\ayhan\.nuget\packages\microsoft.windowsdesktop.app.ref\6.0.36\ref\net6.0\System.Windows.Forms.Design.dll /reference:C:\Users\ayhan\.nuget\packages\microsoft.windowsdesktop.app.ref\6.0.36\ref\net6.0\System.Windows.Forms.Design.Editors.dll /reference:C:\Users\ayhan\.nuget\packages\microsoft.windowsdesktop.app.ref\6.0.36\ref\net6.0\System.Windows.Forms.dll /reference:C:\Users\ayhan\.nuget\packages\microsoft.windowsdesktop.app.ref\6.0.36\ref\net6.0\System.Windows.Forms.Primitives.dll /reference:C:\Users\ayhan\.nuget\packages\microsoft.netcore.app.ref\6.0.36\ref\net6.0\System.Xml.dll /reference:C:\Users\ayhan\.nuget\packages\microsoft.netcore.app.ref\6.0.36\ref\net6.0\System.Xml.Linq.dll /reference:C:\Users\ayhan\.nuget\packages\microsoft.netcore.app.ref\6.0.36\ref\net6.0\System.Xml.ReaderWriter.dll /reference:C:\Users\ayhan\.nuget\packages\microsoft.netcore.app.ref\6.0.36\ref\net6.0\System.Xml.Serialization.dll /reference:C:\Users\ayhan\.nuget\packages\microsoft.netcore.app.ref\6.0.36\ref\net6.0\System.Xml.XDocument.dll /reference:C:\Users\ayhan\.nuget\packages\microsoft.netcore.app.ref\6.0.36\ref\net6.0\System.Xml.XmlDocument.dll /reference:C:\Users\ayhan\.nuget\packages\microsoft.netcore.app.ref\6.0.36\ref\net6.0\System.Xml.XmlSerializer.dll /reference:C:\Users\ayhan\.nuget\packages\microsoft.netcore.app.ref\6.0.36\ref\net6.0\System.Xml.XPath.dll /reference:C:\Users\ayhan\.nuget\packages\microsoft.netcore.app.ref\6.0.36\ref\net6.0\System.Xml.XPath.XDocument.dll /reference:C:\Users\ayhan\.nuget\packages\microsoft.netcore.app.ref\6.0.36\ref\net6.0\WindowsBase.dll /debug+ /debug:portable /filealign:512 /optimize- /out:obj\Debug\net6.0-windows\HondaTuner.dll /refout:obj\Debug\net6.0-windows\refint\HondaTuner.dll /target:winexe /warnaserror- /utf8output /deterministic+ /langversion:10.0 /analyzerconfig:obj\Debug\net6.0-windows\HondaTuner.GeneratedMSBuildEditorConfig.editorconfig /analyzerconfig:"C:\Program Files\dotnet\sdk\10.0.103\Sdks\Microsoft.NET.Sdk\analyzers\build\config\analysislevel_6_default.globalconfig" /analyzer:"C:\Program Files\dotnet\sdk\10.0.103\Sdks\Microsoft.NET.Sdk\targets\..\analyzers\Microsoft.CodeAnalysis.CSharp.NetAnalyzers.dll" /analyzer:"C:\Program Files\dotnet\sdk\10.0.103\Sdks\Microsoft.NET.Sdk\targets\..\analyzers\Microsoft.CodeAnalysis.NetAnalyzers.dll" /analyzer:C:\Users\ayhan\.nuget\packages\microsoft.netcore.app.ref\6.0.36\analyzers/dotnet/cs/System.Text.Json.SourceGeneration.dll /analyzer:C:\Users\ayhan\.nuget\packages\microsoft.windowsdesktop.app.ref\6.0.36\analyzers/dotnet/System.Windows.Forms.Analyzers.dll /analyzer:C:\Users\ayhan\.nuget\packages\microsoft.windowsdesktop.app.ref\6.0.36\analyzers/dotnet/cs/System.Windows.Forms.Analyzers.CSharp.dll Calibration\AutoTune\AutoTuneEngine.cs Calibration\AutoTune\AutoTuneValidator.cs Calibration\CalibrationHistory.cs Calibration\CalibrationManager.cs Calibration\CalibrationSession.cs Calibration\CalibrationTransaction.cs Calibration\CalibrationUndoManager.cs Calibration\CalibrationValidator.cs Calibration\ColdStart\ColdStartCalibration.cs Calibration\Idle\IdleCalibration.cs Calibration\Injector\InjectorManager.cs Calibration\Interpolation\BilinearInterpolationEngine.cs Calibration\Interpolation\IInterpolationEngine.cs Calibration\Maps\AxisDefinition.cs Calibration\Maps\FuelMap.cs Calibration\Maps\GenericMap.cs Calibration\Maps\IgnitionMap.cs Calibration\Maps\MapDefinition.cs Calibration\Maps\MapManager.cs Calibration\Maps\TableDefinition.cs Core\Algorithms\DynoAnalyzer.cs Core\Algorithms\VisualTraceEngine.cs Core\Config\EcuDatabaseManager.cs Core\Container\ServiceContainer.cs Core\EcuDatabase.cs Core\EcuProfiles.cs Core\Interfaces\IAutoTuneEngine.cs Core\Interfaces\ICalibrationService.cs Core\Interfaces\IHardwareDevice.cs Core\Interfaces\IReportGenerator.cs Core\Interfaces\IRomIdentifier.cs Core\Interfaces\IRomPatchManager.cs Core\Interfaces\IRomService.cs Core\Logging\ApplicationLogger.cs Core\P28Offsets.cs Core\RomParser.cs Core\Rom\RomBackupManager.cs Core\Rom\RomCompareEngine.cs Core\Rom\RomIdentifier.cs Core\Rom\RomPatchManager.cs Core\Rom\RomService.cs Core\TuningAssistant.cs Database\DatabaseUpdater.cs Database\EcuDatabaseManager.cs Hardware\Discovery\DeviceDiscoveryManager.cs Hardware\EEPROM\IEepromProgrammer.cs Hardware\EEPROM\Tl866Programmer.cs Hardware\Emulator\IEmulator.cs Hardware\Emulator\OstrichEmulator.cs Hardware\OBD\IObdConnection.cs Hardware\OBD\RealObd1Connection.cs Program.cs Report\CalibrationReportCompiler.cs Report\RawHtmlReportGenerator.cs Report\RawPdfReportGenerator.cs Telemetry\TelemetryManager.cs Tests\SampleRomTestFramework.cs Tests\TuningTestHarness.cs Tools\FakeRomGenerator.cs Tools\RomGenerator.cs Tools\TuningAssistant.cs UI\DatalogManager.cs UI\DiffView.cs UI\MainForm.cs UI\MapGridControl.cs UI\PartViewer3D.cs UI\SurfaceChart3D.cs UI\TelemetryDashboard.cs UI\VehicleSelectDialog.cs Workflow\TuningWorkflow.cs Workflow\UserLevels.cs "obj\Debug\net6.0-windows\.NETCoreApp,Version=v6.0.AssemblyAttributes.cs" obj\Debug\net6.0-windows\HondaTuner.AssemblyInfo.cs /warnaserror+:NU1605
         Compilation request HondaTuner (net6.0-windows), PathToTool=C:\Program Files\dotnet\sdk\10.0.103\Roslyn\bincore\csc.exe
         CommandLine = ' /noconfig'
         BuildResponseFile = '/unsafe- /checked- /nowarn:1701,1702,1701,1702 /fullpaths /nostdlib+ /errorreport:prompt /warn:6 /define:TRACE;DEBUG;NET;NET6_0;NETCOREAPP;WINDOWS;WINDOWS7_0;NET5_0_OR_GREATER;NET6_0_OR_GREATER;NETCOREAPP3_0_OR_GREATER;NETCOREAPP3_1_OR_GREATER;WİNDOWS7_0_OR_GREATER /highentropyva+ /nullable:disable /reference:C:\Users\ayhan\.nuget\packages\microsoft.windowsdesktop.app.ref\6.0.36\ref\net6.0\Accessibility.dll /reference:C:\Users\ayhan\.nuget\packages\microsoft.netcore.app.ref\6.0.36\ref\net6.0\Microsoft.CSharp.dll /reference:C:\Users\ayhan\.nuget\packages\microsoft.netcore.app.ref\6.0.36\ref\net6.0\Microsoft.VisualBasic.Core.dll /reference:C:\Users\ayhan\.nuget\packages\microsoft.windowsdesktop.app.ref\6.0.36\ref\net6.0\Microsoft.VisualBasic.dll /reference:C:\Users\ayhan\.nuget\packages\microsoft.windowsdesktop.app.ref\6.0.36\ref\net6.0\Microsoft.VisualBasic.Forms.dll /reference:C:\Users\ayhan\.nuget\packages\microsoft.netcore.app.ref\6.0.36\ref\net6.0\Microsoft.Win32.Primitives.dll /reference:C:\Users\ayhan\.nuget\packages\microsoft.windowsdesktop.app.ref\6.0.36\ref\net6.0\Microsoft.Win32.Registry.AccessControl.dll /reference:C:\Users\ayhan\.nuget\packages\microsoft.netcore.app.ref\6.0.36\ref\net6.0\Microsoft.Win32.Registry.dll /reference:C:\Users\ayhan\.nuget\packages\microsoft.windowsdesktop.app.ref\6.0.36\ref\net6.0\Microsoft.Win32.SystemEvents.dll /reference:C:\Users\ayhan\.nuget\packages\microsoft.netcore.app.ref\6.0.36\ref\net6.0\mscorlib.dll /reference:C:\Users\ayhan\.nuget\packages\microsoft.netcore.app.ref\6.0.36\ref\net6.0\netstandard.dll /reference:C:\Users\ayhan\.nuget\packages\microsoft.netcore.app.ref\6.0.36\ref\net6.0\System.AppContext.dll /reference:C:\Users\ayhan\.nuget\packages\microsoft.netcore.app.ref\6.0.36\ref\net6.0\System.Buffers.dll /reference:C:\Users\ayhan\.nuget\packages\microsoft.windowsdesktop.app.ref\6.0.36\ref\net6.0\System.CodeDom.dll /reference:C:\Users\ayhan\.nuget\packages\microsoft.netcore.app.ref\6.0.36\ref\net6.0\System.Collections.Concurrent.dll /reference:C:\Users\ayhan\.nuget\packages\microsoft.netcore.app.ref\6.0.36\ref\net6.0\System.Collections.dll /reference:C:\Users\ayhan\.nuget\packages\microsoft.netcore.app.ref\6.0.36\ref\net6.0\System.Collections.Immutable.dll /reference:C:\Users\ayhan\.nuget\packages\microsoft.netcore.app.ref\6.0.36\ref\net6.0\System.Collections.NonGeneric.dll /reference:C:\Users\ayhan\.nuget\packages\microsoft.netcore.app.ref\6.0.36\ref\net6.0\System.Collections.Specialized.dll /reference:C:\Users\ayhan\.nuget\packages\microsoft.netcore.app.ref\6.0.36\ref\net6.0\System.ComponentModel.Annotations.dll /reference:C:\Users\ayhan\.nuget\packages\microsoft.netcore.app.ref\6.0.36\ref\net6.0\System.ComponentModel.DataAnnotations.dll /reference:C:\Users\ayhan\.nuget\packages\microsoft.netcore.app.ref\6.0.36\ref\net6.0\System.ComponentModel.dll /reference:C:\Users\ayhan\.nuget\packages\microsoft.netcore.app.ref\6.0.36\ref\net6.0\System.ComponentModel.EventBasedAsync.dll /reference:C:\Users\ayhan\.nuget\packages\microsoft.netcore.app.ref\6.0.36\ref\net6.0\System.ComponentModel.Primitives.dll /reference:C:\Users\ayhan\.nuget\packages\microsoft.netcore.app.ref\6.0.36\ref\net6.0\System.ComponentModel.TypeConverter.dll /reference:C:\Users\ayhan\.nuget\packages\microsoft.windowsdesktop.app.ref\6.0.36\ref\net6.0\System.Configuration.ConfigurationManager.dll /reference:C:\Users\ayhan\.nuget\packages\microsoft.netcore.app.ref\6.0.36\ref\net6.0\System.Configuration.dll /reference:C:\Users\ayhan\.nuget\packages\microsoft.netcore.app.ref\6.0.36\ref\net6.0\System.Console.dll /reference:C:\Users\ayhan\.nuget\packages\microsoft.netcore.app.ref\6.0.36\ref\net6.0\System.Core.dll /reference:C:\Users\ayhan\.nuget\packages\microsoft.netcore.app.ref\6.0.36\ref\net6.0\System.Data.Common.dll /reference:C:\Users\ayhan\.nuget\packages\microsoft.netcore.app.ref\6.0.36\ref\net6.0\System.Data.DataSetExtensions.dll /reference:C:\Users\ayhan\.nuget\packages\microsoft.netcore.app.ref\6.0.36\ref\net6.0\System.Data.dll /reference:C:\Users\ayhan\.nuget\packages\microsoft.windowsdesktop.app.ref\6.0.36\ref\net6.0\System.Design.dll /reference:C:\Users\ayhan\.nuget\packages\microsoft.netcore.app.ref\6.0.36\ref\net6.0\System.Diagnostics.Contracts.dll /reference:C:\Users\ayhan\.nuget\packages\microsoft.netcore.app.ref\6.0.36\ref\net6.0\System.Diagnostics.Debug.dll /reference:C:\Users\ayhan\.nuget\packages\microsoft.netcore.app.ref\6.0.36\ref\net6.0\System.Diagnostics.DiagnosticSource.dll /reference:C:\Users\ayhan\.nuget\packages\microsoft.windowsdesktop.app.ref\6.0.36\ref\net6.0\System.Diagnostics.EventLog.dll /reference:C:\Users\ayhan\.nuget\packages\microsoft.netcore.app.ref\6.0.36\ref\net6.0\System.Diagnostics.FileVersionInfo.dll /reference:C:\Users\ayhan\.nuget\packages\microsoft.windowsdesktop.app.ref\6.0.36\ref\net6.0\System.Diagnostics.PerformanceCounter.dll /reference:C:\Users\ayhan\.nuget\packages\microsoft.netcore.app.ref\6.0.36\ref\net6.0\System.Diagnostics.Process.dll /reference:C:\Users\ayhan\.nuget\packages\microsoft.netcore.app.ref\6.0.36\ref\net6.0\System.Diagnostics.StackTrace.dll /reference:C:\Users\ayhan\.nuget\packages\microsoft.netcore.app.ref\6.0.36\ref\net6.0\System.Diagnostics.TextWriterTraceListener.dll /reference:C:\Users\ayhan\.nuget\packages\microsoft.netcore.app.ref\6.0.36\ref\net6.0\System.Diagnostics.Tools.dll /reference:C:\Users\ayhan\.nuget\packages\microsoft.netcore.app.ref\6.0.36\ref\net6.0\System.Diagnostics.TraceSource.dll /reference:C:\Users\ayhan\.nuget\packages\microsoft.netcore.app.ref\6.0.36\ref\net6.0\System.Diagnostics.Tracing.dll /reference:C:\Users\ayhan\.nuget\packages\microsoft.windowsdesktop.app.ref\6.0.36\ref\net6.0\System.DirectoryServices.dll /reference:C:\Users\ayhan\.nuget\packages\microsoft.netcore.app.ref\6.0.36\ref\net6.0\System.dll /reference:C:\Users\ayhan\.nuget\packages\microsoft.windowsdesktop.app.ref\6.0.36\ref\net6.0\System.Drawing.Common.dll /reference:C:\Users\ayhan\.nuget\packages\microsoft.windowsdesktop.app.ref\6.0.36\ref\net6.0\System.Drawing.Design.dll /reference:C:\Users\ayhan\.nuget\packages\microsoft.windowsdesktop.app.ref\6.0.36\ref\net6.0\System.Drawing.dll /reference:C:\Users\ayhan\.nuget\packages\microsoft.netcore.app.ref\6.0.36\ref\net6.0\System.Drawing.Primitives.dll /reference:C:\Users\ayhan\.nuget\packages\microsoft.netcore.app.ref\6.0.36\ref\net6.0\System.Dynamic.Runtime.dll /reference:C:\Users\ayhan\.nuget\packages\microsoft.netcore.app.ref\6.0.36\ref\net6.0\System.Formats.Asn1.dll /reference:C:\Users\ayhan\.nuget\packages\microsoft.netcore.app.ref\6.0.36\ref\net6.0\System.Globalization.Calendars.dll /reference:C:\Users\ayhan\.nuget\packages\microsoft.netcore.app.ref\6.0.36\ref\net6.0\System.Globalization.dll /reference:C:\Users\ayhan\.nuget\packages\microsoft.netcore.app.ref\6.0.36\ref\net6.0\System.Globalization.Extensions.dll /reference:C:\Users\ayhan\.nuget\packages\microsoft.netcore.app.ref\6.0.36\ref\net6.0\System.IO.Compression.Brotli.dll /reference:C:\Users\ayhan\.nuget\packages\microsoft.netcore.app.ref\6.0.36\ref\net6.0\System.IO.Compression.dll /reference:C:\Users\ayhan\.nuget\packages\microsoft.netcore.app.ref\6.0.36\ref\net6.0\System.IO.Compression.FileSystem.dll /reference:C:\Users\ayhan\.nuget\packages\microsoft.netcore.app.ref\6.0.36\ref\net6.0\System.IO.Compression.ZipFile.dll /reference:C:\Users\ayhan\.nuget\packages\microsoft.netcore.app.ref\6.0.36\ref\net6.0\System.IO.dll /reference:C:\Users\ayhan\.nuget\packages\microsoft.netcore.app.ref\6.0.36\ref\net6.0\System.IO.FileSystem.AccessControl.dll /reference:C:\Users\ayhan\.nuget\packages\microsoft.netcore.app.ref\6.0.36\ref\net6.0\System.IO.FileSystem.dll /reference:C:\Users\ayhan\.nuget\packages\microsoft.netcore.app.ref\6.0.36\ref\net6.0\System.IO.FileSystem.DriveInfo.dll /reference:C:\Users\ayhan\.nuget\packages\microsoft.netcore.app.ref\6.0.36\ref\net6.0\System.IO.FileSystem.Primitives.dll /reference:C:\Users\ayhan\.nuget\packages\microsoft.netcore.app.ref\6.0.36\ref\net6.0\System.IO.FileSystem.Watcher.dll /reference:C:\Users\ayhan\.nuget\packages\microsoft.netcore.app.ref\6.0.36\ref\net6.0\System.IO.IsolatedStorage.dll /reference:C:\Users\ayhan\.nuget\packages\microsoft.netcore.app.ref\6.0.36\ref\net6.0\System.IO.MemoryMappedFiles.dll /reference:C:\Users\ayhan\.nuget\packages\microsoft.windowsdesktop.app.ref\6.0.36\ref\net6.0\System.IO.Packaging.dll /reference:C:\Users\ayhan\.nuget\packages\microsoft.netcore.app.ref\6.0.36\ref\net6.0\System.IO.Pipes.AccessControl.dll /reference:C:\Users\ayhan\.nuget\packages\microsoft.netcore.app.ref\6.0.36\ref\net6.0\System.IO.Pipes.dll /reference:C:\Users\ayhan\.nuget\packages\system.io.ports\8.0.0\lib\net6.0\System.IO.Ports.dll /reference:C:\Users\ayhan\.nuget\packages\microsoft.netcore.app.ref\6.0.36\ref\net6.0\System.IO.UnmanagedMemoryStream.dll /reference:C:\Users\ayhan\.nuget\packages\microsoft.netcore.app.ref\6.0.36\ref\net6.0\System.Linq.dll /reference:C:\Users\ayhan\.nuget\packages\microsoft.netcore.app.ref\6.0.36\ref\net6.0\System.Linq.Expressions.dll /reference:C:\Users\ayhan\.nuget\packages\microsoft.netcore.app.ref\6.0.36\ref\net6.0\System.Linq.Parallel.dll /reference:C:\Users\ayhan\.nuget\packages\microsoft.netcore.app.ref\6.0.36\ref\net6.0\System.Linq.Queryable.dll /reference:C:\Users\ayhan\.nuget\packages\microsoft.netcore.app.ref\6.0.36\ref\net6.0\System.Memory.dll /reference:C:\Users\ayhan\.nuget\packages\microsoft.netcore.app.ref\6.0.36\ref\net6.0\System.Net.dll /reference:C:\Users\ayhan\.nuget\packages\microsoft.netcore.app.ref\6.0.36\ref\net6.0\System.Net.Http.dll /reference:C:\Users\ayhan\.nuget\packages\microsoft.netcore.app.ref\6.0.36\ref\net6.0\System.Net.Http.Json.dll /reference:C:\Users\ayhan\.nuget\packages\microsoft.netcore.app.ref\6.0.36\ref\net6.0\System.Net.HttpListener.dll /reference:C:\Users\ayhan\.nuget\packages\microsoft.netcore.app.ref\6.0.36\ref\net6.0\System.Net.Mail.dll /reference:C:\Users\ayhan\.nuget\packages\microsoft.netcore.app.ref\6.0.36\ref\net6.0\System.Net.NameResolution.dll /reference:C:\Users\ayhan\.nuget\packages\microsoft.netcore.app.ref\6.0.36\ref\net6.0\System.Net.NetworkInformation.dll /reference:C:\Users\ayhan\.nuget\packages\microsoft.netcore.app.ref\6.0.36\ref\net6.0\System.Net.Ping.dll /reference:C:\Users\ayhan\.nuget\packages\microsoft.netcore.app.ref\6.0.36\ref\net6.0\System.Net.Primitives.dll /reference:C:\Users\ayhan\.nuget\packages\microsoft.netcore.app.ref\6.0.36\ref\net6.0\System.Net.Requests.dll /reference:C:\Users\ayhan\.nuget\packages\microsoft.netcore.app.ref\6.0.36\ref\net6.0\System.Net.Security.dll /reference:C:\Users\ayhan\.nuget\packages\microsoft.netcore.app.ref\6.0.36\ref\net6.0\System.Net.ServicePoint.dll /reference:C:\Users\ayhan\.nuget\packages\microsoft.netcore.app.ref\6.0.36\ref\net6.0\System.Net.Sockets.dll /reference:C:\Users\ayhan\.nuget\packages\microsoft.netcore.app.ref\6.0.36\ref\net6.0\System.Net.WebClient.dll /reference:C:\Users\ayhan\.nuget\packages\microsoft.netcore.app.ref\6.0.36\ref\net6.0\System.Net.WebHeaderCollection.dll /reference:C:\Users\ayhan\.nuget\packages\microsoft.netcore.app.ref\6.0.36\ref\net6.0\System.Net.WebProxy.dll /reference:C:\Users\ayhan\.nuget\packages\microsoft.netcore.app.ref\6.0.36\ref\net6.0\System.Net.WebSockets.Client.dll /reference:C:\Users\ayhan\.nuget\packages\microsoft.netcore.app.ref\6.0.36\ref\net6.0\System.Net.WebSockets.dll /reference:C:\Users\ayhan\.nuget\packages\microsoft.netcore.app.ref\6.0.36\ref\net6.0\System.Numerics.dll /reference:C:\Users\ayhan\.nuget\packages\microsoft.netcore.app.ref\6.0.36\ref\net6.0\System.Numerics.Vectors.dll /reference:C:\Users\ayhan\.nuget\packages\microsoft.netcore.app.ref\6.0.36\ref\net6.0\System.ObjectModel.dll /reference:C:\Users\ayhan\.nuget\packages\microsoft.netcore.app.ref\6.0.36\ref\net6.0\System.Reflection.DispatchProxy.dll /reference:C:\Users\ayhan\.nuget\packages\microsoft.netcore.app.ref\6.0.36\ref\net6.0\System.Reflection.dll /reference:C:\Users\ayhan\.nuget\packages\microsoft.netcore.app.ref\6.0.36\ref\net6.0\System.Reflection.Emit.dll /reference:C:\Users\ayhan\.nuget\packages\microsoft.netcore.app.ref\6.0.36\ref\net6.0\System.Reflection.Emit.ILGeneration.dll /reference:C:\Users\ayhan\.nuget\packages\microsoft.netcore.app.ref\6.0.36\ref\net6.0\System.Reflection.Emit.Lightweight.dll /reference:C:\Users\ayhan\.nuget\packages\microsoft.netcore.app.ref\6.0.36\ref\net6.0\System.Reflection.Extensions.dll /reference:C:\Users\ayhan\.nuget\packages\microsoft.netcore.app.ref\6.0.36\ref\net6.0\System.Reflection.Metadata.dll /reference:C:\Users\ayhan\.nuget\packages\microsoft.netcore.app.ref\6.0.36\ref\net6.0\System.Reflection.Primitives.dll /reference:C:\Users\ayhan\.nuget\packages\microsoft.netcore.app.ref\6.0.36\ref\net6.0\System.Reflection.TypeExtensions.dll /reference:C:\Users\ayhan\.nuget\packages\microsoft.windowsdesktop.app.ref\6.0.36\ref\net6.0\System.Resources.Extensions.dll /reference:C:\Users\ayhan\.nuget\packages\microsoft.netcore.app.ref\6.0.36\ref\net6.0\System.Resources.Reader.dll /reference:C:\Users\ayhan\.nuget\packages\microsoft.netcore.app.ref\6.0.36\ref\net6.0\System.Resources.ResourceManager.dll /reference:C:\Users\ayhan\.nuget\packages\microsoft.netcore.app.ref\6.0.36\ref\net6.0\System.Resources.Writer.dll /reference:C:\Users\ayhan\.nuget\packages\microsoft.netcore.app.ref\6.0.36\ref\net6.0\System.Runtime.CompilerServices.Unsafe.dll /reference:C:\Users\ayhan\.nuget\packages\microsoft.netcore.app.ref\6.0.36\ref\net6.0\System.Runtime.CompilerServices.VisualC.dll /reference:C:\Users\ayhan\.nuget\packages\microsoft.netcore.app.ref\6.0.36\ref\net6.0\System.Runtime.dll /reference:C:\Users\ayhan\.nuget\packages\microsoft.netcore.app.ref\6.0.36\ref\net6.0\System.Runtime.Extensions.dll /reference:C:\Users\ayhan\.nuget\packages\microsoft.netcore.app.ref\6.0.36\ref\net6.0\System.Runtime.Handles.dll /reference:C:\Users\ayhan\.nuget\packages\microsoft.netcore.app.ref\6.0.36\ref\net6.0\System.Runtime.InteropServices.dll /reference:C:\Users\ayhan\.nuget\packages\microsoft.netcore.app.ref\6.0.36\ref\net6.0\System.Runtime.InteropServices.RuntimeInformation.dll /reference:C:\Users\ayhan\.nuget\packages\microsoft.netcore.app.ref\6.0.36\ref\net6.0\System.Runtime.Intrinsics.dll /reference:C:\Users\ayhan\.nuget\packages\microsoft.netcore.app.ref\6.0.36\ref\net6.0\System.Runtime.Loader.dll /reference:C:\Users\ayhan\.nuget\packages\microsoft.netcore.app.ref\6.0.36\ref\net6.0\System.Runtime.Numerics.dll /reference:C:\Users\ayhan\.nuget\packages\microsoft.netcore.app.ref\6.0.36\ref\net6.0\System.Runtime.Serialization.dll /reference:C:\Users\ayhan\.nuget\packages\microsoft.netcore.app.ref\6.0.36\ref\net6.0\System.Runtime.Serialization.Formatters.dll /reference:C:\Users\ayhan\.nuget\packages\microsoft.netcore.app.ref\6.0.36\ref\net6.0\System.Runtime.Serialization.Json.dll /reference:C:\Users\ayhan\.nuget\packages\microsoft.netcore.app.ref\6.0.36\ref\net6.0\System.Runtime.Serialization.Primitives.dll /reference:C:\Users\ayhan\.nuget\packages\microsoft.netcore.app.ref\6.0.36\ref\net6.0\System.Runtime.Serialization.Xml.dll /reference:C:\Users\ayhan\.nuget\packages\microsoft.netcore.app.ref\6.0.36\ref\net6.0\System.Security.AccessControl.dll /reference:C:\Users\ayhan\.nuget\packages\microsoft.netcore.app.ref\6.0.36\ref\net6.0\System.Security.Claims.dll /reference:C:\Users\ayhan\.nuget\packages\microsoft.netcore.app.ref\6.0.36\ref\net6.0\System.Security.Cryptography.Algorithms.dll /reference:C:\Users\ayhan\.nuget\packages\microsoft.netcore.app.ref\6.0.36\ref\net6.0\System.Security.Cryptography.Cng.dll /reference:C:\Users\ayhan\.nuget\packages\microsoft.netcore.app.ref\6.0.36\ref\net6.0\System.Security.Cryptography.Csp.dll /reference:C:\Users\ayhan\.nuget\packages\microsoft.netcore.app.ref\6.0.36\ref\net6.0\System.Security.Cryptography.Encoding.dll /reference:C:\Users\ayhan\.nuget\packages\microsoft.netcore.app.ref\6.0.36\ref\net6.0\System.Security.Cryptography.OpenSsl.dll /reference:C:\Users\ayhan\.nuget\packages\microsoft.windowsdesktop.app.ref\6.0.36\ref\net6.0\System.Security.Cryptography.Pkcs.dll /reference:C:\Users\ayhan\.nuget\packages\microsoft.netcore.app.ref\6.0.36\ref\net6.0\System.Security.Cryptography.Primitives.dll /reference:C:\Users\ayhan\.nuget\packages\microsoft.windowsdesktop.app.ref\6.0.36\ref\net6.0\System.Security.Cryptography.ProtectedData.dll /reference:C:\Users\ayhan\.nuget\packages\microsoft.netcore.app.ref\6.0.36\ref\net6.0\System.Security.Cryptography.X509Certificates.dll /reference:C:\Users\ayhan\.nuget\packages\microsoft.windowsdesktop.app.ref\6.0.36\ref\net6.0\System.Security.Cryptography.Xml.dll /reference:C:\Users\ayhan\.nuget\packages\microsoft.netcore.app.ref\6.0.36\ref\net6.0\System.Security.dll /reference:C:\Users\ayhan\.nuget\packages\microsoft.windowsdesktop.app.ref\6.0.36\ref\net6.0\System.Security.Permissions.dll /reference:C:\Users\ayhan\.nuget\packages\microsoft.netcore.app.ref\6.0.36\ref\net6.0\System.Security.Principal.dll /reference:C:\Users\ayhan\.nuget\packages\microsoft.netcore.app.ref\6.0.36\ref\net6.0\System.Security.Principal.Windows.dll /reference:C:\Users\ayhan\.nuget\packages\microsoft.netcore.app.ref\6.0.36\ref\net6.0\System.Security.SecureString.dll /reference:C:\Users\ayhan\.nuget\packages\microsoft.netcore.app.ref\6.0.36\ref\net6.0\System.ServiceModel.Web.dll /reference:C:\Users\ayhan\.nuget\packages\microsoft.netcore.app.ref\6.0.36\ref\net6.0\System.ServiceProcess.dll /reference:C:\Users\ayhan\.nuget\packages\microsoft.netcore.app.ref\6.0.36\ref\net6.0\System.Text.Encoding.CodePages.dll /reference:C:\Users\ayhan\.nuget\packages\microsoft.netcore.app.ref\6.0.36\ref\net6.0\System.Text.Encoding.dll /reference:C:\Users\ayhan\.nuget\packages\microsoft.netcore.app.ref\6.0.36\ref\net6.0\System.Text.Encoding.Extensions.dll /reference:C:\Users\ayhan\.nuget\packages\microsoft.netcore.app.ref\6.0.36\ref\net6.0\System.Text.Encodings.Web.dll /reference:C:\Users\ayhan\.nuget\packages\microsoft.netcore.app.ref\6.0.36\ref\net6.0\System.Text.Json.dll /reference:C:\Users\ayhan\.nuget\packages\microsoft.netcore.app.ref\6.0.36\ref\net6.0\System.Text.RegularExpressions.dll /reference:C:\Users\ayhan\.nuget\packages\microsoft.windowsdesktop.app.ref\6.0.36\ref\net6.0\System.Threading.AccessControl.dll /reference:C:\Users\ayhan\.nuget\packages\microsoft.netcore.app.ref\6.0.36\ref\net6.0\System.Threading.Channels.dll /reference:C:\Users\ayhan\.nuget\packages\microsoft.netcore.app.ref\6.0.36\ref\net6.0\System.Threading.dll /reference:C:\Users\ayhan\.nuget\packages\microsoft.netcore.app.ref\6.0.36\ref\net6.0\System.Threading.Overlapped.dll /reference:C:\Users\ayhan\.nuget\packages\microsoft.netcore.app.ref\6.0.36\ref\net6.0\System.Threading.Tasks.Dataflow.dll /reference:C:\Users\ayhan\.nuget\packages\microsoft.netcore.app.ref\6.0.36\ref\net6.0\System.Threading.Tasks.dll /reference:C:\Users\ayhan\.nuget\packages\microsoft.netcore.app.ref\6.0.36\ref\net6.0\System.Threading.Tasks.Extensions.dll /reference:C:\Users\ayhan\.nuget\packages\microsoft.netcore.app.ref\6.0.36\ref\net6.0\System.Threading.Tasks.Parallel.dll /reference:C:\Users\ayhan\.nuget\packages\microsoft.netcore.app.ref\6.0.36\ref\net6.0\System.Threading.Thread.dll /reference:C:\Users\ayhan\.nuget\packages\microsoft.netcore.app.ref\6.0.36\ref\net6.0\System.Threading.ThreadPool.dll /reference:C:\Users\ayhan\.nuget\packages\microsoft.netcore.app.ref\6.0.36\ref\net6.0\System.Threading.Timer.dll /reference:C:\Users\ayhan\.nuget\packages\microsoft.netcore.app.ref\6.0.36\ref\net6.0\System.Transactions.dll /reference:C:\Users\ayhan\.nuget\packages\microsoft.netcore.app.ref\6.0.36\ref\net6.0\System.Transactions.Local.dll /reference:C:\Users\ayhan\.nuget\packages\microsoft.netcore.app.ref\6.0.36\ref\net6.0\System.ValueTuple.dll /reference:C:\Users\ayhan\.nuget\packages\microsoft.netcore.app.ref\6.0.36\ref\net6.0\System.Web.dll /reference:C:\Users\ayhan\.nuget\packages\microsoft.netcore.app.ref\6.0.36\ref\net6.0\System.Web.HttpUtility.dll /reference:C:\Users\ayhan\.nuget\packages\microsoft.netcore.app.ref\6.0.36\ref\net6.0\System.Windows.dll /reference:C:\Users\ayhan\.nuget\packages\microsoft.windowsdesktop.app.ref\6.0.36\ref\net6.0\System.Windows.Extensions.dll /reference:C:\Users\ayhan\.nuget\packages\microsoft.windowsdesktop.app.ref\6.0.36\ref\net6.0\System.Windows.Forms.Design.dll /reference:C:\Users\ayhan\.nuget\packages\microsoft.windowsdesktop.app.ref\6.0.36\ref\net6.0\System.Windows.Forms.Design.Editors.dll /reference:C:\Users\ayhan\.nuget\packages\microsoft.windowsdesktop.app.ref\6.0.36\ref\net6.0\System.Windows.Forms.dll /reference:C:\Users\ayhan\.nuget\packages\microsoft.windowsdesktop.app.ref\6.0.36\ref\net6.0\System.Windows.Forms.Primitives.dll /reference:C:\Users\ayhan\.nuget\packages\microsoft.netcore.app.ref\6.0.36\ref\net6.0\System.Xml.dll /reference:C:\Users\ayhan\.nuget\packages\microsoft.netcore.app.ref\6.0.36\ref\net6.0\System.Xml.Linq.dll /reference:C:\Users\ayhan\.nuget\packages\microsoft.netcore.app.ref\6.0.36\ref\net6.0\System.Xml.ReaderWriter.dll /reference:C:\Users\ayhan\.nuget\packages\microsoft.netcore.app.ref\6.0.36\ref\net6.0\System.Xml.Serialization.dll /reference:C:\Users\ayhan\.nuget\packages\microsoft.netcore.app.ref\6.0.36\ref\net6.0\System.Xml.XDocument.dll /reference:C:\Users\ayhan\.nuget\packages\microsoft.netcore.app.ref\6.0.36\ref\net6.0\System.Xml.XmlDocument.dll /reference:C:\Users\ayhan\.nuget\packages\microsoft.netcore.app.ref\6.0.36\ref\net6.0\System.Xml.XmlSerializer.dll /reference:C:\Users\ayhan\.nuget\packages\microsoft.netcore.app.ref\6.0.36\ref\net6.0\System.Xml.XPath.dll /reference:C:\Users\ayhan\.nuget\packages\microsoft.netcore.app.ref\6.0.36\ref\net6.0\System.Xml.XPath.XDocument.dll /reference:C:\Users\ayhan\.nuget\packages\microsoft.netcore.app.ref\6.0.36\ref\net6.0\WindowsBase.dll /debug+ /debug:portable /filealign:512 /optimize- /out:obj\Debug\net6.0-windows\HondaTuner.dll /refout:obj\Debug\net6.0-windows\refint\HondaTuner.dll /target:winexe /warnaserror- /utf8output /deterministic+ /langversion:10.0 /analyzerconfig:obj\Debug\net6.0-windows\HondaTuner.GeneratedMSBuildEditorConfig.editorconfig /analyzerconfig:"C:\Program Files\dotnet\sdk\10.0.103\Sdks\Microsoft.NET.Sdk\analyzers\build\config\analysislevel_6_default.globalconfig" /analyzer:"C:\Program Files\dotnet\sdk\10.0.103\Sdks\Microsoft.NET.Sdk\targets\..\analyzers\Microsoft.CodeAnalysis.CSharp.NetAnalyzers.dll" /analyzer:"C:\Program Files\dotnet\sdk\10.0.103\Sdks\Microsoft.NET.Sdk\targets\..\analyzers\Microsoft.CodeAnalysis.NetAnalyzers.dll" /analyzer:C:\Users\ayhan\.nuget\packages\microsoft.netcore.app.ref\6.0.36\analyzers/dotnet/cs/System.Text.Json.SourceGeneration.dll /analyzer:C:\Users\ayhan\.nuget\packages\microsoft.windowsdesktop.app.ref\6.0.36\analyzers/dotnet/System.Windows.Forms.Analyzers.dll /analyzer:C:\Users\ayhan\.nuget\packages\microsoft.windowsdesktop.app.ref\6.0.36\analyzers/dotnet/cs/System.Windows.Forms.Analyzers.CSharp.dll Calibration\AutoTune\AutoTuneEngine.cs Calibration\AutoTune\AutoTuneValidator.cs Calibration\CalibrationHistory.cs Calibration\CalibrationManager.cs Calibration\CalibrationSession.cs Calibration\CalibrationTransaction.cs Calibration\CalibrationUndoManager.cs Calibration\CalibrationValidator.cs Calibration\ColdStart\ColdStartCalibration.cs Calibration\Idle\IdleCalibration.cs Calibration\Injector\InjectorManager.cs Calibration\Interpolation\BilinearInterpolationEngine.cs Calibration\Interpolation\IInterpolationEngine.cs Calibration\Maps\AxisDefinition.cs Calibration\Maps\FuelMap.cs Calibration\Maps\GenericMap.cs Calibration\Maps\IgnitionMap.cs Calibration\Maps\MapDefinition.cs Calibration\Maps\MapManager.cs Calibration\Maps\TableDefinition.cs Core\Algorithms\DynoAnalyzer.cs Core\Algorithms\VisualTraceEngine.cs Core\Config\EcuDatabaseManager.cs Core\Container\ServiceContainer.cs Core\EcuDatabase.cs Core\EcuProfiles.cs Core\Interfaces\IAutoTuneEngine.cs Core\Interfaces\ICalibrationService.cs Core\Interfaces\IHardwareDevice.cs Core\Interfaces\IReportGenerator.cs Core\Interfaces\IRomIdentifier.cs Core\Interfaces\IRomPatchManager.cs Core\Interfaces\IRomService.cs Core\Logging\ApplicationLogger.cs Core\P28Offsets.cs Core\RomParser.cs Core\Rom\RomBackupManager.cs Core\Rom\RomCompareEngine.cs Core\Rom\RomIdentifier.cs Core\Rom\RomPatchManager.cs Core\Rom\RomService.cs Core\TuningAssistant.cs Database\DatabaseUpdater.cs Database\EcuDatabaseManager.cs Hardware\Discovery\DeviceDiscoveryManager.cs Hardware\EEPROM\IEepromProgrammer.cs Hardware\EEPROM\Tl866Programmer.cs Hardware\Emulator\IEmulator.cs Hardware\Emulator\OstrichEmulator.cs Hardware\OBD\IObdConnection.cs Hardware\OBD\RealObd1Connection.cs Program.cs Report\CalibrationReportCompiler.cs Report\RawHtmlReportGenerator.cs Report\RawPdfReportGenerator.cs Telemetry\TelemetryManager.cs Tests\SampleRomTestFramework.cs Tests\TuningTestHarness.cs Tools\FakeRomGenerator.cs Tools\RomGenerator.cs Tools\TuningAssistant.cs UI\DatalogManager.cs UI\DiffView.cs UI\MainForm.cs UI\MapGridControl.cs UI\PartViewer3D.cs UI\SurfaceChart3D.cs UI\TelemetryDashboard.cs UI\VehicleSelectDialog.cs Workflow\TuningWorkflow.cs Workflow\UserLevels.cs "obj\Debug\net6.0-windows\.NETCoreApp,Version=v6.0.AssemblyAttributes.cs" obj\Debug\net6.0-windows\HondaTuner.AssemblyInfo.cs /warnaserror+:NU1605'
         Derleme TaskRun (Microsoft.CodeAnalysis.BuildTasks.Csc) sırasında yüklendi: System.IO.Pipes, Version=10.0.0.0, Culture=neutral, PublicKeyToken=b03f5f7f11d50a3a (konum: C:\Program Files\dotnet\shared\Microsoft.NETCore.App\10.0.3\System.IO.Pipes.dll, MVID: 42b9a04c-b3b6-4661-804e-483dc520b19f, AssemblyLoadContext: Default)
         Attempt to open named pipe 'NsNq34Clv76Ea_iTrc_eS4KmLOzivhoPS3GKaFih0dY'
         Attempt to connect named pipe 'NsNq34Clv76Ea_iTrc_eS4KmLOzivhoPS3GKaFih0dY'
         Derleme TaskRun (Microsoft.CodeAnalysis.BuildTasks.Csc) sırasında yüklendi: System.Security.AccessControl, Version=10.0.0.0, Culture=neutral, PublicKeyToken=b03f5f7f11d50a3a (konum: C:\Program Files\dotnet\shared\Microsoft.NETCore.App\10.0.3\System.Security.AccessControl.dll, MVID: d57faabf-f588-4d72-85ec-7817dd50278a, AssemblyLoadContext: Default)
         Named pipe 'NsNq34Clv76Ea_iTrc_eS4KmLOzivhoPS3GKaFih0dY' connected
         Begin writing request for HondaTuner (net6.0-windows)
         End writing request for HondaTuner (net6.0-windows)
         Begin reading response for HondaTuner (net6.0-windows)
         End reading response for HondaTuner (net6.0-windows)
         Microsoft (R) Visual C# Derleyicisi sürüm 5.0.0-2.26075.103 (c2435c3e)
         Telif hakkı (C) Microsoft Corporation. Tüm hakları saklıdır.
   1:7>C:\Users\ayhan\OneDrive\Desktop\Canlı OBD2 Araç Telemetri Ekranı\HondaTuner\Calibration\Maps\MapManager.cs(56,72): error CS1061: 'EcuProfile' bir 'FuelAxisOffset' tanımı içermiyor ve 'EcuProfile' türünde bir ilk bağımsız değişken kabul eden hiçbir erişilebilir 'FuelAxisOffset' genişletme yöntemi bulunamadı (bir kullanma yönergeniz veya derleme başvurunuz eksik olabilir mi?) [C:\Users\ayhan\OneDrive\Desktop\Canlı OBD2 Araç Telemetri Ekranı\HondaTuner\HondaTuner.csproj]
   1:7>C:\Users\ayhan\OneDrive\Desktop\Canlı OBD2 Araç Telemetri Ekranı\HondaTuner\Calibration\Maps\MapManager.cs(56,97): error CS1061: 'EcuProfile' bir 'IgnitionAxisOffset' tanımı içermiyor ve 'EcuProfile' türünde bir ilk bağımsız değişken kabul eden hiçbir erişilebilir 'IgnitionAxisOffset' genişletme yöntemi bulunamadı (bir kullanma yönergeniz veya derleme başvurunuz eksik olabilir mi?) [C:\Users\ayhan\OneDrive\Desktop\Canlı OBD2 Araç Telemetri Ekranı\HondaTuner\HondaTuner.csproj]
         CompilerServer: server - server processed compilation - HondaTuner (net6.0-windows)
       "Csc" görevini yürütme tamamlandı -- BAŞARISIZ OLDU.
   1:7>"HondaTuner.csproj" projesinde "CoreCompile" hedefini oluşturma tamamlandı -- BAŞARISIZ OLDU.
   1:7>"C:\Users\ayhan\OneDrive\Desktop\Canlı OBD2 Araç Telemetri Ekranı\HondaTuner\HondaTuner.csproj" projesinin "C:\Program Files\dotnet\sdk\10.0.103\Microsoft.Common.CurrentVersion.targets" dosyasındaki "_CheckForCompileOutputs" hedefi ("_CleanGetCurrentAndPriorFileWrites" hedefi buna bağımlı):
   1:7>"HondaTuner.csproj" projesinde "_CheckForCompileOutputs" hedefini oluşturma tamamlandı.
   1:7>"C:\Users\ayhan\OneDrive\Desktop\Canlı OBD2 Araç Telemetri Ekranı\HondaTuner\HondaTuner.csproj" projesinin "C:\Program Files\dotnet\sdk\10.0.103\Microsoft.Common.CurrentVersion.targets" dosyasındaki "_CleanGetCurrentAndPriorFileWrites" hedefi ("_CleanRecordFileWrites" hedefi buna bağımlı):
       "Microsoft.Build.Tasks.Core, Version=15.1.0.0, Culture=neutral, PublicKeyToken=b03f5f7f11d50a3a" derlemesindeki "ReadLinesFromFile" görevi kullanılıyor.
       "ReadLinesFromFile" görevi
       "ReadLinesFromFile" görevini yürütme tamamlandı.
       "ConvertToAbsolutePath" görevi
       "ConvertToAbsolutePath" görevini yürütme tamamlandı.
       "Microsoft.Build.Tasks.Core, Version=15.1.0.0, Culture=neutral, PublicKeyToken=b03f5f7f11d50a3a" derlemesindeki "FindUnderPath" görevi kullanılıyor.
       "FindUnderPath" görevi
         Karşılaştırma yolu: "C:\Users\ayhan\OneDrive\Desktop\Canlı OBD2 Araç Telemetri Ekranı\HondaTuner".
       "FindUnderPath" görevini yürütme tamamlandı.
       "FindUnderPath" görevi
         Karşılaştırma yolu: "bin\Debug\net6.0-windows\".
       "FindUnderPath" görevini yürütme tamamlandı.
       "FindUnderPath" görevi
         Karşılaştırma yolu: "obj\Debug\net6.0-windows\".
       "FindUnderPath" görevini yürütme tamamlandı.
       "RemoveDuplicates" görevi
       "RemoveDuplicates" görevini yürütme tamamlandı.
   1:7>"HondaTuner.csproj" projesinde "_CleanGetCurrentAndPriorFileWrites" hedefini oluşturma tamamlandı.
   1:7>"C:\Users\ayhan\OneDrive\Desktop\Canlı OBD2 Araç Telemetri Ekranı\HondaTuner\HondaTuner.csproj" projesinin "C:\Program Files\dotnet\sdk\10.0.103\Microsoft.Common.CurrentVersion.targets" dosyasındaki "_CleanRecordFileWrites" hedefi ("CoreBuild" hedefi buna bağımlı):
       "RemoveDuplicates" görevi
       "RemoveDuplicates" görevini yürütme tamamlandı.
       "MakeDir" görevi
       "MakeDir" görevini yürütme tamamlandı.
       "WriteLinesToFile" görevi
         İçerik değişmeyeceğinden "obj\Debug\net6.0-windows\HondaTuner.csproj.FileListAbsolute.txt" dosyası üzerine yazma işlemi atlanacak.
       "WriteLinesToFile" görevini yürütme tamamlandı.
   1:7>"HondaTuner.csproj" projesinde "_CleanRecordFileWrites" hedefini oluşturma tamamlandı.
   1:7>"C:\Users\ayhan\OneDrive\Desktop\Canlı OBD2 Araç Telemetri Ekranı\HondaTuner\HondaTuner.csproj" Projesini Oluşturma İşlemi Tamamlandı (varsayılan hedefler) -- BAŞARISIZ OLDU.

Oluşturma BAŞARISIZ OLDU.

       "C:\Users\ayhan\OneDrive\Desktop\Canlı OBD2 Araç Telemetri Ekranı\HondaTuner\HondaTuner.csproj" (Restore hedefi) (1) ->
       "C:\Users\ayhan\OneDrive\Desktop\Canlı OBD2 Araç Telemetri Ekranı\HondaTuner\HondaTuner.csproj" (_GenerateRestoreGraphProjectEntry hedefi) (1:5) ->
       (_CheckForEolTargetFrameworks hedefi) -> 
         C:\Program Files\dotnet\sdk\10.0.103\Sdks\Microsoft.NET.Sdk\targets\Microsoft.NET.EolTargetFrameworks.targets(32,5): warning NETSDK1138: 'net6.0-windows' hedef çerçevesi destek kapsamı dışında ve gelecekte güvenlik güncelleştirmeleri almayacak. Lütfen destek ilkesi hakkında daha fazla bilgi için şuraya bakın: https://aka.ms/dotnet-core-support. [C:\Users\ayhan\OneDrive\Desktop\Canlı OBD2 Araç Telemetri Ekranı\HondaTuner\HondaTuner.csproj]


       "C:\Users\ayhan\OneDrive\Desktop\Canlı OBD2 Araç Telemetri Ekranı\HondaTuner\HondaTuner.csproj" (Restore hedefi) (1) ->
         C:\Program Files\dotnet\sdk\10.0.103\Sdks\Microsoft.NET.Sdk\targets\Microsoft.NET.EolTargetFrameworks.targets(32,5): warning NETSDK1138: 'net6.0-windows' hedef çerçevesi destek kapsamı dışında ve gelecekte güvenlik güncelleştirmeleri almayacak. Lütfen destek ilkesi hakkında daha fazla bilgi için şuraya bakın: https://aka.ms/dotnet-core-support. [C:\Users\ayhan\OneDrive\Desktop\Canlı OBD2 Araç Telemetri Ekranı\HondaTuner\HondaTuner.csproj]


       "C:\Users\ayhan\OneDrive\Desktop\Canlı OBD2 Araç Telemetri Ekranı\HondaTuner\HondaTuner.csproj" (varsayılan hedef) (1:7) ->
         C:\Program Files\dotnet\sdk\10.0.103\Sdks\Microsoft.NET.Sdk\targets\Microsoft.NET.EolTargetFrameworks.targets(32,5): warning NETSDK1138: 'net6.0-windows' hedef çerçevesi destek kapsamı dışında ve gelecekte güvenlik güncelleştirmeleri almayacak. Lütfen destek ilkesi hakkında daha fazla bilgi için şuraya bakın: https://aka.ms/dotnet-core-support. [C:\Users\ayhan\OneDrive\Desktop\Canlı OBD2 Araç Telemetri Ekranı\HondaTuner\HondaTuner.csproj]


       "C:\Users\ayhan\OneDrive\Desktop\Canlı OBD2 Araç Telemetri Ekranı\HondaTuner\HondaTuner.csproj" (varsayılan hedef) (1:7) ->
       (CoreCompile hedefi) -> 
         C:\Users\ayhan\OneDrive\Desktop\Canlı OBD2 Araç Telemetri Ekranı\HondaTuner\Calibration\Maps\MapManager.cs(56,72): error CS1061: 'EcuProfile' bir 'FuelAxisOffset' tanımı içermiyor ve 'EcuProfile' türünde bir ilk bağımsız değişken kabul eden hiçbir erişilebilir 'FuelAxisOffset' genişletme yöntemi bulunamadı (bir kullanma yönergeniz veya derleme başvurunuz eksik olabilir mi?) [C:\Users\ayhan\OneDrive\Desktop\Canlı OBD2 Araç Telemetri Ekranı\HondaTuner\HondaTuner.csproj]
         C:\Users\ayhan\OneDrive\Desktop\Canlı OBD2 Araç Telemetri Ekranı\HondaTuner\Calibration\Maps\MapManager.cs(56,97): error CS1061: 'EcuProfile' bir 'IgnitionAxisOffset' tanımı içermiyor ve 'EcuProfile' türünde bir ilk bağımsız değişken kabul eden hiçbir erişilebilir 'IgnitionAxisOffset' genişletme yöntemi bulunamadı (bir kullanma yönergeniz veya derleme başvurunuz eksik olabilir mi?) [C:\Users\ayhan\OneDrive\Desktop\Canlı OBD2 Araç Telemetri Ekranı\HondaTuner\HondaTuner.csproj]

    3 Uyarı
    2 Hata

Geçen Süre 00:00:00.81
