[16:52:15.546] [INFO] [RomIdentifier] ECU Tanımlandı: P06 (Confidence: %45,7)
[16:52:15.550] [WARNING] [RomIdentifier] ROM imzası hiçbir ECU profiliyle eşleşmedi.
[16:52:15.551] [INFO] [RomPatchManager] Yama uygulandı: TEST_PATCH_1 @ 0x000A
[16:52:15.551] [INFO] [RomPatchManager] Yama uygulandı: TEST_PATCH_ROLLBACK @ 0x000A
[16:52:15.552] [INFO] [RomPatchManager] Yama geri alındı: TEST_PATCH_ROLLBACK
[16:52:15.552] [INFO] [InjectorManager] Fuel haritası ölçeklendi: 240cc → 440cc (oran: 0,545)
[16:52:15.553] [INFO] [InjectorManager] Fuel haritası ölçeklendi: 440cc → 240cc (oran: 1,833)
[16:52:15.605] [INFO] [CalibrationManager] Değişiklik kaydedildi: Fuel Cell [0,0] [50 -> 60]
[16:52:15.607] [INFO] [CalibrationManager] Değişiklik kaydedildi: Fuel Cell [0,0] [50 -> 60]
[16:52:15.608] [INFO] [CalibrationManager] Değişiklik kaydedildi: Fuel Cell [0,0] [50 -> 75]
[16:52:15.614] [INFO] [CalibrationManager] Değişiklik kaydedildi: FuelMapTest Hücre [4,5] [0 -> 123]
[16:52:15.624] [INFO] [CalibrationManager] Değişiklik kaydedildi: FuelMapTest Hücre [0,0] [0 -> 125]
[16:52:15.632] [INFO] [CalibrationManager] Değişiklik kaydedildi: FuelMapTest Hücre [1,1] [0 -> 150]
[16:52:15.642] [INFO] [CalibrationManager] Değişiklik kaydedildi: FuelMapTest Hücre [1,1] [0 -> 150]
[16:52:15.658] [DEBUG] [AutoTuneValidator] Reddedildi [ECT_LOW]: Motor sıcaklığı düşük: 50°C < 72°C
[16:52:15.658] [DEBUG] [AutoTuneValidator] Reddedildi [BATT_LOW]: Batarya düşük: 10,5V < 12V
[16:52:15.679] [INFO] [EcuDatabaseManager] Toplam 8 dinamik ECU profili yüklendi.
[16:52:15.695] [INFO] [ChecksumTest] [TRACE-1] romBuffer[0]=00
[16:52:15.701] [INFO] [ChecksumTest] [TRACE-2] tempFile[0]=00
[16:52:15.702] [INFO] [ChecksumTest] [TRACE-3] loadedBuffer[0]=00
[16:52:15.702] [INFO] [ChecksumTest] [TRACE-4] beforeSaveBuffer[0]=00
[16:52:15.706] [INFO] [ChecksumTest] [TRACE-5] afterSaveParserBuffer[0]=00
[16:52:15.711] [INFO] [ChecksumTest] [TRACE-6] reloadedFile[0]=00
[16:52:15.718] [INFO] [CalibrationManager] Değişiklik kaydedildi: Patch.LaunchControl.Byte0 [144 -> 205]
[16:52:15.727] [INFO] [CalibrationManager] Değişiklik kaydedildi: Patch.LaunchControl.Byte1 [144 -> 25]
[16:52:15.729] [INFO] [PatchEngine] Yama başarıyla uygulandı: LaunchControl @ 0x1FB0
[16:52:15.735] [INFO] [CalibrationManager] Değişiklik kaydedildi: Patch.LaunchControl.Byte0 [144 -> 205]
[16:52:15.743] [INFO] [CalibrationManager] Değişiklik kaydedildi: Patch.LaunchControl.Byte1 [144 -> 25]
[16:52:15.744] [INFO] [PatchEngine] Yama başarıyla uygulandı: LaunchControl @ 0x1FB0
[16:52:15.752] [INFO] [CalibrationManager] Değişiklik kaydedildi: Patch.LaunchControl.Byte0 [205 -> 144]
[16:52:15.759] [INFO] [CalibrationManager] Değişiklik kaydedildi: Patch.LaunchControl.Byte1 [25 -> 144]
[16:52:15.761] [INFO] [PatchEngine] Yama başarıyla geri alındı (Rollback): LaunchControl
[16:52:15.769] [INFO] [CalibrationManager] Değişiklik kaydedildi: Patch.LaunchControl.Byte0 [144 -> 205]
[16:52:15.776] [INFO] [CalibrationManager] Değişiklik kaydedildi: Patch.LaunchControl.Byte1 [144 -> 25]
[16:52:15.778] [INFO] [PatchEngine] Yama başarıyla uygulandı: LaunchControl @ 0x1FB0
[16:52:15.788] [INFO] [CalibrationManager] Değişiklik kaydedildi: Patch.LaunchControl.Byte0 [144 -> 205]
[16:52:15.797] [INFO] [CalibrationManager] Değişiklik kaydedildi: Patch.LaunchControl.Byte1 [144 -> 25]
[16:52:15.799] [INFO] [PatchEngine] Yama başarıyla uygulandı: LaunchControl @ 0x1FB0
[16:52:15.814] [INFO] [CalibrationManager] Değişiklik kaydedildi: Patch.LaunchControl.Byte0 [144 -> 205]
[16:52:15.822] [INFO] [CalibrationManager] Değişiklik kaydedildi: Patch.LaunchControl.Byte1 [144 -> 25]
[16:52:15.824] [INFO] [PatchEngine] Yama başarıyla uygulandı: LaunchControl @ 0x1FB0
[16:52:15.830] [INFO] [CalibrationManager] Değişiklik kaydedildi: Patch.LaunchControl.Byte0 [144 -> 205]
[16:52:15.839] [INFO] [CalibrationManager] Değişiklik kaydedildi: Patch.LaunchControl.Byte1 [144 -> 25]
[16:52:15.841] [INFO] [PatchEngine] Yama başarıyla uygulandı: LaunchControl @ 0x1FB0
[16:52:17.606] [INFO] [AutoTuneSafetyManager] Güvenlik limitleri yüklendi. Etkin kural sayısı: 4
[16:52:17.607] [INFO] [AutoTuneEventPublisher] Domain olayı yayınlandı: SessionCreated (Oturum: 85e8ffc4-3c2a-4611-8ac9-d0d05c42a90b)
[16:52:17.607] [INFO] [AutoTuneEngine] Oturum başarıyla başlatıldı: 85e8ffc4-3c2a-4611-8ac9-d0d05c42a90b
[16:52:17.608] [INFO] [AutoTuneEventPublisher] Domain olayı yayınlandı: SessionPaused (Oturum: 85e8ffc4-3c2a-4611-8ac9-d0d05c42a90b)
[16:52:17.608] [INFO] [AutoTuneEventPublisher] Domain olayı yayınlandı: SessionResumed (Oturum: 85e8ffc4-3c2a-4611-8ac9-d0d05c42a90b)
[16:52:17.608] [INFO] [AutoTuneEventPublisher] Domain olayı yayınlandı: SessionStopped (Oturum: 85e8ffc4-3c2a-4611-8ac9-d0d05c42a90b)
[16:52:17.616] [INFO] [CalibrationRecoveryManager] Bekleyen işlem kaydedildi: TX-TEMP
[16:52:17.627] [INFO] [CalibrationRecoveryManager] Bekleyen işlem temizlendi (başarılı commit).
[16:52:17.628] [INFO] [CalibrationRecoveryManager] Bekleyen işlem kaydedildi: TX-TEMP2
[16:52:17.636] [INFO] [CalibrationRecoveryManager] Yarım kalmış işlem geri yükleniyor: TX-TEMP2
[16:52:17.637] [INFO] [CalibrationSnapshotManager] Snapshot geri yükleniyor: SNAP-TEMP2, Kurtarılacak hücre: 1
[16:52:17.637] [INFO] [CalibrationRecoveryManager] Bekleyen işlem temizlendi (başarılı commit).
[16:52:17.641] [INFO] [AutoTuneSafetyManager] Güvenlik limitleri yüklendi. Etkin kural sayısı: 4
[16:52:17.641] [INFO] [AutoTuneEventPublisher] Domain olayı yayınlandı: SessionCreated (Oturum: 86cb7788-dc04-4100-84f7-eafa53984d67)
[16:52:17.641] [INFO] [AutoTuneEngine] Oturum başarıyla başlatıldı: 86cb7788-dc04-4100-84f7-eafa53984d67
[16:52:17.642] [INFO] [AutoTuneEventPublisher] Domain olayı yayınlandı: SessionPaused (Oturum: 86cb7788-dc04-4100-84f7-eafa53984d67)
[16:52:17.642] [INFO] [AutoTuneEventPublisher] Domain olayı yayınlandı: SessionResumed (Oturum: 86cb7788-dc04-4100-84f7-eafa53984d67)
[16:52:17.642] [INFO] [AutoTuneEventPublisher] Domain olayı yayınlandı: SessionStopped (Oturum: 86cb7788-dc04-4100-84f7-eafa53984d67)
[16:52:17.643] [INFO] [AutoTuneSafetyManager] Güvenlik limitleri yüklendi. Etkin kural sayısı: 4
[16:52:17.643] [INFO] [AutoTuneEventPublisher] Domain olayı yayınlandı: SessionCreated (Oturum: 1ce10861-0be0-40bd-8551-ba4df19208bc)
[16:52:17.643] [INFO] [AutoTuneEngine] Oturum başarıyla başlatıldı: 1ce10861-0be0-40bd-8551-ba4df19208bc
[16:52:17.643] [INFO] [AutoTuneEventPublisher] Domain olayı yayınlandı: SessionStopped (Oturum: 1ce10861-0be0-40bd-8551-ba4df19208bc)
[16:52:17.644] [INFO] [AutoTuneSafetyManager] Güvenlik limitleri yüklendi. Etkin kural sayısı: 4
[16:52:17.644] [INFO] [AutoTuneEventPublisher] Domain olayı yayınlandı: SessionCreated (Oturum: 86e22710-babd-4a0c-98b9-3ce2b4e644e8)
[16:52:17.644] [INFO] [AutoTuneEngine] Oturum başarıyla başlatıldı: 86e22710-babd-4a0c-98b9-3ce2b4e644e8
[16:52:17.645] [INFO] [AutoTuneEventPublisher] Domain olayı yayınlandı: TelemetryWindowAccepted (Oturum: 86e22710-babd-4a0c-98b9-3ce2b4e644e8)
[16:52:17.649] [INFO] [AutoTuneEventPublisher] Domain olayı yayınlandı: DecisionCreated (Oturum: 86e22710-babd-4a0c-98b9-3ce2b4e644e8)
[16:52:17.651] [INFO] [CalibrationStreamPublisher] Uygulanan değişiklik yayınlandı: Fuel adres: FuelVETable[3,4]
[16:52:17.652] [INFO] [AutoTuneEventPublisher] Domain olayı yayınlandı: DecisionCreated (Oturum: 86e22710-babd-4a0c-98b9-3ce2b4e644e8)
[16:52:17.652] [INFO] [CalibrationStreamPublisher] Uygulanan değişiklik yayınlandı: Lambda adres: AFRTargetTable[3,4]
[16:52:17.653] [INFO] [AutoTuneEventPublisher] Domain olayı yayınlandı: DecisionCreated (Oturum: 86e22710-babd-4a0c-98b9-3ce2b4e644e8)
[16:52:17.653] [INFO] [CalibrationStreamPublisher] Uygulanan değişiklik yayınlandı: Ignition adres: IgnitionTable[3,4]
[16:52:17.654] [INFO] [AutoTuneEventPublisher] Domain olayı yayınlandı: DecisionCreated (Oturum: 86e22710-babd-4a0c-98b9-3ce2b4e644e8)
[16:52:17.654] [INFO] [CalibrationStreamPublisher] Uygulanan değişiklik yayınlandı: VE adres: FuelVETable[3,4]
[16:52:17.654] [INFO] [AutoTuneEventPublisher] Domain olayı yayınlandı: TelemetryWindowAccepted (Oturum: 86e22710-babd-4a0c-98b9-3ce2b4e644e8)
[16:52:17.654] [INFO] [AutoTuneEventPublisher] Domain olayı yayınlandı: DecisionCreated (Oturum: 86e22710-babd-4a0c-98b9-3ce2b4e644e8)
[16:52:17.654] [INFO] [CalibrationStreamPublisher] Uygulanan değişiklik yayınlandı: Fuel adres: FuelVETable[3,4]
[16:52:17.654] [INFO] [AutoTuneEventPublisher] Domain olayı yayınlandı: DecisionCreated (Oturum: 86e22710-babd-4a0c-98b9-3ce2b4e644e8)
[16:52:17.654] [INFO] [CalibrationStreamPublisher] Uygulanan değişiklik yayınlandı: Lambda adres: AFRTargetTable[3,4]
[16:52:17.655] [INFO] [AutoTuneEventPublisher] Domain olayı yayınlandı: DecisionCreated (Oturum: 86e22710-babd-4a0c-98b9-3ce2b4e644e8)
[16:52:17.655] [INFO] [CalibrationStreamPublisher] Uygulanan değişiklik yayınlandı: Ignition adres: IgnitionTable[3,4]
[16:52:17.655] [INFO] [AutoTuneEventPublisher] Domain olayı yayınlandı: DecisionCreated (Oturum: 86e22710-babd-4a0c-98b9-3ce2b4e644e8)
[16:52:17.655] [INFO] [CalibrationStreamPublisher] Uygulanan değişiklik yayınlandı: VE adres: FuelVETable[3,4]
[16:52:17.655] [INFO] [AutoTuneEventPublisher] Domain olayı yayınlandı: TelemetryWindowAccepted (Oturum: 86e22710-babd-4a0c-98b9-3ce2b4e644e8)
[16:52:17.655] [INFO] [AutoTuneEventPublisher] Domain olayı yayınlandı: DecisionCreated (Oturum: 86e22710-babd-4a0c-98b9-3ce2b4e644e8)
[16:52:17.655] [INFO] [CalibrationStreamPublisher] Uygulanan değişiklik yayınlandı: Fuel adres: FuelVETable[3,4]
[16:52:17.656] [INFO] [AutoTuneEventPublisher] Domain olayı yayınlandı: DecisionCreated (Oturum: 86e22710-babd-4a0c-98b9-3ce2b4e644e8)
[16:52:17.656] [INFO] [CalibrationStreamPublisher] Uygulanan değişiklik yayınlandı: Lambda adres: AFRTargetTable[3,4]
[16:52:17.656] [INFO] [AutoTuneEventPublisher] Domain olayı yayınlandı: DecisionCreated (Oturum: 86e22710-babd-4a0c-98b9-3ce2b4e644e8)
[16:52:17.656] [INFO] [CalibrationStreamPublisher] Uygulanan değişiklik yayınlandı: Ignition adres: IgnitionTable[3,4]
[16:52:17.656] [INFO] [AutoTuneEventPublisher] Domain olayı yayınlandı: DecisionCreated (Oturum: 86e22710-babd-4a0c-98b9-3ce2b4e644e8)
[16:52:17.657] [INFO] [CalibrationStreamPublisher] Uygulanan değişiklik yayınlandı: VE adres: FuelVETable[3,4]
[16:52:17.657] [INFO] [AutoTuneEventPublisher] Domain olayı yayınlandı: TelemetryWindowAccepted (Oturum: 86e22710-babd-4a0c-98b9-3ce2b4e644e8)
[16:52:17.657] [INFO] [AutoTuneEventPublisher] Domain olayı yayınlandı: DecisionCreated (Oturum: 86e22710-babd-4a0c-98b9-3ce2b4e644e8)
[16:52:17.657] [INFO] [CalibrationStreamPublisher] Uygulanan değişiklik yayınlandı: Fuel adres: FuelVETable[3,4]
[16:52:17.657] [INFO] [AutoTuneEventPublisher] Domain olayı yayınlandı: DecisionCreated (Oturum: 86e22710-babd-4a0c-98b9-3ce2b4e644e8)
[16:52:17.657] [INFO] [CalibrationStreamPublisher] Uygulanan değişiklik yayınlandı: Lambda adres: AFRTargetTable[3,4]
[16:52:17.658] [INFO] [AutoTuneEventPublisher] Domain olayı yayınlandı: DecisionCreated (Oturum: 86e22710-babd-4a0c-98b9-3ce2b4e644e8)
[16:52:17.658] [INFO] [CalibrationStreamPublisher] Uygulanan değişiklik yayınlandı: Ignition adres: IgnitionTable[3,4]
[16:52:17.658] [INFO] [AutoTuneEventPublisher] Domain olayı yayınlandı: DecisionCreated (Oturum: 86e22710-babd-4a0c-98b9-3ce2b4e644e8)
[16:52:17.658] [INFO] [CalibrationStreamPublisher] Uygulanan değişiklik yayınlandı: VE adres: FuelVETable[3,4]
[16:52:17.659] [INFO] [AutoTuneEventPublisher] Domain olayı yayınlandı: TelemetryWindowAccepted (Oturum: 86e22710-babd-4a0c-98b9-3ce2b4e644e8)
[16:52:17.659] [INFO] [AutoTuneEventPublisher] Domain olayı yayınlandı: DecisionCreated (Oturum: 86e22710-babd-4a0c-98b9-3ce2b4e644e8)
[16:52:17.659] [INFO] [CalibrationStreamPublisher] Uygulanan değişiklik yayınlandı: Fuel adres: FuelVETable[3,4]
[16:52:17.659] [INFO] [AutoTuneEventPublisher] Domain olayı yayınlandı: DecisionCreated (Oturum: 86e22710-babd-4a0c-98b9-3ce2b4e644e8)
[16:52:17.659] [INFO] [CalibrationStreamPublisher] Uygulanan değişiklik yayınlandı: Lambda adres: AFRTargetTable[3,4]
[16:52:17.659] [INFO] [AutoTuneEventPublisher] Domain olayı yayınlandı: DecisionCreated (Oturum: 86e22710-babd-4a0c-98b9-3ce2b4e644e8)
[16:52:17.660] [INFO] [CalibrationStreamPublisher] Uygulanan değişiklik yayınlandı: Ignition adres: IgnitionTable[3,4]
[16:52:17.660] [INFO] [AutoTuneEventPublisher] Domain olayı yayınlandı: DecisionCreated (Oturum: 86e22710-babd-4a0c-98b9-3ce2b4e644e8)
[16:52:17.660] [INFO] [CalibrationStreamPublisher] Uygulanan değişiklik yayınlandı: VE adres: FuelVETable[3,4]
[16:52:17.660] [INFO] [AutoTuneEventPublisher] Domain olayı yayınlandı: TelemetryWindowAccepted (Oturum: 86e22710-babd-4a0c-98b9-3ce2b4e644e8)
[16:52:17.660] [INFO] [AutoTuneEventPublisher] Domain olayı yayınlandı: DecisionCreated (Oturum: 86e22710-babd-4a0c-98b9-3ce2b4e644e8)
[16:52:17.660] [INFO] [CalibrationStreamPublisher] Uygulanan değişiklik yayınlandı: Fuel adres: FuelVETable[3,4]
[16:52:17.661] [INFO] [AutoTuneEventPublisher] Domain olayı yayınlandı: DecisionCreated (Oturum: 86e22710-babd-4a0c-98b9-3ce2b4e644e8)
[16:52:17.661] [INFO] [CalibrationStreamPublisher] Uygulanan değişiklik yayınlandı: Lambda adres: AFRTargetTable[3,4]
[16:52:17.661] [INFO] [AutoTuneEventPublisher] Domain olayı yayınlandı: DecisionCreated (Oturum: 86e22710-babd-4a0c-98b9-3ce2b4e644e8)
[16:52:17.661] [INFO] [CalibrationStreamPublisher] Uygulanan değişiklik yayınlandı: Ignition adres: IgnitionTable[3,4]
[16:52:17.661] [INFO] [AutoTuneEventPublisher] Domain olayı yayınlandı: DecisionCreated (Oturum: 86e22710-babd-4a0c-98b9-3ce2b4e644e8)
[16:52:17.661] [INFO] [CalibrationStreamPublisher] Uygulanan değişiklik yayınlandı: VE adres: FuelVETable[3,4]
[16:52:17.661] [INFO] [AutoTuneEventPublisher] Domain olayı yayınlandı: SessionStopped (Oturum: 86e22710-babd-4a0c-98b9-3ce2b4e644e8)
[16:52:17.665] [INFO] [AdaptiveMemory] V1 hafıza verisi V2 şemasına başarıyla taşındı. Toplam kayıt: 1
[16:52:17.666] [INFO] [AutoTuneSafetyManager] Güvenlik limitleri yüklendi. Etkin kural sayısı: 4
[16:52:17.666] [INFO] [AutoTuneEventPublisher] Domain olayı yayınlandı: SessionCreated (Oturum: d105b63c-13c0-4f12-9c95-7d793fdd4fe9)
[16:52:17.666] [INFO] [AutoTuneEngine] Oturum başarıyla başlatıldı: d105b63c-13c0-4f12-9c95-7d793fdd4fe9
[16:52:17.666] [INFO] [AutoTuneEventPublisher] Domain olayı yayınlandı: SessionStopped (Oturum: d105b63c-13c0-4f12-9c95-7d793fdd4fe9)
[16:52:17.667] [INFO] [AutoTuneSafetyManager] Güvenlik limitleri yüklendi. Etkin kural sayısı: 4
[16:52:17.667] [INFO] [AutoTuneEventPublisher] Domain olayı yayınlandı: SessionCreated (Oturum: cad27d12-95d7-41b9-a7c7-d3db58a7c345)
[16:52:17.667] [INFO] [AutoTuneEngine] Oturum başarıyla başlatıldı: cad27d12-95d7-41b9-a7c7-d3db58a7c345
[16:52:17.667] [INFO] [AutoTuneEventPublisher] Domain olayı yayınlandı: SessionStopped (Oturum: cad27d12-95d7-41b9-a7c7-d3db58a7c345)
[16:52:17.669] [INFO] [RtpCalibrationEngine] Connecting to RTP emulator...
[16:52:17.669] [INFO] [RtpCalibrationEngine] RTP emulator connected successfully.
[16:52:17.670] [INFO] [RtpCalibrationEngine] Real-time synchronization active.
[16:52:17.670] [INFO] [RtpCalibrationEngine] Real-time synchronization paused.
[16:52:17.670] [INFO] [RtpCalibrationEngine] RTP Emulator disconnected.
[16:52:17.671] [INFO] [RtpCalibrationEngine] Connecting to RTP emulator...
[16:52:17.671] [INFO] [RtpCalibrationEngine] RTP emulator connected successfully.
[16:52:17.671] [INFO] [RtpCalibrationEngine] Real-time synchronization active.
[16:52:17.674] [INFO] [CalibrationManager] Değişiklik kaydedildi:  [ -> 99]
[16:52:17.890] [INFO] [RtpCalibrationEngine] Connecting to RTP emulator...
[16:52:17.890] [INFO] [RtpCalibrationEngine] RTP emulator connected successfully.
[16:52:17.892] [INFO] [CalibrationManager] Değişiklik kaydedildi:  [ -> 10]
[16:52:17.901] [INFO] [CalibrationManager] Değişiklik kaydedildi:  [ -> 11]
[16:52:17.909] [INFO] [CalibrationManager] Değişiklik kaydedildi:  [ -> 12]
[16:52:17.909] [INFO] [RtpCalibrationEngine] Real-time synchronization active.
[16:52:18.125] [INFO] [RtpCalibrationEngine] Connecting to RTP emulator...
[16:52:18.125] [INFO] [RtpCalibrationEngine] RTP emulator connected successfully.
[16:52:18.128] [INFO] [CalibrationManager] Değişiklik kaydedildi:  [ -> 1]
[16:52:18.136] [INFO] [CalibrationManager] Değişiklik kaydedildi:  [ -> 2]
[16:52:18.142] [INFO] [CalibrationManager] Değişiklik kaydedildi:  [ -> 3]
[16:52:18.142] [INFO] [RtpCalibrationEngine] Real-time synchronization active.
[16:52:18.350] [INFO] [RtpCalibrationEngine] Connecting to RTP emulator...
[16:52:18.351] [INFO] [RtpCalibrationEngine] RTP emulator connected successfully.
[16:52:18.352] [INFO] [RtpCalibrationEngine] Real-time synchronization active.
[16:52:18.367] [INFO] [CalibrationManager] Değişiklik kaydedildi:  [ -> 45]
[16:52:18.584] [INFO] [RtpCalibrationEngine] Connecting to RTP emulator...
[16:52:18.584] [INFO] [RtpCalibrationEngine] RTP emulator connected successfully.
[16:52:18.584] [INFO] [RtpCalibrationEngine] Real-time synchronization active.
[16:52:18.588] [INFO] [CalibrationManager] Değişiklik kaydedildi:  [ -> 5]
[16:52:18.590] [INFO] [CalibrationManager] Değişiklik kaydedildi:  [ -> 5]
[16:52:18.592] [INFO] [CalibrationManager] Değişiklik kaydedildi:  [ -> 5]
[16:52:18.594] [INFO] [CalibrationManager] Değişiklik kaydedildi:  [ -> 5]
[16:52:18.603] [WARNING] [RtpCalibrationEngine] Could not save persistent sync queue: The process cannot access the file 'C:\Users\ayhan\OneDrive\Desktop\Canlı OBD2 Araç Telemetri Ekranı\HondaTuner\bin\Debug\net6.0-windows\Database\pending_rtp_queue.json' because it is being used by another process.
[16:52:18.613] [INFO] [CalibrationManager] Değişiklik kaydedildi:  [ -> 5]
[16:52:18.617] [INFO] [CalibrationManager] Değişiklik kaydedildi:  [ -> 5]
[16:52:18.619] [INFO] [CalibrationManager] Değişiklik kaydedildi:  [ -> 5]
[16:52:18.622] [INFO] [CalibrationManager] Değişiklik kaydedildi:  [ -> 5]
[16:52:18.624] [INFO] [CalibrationManager] Değişiklik kaydedildi:  [ -> 5]
[16:52:18.643] [INFO] [CalibrationManager] Değişiklik kaydedildi:  [ -> 5]
[16:52:18.644] [WARNING] [RtpCalibrationEngine] Could not save persistent sync queue: The process cannot access the file 'C:\Users\ayhan\OneDrive\Desktop\Canlı OBD2 Araç Telemetri Ekranı\HondaTuner\bin\Debug\net6.0-windows\Database\pending_rtp_queue.json' because it is being used by another process.
[16:52:18.644] [INFO] [CalibrationManager] Değişiklik kaydedildi:  [ -> 5]
[16:52:18.653] [WARNING] [RtpCalibrationEngine] Could not save persistent sync queue: The process cannot access the file 'C:\Users\ayhan\OneDrive\Desktop\Canlı OBD2 Araç Telemetri Ekranı\HondaTuner\bin\Debug\net6.0-windows\Database\pending_rtp_queue.json' because it is being used by another process.
[16:52:18.654] [INFO] [CalibrationManager] Değişiklik kaydedildi:  [ -> 5]
[16:52:18.656] [INFO] [CalibrationManager] Değişiklik kaydedildi:  [ -> 5]
[16:52:18.664] [WARNING] [RtpCalibrationEngine] Could not save persistent sync queue: The process cannot access the file 'C:\Users\ayhan\OneDrive\Desktop\Canlı OBD2 Araç Telemetri Ekranı\HondaTuner\bin\Debug\net6.0-windows\Database\pending_rtp_queue.json' because it is being used by another process.
[16:52:18.665] [INFO] [CalibrationManager] Değişiklik kaydedildi:  [ -> 5]
[16:52:18.685] [INFO] [CalibrationManager] Değişiklik kaydedildi:  [ -> 5]
[16:52:18.694] [INFO] [CalibrationManager] Değişiklik kaydedildi:  [ -> 5]
[16:52:18.699] [WARNING] [RtpCalibrationEngine] Could not save persistent sync queue: The process cannot access the file 'C:\Users\ayhan\OneDrive\Desktop\Canlı OBD2 Araç Telemetri Ekranı\HondaTuner\bin\Debug\net6.0-windows\Database\pending_rtp_queue.json' because it is being used by another process.
[16:52:18.706] [INFO] [CalibrationManager] Değişiklik kaydedildi:  [ -> 5]
[16:52:18.707] [INFO] [CalibrationManager] Değişiklik kaydedildi:  [ -> 5]
[16:52:18.716] [INFO] [CalibrationManager] Değişiklik kaydedildi:  [ -> 5]
[16:52:18.724] [INFO] [CalibrationManager] Değişiklik kaydedildi:  [ -> 5]
[16:52:18.735] [INFO] [CalibrationManager] Değişiklik kaydedildi:  [ -> 5]
[16:52:18.742] [WARNING] [RtpCalibrationEngine] Could not save persistent sync queue: The process cannot access the file 'C:\Users\ayhan\OneDrive\Desktop\Canlı OBD2 Araç Telemetri Ekranı\HondaTuner\bin\Debug\net6.0-windows\Database\pending_rtp_queue.json' because it is being used by another process.
[16:52:18.743] [INFO] [CalibrationManager] Değişiklik kaydedildi:  [ -> 5]
[16:52:18.745] [INFO] [CalibrationManager] Değişiklik kaydedildi:  [ -> 5]
[16:52:18.753] [WARNING] [RtpCalibrationEngine] Could not save persistent sync queue: The process cannot access the file 'C:\Users\ayhan\OneDrive\Desktop\Canlı OBD2 Araç Telemetri Ekranı\HondaTuner\bin\Debug\net6.0-windows\Database\pending_rtp_queue.json' because it is being used by another process.
[16:52:18.762] [INFO] [CalibrationManager] Değişiklik kaydedildi:  [ -> 5]
[16:52:18.763] [INFO] [CalibrationManager] Değişiklik kaydedildi:  [ -> 5]
[16:52:18.764] [INFO] [CalibrationManager] Değişiklik kaydedildi:  [ -> 5]
[16:52:18.773] [WARNING] [RtpCalibrationEngine] Could not save persistent sync queue: The process cannot access the file 'C:\Users\ayhan\OneDrive\Desktop\Canlı OBD2 Araç Telemetri Ekranı\HondaTuner\bin\Debug\net6.0-windows\Database\pending_rtp_queue.json' because it is being used by another process.
[16:52:18.775] [INFO] [CalibrationManager] Değişiklik kaydedildi:  [ -> 5]
[16:52:18.778] [INFO] [CalibrationManager] Değişiklik kaydedildi:  [ -> 5]
[16:52:18.782] [INFO] [CalibrationManager] Değişiklik kaydedildi:  [ -> 5]
[16:52:18.784] [INFO] [CalibrationManager] Değişiklik kaydedildi:  [ -> 5]
[16:52:18.786] [INFO] [CalibrationManager] Değişiklik kaydedildi:  [ -> 5]
[16:52:18.791] [INFO] [CalibrationManager] Değişiklik kaydedildi:  [ -> 5]
[16:52:18.793] [INFO] [CalibrationManager] Değişiklik kaydedildi:  [ -> 5]
[16:52:18.794] [INFO] [CalibrationManager] Değişiklik kaydedildi:  [ -> 5]
[16:52:18.795] [INFO] [CalibrationManager] Değişiklik kaydedildi:  [ -> 5]
[16:52:18.796] [INFO] [CalibrationManager] Değişiklik kaydedildi:  [ -> 5]
[16:52:18.798] [INFO] [CalibrationManager] Değişiklik kaydedildi:  [ -> 5]
[16:52:18.810] [INFO] [CalibrationManager] Değişiklik kaydedildi:  [ -> 5]
[16:52:18.819] [INFO] [CalibrationManager] Değişiklik kaydedildi:  [ -> 5]
[16:52:18.825] [WARNING] [RtpCalibrationEngine] Could not save persistent sync queue: The process cannot access the file 'C:\Users\ayhan\OneDrive\Desktop\Canlı OBD2 Araç Telemetri Ekranı\HondaTuner\bin\Debug\net6.0-windows\Database\pending_rtp_queue.json' because it is being used by another process.
[16:52:18.833] [INFO] [CalibrationManager] Değişiklik kaydedildi:  [ -> 5]
[16:52:18.841] [WARNING] [RtpCalibrationEngine] Could not save persistent sync queue: The process cannot access the file 'C:\Users\ayhan\OneDrive\Desktop\Canlı OBD2 Araç Telemetri Ekranı\HondaTuner\bin\Debug\net6.0-windows\Database\pending_rtp_queue.json' because it is being used by another process.
[16:52:18.842] [INFO] [CalibrationManager] Değişiklik kaydedildi:  [ -> 5]
[16:52:18.844] [INFO] [CalibrationManager] Değişiklik kaydedildi:  [ -> 5]
[16:52:18.852] [WARNING] [RtpCalibrationEngine] Could not save persistent sync queue: The process cannot access the file 'C:\Users\ayhan\OneDrive\Desktop\Canlı OBD2 Araç Telemetri Ekranı\HondaTuner\bin\Debug\net6.0-windows\Database\pending_rtp_queue.json' because it is being used by another process.
[16:52:18.852] [INFO] [CalibrationManager] Değişiklik kaydedildi:  [ -> 5]
[16:52:18.861] [WARNING] [RtpCalibrationEngine] Could not save persistent sync queue: The process cannot access the file 'C:\Users\ayhan\OneDrive\Desktop\Canlı OBD2 Araç Telemetri Ekranı\HondaTuner\bin\Debug\net6.0-windows\Database\pending_rtp_queue.json' because it is being used by another process.
[16:52:18.862] [INFO] [CalibrationManager] Değişiklik kaydedildi:  [ -> 5]
[16:52:18.867] [WARNING] [RtpCalibrationEngine] Could not save persistent sync queue: The process cannot access the file 'C:\Users\ayhan\OneDrive\Desktop\Canlı OBD2 Araç Telemetri Ekranı\HondaTuner\bin\Debug\net6.0-windows\Database\pending_rtp_queue.json' because it is being used by another process.
[16:52:18.868] [INFO] [CalibrationManager] Değişiklik kaydedildi:  [ -> 5]
[16:52:18.870] [INFO] [CalibrationManager] Değişiklik kaydedildi:  [ -> 5]
[16:52:18.883] [INFO] [CalibrationManager] Değişiklik kaydedildi:  [ -> 5]
[16:52:18.885] [INFO] [CalibrationManager] Değişiklik kaydedildi:  [ -> 5]
[16:52:18.887] [INFO] [CalibrationManager] Değişiklik kaydedildi:  [ -> 5]
[16:52:18.899] [INFO] [CalibrationManager] Değişiklik kaydedildi:  [ -> 5]
[16:52:18.909] [INFO] [CalibrationManager] Değişiklik kaydedildi:  [ -> 5]
[16:52:18.912] [INFO] [CalibrationManager] Değişiklik kaydedildi:  [ -> 5]
[16:52:18.921] [INFO] [CalibrationManager] Değişiklik kaydedildi:  [ -> 5]
[16:52:18.923] [INFO] [CalibrationManager] Değişiklik kaydedildi:  [ -> 5]
[16:52:18.927] [INFO] [CalibrationManager] Değişiklik kaydedildi:  [ -> 5]
[16:52:18.929] [INFO] [CalibrationManager] Değişiklik kaydedildi:  [ -> 5]
[16:52:18.942] [WARNING] [RtpCalibrationEngine] Could not save persistent sync queue: The process cannot access the file 'C:\Users\ayhan\OneDrive\Desktop\Canlı OBD2 Araç Telemetri Ekranı\HondaTuner\bin\Debug\net6.0-windows\Database\pending_rtp_queue.json' because it is being used by another process.
[16:52:18.943] [INFO] [CalibrationManager] Değişiklik kaydedildi:  [ -> 5]
[16:52:18.945] [INFO] [CalibrationManager] Değişiklik kaydedildi:  [ -> 5]
[16:52:18.954] [INFO] [CalibrationManager] Değişiklik kaydedildi:  [ -> 5]
[16:52:18.956] [INFO] [CalibrationManager] Değişiklik kaydedildi:  [ -> 5]
[16:52:18.959] [INFO] [CalibrationManager] Değişiklik kaydedildi:  [ -> 5]
[16:52:18.965] [WARNING] [RtpCalibrationEngine] Could not save persistent sync queue: The process cannot access the file 'C:\Users\ayhan\OneDrive\Desktop\Canlı OBD2 Araç Telemetri Ekranı\HondaTuner\bin\Debug\net6.0-windows\Database\pending_rtp_queue.json' because it is being used by another process.
[16:52:18.967] [INFO] [CalibrationManager] Değişiklik kaydedildi:  [ -> 5]
[16:52:18.977] [INFO] [CalibrationManager] Değişiklik kaydedildi:  [ -> 5]
[16:52:18.984] [WARNING] [RtpCalibrationEngine] Could not save persistent sync queue: The process cannot access the file 'C:\Users\ayhan\OneDrive\Desktop\Canlı OBD2 Araç Telemetri Ekranı\HondaTuner\bin\Debug\net6.0-windows\Database\pending_rtp_queue.json' because it is being used by another process.
[16:52:18.984] [INFO] [CalibrationManager] Değişiklik kaydedildi:  [ -> 5]
[16:52:18.994] [INFO] [CalibrationManager] Değişiklik kaydedildi:  [ -> 5]
[16:52:18.996] [WARNING] [RtpCalibrationEngine] Could not save persistent sync queue: The process cannot access the file 'C:\Users\ayhan\OneDrive\Desktop\Canlı OBD2 Araç Telemetri Ekranı\HondaTuner\bin\Debug\net6.0-windows\Database\pending_rtp_queue.json' because it is being used by another process.
[16:52:19.005] [INFO] [CalibrationManager] Değişiklik kaydedildi:  [ -> 5]
[16:52:19.007] [WARNING] [RtpCalibrationEngine] Could not save persistent sync queue: The process cannot access the file 'C:\Users\ayhan\OneDrive\Desktop\Canlı OBD2 Araç Telemetri Ekranı\HondaTuner\bin\Debug\net6.0-windows\Database\pending_rtp_queue.json' because it is being used by another process.
[16:52:19.008] [INFO] [CalibrationManager] Değişiklik kaydedildi:  [ -> 5]
[16:52:19.020] [INFO] [CalibrationManager] Değişiklik kaydedildi:  [ -> 5]
[16:52:19.033] [INFO] [CalibrationManager] Değişiklik kaydedildi:  [ -> 5]
[16:52:19.035] [INFO] [CalibrationManager] Değişiklik kaydedildi:  [ -> 5]
[16:52:19.041] [WARNING] [RtpCalibrationEngine] Could not save persistent sync queue: The process cannot access the file 'C:\Users\ayhan\OneDrive\Desktop\Canlı OBD2 Araç Telemetri Ekranı\HondaTuner\bin\Debug\net6.0-windows\Database\pending_rtp_queue.json' because it is being used by another process.
[16:52:19.052] [INFO] [CalibrationManager] Değişiklik kaydedildi:  [ -> 5]
[16:52:19.064] [INFO] [CalibrationManager] Değişiklik kaydedildi:  [ -> 5]
[16:52:19.078] [INFO] [CalibrationManager] Değişiklik kaydedildi:  [ -> 5]
[16:52:19.080] [INFO] [CalibrationManager] Değişiklik kaydedildi:  [ -> 5]
[16:52:19.086] [WARNING] [RtpCalibrationEngine] Could not save persistent sync queue: The process cannot access the file 'C:\Users\ayhan\OneDrive\Desktop\Canlı OBD2 Araç Telemetri Ekranı\HondaTuner\bin\Debug\net6.0-windows\Database\pending_rtp_queue.json' because it is being used by another process.
[16:52:19.093] [INFO] [CalibrationManager] Değişiklik kaydedildi:  [ -> 5]
[16:52:19.094] [INFO] [CalibrationManager] Değişiklik kaydedildi:  [ -> 5]
[16:52:19.100] [WARNING] [RtpCalibrationEngine] Could not save persistent sync queue: The process cannot access the file 'C:\Users\ayhan\OneDrive\Desktop\Canlı OBD2 Araç Telemetri Ekranı\HondaTuner\bin\Debug\net6.0-windows\Database\pending_rtp_queue.json' because it is being used by another process.
[16:52:19.101] [INFO] [CalibrationManager] Değişiklik kaydedildi:  [ -> 5]
[16:52:19.115] [INFO] [CalibrationManager] Değişiklik kaydedildi:  [ -> 5]
[16:52:19.123] [INFO] [CalibrationManager] Değişiklik kaydedildi:  [ -> 5]
[16:52:19.131] [WARNING] [RtpCalibrationEngine] Could not save persistent sync queue: The process cannot access the file 'C:\Users\ayhan\OneDrive\Desktop\Canlı OBD2 Araç Telemetri Ekranı\HondaTuner\bin\Debug\net6.0-windows\Database\pending_rtp_queue.json' because it is being used by another process.
[16:52:19.132] [INFO] [CalibrationManager] Değişiklik kaydedildi:  [ -> 5]
[16:52:19.135] [INFO] [CalibrationManager] Değişiklik kaydedildi:  [ -> 5]
[16:52:19.140] [WARNING] [RtpCalibrationEngine] Could not save persistent sync queue: The process cannot access the file 'C:\Users\ayhan\OneDrive\Desktop\Canlı OBD2 Araç Telemetri Ekranı\HondaTuner\bin\Debug\net6.0-windows\Database\pending_rtp_queue.json' because it is being used by another process.
[16:52:19.141] [INFO] [CalibrationManager] Değişiklik kaydedildi:  [ -> 5]
[16:52:19.143] [INFO] [CalibrationManager] Değişiklik kaydedildi:  [ -> 5]
[16:52:19.145] [WARNING] [RtpCalibrationEngine] Could not save persistent sync queue: The process cannot access the file 'C:\Users\ayhan\OneDrive\Desktop\Canlı OBD2 Araç Telemetri Ekranı\HondaTuner\bin\Debug\net6.0-windows\Database\pending_rtp_queue.json' because it is being used by another process.
[16:52:19.146] [INFO] [CalibrationManager] Değişiklik kaydedildi:  [ -> 5]
[16:52:19.155] [INFO] [CalibrationManager] Değişiklik kaydedildi:  [ -> 5]
[16:52:19.168] [INFO] [CalibrationManager] Değişiklik kaydedildi:  [ -> 5]
[16:52:19.185] [INFO] [CalibrationManager] Değişiklik kaydedildi:  [ -> 5]
[16:52:19.188] [INFO] [CalibrationManager] Değişiklik kaydedildi:  [ -> 5]
[16:52:19.193] [WARNING] [RtpCalibrationEngine] Could not save persistent sync queue: The process cannot access the file 'C:\Users\ayhan\OneDrive\Desktop\Canlı OBD2 Araç Telemetri Ekranı\HondaTuner\bin\Debug\net6.0-windows\Database\pending_rtp_queue.json' because it is being used by another process.
[16:52:19.194] [INFO] [CalibrationManager] Değişiklik kaydedildi:  [ -> 5]
[16:52:19.207] [WARNING] [RtpCalibrationEngine] Could not save persistent sync queue: The process cannot access the file 'C:\Users\ayhan\OneDrive\Desktop\Canlı OBD2 Araç Telemetri Ekranı\HondaTuner\bin\Debug\net6.0-windows\Database\pending_rtp_queue.json' because it is being used by another process.
[16:52:19.217] [INFO] [CalibrationManager] Değişiklik kaydedildi:  [ -> 5]
[16:52:19.226] [INFO] [CalibrationManager] Değişiklik kaydedildi:  [ -> 5]
[16:52:19.242] [INFO] [CalibrationManager] Değişiklik kaydedildi:  [ -> 5]
[16:52:19.253] [INFO] [CalibrationManager] Değişiklik kaydedildi:  [ -> 5]
[16:52:19.256] [INFO] [CalibrationManager] Değişiklik kaydedildi:  [ -> 5]
[16:52:19.259] [INFO] [CalibrationManager] Değişiklik kaydedildi:  [ -> 5]
[16:52:19.267] [INFO] [CalibrationManager] Değişiklik kaydedildi:  [ -> 5]
[16:52:19.270] [INFO] [CalibrationManager] Değişiklik kaydedildi:  [ -> 5]
[16:52:19.279] [WARNING] [RtpCalibrationEngine] Could not save persistent sync queue: The process cannot access the file 'C:\Users\ayhan\OneDrive\Desktop\Canlı OBD2 Araç Telemetri Ekranı\HondaTuner\bin\Debug\net6.0-windows\Database\pending_rtp_queue.json' because it is being used by another process.
[16:52:19.287] [INFO] [CalibrationManager] Değişiklik kaydedildi:  [ -> 5]
[16:52:19.294] [WARNING] [RtpCalibrationEngine] Could not save persistent sync queue: The process cannot access the file 'C:\Users\ayhan\OneDrive\Desktop\Canlı OBD2 Araç Telemetri Ekranı\HondaTuner\bin\Debug\net6.0-windows\Database\pending_rtp_queue.json' because it is being used by another process.
[16:52:19.306] [INFO] [CalibrationManager] Değişiklik kaydedildi:  [ -> 5]
[16:52:19.323] [INFO] [CalibrationManager] Değişiklik kaydedildi:  [ -> 5]
[16:52:19.327] [INFO] [CalibrationManager] Değişiklik kaydedildi:  [ -> 5]
[16:52:19.334] [INFO] [CalibrationManager] Değişiklik kaydedildi:  [ -> 5]
[16:52:19.343] [WARNING] [RtpCalibrationEngine] Could not save persistent sync queue: The process cannot access the file 'C:\Users\ayhan\OneDrive\Desktop\Canlı OBD2 Araç Telemetri Ekranı\HondaTuner\bin\Debug\net6.0-windows\Database\pending_rtp_queue.json' because it is being used by another process.
[16:52:19.344] [INFO] [CalibrationManager] Değişiklik kaydedildi:  [ -> 5]
[16:52:19.350] [INFO] [CalibrationManager] Değişiklik kaydedildi:  [ -> 5]
[16:52:19.354] [WARNING] [RtpCalibrationEngine] Could not save persistent sync queue: The process cannot access the file 'C:\Users\ayhan\OneDrive\Desktop\Canlı OBD2 Araç Telemetri Ekranı\HondaTuner\bin\Debug\net6.0-windows\Database\pending_rtp_queue.json' because it is being used by another process.
[16:52:19.355] [INFO] [CalibrationManager] Değişiklik kaydedildi:  [ -> 5]
[16:52:19.371] [INFO] [CalibrationManager] Değişiklik kaydedildi:  [ -> 5]
[16:52:19.379] [WARNING] [RtpCalibrationEngine] Could not save persistent sync queue: The process cannot access the file 'C:\Users\ayhan\OneDrive\Desktop\Canlı OBD2 Araç Telemetri Ekranı\HondaTuner\bin\Debug\net6.0-windows\Database\pending_rtp_queue.json' because it is being used by another process.
[16:52:19.380] [INFO] [CalibrationManager] Değişiklik kaydedildi:  [ -> 5]
[16:52:19.382] [INFO] [CalibrationManager] Değişiklik kaydedildi:  [ -> 5]
[16:52:19.385] [INFO] [CalibrationManager] Değişiklik kaydedildi:  [ -> 5]
[16:52:19.391] [WARNING] [RtpCalibrationEngine] Could not save persistent sync queue: The process cannot access the file 'C:\Users\ayhan\OneDrive\Desktop\Canlı OBD2 Araç Telemetri Ekranı\HondaTuner\bin\Debug\net6.0-windows\Database\pending_rtp_queue.json' because it is being used by another process.
[16:52:19.392] [INFO] [CalibrationManager] Değişiklik kaydedildi:  [ -> 5]
[16:52:19.404] [INFO] [CalibrationManager] Değişiklik kaydedildi:  [ -> 5]
[16:52:19.406] [INFO] [CalibrationManager] Değişiklik kaydedildi:  [ -> 5]
[16:52:19.408] [INFO] [CalibrationManager] Değişiklik kaydedildi:  [ -> 5]
[16:52:19.427] [INFO] [CalibrationManager] Değişiklik kaydedildi:  [ -> 5]
[16:52:19.429] [INFO] [CalibrationManager] Değişiklik kaydedildi:  [ -> 5]
[16:52:19.430] [INFO] [CalibrationManager] Değişiklik kaydedildi:  [ -> 5]
[16:52:19.431] [INFO] [CalibrationManager] Değişiklik kaydedildi:  [ -> 5]
[16:52:19.433] [INFO] [CalibrationManager] Değişiklik kaydedildi:  [ -> 5]
[16:52:19.435] [INFO] [CalibrationManager] Değişiklik kaydedildi:  [ -> 5]
[16:52:19.436] [WARNING] [RtpCalibrationEngine] Could not save persistent sync queue: The process cannot access the file 'C:\Users\ayhan\OneDrive\Desktop\Canlı OBD2 Araç Telemetri Ekranı\HondaTuner\bin\Debug\net6.0-windows\Database\pending_rtp_queue.json' because it is being used by another process.
[16:52:19.437] [INFO] [CalibrationManager] Değişiklik kaydedildi:  [ -> 5]
[16:52:19.446] [INFO] [CalibrationManager] Değişiklik kaydedildi:  [ -> 5]
[16:52:19.458] [INFO] [CalibrationManager] Değişiklik kaydedildi:  [ -> 5]
[16:52:19.470] [INFO] [CalibrationManager] Değişiklik kaydedildi:  [ -> 5]
[16:52:19.472] [INFO] [CalibrationManager] Değişiklik kaydedildi:  [ -> 5]
[16:52:19.475] [INFO] [CalibrationManager] Değişiklik kaydedildi:  [ -> 5]
[16:52:19.477] [INFO] [CalibrationManager] Değişiklik kaydedildi:  [ -> 5]
[16:52:19.480] [INFO] [CalibrationManager] Değişiklik kaydedildi:  [ -> 5]
[16:52:19.488] [INFO] [CalibrationManager] Değişiklik kaydedildi:  [ -> 5]
[16:52:19.491] [INFO] [CalibrationManager] Değişiklik kaydedildi:  [ -> 5]
[16:52:19.499] [WARNING] [RtpCalibrationEngine] Could not save persistent sync queue: The process cannot access the file 'C:\Users\ayhan\OneDrive\Desktop\Canlı OBD2 Araç Telemetri Ekranı\HondaTuner\bin\Debug\net6.0-windows\Database\pending_rtp_queue.json' because it is being used by another process.
[16:52:19.499] [INFO] [CalibrationManager] Değişiklik kaydedildi:  [ -> 5]
[16:52:19.501] [INFO] [CalibrationManager] Değişiklik kaydedildi:  [ -> 5]
[16:52:19.504] [INFO] [CalibrationManager] Değişiklik kaydedildi:  [ -> 5]
[16:52:19.516] [INFO] [CalibrationManager] Değişiklik kaydedildi:  [ -> 5]
[16:52:19.519] [INFO] [CalibrationManager] Değişiklik kaydedildi:  [ -> 5]
[16:52:19.521] [INFO] [CalibrationManager] Değişiklik kaydedildi:  [ -> 5]
[16:52:19.523] [INFO] [CalibrationManager] Değişiklik kaydedildi:  [ -> 5]
[16:52:19.537] [INFO] [CalibrationManager] Değişiklik kaydedildi:  [ -> 5]
[16:52:19.539] [INFO] [CalibrationManager] Değişiklik kaydedildi:  [ -> 5]
[16:52:19.552] [WARNING] [RtpCalibrationEngine] Could not save persistent sync queue: The process cannot access the file 'C:\Users\ayhan\OneDrive\Desktop\Canlı OBD2 Araç Telemetri Ekranı\HondaTuner\bin\Debug\net6.0-windows\Database\pending_rtp_queue.json' because it is being used by another process.
[16:52:19.553] [INFO] [CalibrationManager] Değişiklik kaydedildi:  [ -> 5]
[16:52:19.555] [INFO] [CalibrationManager] Değişiklik kaydedildi:  [ -> 5]
[16:52:19.572] [WARNING] [RtpCalibrationEngine] Could not save persistent sync queue: The process cannot access the file 'C:\Users\ayhan\OneDrive\Desktop\Canlı OBD2 Araç Telemetri Ekranı\HondaTuner\bin\Debug\net6.0-windows\Database\pending_rtp_queue.json' because it is being used by another process.
[16:52:19.573] [INFO] [CalibrationManager] Değişiklik kaydedildi:  [ -> 5]
[16:52:19.582] [INFO] [CalibrationManager] Değişiklik kaydedildi:  [ -> 5]
[16:52:19.585] [INFO] [CalibrationManager] Değişiklik kaydedildi:  [ -> 5]
[16:52:19.587] [INFO] [CalibrationManager] Değişiklik kaydedildi:  [ -> 5]
[16:52:19.589] [INFO] [CalibrationManager] Değişiklik kaydedildi:  [ -> 5]
[16:52:19.591] [INFO] [CalibrationManager] Değişiklik kaydedildi:  [ -> 5]
[16:52:19.604] [INFO] [CalibrationManager] Değişiklik kaydedildi:  [ -> 5]
[16:52:19.606] [INFO] [CalibrationManager] Değişiklik kaydedildi:  [ -> 5]
[16:52:19.609] [INFO] [CalibrationManager] Değişiklik kaydedildi:  [ -> 5]
[16:52:19.618] [INFO] [CalibrationManager] Değişiklik kaydedildi:  [ -> 5]
[16:52:19.625] [WARNING] [RtpCalibrationEngine] Could not save persistent sync queue: The process cannot access the file 'C:\Users\ayhan\OneDrive\Desktop\Canlı OBD2 Araç Telemetri Ekranı\HondaTuner\bin\Debug\net6.0-windows\Database\pending_rtp_queue.json' because it is being used by another process.
[16:52:19.636] [INFO] [CalibrationManager] Değişiklik kaydedildi:  [ -> 5]
[16:52:19.639] [INFO] [CalibrationManager] Değişiklik kaydedildi:  [ -> 5]
[16:52:19.641] [INFO] [CalibrationManager] Değişiklik kaydedildi:  [ -> 5]
[16:52:19.652] [INFO] [CalibrationManager] Değişiklik kaydedildi:  [ -> 5]
[16:52:19.665] [INFO] [CalibrationManager] Değişiklik kaydedildi:  [ -> 5]
[16:52:19.666] [INFO] [CalibrationManager] Değişiklik kaydedildi:  [ -> 5]
[16:52:19.686] [INFO] [CalibrationManager] Değişiklik kaydedildi:  [ -> 5]
[16:52:19.699] [INFO] [CalibrationManager] Değişiklik kaydedildi:  [ -> 5]
[16:52:19.710] [INFO] [CalibrationManager] Değişiklik kaydedildi:  [ -> 5]
[16:52:19.717] [WARNING] [RtpCalibrationEngine] Could not save persistent sync queue: The process cannot access the file 'C:\Users\ayhan\OneDrive\Desktop\Canlı OBD2 Araç Telemetri Ekranı\HondaTuner\bin\Debug\net6.0-windows\Database\pending_rtp_queue.json' because it is being used by another process.
[16:52:19.717] [INFO] [CalibrationManager] Değişiklik kaydedildi:  [ -> 5]
[16:52:19.720] [INFO] [CalibrationManager] Değişiklik kaydedildi:  [ -> 5]
[16:52:19.723] [INFO] [CalibrationManager] Değişiklik kaydedildi:  [ -> 5]
[16:52:19.737] [INFO] [CalibrationManager] Değişiklik kaydedildi:  [ -> 5]
[16:52:19.739] [INFO] [CalibrationManager] Değişiklik kaydedildi:  [ -> 5]
[16:52:19.760] [INFO] [CalibrationManager] Değişiklik kaydedildi:  [ -> 5]
[16:52:19.763] [INFO] [CalibrationManager] Değişiklik kaydedildi:  [ -> 5]
[16:52:19.772] [WARNING] [RtpCalibrationEngine] Could not save persistent sync queue: The process cannot access the file 'C:\Users\ayhan\OneDrive\Desktop\Canlı OBD2 Araç Telemetri Ekranı\HondaTuner\bin\Debug\net6.0-windows\Database\pending_rtp_queue.json' because it is being used by another process.
[16:52:19.773] [INFO] [CalibrationManager] Değişiklik kaydedildi:  [ -> 5]
[16:52:19.776] [INFO] [CalibrationManager] Değişiklik kaydedildi:  [ -> 5]
[16:52:19.796] [INFO] [CalibrationManager] Değişiklik kaydedildi:  [ -> 5]
[16:52:19.805] [WARNING] [RtpCalibrationEngine] Could not save persistent sync queue: The process cannot access the file 'C:\Users\ayhan\OneDrive\Desktop\Canlı OBD2 Araç Telemetri Ekranı\HondaTuner\bin\Debug\net6.0-windows\Database\pending_rtp_queue.json' because it is being used by another process.
[16:52:19.806] [INFO] [CalibrationManager] Değişiklik kaydedildi:  [ -> 5]
[16:52:19.809] [INFO] [CalibrationManager] Değişiklik kaydedildi:  [ -> 5]
[16:52:19.815] [WARNING] [RtpCalibrationEngine] Could not save persistent sync queue: The process cannot access the file 'C:\Users\ayhan\OneDrive\Desktop\Canlı OBD2 Araç Telemetri Ekranı\HondaTuner\bin\Debug\net6.0-windows\Database\pending_rtp_queue.json' because it is being used by another process.
[16:52:19.816] [INFO] [CalibrationManager] Değişiklik kaydedildi:  [ -> 5]
[16:52:19.830] [INFO] [CalibrationManager] Değişiklik kaydedildi:  [ -> 5]
[16:52:19.832] [INFO] [CalibrationManager] Değişiklik kaydedildi:  [ -> 5]
[16:52:19.841] [WARNING] [RtpCalibrationEngine] Could not save persistent sync queue: The process cannot access the file 'C:\Users\ayhan\OneDrive\Desktop\Canlı OBD2 Araç Telemetri Ekranı\HondaTuner\bin\Debug\net6.0-windows\Database\pending_rtp_queue.json' because it is being used by another process.
[16:52:19.853] [INFO] [CalibrationManager] Değişiklik kaydedildi:  [ -> 5]
[16:52:19.857] [INFO] [CalibrationManager] Değişiklik kaydedildi:  [ -> 5]
[16:52:19.865] [INFO] [CalibrationManager] Değişiklik kaydedildi:  [ -> 5]
[16:52:19.867] [INFO] [CalibrationManager] Değişiklik kaydedildi:  [ -> 5]
[16:52:19.868] [WARNING] [RtpCalibrationEngine] Could not save persistent sync queue: The process cannot access the file 'C:\Users\ayhan\OneDrive\Desktop\Canlı OBD2 Araç Telemetri Ekranı\HondaTuner\bin\Debug\net6.0-windows\Database\pending_rtp_queue.json' because it is being used by another process.
[16:52:19.878] [INFO] [CalibrationManager] Değişiklik kaydedildi:  [ -> 5]
[16:52:19.888] [INFO] [CalibrationManager] Değişiklik kaydedildi:  [ -> 5]
[16:52:19.911] [INFO] [CalibrationManager] Değişiklik kaydedildi:  [ -> 5]
[16:52:19.915] [INFO] [CalibrationManager] Değişiklik kaydedildi:  [ -> 5]
[16:52:19.922] [WARNING] [RtpCalibrationEngine] Could not save persistent sync queue: The process cannot access the file 'C:\Users\ayhan\OneDrive\Desktop\Canlı OBD2 Araç Telemetri Ekranı\HondaTuner\bin\Debug\net6.0-windows\Database\pending_rtp_queue.json' because it is being used by another process.
[16:52:19.934] [INFO] [CalibrationManager] Değişiklik kaydedildi:  [ -> 5]
[16:52:19.948] [INFO] [CalibrationManager] Değişiklik kaydedildi:  [ -> 5]
[16:52:19.961] [INFO] [CalibrationManager] Değişiklik kaydedildi:  [ -> 5]
[16:52:19.965] [INFO] [CalibrationManager] Değişiklik kaydedildi:  [ -> 5]
[16:52:19.967] [INFO] [CalibrationManager] Değişiklik kaydedildi:  [ -> 5]
[16:52:19.986] [INFO] [CalibrationManager] Değişiklik kaydedildi:  [ -> 5]
[16:52:19.995] [INFO] [CalibrationManager] Değişiklik kaydedildi:  [ -> 5]
[16:52:20.005] [INFO] [CalibrationManager] Değişiklik kaydedildi:  [ -> 5]
[16:52:20.007] [INFO] [CalibrationManager] Değişiklik kaydedildi:  [ -> 5]
[16:52:20.008] [INFO] [CalibrationManager] Değişiklik kaydedildi:  [ -> 5]
[16:52:20.010] [INFO] [CalibrationManager] Değişiklik kaydedildi:  [ -> 5]
[16:52:20.011] [INFO] [CalibrationManager] Değişiklik kaydedildi:  [ -> 5]
[16:52:20.014] [INFO] [CalibrationManager] Değişiklik kaydedildi:  [ -> 5]
[16:52:20.022] [WARNING] [RtpCalibrationEngine] Could not save persistent sync queue: The process cannot access the file 'C:\Users\ayhan\OneDrive\Desktop\Canlı OBD2 Araç Telemetri Ekranı\HondaTuner\bin\Debug\net6.0-windows\Database\pending_rtp_queue.json' because it is being used by another process.
[16:52:20.023] [INFO] [CalibrationManager] Değişiklik kaydedildi:  [ -> 5]
[16:52:20.038] [INFO] [CalibrationManager] Değişiklik kaydedildi:  [ -> 5]
[16:52:20.053] [INFO] [CalibrationManager] Değişiklik kaydedildi:  [ -> 5]
[16:52:20.055] [INFO] [CalibrationManager] Değişiklik kaydedildi:  [ -> 5]
[16:52:20.071] [INFO] [CalibrationManager] Değişiklik kaydedildi:  [ -> 5]
[16:52:20.090] [INFO] [CalibrationManager] Değişiklik kaydedildi:  [ -> 5]
[16:52:20.096] [WARNING] [RtpCalibrationEngine] Could not save persistent sync queue: The process cannot access the file 'C:\Users\ayhan\OneDrive\Desktop\Canlı OBD2 Araç Telemetri Ekranı\HondaTuner\bin\Debug\net6.0-windows\Database\pending_rtp_queue.json' because it is being used by another process.
[16:52:20.097] [INFO] [CalibrationManager] Değişiklik kaydedildi:  [ -> 5]
[16:52:20.105] [WARNING] [RtpCalibrationEngine] Could not save persistent sync queue: The process cannot access the file 'C:\Users\ayhan\OneDrive\Desktop\Canlı OBD2 Araç Telemetri Ekranı\HondaTuner\bin\Debug\net6.0-windows\Database\pending_rtp_queue.json' because it is being used by another process.
[16:52:20.106] [INFO] [CalibrationManager] Değişiklik kaydedildi:  [ -> 5]
[16:52:20.126] [INFO] [CalibrationManager] Değişiklik kaydedildi:  [ -> 5]
[16:52:20.133] [WARNING] [RtpCalibrationEngine] Could not save persistent sync queue: The process cannot access the file 'C:\Users\ayhan\OneDrive\Desktop\Canlı OBD2 Araç Telemetri Ekranı\HondaTuner\bin\Debug\net6.0-windows\Database\pending_rtp_queue.json' because it is being used by another process.
[16:52:20.134] [INFO] [CalibrationManager] Değişiklik kaydedildi:  [ -> 5]
[16:52:20.150] [INFO] [CalibrationManager] Değişiklik kaydedildi:  [ -> 5]
[16:52:20.153] [INFO] [CalibrationManager] Değişiklik kaydedildi:  [ -> 5]
[16:52:20.166] [INFO] [CalibrationManager] Değişiklik kaydedildi:  [ -> 5]
[16:52:20.168] [INFO] [CalibrationManager] Değişiklik kaydedildi:  [ -> 5]
[16:52:20.183] [INFO] [CalibrationManager] Değişiklik kaydedildi:  [ -> 5]
[16:52:20.193] [INFO] [CalibrationManager] Değişiklik kaydedildi:  [ -> 5]
[16:52:20.212] [INFO] [CalibrationManager] Değişiklik kaydedildi:  [ -> 5]
[16:52:20.230] [INFO] [CalibrationManager] Değişiklik kaydedildi:  [ -> 5]
[16:52:20.232] [INFO] [CalibrationManager] Değişiklik kaydedildi:  [ -> 5]
[16:52:20.239] [INFO] [CalibrationManager] Değişiklik kaydedildi:  [ -> 5]
[16:52:20.246] [WARNING] [RtpCalibrationEngine] Could not save persistent sync queue: The process cannot access the file 'C:\Users\ayhan\OneDrive\Desktop\Canlı OBD2 Araç Telemetri Ekranı\HondaTuner\bin\Debug\net6.0-windows\Database\pending_rtp_queue.json' because it is being used by another process.
[16:52:20.247] [INFO] [CalibrationManager] Değişiklik kaydedildi:  [ -> 5]
[16:52:20.250] [INFO] [CalibrationManager] Değişiklik kaydedildi:  [ -> 5]
[16:52:20.260] [INFO] [CalibrationManager] Değişiklik kaydedildi:  [ -> 5]
[16:52:20.273] [INFO] [CalibrationManager] Değişiklik kaydedildi:  [ -> 5]
[16:52:20.281] [WARNING] [RtpCalibrationEngine] Could not save persistent sync queue: The process cannot access the file 'C:\Users\ayhan\OneDrive\Desktop\Canlı OBD2 Araç Telemetri Ekranı\HondaTuner\bin\Debug\net6.0-windows\Database\pending_rtp_queue.json' because it is being used by another process.
[16:52:20.282] [INFO] [CalibrationManager] Değişiklik kaydedildi:  [ -> 5]
[16:52:20.283] [INFO] [CalibrationManager] Değişiklik kaydedildi:  [ -> 5]
[16:52:20.284] [INFO] [CalibrationManager] Değişiklik kaydedildi:  [ -> 5]
[16:52:20.286] [INFO] [CalibrationManager] Değişiklik kaydedildi:  [ -> 5]
[16:52:20.287] [INFO] [CalibrationManager] Değişiklik kaydedildi:  [ -> 5]
[16:52:20.289] [INFO] [CalibrationManager] Değişiklik kaydedildi:  [ -> 5]
[16:52:20.290] [INFO] [CalibrationManager] Değişiklik kaydedildi:  [ -> 5]
[16:52:20.292] [INFO] [CalibrationManager] Değişiklik kaydedildi:  [ -> 5]
[16:52:20.293] [INFO] [CalibrationManager] Değişiklik kaydedildi:  [ -> 5]
[16:52:20.294] [INFO] [CalibrationManager] Değişiklik kaydedildi:  [ -> 5]
[16:52:20.296] [INFO] [CalibrationManager] Değişiklik kaydedildi:  [ -> 5]
[16:52:20.297] [INFO] [CalibrationManager] Değişiklik kaydedildi:  [ -> 5]
[16:52:20.298] [INFO] [CalibrationManager] Değişiklik kaydedildi:  [ -> 5]
[16:52:20.300] [INFO] [CalibrationManager] Değişiklik kaydedildi:  [ -> 5]
[16:52:20.301] [INFO] [CalibrationManager] Değişiklik kaydedildi:  [ -> 5]
[16:52:20.303] [INFO] [CalibrationManager] Değişiklik kaydedildi:  [ -> 5]
[16:52:20.304] [INFO] [CalibrationManager] Değişiklik kaydedildi:  [ -> 5]
[16:52:20.305] [INFO] [CalibrationManager] Değişiklik kaydedildi:  [ -> 5]
[16:52:20.307] [INFO] [CalibrationManager] Değişiklik kaydedildi:  [ -> 5]
[16:52:20.309] [INFO] [CalibrationManager] Değişiklik kaydedildi:  [ -> 5]
[16:52:20.317] [WARNING] [RtpCalibrationEngine] Could not save persistent sync queue: The process cannot access the file 'C:\Users\ayhan\OneDrive\Desktop\Canlı OBD2 Araç Telemetri Ekranı\HondaTuner\bin\Debug\net6.0-windows\Database\pending_rtp_queue.json' because it is being used by another process.
[16:52:20.318] [INFO] [CalibrationManager] Değişiklik kaydedildi:  [ -> 5]
[16:52:20.328] [INFO] [CalibrationManager] Değişiklik kaydedildi:  [ -> 5]
[16:52:20.338] [INFO] [CalibrationManager] Değişiklik kaydedildi:  [ -> 5]
[16:52:20.343] [INFO] [CalibrationManager] Değişiklik kaydedildi:  [ -> 5]
[16:52:20.351] [WARNING] [RtpCalibrationEngine] Could not save persistent sync queue: The process cannot access the file 'C:\Users\ayhan\OneDrive\Desktop\Canlı OBD2 Araç Telemetri Ekranı\HondaTuner\bin\Debug\net6.0-windows\Database\pending_rtp_queue.json' because it is being used by another process.
[16:52:20.352] [INFO] [CalibrationManager] Değişiklik kaydedildi:  [ -> 5]
[16:52:20.355] [INFO] [CalibrationManager] Değişiklik kaydedildi:  [ -> 5]
[16:52:20.357] [INFO] [CalibrationManager] Değişiklik kaydedildi:  [ -> 5]
[16:52:20.367] [INFO] [CalibrationManager] Değişiklik kaydedildi:  [ -> 5]
[16:52:20.370] [INFO] [CalibrationManager] Değişiklik kaydedildi:  [ -> 5]
[16:52:20.373] [INFO] [CalibrationManager] Değişiklik kaydedildi:  [ -> 5]
[16:52:20.375] [INFO] [CalibrationManager] Değişiklik kaydedildi:  [ -> 5]
[16:52:20.392] [INFO] [CalibrationManager] Değişiklik kaydedildi:  [ -> 5]
[16:52:20.400] [WARNING] [RtpCalibrationEngine] Could not save persistent sync queue: The process cannot access the file 'C:\Users\ayhan\OneDrive\Desktop\Canlı OBD2 Araç Telemetri Ekranı\HondaTuner\bin\Debug\net6.0-windows\Database\pending_rtp_queue.json' because it is being used by another process.
[16:52:20.401] [INFO] [CalibrationManager] Değişiklik kaydedildi:  [ -> 5]
[16:52:20.417] [WARNING] [RtpCalibrationEngine] Could not save persistent sync queue: The process cannot access the file 'C:\Users\ayhan\OneDrive\Desktop\Canlı OBD2 Araç Telemetri Ekranı\HondaTuner\bin\Debug\net6.0-windows\Database\pending_rtp_queue.json' because it is being used by another process.
[16:52:20.418] [INFO] [CalibrationManager] Değişiklik kaydedildi:  [ -> 5]
[16:52:20.436] [INFO] [CalibrationManager] Değişiklik kaydedildi:  [ -> 5]
[16:52:20.451] [INFO] [CalibrationManager] Değişiklik kaydedildi:  [ -> 5]
[16:52:20.453] [INFO] [CalibrationManager] Değişiklik kaydedildi:  [ -> 5]
[16:52:20.454] [INFO] [CalibrationManager] Değişiklik kaydedildi:  [ -> 5]
[16:52:20.468] [INFO] [CalibrationManager] Değişiklik kaydedildi:  [ -> 5]
[16:52:20.472] [INFO] [CalibrationManager] Değişiklik kaydedildi:  [ -> 5]
[16:52:20.474] [INFO] [CalibrationManager] Değişiklik kaydedildi:  [ -> 5]
[16:52:20.479] [INFO] [CalibrationManager] Değişiklik kaydedildi:  [ -> 5]
[16:52:20.482] [INFO] [CalibrationManager] Değişiklik kaydedildi:  [ -> 5]
[16:52:20.499] [INFO] [CalibrationManager] Değişiklik kaydedildi:  [ -> 5]
[16:52:20.502] [INFO] [CalibrationManager] Değişiklik kaydedildi:  [ -> 5]
[16:52:20.509] [WARNING] [RtpCalibrationEngine] Could not save persistent sync queue: The process cannot access the file 'C:\Users\ayhan\OneDrive\Desktop\Canlı OBD2 Araç Telemetri Ekranı\HondaTuner\bin\Debug\net6.0-windows\Database\pending_rtp_queue.json' because it is being used by another process.
[16:52:20.520] [INFO] [CalibrationManager] Değişiklik kaydedildi:  [ -> 5]
[16:52:20.539] [INFO] [CalibrationManager] Değişiklik kaydedildi:  [ -> 5]
[16:52:20.549] [INFO] [CalibrationManager] Değişiklik kaydedildi:  [ -> 5]
[16:52:20.560] [INFO] [CalibrationManager] Değişiklik kaydedildi:  [ -> 5]
[16:52:20.579] [INFO] [CalibrationManager] Değişiklik kaydedildi:  [ -> 5]
[16:52:20.584] [INFO] [CalibrationManager] Değişiklik kaydedildi:  [ -> 5]
[16:52:20.592] [WARNING] [RtpCalibrationEngine] Could not save persistent sync queue: The process cannot access the file 'C:\Users\ayhan\OneDrive\Desktop\Canlı OBD2 Araç Telemetri Ekranı\HondaTuner\bin\Debug\net6.0-windows\Database\pending_rtp_queue.json' because it is being used by another process.
[16:52:20.593] [INFO] [CalibrationManager] Değişiklik kaydedildi:  [ -> 5]
[16:52:20.610] [INFO] [CalibrationManager] Değişiklik kaydedildi:  [ -> 5]
[16:52:20.622] [WARNING] [RtpCalibrationEngine] Could not save persistent sync queue: The process cannot access the file 'C:\Users\ayhan\OneDrive\Desktop\Canlı OBD2 Araç Telemetri Ekranı\HondaTuner\bin\Debug\net6.0-windows\Database\pending_rtp_queue.json' because it is being used by another process.
[16:52:20.623] [INFO] [CalibrationManager] Değişiklik kaydedildi:  [ -> 5]
[16:52:20.637] [INFO] [CalibrationManager] Değişiklik kaydedildi:  [ -> 5]
[16:52:20.641] [INFO] [CalibrationManager] Değişiklik kaydedildi:  [ -> 5]
[16:52:20.644] [INFO] [CalibrationManager] Değişiklik kaydedildi:  [ -> 5]
[16:52:20.650] [INFO] [CalibrationManager] Değişiklik kaydedildi:  [ -> 5]
[16:52:20.651] [INFO] [CalibrationManager] Değişiklik kaydedildi:  [ -> 5]
[16:52:20.653] [INFO] [CalibrationManager] Değişiklik kaydedildi:  [ -> 5]
[16:52:20.654] [INFO] [CalibrationManager] Değişiklik kaydedildi:  [ -> 5]
[16:52:20.656] [INFO] [CalibrationManager] Değişiklik kaydedildi:  [ -> 5]
[16:52:20.657] [INFO] [CalibrationManager] Değişiklik kaydedildi:  [ -> 5]
[16:52:20.662] [WARNING] [RtpCalibrationEngine] Could not save persistent sync queue: The process cannot access the file 'C:\Users\ayhan\OneDrive\Desktop\Canlı OBD2 Araç Telemetri Ekranı\HondaTuner\bin\Debug\net6.0-windows\Database\pending_rtp_queue.json' because it is being used by another process.
[16:52:20.662] [INFO] [CalibrationManager] Değişiklik kaydedildi:  [ -> 5]
[16:52:20.663] [INFO] [CalibrationManager] Değişiklik kaydedildi:  [ -> 5]
[16:52:20.665] [INFO] [CalibrationManager] Değişiklik kaydedildi:  [ -> 5]
[16:52:20.680] [INFO] [CalibrationManager] Değişiklik kaydedildi:  [ -> 5]
[16:52:20.692] [INFO] [CalibrationManager] Değişiklik kaydedildi:  [ -> 5]
[16:52:20.702] [INFO] [CalibrationManager] Değişiklik kaydedildi:  [ -> 5]
[16:52:20.705] [INFO] [CalibrationManager] Değişiklik kaydedildi:  [ -> 5]
[16:52:20.707] [INFO] [CalibrationManager] Değişiklik kaydedildi:  [ -> 5]
[16:52:20.719] [INFO] [CalibrationManager] Değişiklik kaydedildi:  [ -> 5]
[16:52:20.742] [INFO] [CalibrationManager] Değişiklik kaydedildi:  [ -> 5]
[16:52:20.752] [INFO] [CalibrationManager] Değişiklik kaydedildi:  [ -> 5]
[16:52:20.762] [INFO] [CalibrationManager] Değişiklik kaydedildi:  [ -> 5]
[16:52:20.765] [INFO] [CalibrationManager] Değişiklik kaydedildi:  [ -> 5]
[16:52:20.769] [INFO] [CalibrationManager] Değişiklik kaydedildi:  [ -> 5]
[16:52:20.793] [INFO] [CalibrationManager] Değişiklik kaydedildi:  [ -> 5]
[16:52:20.802] [WARNING] [RtpCalibrationEngine] Could not save persistent sync queue: The process cannot access the file 'C:\Users\ayhan\OneDrive\Desktop\Canlı OBD2 Araç Telemetri Ekranı\HondaTuner\bin\Debug\net6.0-windows\Database\pending_rtp_queue.json' because it is being used by another process.
[16:52:20.803] [INFO] [CalibrationManager] Değişiklik kaydedildi:  [ -> 5]
[16:52:20.806] [INFO] [CalibrationManager] Değişiklik kaydedildi:  [ -> 5]
[16:52:20.809] [INFO] [CalibrationManager] Değişiklik kaydedildi:  [ -> 5]
[16:52:20.820] [INFO] [CalibrationManager] Değişiklik kaydedildi:  [ -> 5]
[16:52:20.830] [WARNING] [RtpCalibrationEngine] Could not save persistent sync queue: The process cannot access the file 'C:\Users\ayhan\OneDrive\Desktop\Canlı OBD2 Araç Telemetri Ekranı\HondaTuner\bin\Debug\net6.0-windows\Database\pending_rtp_queue.json' because it is being used by another process.
[16:52:20.830] [INFO] [CalibrationManager] Değişiklik kaydedildi:  [ -> 5]
[16:52:20.840] [INFO] [CalibrationManager] Değişiklik kaydedildi:  [ -> 5]
[16:52:20.855] [INFO] [CalibrationManager] Değişiklik kaydedildi:  [ -> 5]
[16:52:20.858] [INFO] [CalibrationManager] Değişiklik kaydedildi:  [ -> 5]
[16:52:20.875] [INFO] [CalibrationManager] Değişiklik kaydedildi:  [ -> 5]
[16:52:20.886] [INFO] [CalibrationManager] Değişiklik kaydedildi:  [ -> 5]
[16:52:20.889] [INFO] [CalibrationManager] Değişiklik kaydedildi:  [ -> 5]
[16:52:20.904] [INFO] [CalibrationManager] Değişiklik kaydedildi:  [ -> 5]
[16:52:20.906] [INFO] [CalibrationManager] Değişiklik kaydedildi:  [ -> 5]
[16:52:20.914] [INFO] [CalibrationManager] Değişiklik kaydedildi:  [ -> 5]
[16:52:20.923] [WARNING] [RtpCalibrationEngine] Could not save persistent sync queue: The process cannot access the file 'C:\Users\ayhan\OneDrive\Desktop\Canlı OBD2 Araç Telemetri Ekranı\HondaTuner\bin\Debug\net6.0-windows\Database\pending_rtp_queue.json' because it is being used by another process.
[16:52:20.924] [INFO] [CalibrationManager] Değişiklik kaydedildi:  [ -> 5]
[16:52:20.939] [INFO] [CalibrationManager] Değişiklik kaydedildi:  [ -> 5]
[16:52:20.942] [INFO] [CalibrationManager] Değişiklik kaydedildi:  [ -> 5]
[16:52:20.944] [INFO] [CalibrationManager] Değişiklik kaydedildi:  [ -> 5]
[16:52:20.960] [INFO] [CalibrationManager] Değişiklik kaydedildi:  [ -> 5]
[16:52:20.968] [INFO] [CalibrationManager] Değişiklik kaydedildi:  [ -> 5]
[16:52:20.972] [INFO] [CalibrationManager] Değişiklik kaydedildi:  [ -> 5]
[16:52:20.975] [INFO] [CalibrationManager] Değişiklik kaydedildi:  [ -> 5]
[16:52:20.995] [INFO] [CalibrationManager] Değişiklik kaydedildi:  [ -> 5]
[16:52:21.007] [INFO] [CalibrationManager] Değişiklik kaydedildi:  [ -> 5]
[16:52:21.010] [INFO] [CalibrationManager] Değişiklik kaydedildi:  [ -> 5]
[16:52:21.013] [INFO] [CalibrationManager] Değişiklik kaydedildi:  [ -> 5]
[16:52:21.016] [INFO] [CalibrationManager] Değişiklik kaydedildi:  [ -> 5]
[16:52:21.018] [INFO] [CalibrationManager] Değişiklik kaydedildi:  [ -> 5]
[16:52:21.021] [INFO] [CalibrationManager] Değişiklik kaydedildi:  [ -> 5]
[16:52:21.037] [INFO] [CalibrationManager] Değişiklik kaydedildi:  [ -> 5]
[16:52:21.040] [INFO] [CalibrationManager] Değişiklik kaydedildi:  [ -> 5]
[16:52:21.047] [WARNING] [RtpCalibrationEngine] Could not save persistent sync queue: The process cannot access the file 'C:\Users\ayhan\OneDrive\Desktop\Canlı OBD2 Araç Telemetri Ekranı\HondaTuner\bin\Debug\net6.0-windows\Database\pending_rtp_queue.json' because it is being used by another process.
[16:52:21.048] [INFO] [CalibrationManager] Değişiklik kaydedildi:  [ -> 5]
[16:52:21.058] [INFO] [CalibrationManager] Değişiklik kaydedildi:  [ -> 5]
[16:52:21.061] [INFO] [CalibrationManager] Değişiklik kaydedildi:  [ -> 5]
[16:52:21.064] [INFO] [CalibrationManager] Değişiklik kaydedildi:  [ -> 5]
[16:52:21.067] [INFO] [CalibrationManager] Değişiklik kaydedildi:  [ -> 5]
[16:52:21.082] [INFO] [CalibrationManager] Değişiklik kaydedildi:  [ -> 5]
[16:52:21.094] [INFO] [CalibrationManager] Değişiklik kaydedildi:  [ -> 5]
[16:52:21.108] [INFO] [CalibrationManager] Değişiklik kaydedildi:  [ -> 5]
[16:52:21.110] [INFO] [CalibrationManager] Değişiklik kaydedildi:  [ -> 5]
[16:52:21.111] [INFO] [CalibrationManager] Değişiklik kaydedildi:  [ -> 5]
[16:52:21.113] [INFO] [CalibrationManager] Değişiklik kaydedildi:  [ -> 5]
[16:52:21.115] [INFO] [CalibrationManager] Değişiklik kaydedildi:  [ -> 5]
[16:52:21.124] [INFO] [CalibrationManager] Değişiklik kaydedildi:  [ -> 5]
[16:52:21.127] [INFO] [CalibrationManager] Değişiklik kaydedildi:  [ -> 5]
[16:52:21.134] [WARNING] [RtpCalibrationEngine] Could not save persistent sync queue: The process cannot access the file 'C:\Users\ayhan\OneDrive\Desktop\Canlı OBD2 Araç Telemetri Ekranı\HondaTuner\bin\Debug\net6.0-windows\Database\pending_rtp_queue.json' because it is being used by another process.
[16:52:21.135] [INFO] [CalibrationManager] Değişiklik kaydedildi:  [ -> 5]
[16:52:21.138] [INFO] [CalibrationManager] Değişiklik kaydedildi:  [ -> 5]
[16:52:21.141] [INFO] [CalibrationManager] Değişiklik kaydedildi:  [ -> 5]
[16:52:21.156] [INFO] [CalibrationManager] Değişiklik kaydedildi:  [ -> 5]
[16:52:21.160] [INFO] [CalibrationManager] Değişiklik kaydedildi:  [ -> 5]
[16:52:21.162] [INFO] [CalibrationManager] Değişiklik kaydedildi:  [ -> 5]
[16:52:21.169] [WARNING] [RtpCalibrationEngine] Could not save persistent sync queue: The process cannot access the file 'C:\Users\ayhan\OneDrive\Desktop\Canlı OBD2 Araç Telemetri Ekranı\HondaTuner\bin\Debug\net6.0-windows\Database\pending_rtp_queue.json' because it is being used by another process.
[16:52:21.170] [INFO] [CalibrationManager] Değişiklik kaydedildi:  [ -> 5]
[16:52:21.188] [WARNING] [RtpCalibrationEngine] Could not save persistent sync queue: The process cannot access the file 'C:\Users\ayhan\OneDrive\Desktop\Canlı OBD2 Araç Telemetri Ekranı\HondaTuner\bin\Debug\net6.0-windows\Database\pending_rtp_queue.json' because it is being used by another process.
[16:52:21.189] [INFO] [CalibrationManager] Değişiklik kaydedildi:  [ -> 5]
[16:52:21.192] [INFO] [CalibrationManager] Değişiklik kaydedildi:  [ -> 5]
[16:52:21.202] [INFO] [CalibrationManager] Değişiklik kaydedildi:  [ -> 5]
[16:52:21.204] [INFO] [CalibrationManager] Değişiklik kaydedildi:  [ -> 5]
[16:52:21.218] [INFO] [CalibrationManager] Değişiklik kaydedildi:  [ -> 5]
[16:52:21.221] [INFO] [CalibrationManager] Değişiklik kaydedildi:  [ -> 5]
[16:52:21.230] [INFO] [CalibrationManager] Değişiklik kaydedildi:  [ -> 5]
[16:52:21.238] [WARNING] [RtpCalibrationEngine] Could not save persistent sync queue: The process cannot access the file 'C:\Users\ayhan\OneDrive\Desktop\Canlı OBD2 Araç Telemetri Ekranı\HondaTuner\bin\Debug\net6.0-windows\Database\pending_rtp_queue.json' because it is being used by another process.
[16:52:21.240] [INFO] [CalibrationManager] Değişiklik kaydedildi:  [ -> 5]
[16:52:21.244] [WARNING] [RtpCalibrationEngine] Could not save persistent sync queue: The process cannot access the file 'C:\Users\ayhan\OneDrive\Desktop\Canlı OBD2 Araç Telemetri Ekranı\HondaTuner\bin\Debug\net6.0-windows\Database\pending_rtp_queue.json' because it is being used by another process.
[16:52:21.245] [INFO] [CalibrationManager] Değişiklik kaydedildi:  [ -> 5]
[16:52:21.248] [INFO] [CalibrationManager] Değişiklik kaydedildi:  [ -> 5]
[16:52:21.251] [INFO] [CalibrationManager] Değişiklik kaydedildi:  [ -> 5]
[16:52:21.255] [INFO] [CalibrationManager] Değişiklik kaydedildi:  [ -> 5]
[16:52:21.258] [INFO] [CalibrationManager] Değişiklik kaydedildi:  [ -> 5]
[16:52:21.271] [INFO] [CalibrationManager] Değişiklik kaydedildi:  [ -> 5]
[16:52:21.275] [INFO] [CalibrationManager] Değişiklik kaydedildi:  [ -> 5]
[16:52:21.290] [INFO] [CalibrationManager] Değişiklik kaydedildi:  [ -> 5]
[16:52:21.293] [INFO] [CalibrationManager] Değişiklik kaydedildi:  [ -> 5]
[16:52:21.301] [WARNING] [RtpCalibrationEngine] Could not save persistent sync queue: The process cannot access the file 'C:\Users\ayhan\OneDrive\Desktop\Canlı OBD2 Araç Telemetri Ekranı\HondaTuner\bin\Debug\net6.0-windows\Database\pending_rtp_queue.json' because it is being used by another process.
[16:52:21.308] [INFO] [CalibrationManager] Değişiklik kaydedildi:  [ -> 5]
[16:52:21.312] [INFO] [CalibrationManager] Değişiklik kaydedildi:  [ -> 5]
[16:52:21.320] [WARNING] [RtpCalibrationEngine] Could not save persistent sync queue: The process cannot access the file 'C:\Users\ayhan\OneDrive\Desktop\Canlı OBD2 Araç Telemetri Ekranı\HondaTuner\bin\Debug\net6.0-windows\Database\pending_rtp_queue.json' because it is being used by another process.
[16:52:21.329] [INFO] [CalibrationManager] Değişiklik kaydedildi:  [ -> 5]
[16:52:21.338] [INFO] [CalibrationManager] Değişiklik kaydedildi:  [ -> 5]
[16:52:21.345] [WARNING] [RtpCalibrationEngine] Could not save persistent sync queue: The process cannot access the file 'C:\Users\ayhan\OneDrive\Desktop\Canlı OBD2 Araç Telemetri Ekranı\HondaTuner\bin\Debug\net6.0-windows\Database\pending_rtp_queue.json' because it is being used by another process.
[16:52:21.345] [INFO] [CalibrationManager] Değişiklik kaydedildi:  [ -> 5]
[16:52:21.348] [INFO] [CalibrationManager] Değişiklik kaydedildi:  [ -> 5]
[16:52:21.366] [INFO] [CalibrationManager] Değişiklik kaydedildi:  [ -> 5]
[16:52:21.380] [INFO] [CalibrationManager] Değişiklik kaydedildi:  [ -> 5]
[16:52:21.383] [INFO] [CalibrationManager] Değişiklik kaydedildi:  [ -> 5]
[16:52:21.386] [INFO] [CalibrationManager] Değişiklik kaydedildi:  [ -> 5]
[16:52:21.400] [INFO] [CalibrationManager] Değişiklik kaydedildi:  [ -> 5]
[16:52:21.408] [WARNING] [RtpCalibrationEngine] Could not save persistent sync queue: The process cannot access the file 'C:\Users\ayhan\OneDrive\Desktop\Canlı OBD2 Araç Telemetri Ekranı\HondaTuner\bin\Debug\net6.0-windows\Database\pending_rtp_queue.json' because it is being used by another process.
[16:52:21.422] [INFO] [CalibrationManager] Değişiklik kaydedildi:  [ -> 5]
[16:52:21.441] [INFO] [CalibrationManager] Değişiklik kaydedildi:  [ -> 5]
[16:52:21.443] [INFO] [CalibrationManager] Değişiklik kaydedildi:  [ -> 5]
[16:52:21.447] [INFO] [CalibrationManager] Değişiklik kaydedildi:  [ -> 5]
[16:52:21.451] [INFO] [CalibrationManager] Değişiklik kaydedildi:  [ -> 5]
[16:52:21.465] [INFO] [CalibrationManager] Değişiklik kaydedildi:  [ -> 5]
[16:52:21.468] [INFO] [CalibrationManager] Değişiklik kaydedildi:  [ -> 5]
[16:52:21.482] [INFO] [CalibrationManager] Değişiklik kaydedildi:  [ -> 5]
[16:52:21.485] [INFO] [CalibrationManager] Değişiklik kaydedildi:  [ -> 5]
[16:52:21.491] [WARNING] [RtpCalibrationEngine] Could not save persistent sync queue: The process cannot access the file 'C:\Users\ayhan\OneDrive\Desktop\Canlı OBD2 Araç Telemetri Ekranı\HondaTuner\bin\Debug\net6.0-windows\Database\pending_rtp_queue.json' because it is being used by another process.
[16:52:21.492] [INFO] [CalibrationManager] Değişiklik kaydedildi:  [ -> 5]
[16:52:21.495] [INFO] [CalibrationManager] Değişiklik kaydedildi:  [ -> 5]
[16:52:21.497] [WARNING] [RtpCalibrationEngine] Could not save persistent sync queue: The process cannot access the file 'C:\Users\ayhan\OneDrive\Desktop\Canlı OBD2 Araç Telemetri Ekranı\HondaTuner\bin\Debug\net6.0-windows\Database\pending_rtp_queue.json' because it is being used by another process.
[16:52:21.498] [INFO] [CalibrationManager] Değişiklik kaydedildi:  [ -> 5]
[16:52:21.519] [INFO] [CalibrationManager] Değişiklik kaydedildi:  [ -> 5]
[16:52:21.535] [INFO] [CalibrationManager] Değişiklik kaydedildi:  [ -> 5]
[16:52:21.539] [INFO] [CalibrationManager] Değişiklik kaydedildi:  [ -> 5]
[16:52:21.547] [WARNING] [RtpCalibrationEngine] Could not save persistent sync queue: The process cannot access the file 'C:\Users\ayhan\OneDrive\Desktop\Canlı OBD2 Araç Telemetri Ekranı\HondaTuner\bin\Debug\net6.0-windows\Database\pending_rtp_queue.json' because it is being used by another process.
[16:52:21.547] [INFO] [CalibrationManager] Değişiklik kaydedildi:  [ -> 5]
[16:52:21.563] [INFO] [CalibrationManager] Değişiklik kaydedildi:  [ -> 5]
[16:52:21.570] [WARNING] [RtpCalibrationEngine] Could not save persistent sync queue: The process cannot access the file 'C:\Users\ayhan\OneDrive\Desktop\Canlı OBD2 Araç Telemetri Ekranı\HondaTuner\bin\Debug\net6.0-windows\Database\pending_rtp_queue.json' because it is being used by another process.
[16:52:21.570] [INFO] [CalibrationManager] Değişiklik kaydedildi:  [ -> 5]
[16:52:21.573] [INFO] [CalibrationManager] Değişiklik kaydedildi:  [ -> 5]
[16:52:21.600] [INFO] [CalibrationManager] Değişiklik kaydedildi:  [ -> 5]
[16:52:21.606] [WARNING] [RtpCalibrationEngine] Could not save persistent sync queue: The process cannot access the file 'C:\Users\ayhan\OneDrive\Desktop\Canlı OBD2 Araç Telemetri Ekranı\HondaTuner\bin\Debug\net6.0-windows\Database\pending_rtp_queue.json' because it is being used by another process.
[16:52:21.607] [INFO] [CalibrationManager] Değişiklik kaydedildi:  [ -> 5]
[16:52:21.618] [INFO] [CalibrationManager] Değişiklik kaydedildi:  [ -> 5]
[16:52:21.620] [INFO] [CalibrationManager] Değişiklik kaydedildi:  [ -> 5]
[16:52:21.622] [INFO] [CalibrationManager] Değişiklik kaydedildi:  [ -> 5]
[16:52:21.624] [WARNING] [RtpCalibrationEngine] Could not save persistent sync queue: The process cannot access the file 'C:\Users\ayhan\OneDrive\Desktop\Canlı OBD2 Araç Telemetri Ekranı\HondaTuner\bin\Debug\net6.0-windows\Database\pending_rtp_queue.json' because it is being used by another process.
[16:52:21.637] [INFO] [CalibrationManager] Değişiklik kaydedildi:  [ -> 5]
[16:52:21.661] [INFO] [CalibrationManager] Değişiklik kaydedildi:  [ -> 5]
[16:52:21.665] [INFO] [CalibrationManager] Değişiklik kaydedildi:  [ -> 5]
[16:52:21.676] [INFO] [CalibrationManager] Değişiklik kaydedildi:  [ -> 5]
[16:52:21.679] [INFO] [CalibrationManager] Değişiklik kaydedildi:  [ -> 5]
[16:52:21.682] [INFO] [CalibrationManager] Değişiklik kaydedildi:  [ -> 5]
[16:52:21.685] [INFO] [CalibrationManager] Değişiklik kaydedildi:  [ -> 5]
[16:52:21.692] [WARNING] [RtpCalibrationEngine] Could not save persistent sync queue: The process cannot access the file 'C:\Users\ayhan\OneDrive\Desktop\Canlı OBD2 Araç Telemetri Ekranı\HondaTuner\bin\Debug\net6.0-windows\Database\pending_rtp_queue.json' because it is being used by another process.
[16:52:21.693] [INFO] [CalibrationManager] Değişiklik kaydedildi:  [ -> 5]
[16:52:21.697] [INFO] [CalibrationManager] Değişiklik kaydedildi:  [ -> 5]
[16:52:21.718] [INFO] [CalibrationManager] Değişiklik kaydedildi:  [ -> 5]
[16:52:21.732] [INFO] [CalibrationManager] Değişiklik kaydedildi:  [ -> 5]
[16:52:21.756] [INFO] [CalibrationManager] Değişiklik kaydedildi:  [ -> 5]
[16:52:21.759] [INFO] [CalibrationManager] Değişiklik kaydedildi:  [ -> 5]
[16:52:21.762] [INFO] [CalibrationManager] Değişiklik kaydedildi:  [ -> 5]
[16:52:21.765] [INFO] [CalibrationManager] Değişiklik kaydedildi:  [ -> 5]
[16:52:21.775] [INFO] [CalibrationManager] Değişiklik kaydedildi:  [ -> 5]
[16:52:21.780] [INFO] [CalibrationManager] Değişiklik kaydedildi:  [ -> 5]
[16:52:21.782] [WARNING] [RtpCalibrationEngine] Could not save persistent sync queue: The process cannot access the file 'C:\Users\ayhan\OneDrive\Desktop\Canlı OBD2 Araç Telemetri Ekranı\HondaTuner\bin\Debug\net6.0-windows\Database\pending_rtp_queue.json' because it is being used by another process.
[16:52:21.783] [INFO] [CalibrationManager] Değişiklik kaydedildi:  [ -> 5]
[16:52:21.791] [WARNING] [RtpCalibrationEngine] Could not save persistent sync queue: The process cannot access the file 'C:\Users\ayhan\OneDrive\Desktop\Canlı OBD2 Araç Telemetri Ekranı\HondaTuner\bin\Debug\net6.0-windows\Database\pending_rtp_queue.json' because it is being used by another process.
[16:52:21.807] [INFO] [CalibrationManager] Değişiklik kaydedildi:  [ -> 5]
[16:52:21.819] [INFO] [CalibrationManager] Değişiklik kaydedildi:  [ -> 5]
[16:52:21.827] [WARNING] [RtpCalibrationEngine] Could not save persistent sync queue: The process cannot access the file 'C:\Users\ayhan\OneDrive\Desktop\Canlı OBD2 Araç Telemetri Ekranı\HondaTuner\bin\Debug\net6.0-windows\Database\pending_rtp_queue.json' because it is being used by another process.
[16:52:21.828] [INFO] [CalibrationManager] Değişiklik kaydedildi:  [ -> 5]
[16:52:21.833] [INFO] [CalibrationManager] Değişiklik kaydedildi:  [ -> 5]
[16:52:21.838] [INFO] [CalibrationManager] Değişiklik kaydedildi:  [ -> 5]
[16:52:21.841] [INFO] [CalibrationManager] Değişiklik kaydedildi:  [ -> 5]
[16:52:21.844] [INFO] [CalibrationManager] Değişiklik kaydedildi:  [ -> 5]
[16:52:21.857] [WARNING] [RtpCalibrationEngine] Could not save persistent sync queue: The process cannot access the file 'C:\Users\ayhan\OneDrive\Desktop\Canlı OBD2 Araç Telemetri Ekranı\HondaTuner\bin\Debug\net6.0-windows\Database\pending_rtp_queue.json' because it is being used by another process.
[16:52:21.870] [INFO] [CalibrationManager] Değişiklik kaydedildi:  [ -> 5]
[16:52:21.883] [INFO] [CalibrationManager] Değişiklik kaydedildi:  [ -> 5]
[16:52:21.889] [WARNING] [RtpCalibrationEngine] Could not save persistent sync queue: The process cannot access the file 'C:\Users\ayhan\OneDrive\Desktop\Canlı OBD2 Araç Telemetri Ekranı\HondaTuner\bin\Debug\net6.0-windows\Database\pending_rtp_queue.json' because it is being used by another process.
[16:52:21.889] [INFO] [CalibrationManager] Değişiklik kaydedildi:  [ -> 5]
[16:52:21.891] [INFO] [CalibrationManager] Değişiklik kaydedildi:  [ -> 5]
[16:52:21.895] [INFO] [CalibrationManager] Değişiklik kaydedildi:  [ -> 5]
[16:52:21.910] [INFO] [CalibrationManager] Değişiklik kaydedildi:  [ -> 5]
[16:52:21.913] [INFO] [CalibrationManager] Değişiklik kaydedildi:  [ -> 5]
[16:52:21.928] [INFO] [CalibrationManager] Değişiklik kaydedildi:  [ -> 5]
[16:52:21.935] [WARNING] [RtpCalibrationEngine] Could not save persistent sync queue: The process cannot access the file 'C:\Users\ayhan\OneDrive\Desktop\Canlı OBD2 Araç Telemetri Ekranı\HondaTuner\bin\Debug\net6.0-windows\Database\pending_rtp_queue.json' because it is being used by another process.
[16:52:21.936] [INFO] [CalibrationManager] Değişiklik kaydedildi:  [ -> 5]
[16:52:21.952] [INFO] [CalibrationManager] Değişiklik kaydedildi:  [ -> 5]
[16:52:21.964] [INFO] [CalibrationManager] Değişiklik kaydedildi:  [ -> 5]
[16:52:21.966] [INFO] [CalibrationManager] Değişiklik kaydedildi:  [ -> 5]
[16:52:21.969] [INFO] [CalibrationManager] Değişiklik kaydedildi:  [ -> 5]
[16:52:21.980] [INFO] [CalibrationManager] Değişiklik kaydedildi:  [ -> 5]
[16:52:21.990] [INFO] [CalibrationManager] Değişiklik kaydedildi:  [ -> 5]
[16:52:21.993] [INFO] [CalibrationManager] Değişiklik kaydedildi:  [ -> 5]
[16:52:22.009] [INFO] [CalibrationManager] Değişiklik kaydedildi:  [ -> 5]
[16:52:22.012] [INFO] [CalibrationManager] Değişiklik kaydedildi:  [ -> 5]
[16:52:22.017] [INFO] [CalibrationManager] Değişiklik kaydedildi:  [ -> 5]
[16:52:22.024] [INFO] [CalibrationManager] Değişiklik kaydedildi:  [ -> 5]
[16:52:22.028] [INFO] [CalibrationManager] Değişiklik kaydedildi:  [ -> 5]
[16:52:22.036] [INFO] [CalibrationManager] Değişiklik kaydedildi:  [ -> 5]
[16:52:22.043] [WARNING] [RtpCalibrationEngine] Could not save persistent sync queue: The process cannot access the file 'C:\Users\ayhan\OneDrive\Desktop\Canlı OBD2 Araç Telemetri Ekranı\HondaTuner\bin\Debug\net6.0-windows\Database\pending_rtp_queue.json' because it is being used by another process.
[16:52:22.044] [INFO] [CalibrationManager] Değişiklik kaydedildi:  [ -> 5]
[16:52:22.047] [INFO] [CalibrationManager] Değişiklik kaydedildi:  [ -> 5]
[16:52:22.050] [INFO] [CalibrationManager] Değişiklik kaydedildi:  [ -> 5]
[16:52:22.066] [INFO] [CalibrationManager] Değişiklik kaydedildi:  [ -> 5]
[16:52:22.070] [INFO] [CalibrationManager] Değişiklik kaydedildi:  [ -> 5]
[16:52:22.074] [INFO] [CalibrationManager] Değişiklik kaydedildi:  [ -> 5]
[16:52:22.093] [INFO] [CalibrationManager] Değişiklik kaydedildi:  [ -> 5]
[16:52:22.102] [INFO] [CalibrationManager] Değişiklik kaydedildi:  [ -> 5]
[16:52:22.113] [INFO] [CalibrationManager] Değişiklik kaydedildi:  [ -> 5]
[16:52:22.117] [WARNING] [RtpCalibrationEngine] Could not save persistent sync queue: The process cannot access the file 'C:\Users\ayhan\OneDrive\Desktop\Canlı OBD2 Araç Telemetri Ekranı\HondaTuner\bin\Debug\net6.0-windows\Database\pending_rtp_queue.json' because it is being used by another process.
[16:52:22.118] [INFO] [CalibrationManager] Değişiklik kaydedildi:  [ -> 5]
[16:52:22.133] [INFO] [CalibrationManager] Değişiklik kaydedildi:  [ -> 5]
[16:52:22.136] [INFO] [CalibrationManager] Değişiklik kaydedildi:  [ -> 5]
[16:52:22.139] [INFO] [CalibrationManager] Değişiklik kaydedildi:  [ -> 5]
[16:52:22.142] [INFO] [CalibrationManager] Değişiklik kaydedildi:  [ -> 5]
[16:52:22.159] [INFO] [CalibrationManager] Değişiklik kaydedildi:  [ -> 5]
[16:52:22.176] [INFO] [CalibrationManager] Değişiklik kaydedildi:  [ -> 5]
[16:52:22.196] [INFO] [CalibrationManager] Değişiklik kaydedildi:  [ -> 5]
[16:52:22.198] [INFO] [CalibrationManager] Değişiklik kaydedildi:  [ -> 5]
[16:52:22.215] [INFO] [CalibrationManager] Değişiklik kaydedildi:  [ -> 5]
[16:52:22.225] [INFO] [CalibrationManager] Değişiklik kaydedildi:  [ -> 5]
[16:52:22.236] [INFO] [CalibrationManager] Değişiklik kaydedildi:  [ -> 5]
[16:52:22.238] [WARNING] [RtpCalibrationEngine] Could not save persistent sync queue: The process cannot access the file 'C:\Users\ayhan\OneDrive\Desktop\Canlı OBD2 Araç Telemetri Ekranı\HondaTuner\bin\Debug\net6.0-windows\Database\pending_rtp_queue.json' because it is being used by another process.
[16:52:22.239] [INFO] [CalibrationManager] Değişiklik kaydedildi:  [ -> 5]
[16:52:22.255] [INFO] [CalibrationManager] Değişiklik kaydedildi:  [ -> 5]
[16:52:22.258] [INFO] [CalibrationManager] Değişiklik kaydedildi:  [ -> 5]
[16:52:22.263] [WARNING] [RtpCalibrationEngine] Could not save persistent sync queue: The process cannot access the file 'C:\Users\ayhan\OneDrive\Desktop\Canlı OBD2 Araç Telemetri Ekranı\HondaTuner\bin\Debug\net6.0-windows\Database\pending_rtp_queue.json' because it is being used by another process.
[16:52:22.264] [INFO] [CalibrationManager] Değişiklik kaydedildi:  [ -> 5]
[16:52:22.267] [INFO] [CalibrationManager] Değişiklik kaydedildi:  [ -> 5]
[16:52:22.277] [INFO] [CalibrationManager] Değişiklik kaydedildi:  [ -> 5]
[16:52:22.278] [INFO] [CalibrationManager] Değişiklik kaydedildi:  [ -> 5]
[16:52:22.280] [INFO] [CalibrationManager] Değişiklik kaydedildi:  [ -> 5]
[16:52:22.281] [INFO] [CalibrationManager] Değişiklik kaydedildi:  [ -> 5]
[16:52:22.283] [INFO] [CalibrationManager] Değişiklik kaydedildi:  [ -> 5]
[16:52:22.284] [INFO] [CalibrationManager] Değişiklik kaydedildi:  [ -> 5]
[16:52:22.286] [INFO] [CalibrationManager] Değişiklik kaydedildi:  [ -> 5]
[16:52:22.290] [INFO] [CalibrationManager] Değişiklik kaydedildi:  [ -> 5]
[16:52:22.300] [INFO] [CalibrationManager] Değişiklik kaydedildi:  [ -> 5]
[16:52:22.320] [INFO] [CalibrationManager] Değişiklik kaydedildi:  [ -> 5]
[16:52:22.329] [INFO] [CalibrationManager] Değişiklik kaydedildi:  [ -> 5]
[16:52:22.354] [INFO] [CalibrationManager] Değişiklik kaydedildi:  [ -> 5]
[16:52:22.371] [INFO] [CalibrationManager] Değişiklik kaydedildi:  [ -> 5]
[16:52:22.376] [INFO] [CalibrationManager] Değişiklik kaydedildi:  [ -> 5]
[16:52:22.381] [INFO] [CalibrationManager] Değişiklik kaydedildi:  [ -> 5]
[16:52:22.398] [INFO] [CalibrationManager] Değişiklik kaydedildi:  [ -> 5]
[16:52:22.406] [WARNING] [RtpCalibrationEngine] Could not save persistent sync queue: The process cannot access the file 'C:\Users\ayhan\OneDrive\Desktop\Canlı OBD2 Araç Telemetri Ekranı\HondaTuner\bin\Debug\net6.0-windows\Database\pending_rtp_queue.json' because it is being used by another process.
[16:52:22.407] [INFO] [CalibrationManager] Değişiklik kaydedildi:  [ -> 5]
[16:52:22.410] [INFO] [CalibrationManager] Değişiklik kaydedildi:  [ -> 5]
[16:52:22.411] [INFO] [CalibrationManager] Değişiklik kaydedildi:  [ -> 5]
[16:52:22.427] [INFO] [CalibrationManager] Değişiklik kaydedildi:  [ -> 5]
[16:52:22.433] [WARNING] [RtpCalibrationEngine] Could not save persistent sync queue: The process cannot access the file 'C:\Users\ayhan\OneDrive\Desktop\Canlı OBD2 Araç Telemetri Ekranı\HondaTuner\bin\Debug\net6.0-windows\Database\pending_rtp_queue.json' because it is being used by another process.
[16:52:22.434] [INFO] [CalibrationManager] Değişiklik kaydedildi:  [ -> 5]
[16:52:22.444] [INFO] [CalibrationManager] Değişiklik kaydedildi:  [ -> 5]
[16:52:22.455] [INFO] [CalibrationManager] Değişiklik kaydedildi:  [ -> 5]
[16:52:22.457] [INFO] [CalibrationManager] Değişiklik kaydedildi:  [ -> 5]
[16:52:22.459] [INFO] [CalibrationManager] Değişiklik kaydedildi:  [ -> 5]
[16:52:22.462] [INFO] [CalibrationManager] Değişiklik kaydedildi:  [ -> 5]
[16:52:22.877] [INFO] [RtpCalibrationEngine] Connecting to RTP emulator...
[16:52:22.877] [INFO] [RtpCalibrationEngine] RTP emulator connected successfully.
[16:52:22.877] [INFO] [RtpCalibrationEngine] Real-time synchronization active.
[16:52:22.910] [INFO] [RtpCalibrationEngine] Connecting to RTP emulator...
[16:52:22.911] [INFO] [RtpCalibrationEngine] RTP emulator connected successfully.
[16:52:22.911] [INFO] [RtpCalibrationEngine] Real-time synchronization active.
[16:52:22.914] [INFO] [CalibrationManager] Değişiklik kaydedildi:  [ -> 55]
[16:52:23.005] [ERROR] [RtpCalibrationEngine] Batch write execution failed: Batch block verification write failed: Simulated block write exception
[16:52:23.125] [INFO] [RtpCalibrationEngine] Connecting to RTP emulator...
[16:52:23.126] [INFO] [RtpCalibrationEngine] RTP emulator connected successfully.
[16:52:23.126] [INFO] [RtpCalibrationEngine] Real-time synchronization active.
[16:52:23.130] [INFO] [CalibrationManager] Değişiklik kaydedildi:  [ -> 88]
[16:52:23.224] [ERROR] [RtpCalibrationEngine] Batch write execution failed: Batch block verification write failed: Batch block verify mismatch at relative index 0. Expected: 88, Actual: 167
[16:52:23.342] [INFO] [RtpCalibrationEngine] Connecting to RTP emulator...
[16:52:23.342] [INFO] [RtpCalibrationEngine] RTP emulator connected successfully.
[16:52:23.343] [INFO] [RtpCalibrationEngine] Real-time synchronization active.
[16:52:23.347] [INFO] [CalibrationManager] Değişiklik kaydedildi:  [ -> 22]
[16:52:23.457] [INFO] [CalibrationManager] Değişiklik kaydedildi:  [ -> 22]
[16:52:23.581] [INFO] [CalibrationManager] Değişiklik kaydedildi:  [ -> 0]
[16:52:23.600] [INFO] [CalibrationManager] Değişiklik kaydedildi:  [ -> 1]
[16:52:23.611] [INFO] [CalibrationManager] Değişiklik kaydedildi:  [ -> 2]
[16:52:23.631] [INFO] [CalibrationManager] Değişiklik kaydedildi:  [ -> 3]
[16:52:23.642] [INFO] [CalibrationManager] Değişiklik kaydedildi:  [ -> 4]
[16:52:23.659] [INFO] [CalibrationManager] Değişiklik kaydedildi:  [ -> 5]
[16:52:23.668] [INFO] [CalibrationManager] Değişiklik kaydedildi:  [ -> 6]
[16:52:23.674] [INFO] [CalibrationManager] Değişiklik kaydedildi:  [ -> 0]
[16:52:23.685] [INFO] [CalibrationManager] Değişiklik kaydedildi:  [ -> 1]
[16:52:23.688] [INFO] [CalibrationManager] Değişiklik kaydedildi:  [ -> 2]
[16:52:23.698] [INFO] [CalibrationManager] Değişiklik kaydedildi:  [ -> 3]
[16:52:23.707] [INFO] [CalibrationManager] Değişiklik kaydedildi:  [ -> 4]
[16:52:23.728] [INFO] [CalibrationManager] Değişiklik kaydedildi:  [ -> 5]
[16:52:23.731] [INFO] [CalibrationManager] Değişiklik kaydedildi:  [ -> 6]
[16:52:23.753] [INFO] [CalibrationManager] Değişiklik kaydedildi:  [ -> 0]
[16:52:23.762] [INFO] [CalibrationManager] Değişiklik kaydedildi:  [ -> 1]
[16:52:23.773] [INFO] [CalibrationManager] Değişiklik kaydedildi:  [ -> 2]
[16:52:23.783] [INFO] [CalibrationManager] Değişiklik kaydedildi:  [ -> 3]
[16:52:23.795] [INFO] [CalibrationManager] Değişiklik kaydedildi:  [ -> 4]
[16:52:23.907] [INFO] [CalibrationManager] Değişiklik kaydedildi:  [ -> 5]
[16:52:24.024] [INFO] [CalibrationManager] Değişiklik kaydedildi:  [ -> 6]
[16:52:24.028] [ERROR] [RtpCalibrationEngine] RTP Configuration validation failed: Retry count must be between 0 and 10. (Parameter 'RetryCount')
[16:52:24.032] [INFO] [RtpCalibrationEngine] Recovered 1 pending changes from persistent queue on disk.
[16:52:24.034] [INFO] [RtpCalibrationEngine] Connecting to RTP emulator...
[16:52:24.034] [INFO] [RtpCalibrationEngine] RTP emulator connected successfully.
[16:52:24.035] [INFO] [RtpCalibrationEngine] Real-time synchronization active.
[16:52:24.046] [INFO] [AutoTuneSafetyManager] Güvenlik limitleri yüklendi. Etkin kural sayısı: 4
[16:52:24.046] [INFO] [AutoTuneEventPublisher] Domain olayı yayınlandı: SessionCreated (Oturum: b8bde5ff-2235-402a-bf31-76adce9d2ec8)
[16:52:24.046] [INFO] [AutoTuneEngine] Oturum başarıyla başlatıldı: b8bde5ff-2235-402a-bf31-76adce9d2ec8
[16:52:24.208] [INFO] [AutoTuneEventPublisher] Domain olayı yayınlandı: TelemetryWindowAccepted (Oturum: b8bde5ff-2235-402a-bf31-76adce9d2ec8)
[16:52:24.208] [INFO] [AutoTuneEventPublisher] Domain olayı yayınlandı: SafetyViolation (Oturum: b8bde5ff-2235-402a-bf31-76adce9d2ec8)
[16:52:24.208] [INFO] [AutoTuneEventPublisher] Domain olayı yayınlandı: DecisionCreated (Oturum: b8bde5ff-2235-402a-bf31-76adce9d2ec8)
[16:52:24.210] [INFO] [CalibrationSnapshotManager] Snapshot oluşturuldu: 853fb86d-7c49-4501-82da-09c7ec88f511, Hücre sayısı: 1
[16:52:24.212] [INFO] [CalibrationRecoveryManager] Bekleyen işlem kaydedildi: 8e3bf955-5737-45a5-879c-0dbe1d2e781b
[16:52:24.216] [INFO] [CalibrationManager] Değişiklik kaydedildi: AFRTargetTable Hücre [3,4] [0 -> 15]
[16:52:24.217] [INFO] [CalibrationRecoveryManager] Bekleyen işlem temizlendi (başarılı commit).
[16:52:24.218] [INFO] [CalibrationStreamPublisher] Uygulanan değişiklik yayınlandı: Lambda adres: AFRTargetTable[3,4]
[16:52:24.218] [INFO] [AutoTuneEventPublisher] Domain olayı yayınlandı: MapChangeApplied (Oturum: b8bde5ff-2235-402a-bf31-76adce9d2ec8)
[16:52:24.219] [INFO] [AutoTuneEventPublisher] Domain olayı yayınlandı: DecisionCreated (Oturum: b8bde5ff-2235-402a-bf31-76adce9d2ec8)
[16:52:24.219] [INFO] [CalibrationSnapshotManager] Snapshot oluşturuldu: 6e793390-42f7-4ea5-a237-461458c488b1, Hücre sayısı: 1
[16:52:24.221] [INFO] [CalibrationRecoveryManager] Bekleyen işlem kaydedildi: 8d915f57-adcc-4187-85de-4787dc21a1a6
[16:52:24.240] [INFO] [CalibrationManager] Değişiklik kaydedildi: IgnitionTable Hücre [3,4] [15 -> 16]
[16:52:24.242] [INFO] [CalibrationRecoveryManager] Bekleyen işlem temizlendi (başarılı commit).
[16:52:24.242] [INFO] [CalibrationStreamPublisher] Uygulanan değişiklik yayınlandı: Ignition adres: IgnitionTable[3,4]
[16:52:24.243] [INFO] [AutoTuneEventPublisher] Domain olayı yayınlandı: MapChangeApplied (Oturum: b8bde5ff-2235-402a-bf31-76adce9d2ec8)
[16:52:24.243] [INFO] [AutoTuneEventPublisher] Domain olayı yayınlandı: DecisionCreated (Oturum: b8bde5ff-2235-402a-bf31-76adce9d2ec8)
[16:52:24.243] [INFO] [CalibrationSnapshotManager] Snapshot oluşturuldu: f7be85c3-d198-4a85-8f0a-fa18655c0a6f, Hücre sayısı: 1
[16:52:24.245] [INFO] [CalibrationRecoveryManager] Bekleyen işlem kaydedildi: 4d967a9b-4dfe-4a67-ad18-3cdb5b58fe87
[16:52:24.249] [INFO] [CalibrationManager] Değişiklik kaydedildi: FuelVETable Hücre [3,4] [16 -> 60]
[16:52:24.250] [INFO] [CalibrationRecoveryManager] Bekleyen işlem temizlendi (başarılı commit).
[16:52:24.250] [INFO] [CalibrationStreamPublisher] Uygulanan değişiklik yayınlandı: VE adres: FuelVETable[3,4]
[16:52:24.251] [INFO] [AutoTuneEventPublisher] Domain olayı yayınlandı: MapChangeApplied (Oturum: b8bde5ff-2235-402a-bf31-76adce9d2ec8)
[16:52:24.273] [INFO] [AutoTuneEventPublisher] Domain olayı yayınlandı: TelemetryWindowAccepted (Oturum: b8bde5ff-2235-402a-bf31-76adce9d2ec8)
[16:52:24.274] [INFO] [AutoTuneEventPublisher] Domain olayı yayınlandı: SafetyViolation (Oturum: b8bde5ff-2235-402a-bf31-76adce9d2ec8)
[16:52:24.274] [INFO] [AutoTuneEventPublisher] Domain olayı yayınlandı: DecisionCreated (Oturum: b8bde5ff-2235-402a-bf31-76adce9d2ec8)
[16:52:24.274] [INFO] [CalibrationSnapshotManager] Snapshot oluşturuldu: 552c6cc1-84ad-4d3a-88b7-165c084e562a, Hücre sayısı: 1
[16:52:24.277] [INFO] [CalibrationRecoveryManager] Bekleyen işlem kaydedildi: 3d681f47-0084-49e1-8750-7751e4881809
[16:52:24.280] [INFO] [CalibrationManager] Değişiklik kaydedildi: AFRTargetTable Hücre [3,4] [60 -> 15]
[16:52:24.282] [INFO] [CalibrationRecoveryManager] Bekleyen işlem temizlendi (başarılı commit).
[16:52:24.282] [INFO] [CalibrationStreamPublisher] Uygulanan değişiklik yayınlandı: Lambda adres: AFRTargetTable[3,4]
[16:52:24.282] [INFO] [AutoTuneEventPublisher] Domain olayı yayınlandı: MapChangeApplied (Oturum: b8bde5ff-2235-402a-bf31-76adce9d2ec8)
[16:52:24.283] [INFO] [AutoTuneEventPublisher] Domain olayı yayınlandı: DecisionCreated (Oturum: b8bde5ff-2235-402a-bf31-76adce9d2ec8)
[16:52:24.283] [INFO] [CalibrationSnapshotManager] Snapshot oluşturuldu: 9cddd59e-24dc-4a64-8e02-7f94c344bdc8, Hücre sayısı: 1
[16:52:24.285] [INFO] [CalibrationRecoveryManager] Bekleyen işlem kaydedildi: 355ad3f7-cc96-49af-a114-5287303b8c7e
[16:52:24.291] [INFO] [CalibrationManager] Değişiklik kaydedildi: IgnitionTable Hücre [3,4] [15 -> 16]
[16:52:24.292] [INFO] [CalibrationRecoveryManager] Bekleyen işlem temizlendi (başarılı commit).
[16:52:24.292] [INFO] [CalibrationStreamPublisher] Uygulanan değişiklik yayınlandı: Ignition adres: IgnitionTable[3,4]
[16:52:24.293] [INFO] [AutoTuneEventPublisher] Domain olayı yayınlandı: MapChangeApplied (Oturum: b8bde5ff-2235-402a-bf31-76adce9d2ec8)
[16:52:24.293] [INFO] [AutoTuneEventPublisher] Domain olayı yayınlandı: DecisionCreated (Oturum: b8bde5ff-2235-402a-bf31-76adce9d2ec8)
[16:52:24.293] [INFO] [CalibrationSnapshotManager] Snapshot oluşturuldu: c0ee03f5-85b4-4849-89a1-a1ddaba46217, Hücre sayısı: 1
[16:52:24.296] [INFO] [CalibrationRecoveryManager] Bekleyen işlem kaydedildi: fd426681-2404-4581-8cc3-dde15136d30f
[16:52:24.299] [INFO] [CalibrationManager] Değişiklik kaydedildi: FuelVETable Hücre [3,4] [16 -> 60]
[16:52:24.300] [INFO] [CalibrationRecoveryManager] Bekleyen işlem temizlendi (başarılı commit).
[16:52:24.301] [INFO] [CalibrationStreamPublisher] Uygulanan değişiklik yayınlandı: VE adres: FuelVETable[3,4]
[16:52:24.301] [INFO] [AutoTuneEventPublisher] Domain olayı yayınlandı: MapChangeApplied (Oturum: b8bde5ff-2235-402a-bf31-76adce9d2ec8)
[16:52:24.325] [INFO] [AutoTuneEventPublisher] Domain olayı yayınlandı: TelemetryWindowAccepted (Oturum: b8bde5ff-2235-402a-bf31-76adce9d2ec8)
[16:52:24.325] [INFO] [AutoTuneEventPublisher] Domain olayı yayınlandı: SafetyViolation (Oturum: b8bde5ff-2235-402a-bf31-76adce9d2ec8)
[16:52:24.326] [INFO] [AutoTuneEventPublisher] Domain olayı yayınlandı: DecisionCreated (Oturum: b8bde5ff-2235-402a-bf31-76adce9d2ec8)
[16:52:24.326] [INFO] [CalibrationSnapshotManager] Snapshot oluşturuldu: 57c6b5f2-8301-442f-8eb1-68631cbc8b07, Hücre sayısı: 1
[16:52:24.328] [INFO] [CalibrationRecoveryManager] Bekleyen işlem kaydedildi: 76a2b65b-cecb-40a1-959b-736bad46e1a0
[16:52:24.332] [INFO] [CalibrationManager] Değişiklik kaydedildi: AFRTargetTable Hücre [3,4] [60 -> 15]
[16:52:24.334] [INFO] [CalibrationRecoveryManager] Bekleyen işlem temizlendi (başarılı commit).
[16:52:24.334] [INFO] [CalibrationStreamPublisher] Uygulanan değişiklik yayınlandı: Lambda adres: AFRTargetTable[3,4]
[16:52:24.334] [INFO] [AutoTuneEventPublisher] Domain olayı yayınlandı: MapChangeApplied (Oturum: b8bde5ff-2235-402a-bf31-76adce9d2ec8)
[16:52:24.335] [INFO] [AutoTuneEventPublisher] Domain olayı yayınlandı: DecisionCreated (Oturum: b8bde5ff-2235-402a-bf31-76adce9d2ec8)
[16:52:24.335] [INFO] [CalibrationSnapshotManager] Snapshot oluşturuldu: 656d37e7-4f5e-4b92-9c0a-ac8afcaeb536, Hücre sayısı: 1
[16:52:24.338] [INFO] [CalibrationRecoveryManager] Bekleyen işlem kaydedildi: a2b7bd07-cdee-4827-8408-2747153973d3
[16:52:24.352] [INFO] [CalibrationManager] Değişiklik kaydedildi: IgnitionTable Hücre [3,4] [15 -> 16]
[16:52:24.354] [INFO] [CalibrationRecoveryManager] Bekleyen işlem temizlendi (başarılı commit).
[16:52:24.354] [INFO] [CalibrationStreamPublisher] Uygulanan değişiklik yayınlandı: Ignition adres: IgnitionTable[3,4]
[16:52:24.355] [INFO] [AutoTuneEventPublisher] Domain olayı yayınlandı: MapChangeApplied (Oturum: b8bde5ff-2235-402a-bf31-76adce9d2ec8)
[16:52:24.355] [INFO] [AutoTuneEventPublisher] Domain olayı yayınlandı: DecisionCreated (Oturum: b8bde5ff-2235-402a-bf31-76adce9d2ec8)
[16:52:24.356] [INFO] [CalibrationSnapshotManager] Snapshot oluşturuldu: 4fe4284c-3633-483e-b440-75c2785a6290, Hücre sayısı: 1
[16:52:24.358] [INFO] [CalibrationRecoveryManager] Bekleyen işlem kaydedildi: 33d47301-1100-4d03-9ddc-dc6fd24af416
[16:52:24.375] [INFO] [CalibrationManager] Değişiklik kaydedildi: FuelVETable Hücre [3,4] [16 -> 60]
[16:52:24.376] [INFO] [CalibrationRecoveryManager] Bekleyen işlem temizlendi (başarılı commit).
[16:52:24.376] [INFO] [CalibrationStreamPublisher] Uygulanan değişiklik yayınlandı: VE adres: FuelVETable[3,4]
[16:52:24.377] [INFO] [AutoTuneEventPublisher] Domain olayı yayınlandı: MapChangeApplied (Oturum: b8bde5ff-2235-402a-bf31-76adce9d2ec8)
[16:52:24.391] [INFO] [AutoTuneEventPublisher] Domain olayı yayınlandı: TelemetryWindowAccepted (Oturum: b8bde5ff-2235-402a-bf31-76adce9d2ec8)
[16:52:24.392] [INFO] [AutoTuneEventPublisher] Domain olayı yayınlandı: SafetyViolation (Oturum: b8bde5ff-2235-402a-bf31-76adce9d2ec8)
[16:52:24.392] [INFO] [AutoTuneEventPublisher] Domain olayı yayınlandı: DecisionCreated (Oturum: b8bde5ff-2235-402a-bf31-76adce9d2ec8)
[16:52:24.393] [INFO] [CalibrationSnapshotManager] Snapshot oluşturuldu: 847faa11-bc09-48dc-bde1-a4fe5ab9e819, Hücre sayısı: 1
[16:52:24.395] [INFO] [CalibrationRecoveryManager] Bekleyen işlem kaydedildi: 80bdba72-1b4f-495d-bbf1-0773d7f098c0
[16:52:24.398] [INFO] [CalibrationManager] Değişiklik kaydedildi: AFRTargetTable Hücre [3,4] [60 -> 15]
[16:52:24.399] [INFO] [CalibrationRecoveryManager] Bekleyen işlem temizlendi (başarılı commit).
[16:52:24.400] [INFO] [CalibrationStreamPublisher] Uygulanan değişiklik yayınlandı: Lambda adres: AFRTargetTable[3,4]
[16:52:24.400] [INFO] [AutoTuneEventPublisher] Domain olayı yayınlandı: MapChangeApplied (Oturum: b8bde5ff-2235-402a-bf31-76adce9d2ec8)
[16:52:24.401] [INFO] [AutoTuneEventPublisher] Domain olayı yayınlandı: DecisionCreated (Oturum: b8bde5ff-2235-402a-bf31-76adce9d2ec8)
[16:52:24.401] [INFO] [CalibrationSnapshotManager] Snapshot oluşturuldu: 816a4e83-5613-4eea-ac4b-a8b99c45f770, Hücre sayısı: 1
[16:52:24.403] [INFO] [CalibrationRecoveryManager] Bekleyen işlem kaydedildi: 850c8730-a02b-4462-a048-7d0c0e14ed38
[16:52:24.419] [INFO] [CalibrationManager] Değişiklik kaydedildi: IgnitionTable Hücre [3,4] [15 -> 16]
[16:52:24.420] [INFO] [CalibrationRecoveryManager] Bekleyen işlem temizlendi (başarılı commit).
[16:52:24.420] [INFO] [CalibrationStreamPublisher] Uygulanan değişiklik yayınlandı: Ignition adres: IgnitionTable[3,4]
[16:52:24.421] [INFO] [AutoTuneEventPublisher] Domain olayı yayınlandı: MapChangeApplied (Oturum: b8bde5ff-2235-402a-bf31-76adce9d2ec8)
[16:52:24.421] [INFO] [AutoTuneEventPublisher] Domain olayı yayınlandı: DecisionCreated (Oturum: b8bde5ff-2235-402a-bf31-76adce9d2ec8)
[16:52:24.421] [INFO] [CalibrationSnapshotManager] Snapshot oluşturuldu: 5acf132a-bfc5-4090-9f99-792c13d1d1a8, Hücre sayısı: 1
[16:52:24.426] [INFO] [CalibrationRecoveryManager] Bekleyen işlem kaydedildi: e555678f-b132-4c84-ac57-fe8baf31979f
[16:52:24.430] [INFO] [CalibrationManager] Değişiklik kaydedildi: FuelVETable Hücre [3,4] [16 -> 60]
[16:52:24.432] [INFO] [CalibrationRecoveryManager] Bekleyen işlem temizlendi (başarılı commit).
[16:52:24.432] [INFO] [CalibrationStreamPublisher] Uygulanan değişiklik yayınlandı: VE adres: FuelVETable[3,4]
[16:52:24.432] [INFO] [AutoTuneEventPublisher] Domain olayı yayınlandı: MapChangeApplied (Oturum: b8bde5ff-2235-402a-bf31-76adce9d2ec8)
[16:52:24.455] [INFO] [AutoTuneEventPublisher] Domain olayı yayınlandı: TelemetryWindowAccepted (Oturum: b8bde5ff-2235-402a-bf31-76adce9d2ec8)
[16:52:24.455] [INFO] [AutoTuneEventPublisher] Domain olayı yayınlandı: SafetyViolation (Oturum: b8bde5ff-2235-402a-bf31-76adce9d2ec8)
[16:52:24.455] [INFO] [AutoTuneEventPublisher] Domain olayı yayınlandı: DecisionCreated (Oturum: b8bde5ff-2235-402a-bf31-76adce9d2ec8)
[16:52:24.455] [INFO] [CalibrationSnapshotManager] Snapshot oluşturuldu: db0a576c-0c6f-401e-bb32-bac1896b8448, Hücre sayısı: 1
[16:52:24.456] [INFO] [CalibrationRecoveryManager] Bekleyen işlem kaydedildi: 0bb45a1c-2f48-4dc7-970b-a630007accca
[16:52:24.458] [INFO] [CalibrationManager] Değişiklik kaydedildi: AFRTargetTable Hücre [3,4] [60 -> 15]
[16:52:24.459] [INFO] [CalibrationRecoveryManager] Bekleyen işlem temizlendi (başarılı commit).
[16:52:24.459] [INFO] [CalibrationStreamPublisher] Uygulanan değişiklik yayınlandı: Lambda adres: AFRTargetTable[3,4]
[16:52:24.459] [INFO] [AutoTuneEventPublisher] Domain olayı yayınlandı: MapChangeApplied (Oturum: b8bde5ff-2235-402a-bf31-76adce9d2ec8)
[16:52:24.459] [INFO] [AutoTuneEventPublisher] Domain olayı yayınlandı: DecisionCreated (Oturum: b8bde5ff-2235-402a-bf31-76adce9d2ec8)
[16:52:24.459] [INFO] [CalibrationSnapshotManager] Snapshot oluşturuldu: 753f3474-64ea-4b4e-a61c-19d306c176b6, Hücre sayısı: 1
[16:52:24.460] [INFO] [CalibrationRecoveryManager] Bekleyen işlem kaydedildi: 365a1dbf-500e-48d3-840d-0091f3747e30
[16:52:24.462] [INFO] [CalibrationManager] Değişiklik kaydedildi: IgnitionTable Hücre [3,4] [15 -> 16]
[16:52:24.463] [INFO] [CalibrationRecoveryManager] Bekleyen işlem temizlendi (başarılı commit).
[16:52:24.464] [INFO] [CalibrationStreamPublisher] Uygulanan değişiklik yayınlandı: Ignition adres: IgnitionTable[3,4]
[16:52:24.464] [INFO] [AutoTuneEventPublisher] Domain olayı yayınlandı: MapChangeApplied (Oturum: b8bde5ff-2235-402a-bf31-76adce9d2ec8)
[16:52:24.464] [INFO] [AutoTuneEventPublisher] Domain olayı yayınlandı: DecisionCreated (Oturum: b8bde5ff-2235-402a-bf31-76adce9d2ec8)
[16:52:24.465] [INFO] [CalibrationSnapshotManager] Snapshot oluşturuldu: 7ffcf847-1d9d-4fc6-ad3e-36ad82836899, Hücre sayısı: 1
[16:52:24.467] [INFO] [CalibrationRecoveryManager] Bekleyen işlem kaydedildi: eee5afa2-404d-4cd3-861b-5c34cca905a8
[16:52:24.481] [INFO] [CalibrationManager] Değişiklik kaydedildi: FuelVETable Hücre [3,4] [16 -> 60]
[16:52:24.483] [INFO] [CalibrationRecoveryManager] Bekleyen işlem temizlendi (başarılı commit).
[16:52:24.483] [INFO] [CalibrationStreamPublisher] Uygulanan değişiklik yayınlandı: VE adres: FuelVETable[3,4]
[16:52:24.484] [INFO] [AutoTuneEventPublisher] Domain olayı yayınlandı: MapChangeApplied (Oturum: b8bde5ff-2235-402a-bf31-76adce9d2ec8)
[16:52:24.503] [INFO] [AutoTuneEventPublisher] Domain olayı yayınlandı: TelemetryWindowAccepted (Oturum: b8bde5ff-2235-402a-bf31-76adce9d2ec8)
[16:52:24.504] [INFO] [AutoTuneEventPublisher] Domain olayı yayınlandı: SafetyViolation (Oturum: b8bde5ff-2235-402a-bf31-76adce9d2ec8)
[16:52:24.504] [INFO] [AutoTuneEventPublisher] Domain olayı yayınlandı: DecisionCreated (Oturum: b8bde5ff-2235-402a-bf31-76adce9d2ec8)
[16:52:24.505] [INFO] [CalibrationSnapshotManager] Snapshot oluşturuldu: e101fd93-97a2-4cb1-9dc6-22f4f73950fe, Hücre sayısı: 1
[16:52:24.507] [INFO] [CalibrationRecoveryManager] Bekleyen işlem kaydedildi: 7624d0af-a3d7-4a2e-9e3c-9e490c4634a1
[16:52:24.511] [INFO] [CalibrationManager] Değişiklik kaydedildi: AFRTargetTable Hücre [3,4] [60 -> 15]
[16:52:24.512] [INFO] [CalibrationRecoveryManager] Bekleyen işlem temizlendi (başarılı commit).
[16:52:24.512] [INFO] [CalibrationStreamPublisher] Uygulanan değişiklik yayınlandı: Lambda adres: AFRTargetTable[3,4]
[16:52:24.512] [INFO] [AutoTuneEventPublisher] Domain olayı yayınlandı: MapChangeApplied (Oturum: b8bde5ff-2235-402a-bf31-76adce9d2ec8)
[16:52:24.513] [INFO] [AutoTuneEventPublisher] Domain olayı yayınlandı: DecisionCreated (Oturum: b8bde5ff-2235-402a-bf31-76adce9d2ec8)
[16:52:24.513] [INFO] [CalibrationSnapshotManager] Snapshot oluşturuldu: a793aecf-d42f-400e-bde1-f1748138eb62, Hücre sayısı: 1
[16:52:24.515] [INFO] [CalibrationRecoveryManager] Bekleyen işlem kaydedildi: b61a26f5-bbc8-46b0-99f3-0a63ed33897e
[16:52:24.531] [INFO] [CalibrationManager] Değişiklik kaydedildi: IgnitionTable Hücre [3,4] [15 -> 16]
[16:52:24.532] [INFO] [CalibrationRecoveryManager] Bekleyen işlem temizlendi (başarılı commit).
[16:52:24.532] [INFO] [CalibrationStreamPublisher] Uygulanan değişiklik yayınlandı: Ignition adres: IgnitionTable[3,4]
[16:52:24.533] [INFO] [AutoTuneEventPublisher] Domain olayı yayınlandı: MapChangeApplied (Oturum: b8bde5ff-2235-402a-bf31-76adce9d2ec8)
[16:52:24.533] [INFO] [AutoTuneEventPublisher] Domain olayı yayınlandı: DecisionCreated (Oturum: b8bde5ff-2235-402a-bf31-76adce9d2ec8)
[16:52:24.533] [INFO] [CalibrationSnapshotManager] Snapshot oluşturuldu: 6d5d74cf-7f1a-4ce1-a5f6-bb56a698bff3, Hücre sayısı: 1
[16:52:24.537] [INFO] [CalibrationRecoveryManager] Bekleyen işlem kaydedildi: ccb293bc-7f09-4a6a-bd94-2846c9dc54dc
[16:52:24.540] [INFO] [CalibrationManager] Değişiklik kaydedildi: FuelVETable Hücre [3,4] [16 -> 60]
[16:52:24.541] [INFO] [CalibrationRecoveryManager] Bekleyen işlem temizlendi (başarılı commit).
[16:52:24.541] [INFO] [CalibrationStreamPublisher] Uygulanan değişiklik yayınlandı: VE adres: FuelVETable[3,4]
[16:52:24.542] [INFO] [AutoTuneEventPublisher] Domain olayı yayınlandı: MapChangeApplied (Oturum: b8bde5ff-2235-402a-bf31-76adce9d2ec8)
[16:52:24.861] [INFO] [AutoTuneEventPublisher] Domain olayı yayınlandı: SessionStopped (Oturum: b8bde5ff-2235-402a-bf31-76adce9d2ec8)
[16:52:25.157] [INFO] [TestHarness] Test tamamlandÄ±: 104 geÃ§ti, 1 kaldÄ±
[16:52:25.158] [WARNING] [RomIdentifier] ROM imzası hiçbir ECU profiliyle eşleşmedi.
[16:52:25.159] [INFO] [Program] Test sonuçları:
â•â•â•â•â•â•â•â•â•â•â•â•â•â•â•â•â•â•â•â•â•â•â•â•â•â•â•â•â•â•â•â•â•â•â•â•â•â•â•â•â•â•â•â•â•â•â•
  HONDATUNER â€” OTOMATÄ°K TEST SÃœÄ°TÄ°
â•â•â•â•â•â•â•â•â•â•â•â•â•â•â•â•â•â•â•â•â•â•â•â•â•â•â•â•â•â•â•â•â•â•â•â•â•â•â•â•â•â•â•â•â•â•â•

â”€â”€ ROM Testleri â”€â”€â”€â”€â”€â”€â”€â”€â”€â”€â”€â”€â”€â”€â”€â”€â”€â”€â”€â”€â”€â”€â”€â”€â”€â”€â”€â”€â”€â”€
  âœ… ROM Identifier â€” 32KB boÅŸ ROM tanÄ±ma
  âœ… ROM Identifier â€” yanlÄ±ÅŸ boyut reddi
  âœ… ROM Patch â€” doÄŸrulama ve uygulama
  âœ… ROM Patch â€” rollback geri yÃ¼kleme

â”€â”€ Kalibrasyon Testleri â”€â”€â”€â”€â”€â”€â”€â”€â”€â”€â”€â”€â”€â”€â”€â”€â”€â”€â”€â”€â”€â”€â”€
  âœ… Injector Scaling â€” 240â†’440cc
  âœ… Injector Scaling â€” clamp to 255
  âœ… Calibration Engine â€” Commit applies value to ROM buffer
  âœ… Calibration Engine â€” Rollback restores original values in ROM buffer
  âœ… Calibration Engine â€” Undo and Redo states are fully synchronized
  âœ… Calibration Engine â€” Safety validator rejects OOR Rev Limit changes

â”€â”€ Faz 4: Map Engine & Interpolation Testleri â”€â”€
  âœ… Map Engine â€” Cell write and read accuracy
  âœ… Map Engine â€” Scale factors conversion logic
  âœ… Map Engine â€” Invalid offset out-of-range bounds check
  âœ… Map Engine â€” Transaction commits, rollbacks, and Undo/Redo integration
  âœ… Interpolation â€” 4 neighbor bilinear cell weight sum equals exactly 1.0

â”€â”€ AutoTune GÃ¼venlik Testleri â”€â”€â”€â”€â”€â”€â”€â”€â”€â”€â”€â”€â”€â”€â”€â”€â”€
  âœ… AutoTune â€” dÃ¼ÅŸÃ¼k ECT reddi
  âœ… AutoTune â€” dÃ¼ÅŸÃ¼k batarya reddi
  âœ… AutoTune â€” dÃ¼zeltme kÄ±rpma (Â±12%)

── Faz 5: Checksum Engine & Safety Layer Testleri ──
  âœ… Checksum â€” Stock ROM passes validation
  âœ… Checksum â€” Corrupt byte fails validation
  âœ… Checksum â€” Map change updates checksum successfully
  âœ… Checksum â€” VerifyBeforeSave detects bad checksum and returns false
  âœ… Checksum â€” Reloaded ROM checksum is valid
  âœ… Checksum â€” Multiple regions validation is successful

── ROM Patch Engine v2 Testleri ──
  âœ… PatchEngine — Başarılı Yama Uygulama
  âœ… PatchEngine — Yanlış ExpectedBytes Koruması
  âœ… PatchEngine — Uyumsuz ECU Koruması
  âœ… PatchEngine — ROM Boyut Limiti Koruması
  âœ… PatchEngine — Yamayı Geri Alma (Rollback)
  âœ… PatchEngine — İşlem (Transaction) Commit Entegrasyonu
  âœ… PatchEngine — İşlem Geri Alma (Transaction Rollback)
  âœ… PatchEngine — Otomatik Checksum Güncelleme
  âœ… PatchEngine — Audit Loglama Kontrolü
  âœ… PatchEngine — Profil Destekli Yamaları Bulma

── Phase 7: Telemetry & Live Datalog Bus Engine Testleri ──
  âœ… Telemetry - Event Bus Publish & Subscribe
  âœ… Telemetry - Event Bus Metrics Kontrolü
  âœ… Telemetry - Kanalsal Matematiksel Formül Çözümleme
  âœ… Telemetry - Backpressure DropOldest Politikası
  âœ… Telemetry - Backpressure DropNewest Politikası
  âœ… Telemetry - Backpressure BlockPublisher Politikası
  âœ… Telemetry - Yapılandırma Dosya İzleyicisi (Hot Reload)
  âœ… Telemetry - Erişim Kontrolü Yetkilendirme Hiyerarşisi
  âœ… Telemetry - SystemClock Monotonic Ticks
  âœ… Telemetry - HighResolutionClock Performance Ticks
  âœ… Telemetry - ReplayClock Geri Oynatıcı Zaman Akışı
  âœ… Telemetry - Dairesel Bellek (RingBuffer) Kapasite Tanımı
  âœ… Telemetry - RingBuffer Aşımında Overwrite (FIFO Overlay)
  âœ… Telemetry - Moving Average Gürültü Azaltma Filtresi
  âœ… Telemetry - Median (Ortanca) Filtreleme
  âœ… Telemetry - LowPass Üstel Sinyal Yumuşatma
  âœ… Telemetry - HighPass Dalgalanma Odaklı Sinyal Filtresi
  âœ… Telemetry - MockProvider Canlı Veri Akış Simülasyonu
  âœ… Telemetry - Sağlık İzleme (HealthMonitor) Parametreleri
  âœ… Telemetry - HealthMonitor Bağlantı Kaybı Anomali Algılama
  âœ… Telemetry - Analiz Hattı (AnalyzerPipeline) Sıralı Çalışma
  âœ… Telemetry - Engine Profil Geçiş Yönetimi (Street -> Dyno)
  âœ… Telemetry - Engine Canlı Datalogging Yaşam Döngüsü
  âœ… Telemetry - GC Basıncını Azaltan Frame Nesne Havuzu
  âœ… Telemetry - Salt-Okunur (Immutable) Snaphsot Yapısı
  âœ… Telemetry - Multi-Thread Veri Giriş Stress Testi

── Phase 8: AutoTune Closed Loop Engine Testleri ──
  âœ… AutoTune - State transitions (Start, Pause, Resume, Stop) lifecycle verification
  âœ… AutoTune - Confidence score calculation under low deviation is high
  âœ… AutoTune - Confidence score calculation under high deviation is low
  âœ… AutoTune - Stable window filter standard deviation and length checks
  âœ… AutoTune - Config validator rejects JSON with missing target attributes
  âœ… AutoTune - Config validator rejects out of bounds parameter variables
  âœ… AutoTune - ParameterType safety enum structure check
  âœ… AutoTune - Session manager multi session conflict prevention
  âœ… AutoTune - Session manager releases lock and allows new allocation
  âœ… AutoTune - Recovery manager logs interrupt trace successfully to file
  âœ… AutoTune - Recovery manager restores trace and validates details
  âœ… AutoTune - Diff engine returns detailed comparison matrix values
  âœ… AutoTune - CSV Package export contains session identity and values
  âœ… AutoTune - Replay simulator matches telemetry lists deterministically
  âœ… AutoTune - SafetyRuleProvider loads dynamic rules successfully
  âœ… AutoTune - QualityScoreCalculator rates stoichiometric history cleanly near 100
  âœ… AutoTune - Telemetry loss pause and reconnect validation cycle
  âœ… AutoTune - Domain event emitter publishes valid structured transition events
  âœ… AutoTune - Calibration RTP stream publishing streams virtual changes
  âœ… AutoTune - Replay validation checks run determinism bounds
  âœ… AutoTune - Persistence layer correctly serializes state machine records and migrates schema V1 to V2
  âœ… AutoTune - Query service retrieves session lists correctly
  âœ… AutoTune - Command service issues control triggers successfully
  âœ… AutoTune - Hardware checks and SafeMode blocks writing calibrations
  âœ… AutoTune - Cell lock manager acquires, releases and traps conflicts

── Faz 9: RTP Emulator & Real-Time Calibration Engine Testleri ──
  âœ… RTP - Engine correctly registers and resolves from DI ServiceContainer
  âœ… RTP - Connection state machine cycles correctly through all states
  âœ… RTP - Transient write failures trigger automatic retries and recover successfully
  âœ… RTP - Consecutive calibration edits coalesce into a single block write
  âœ… RTP - Multi-threaded queue guarantees strict sequential write ordering
  âœ… RTP - Execution latency benchmark tracking meets target limits
  âœ… RTP - Engine sustains high-frequency (500+) update throughput stress
  âœ… RTP - Background sync worker terminates cleanly on CancellationToken request
  âœ… RTP - Hardware disconnect automatically halts sync and raises Faulted event
  âœ… RTP - Enforces read-back verification after writing values to emulator
  âœ… RTP - Idempotent synchronization ignores duplicate writes to target cells
  âœ… RTP - Backpressure policy DropOldest purges oldest queued changes under load
  âœ… RTP - Backpressure policy RejectNewest drops new updates under queue overflow
  âœ… RTP - Backpressure policy BlockProducer controls producer rates correctly
  âœ… RTP - Validation layer rejects bad config schema values at initialization
  âœ… RTP - Restores un-synced calibration state queue records on startup
  âœ… RTP - Synchronizes concurrently applied AutoTune decisions to hardware
  âœ… TestMetadata_SerializationAndValidation
  âœ… TestReverseEngineering_ExtractionAndDecompilation
  âŒ TestAdvancedFuelCorrections (Transient Accumulation)

â•â•â•â•â•â•â•â•â•â•â•â•â•â•â•â•â•â•â•â•â•â•â•â•â•â•â•â•â•â•â•â•â•â•â•â•â•â•â•â•â•â•â•â•â•â•â•
  SONUÃ‡: 104 baÅŸarÄ±lÄ±, 1 baÅŸarÄ±sÄ±z
â•â•â•â•â•â•â•â•â•â•â•â•â•â•â•â•â•â•â•â•â•â•â•â•â•â•â•â•â•â•â•â•â•â•â•â•â•â•â•â•â•â•â•â•â•â•â•
[16:52:25.159] [INFO] [Program] Örnek ROM test sonuçları:
── Örnek ROM Test Çerçevesi ───────────────────
  ✅ Checksum offset geçerli
  ✅ Bozuk ROM reddedildi
  ✅ Fuel map sınırları geçerli
  ✅ Ignition map sınırları geçerli
  ✅ Tüm profiller 32KB ROM boyutu

  Sonuç: 5 geçti, 0 kaldı
